"external_gene_name","entrezgene_id"
"MT-ND1",4535
"MT-ND2",4536
"MT-CO1",4512
"MT-CO2",4513
"MT-ATP8",4509
"MT-ATP6",4508
"MT-CO3",4514
"MT-ND3",4537
"MT-ND4L",4539
"MT-ND4",4538
"MT-ND5",4540
"MT-ND6",4541
"MT-CYB",4519
"SERTAD4",56256
"PADI1",29943
"RCC2",55920
"VSTM1",284415
"AC011043.1",389831
"NLRP2",55655
"NLRP7",199713
"TFPT",29844
"AC171558.1",102723532
"TARM1",441864
"TSEN34",79042
"AC026740.3",653082
"CNOT3",4849
"RPS6KA1",6195
"MBOAT7",79143
"RPS9",6203
"AC007325.4",102724770
"CHRFAM7A",89832
"PADI4",23569
"AC011476.9",9437
"OSCAR",126014
"AC011476.4",9437
"ZKSCAN7",55888
"AC012314.14",147798
"TJP1",7082
"ZNF852",285346
"RDH13",112724
"SLC16A1",6566
"GSTT2B",653689
"AC023491.2",101929738
"AC023491.2",102724151
"RYBP",23429
"UBE2Q2L",100505679
"LENG1",79165
"NDUFA3",4696
"AC012314.13",26121
"GOLGA8J",653073
"AC012314.16",26121
"AC004556.3",107987373
"AC012314.3",26121
"PADI6",353238
"AC012314.6",26121
"PADI3",51702
"GP6",51206
"GPX5",2880
"KLF13",51621
"INPP5D",3635
"AC012314.18",147798
"AC011476.6",9437
"SCG5",6447
"AC012314.7",147798
"OBP2B",29989
"FAN1",22909
"WNT3",7473
"AC240274.1",102724250
"CRHR1",1394
"CRHR1",104909134
"GPX6",257202
"AC012314.17",147798
"ZNF883",169834
"ARHGAP11A",9824
"AC011476.5",9437
"AC233755.1",102723407
"AC012314.8",26121
"BX072566.1",100288966
"TRPM1",4308
"ZNF445",353274
"AC012314.10",147798
"AC244489.3",101059938
"AC012314.15",26121
"AC133551.1",102723655
"MTMR10",54893
"AC136352.4",102723502
"ACTL10",170487
"AC012314.5",147798
"AC007325.2",102724788
"GREM1",26585
"AC011476.11",9437
"AC011476.10",9437
"AC243734.1",1139
"AC012314.4",26121
"ARHGAP11B",89839
"AC136612.1",102723713
"AC012314.12",26121
"STAT5B",6777
"PASD1",139135
"KIF7",374654
"ZBTB22",9278
"PHLDA3",23612
"RNF5",6048
"SDHAF4",135154
"AXIN1",8312
"ONECUT3",390874
"ANXA2R",389289
"TICRR",90381
"ZNF131",7690
"TUBB",203068
"PRRG3",79057
"HLA-C",3107
"MEP1A",4224
"ZFP57",346171
"DAXX",1616
"DAXX",113523636
"TRIM31",11074
"CCNH",902
"TADA2A",6871
"CELF5",60680
"TRIM15",89870
"TRIM40",135644
"CD46",4179
"TTC27",55622
"PRIM2",5558
"MAN2A2",4122
"TFF3",7033
"BMP5",653
"DENND4B",9909
"RPL29",6159
"LHFPL1",340596
"MAP2K2",5605
"FATE1",89885
"TFF2",7032
"GATAD2B",57459
"TRIM10",10107
"CPO",130749
"ODF3L2",284451
"CNGA2",1260
"MCCC2",64087
"PRR16",51334
"TMCO1",54499
"ATP6AP1",537
"ACAN",176
"HLA-B",3106
"TPGS1",91978
"MADCAM1",8174
"PSME3IP1",80011
"B3GAT2",135152
"MYOF",26509
"UCK2",7371
"SMAP1",60682
"NFKBIL1",4795
"TFF1",7031
"CHRNA3",1136
"AMOT",154796
"FTMT",94033
"G6PC",2538
"LTA",4049
"CHRNA5",1138
"CSRP1",1465
"PTPRC",5788
"FKBP5",2289
"TNF",7124
"MAGEA4",4103
"UBE2G2",7327
"DNMT3A",1788
"CREB3L3",84699
"ULK1",8408
"ZNHIT1",10467
"STAT4",6775
"FLOT1",10211
"PLOD3",8985
"WWP2",11060
"TRIM26",7726
"DUSP7",1849
"PPCDC",60490
"PGAP6",58986
"METTL21A",151194
"STAT5A",6776
"TSBP1",10665
"MRPL28",10573
"NECTIN4",81607
"CREB1",1385
"HTR2C",3358
"BTNL2",56244
"NDUFB1",4707
"ARMC12",221481
"TMEM208",29100
"C15orf39",56905
"KLHDC9",126823
"FN1",2335
"SMG5",23381
"LOX",4015
"FAM78B",149297
"GTSF1",121355
"KLF7",8609
"HLA-DRA",3122
"ITGA5",3678
"SMARCD1",6602
"SRFBP1",153443
"ATP8B3",148229
"KLHL11",55175
"ETS1",2113
"ZNF385A",25946
"PLIN1",5346
"TMPRSS3",64699
"OGFRL1",79627
"PEX11A",8800
"HLA-DRB3",3125
"TRIM27",5987
"ALDH7A1",501
"CLPSL2",389383
"PKHD1",5314
"GPR84",53831
"POC1A",25886
"DEDD",9191
"ARFGAP2",84364
"NIT1",4817
"CEP55",55165
"GLRX2",51022
"CDH15",1013
"CPSF2",53981
"GOLGA6L4",643707
"PPP1R11",6992
"RO60",6738
"AGER",177
"PFDN2",5202
"SLC22A31",146429
"RNF39",80352
"CLDN15",24146
"IL13RA2",3598
"PARN",5073
"RBP4",5950
"C11orf49",79096
"CYP20A1",57404
"FFAR4",338557
"LRFN2",57497
"GOLGA6C",653641
"UCHL5",51377
"FOS",2353
"CLPSL1",340204
"HLA-DRB1",3123
"GPD1",2819
"JDP2",122953
"BATF",10538
"TPTE",7179
"SYCP2",10388
"LHFPL5",222662
"CLPS",1208
"SRPK1",6732
"HDDC3",374659
"LVRN",206338
"RCCD1",91433
"C2CD4A",145741
"C2CD4B",388125
"UNC45A",55898
"ZNF778",197320
"TEPP",374739
"FKBPL",63943
"ARL14EPL",644100
"ZNF311",282890
"SERF1B",8293
"SERF1B",728492
"CLEC18A",348174
"HLA-F",3134
"ERG28",11161
"TGFB3",7043
"PRRT1",80863
"FLVCR2",55640
"PPT2",9374
"LY6G5B",58496
"GLMP",112770
"GPANK1",7918
"BARD1",580
"IFT43",112752
"TMEM79",84283
"TTLL5",23093
"HLA-DQA2",3117
"HLA-DQA2",3118
"CSNK2B",1460
"HLA-DQB1",3119
"TRIP10",9322
"SLC25A43",203427
"GOLGA6A",342096
"SLC25A5",292
"H2BW1",158983
"H2BW2",286436
"SLFN12L",100506736
"ZC3H15",55854
"BYSL",705
"ZNF319",57567
"USB1",79650
"COX14",84987
"WDR73",84942
"TMSB15B",286527
"CERS5",91012
"TBC1D3B",414059
"TBC1D3B",414060
"SLC25A53",401612
"ZCCHC18",644353
"TNFAIP1",7126
"HLA-DQB2",3120
"SLFN14",342618
"KLF8",11279
"POLDIP2",26073
"ZSCAN2",54993
"MAP2K5",5607
"FIGN",55137
"IER3",8870
"UBQLN2",29978
"NFIC",4782
"RASL10B",91608
"MED24",9862
"C17orf50",146853
"PEX12",5193
"MMP28",79148
"GAS2L2",246176
"HEATR9",256957
"TNK2",10188
"HLA-A",3105
"AP2B1",163
"HLA-G",3135
"THRA",7067
"ARHGAP27",201176
"ABCA12",26154
"NR1D1",9572
"CAMK4",814
"PBX2",5089
"IL17A",3605
"STAT3",6774
"IL17F",112744
"FLI1",2313
"TAF15",8148
"SLC9A5",6553
"STK16",8576
"RAPH1",65059
"FHOD1",29109
"ANKZF1",55139
"IPO9",55705
"VHLL",391104
"MPC2",25874
"DCAF6",55827
"GPSM3",63940
"NAV1",89796
"NOTCH4",4855
"TUBA4B",80086
"TUBA4A",7277
"SMN2",6606
"SMN2",6607
"GLB1L",79411
"ABI2",10152
"CCL3L3",6349
"CCL3L3",414062
"SMIM24",284422
"DOHH",83475
"CXorf56",63932
"GFRA3",2676
"PHAX",51808
"MICA",100507436
"SNX33",257364
"IMP3",55272
"RENBP",5973
"CCL4L2",9560
"CCL4L2",388372
"SH2D3A",10045
"TEX43",389320
"CAVIN1",284119
"ATP11C",286410
"DNAH7",56171
"DDR1",780
"CSPG4",1464
"ZNRD1",30834
"MCM3",4172
"TBC1D3I",414060
"TBC1D3I",102724862
"CD34",947
"ODF3L1",161753
"PLEKHM1",9842
"LMNB1",4001
"CCND3",896
"SLC46A1",113235
"NREP",9315
"TMEM199",147007
"CDC25C",995
"SEBOX",645832
"HMG20B",10362
"VTN",7448
"STARD4",134429
"FZR1",51343
"FAM53C",51307
"SARM1",23098
"ZFHX3",463
"KCNJ1",3758
"SCGB1C2",653486
"MFSD12",126321
"SKOR1",390598
"UBE2A",7319
"ANKRD11",29123
"C19orf71",100128569
"HCFC1",3054
"NKRF",55922
"MARCHF3",115123
"C5orf63",401207
"DOC2B",8447
"TMEM187",8269
"STK17B",9262
"MEGF10",84466
"ATAT1",79969
"MAPT",4137
"ARPC5",10092
"VPS33B",26276
"SPPL2C",162540
"LINC02210-CRHR1",1394
"LINC02210-CRHR1",104909134
"STH",246744
"EFHC1",114327
"UBE2Q2",92912
"PRC1",9055
"SHISA4",149345
"LMOD1",25802
"TRAM2",9697
"PAQR8",85315
"CXorf66",347487
"ATIC",471
"RPH3AL",9501
"APOBEC4",403314
"RGL1",23179
"PLXNA2",5362
"SOX3",6658
"GPR161",23432
"TIMM17A",10440
"TIPRL",261726
"TAF8",129685
"ATP6V0A1",535
"COLGALT2",23127
"VAV1",7409
"SPANXB1",728695
"LDOC1",23641
"SFT2D2",375035
"SPANXC",64663
"SPANXA2",728712
"SPANXA1",30014
"NMB",4828
"SPANXD",64648
"PSMD7",5713
"TSEN15",116461
"TBX19",9095
"C6orf132",647024
"HLA-DQA1",3117
"MAGEC3",139081
"FBXO22",26263
"MAGEC1",9947
"MAGEC2",51438
"IRAK1",3654
"NRG4",145957
"SEC11A",23478
"HECW2",57520
"FAM174C",55009
"SPANXN4",441525
"SPANXN3",139067
"C1orf21",81563
"GTF2H4",2968
"VARS2",57176
"EFNA2",1943
"AL096814.1",114841037
"SLITRK4",139065
"GUCA1A",2978
"SPANXN2",494119
"XCL2",6846
"ZNF592",9640
"SPANXN1",494118
"SLITRK2",84631
"ELF3",1999
"EDEM3",80267
"RNPEP",6051
"MSL1",339287
"ALPK3",57538
"PWWP3A",84939
"HSD17B1",3292
"MUC20",200958
"COASY",80347
"SLC43A2",124935
"NAGLU",4669
"LTB",4050
"GIPC3",126326
"TBXA2R",6915
"GDI1",2664
"CACTIN",58509
"XCL1",6375
"SEPTIN6",23157
"AARSD1",80755
"PTGES3L-AARSD1",100885850
"MECP2",4204
"PTGES3L",100885848
"EEF1A1",1915
"DPT",1805
"GUCA1B",2979
"NPIPB15",440348
"MRPS10",55173
"SLC17A5",26503
"RABIF",5877
"CLEC18B",497190
"CD109",135228
"DHX16",8449
"C6orf136",221545
"LST1",7940
"CCDC181",57821
"NME7",29922
"NCR3",259197
"ARRDC4",91947
"BLZF1",8548
"ATP1B1",481
"KLHL12",59349
"TRERF1",55809
"FAM50A",9130
"SCARF1",8578
"SIRT6",51548
"SOWAHD",347454
"RPL39",6170
"UPF3B",65109
"RUNDC1",146923
"RILP",83547
"ADIPOR1",51094
"RPL27",6155
"GLG1",2734
"LAGE3",8270
"PLXNA3",55558
"IGF1R",3480
"WDR4",10785
"PGPEP1L",145814
"SYNM",23336
"CYB5R1",51706
"UBL4A",8266
"IFI35",3430
"SLC10A3",8273
"GTF3C3",9330
"ANKRD24",170961
"C17orf98",388381
"KLHL36",79786
"CCDC150",284992
"PRRC2A",7916
"STK26",51765
"TMEM183A",92703
"EBI3",10148
"UBR2",23304
"VAT1",10493
"YJU2",55702
"RND2",8153
"SHD",56961
"TMIGD2",126259
"NDUFV3",4731
"RPL23",9349
"RNF113A",7737
"NDUFA1",4694
"PPP1R18",170954
"PPP1R18",107987457
"TTC23",64927
"RASAL2",9462
"USP10",9100
"ETFA",2108
"COL12A1",1303
"FRMD7",90167
"SLC19A1",6573
"TMEM266",123591
"COL18A1",80781
"RFWD3",55159
"FAM3A",60343
"ABHD16A",7920
"PPFIA4",8497
"LASP1",3927
"FSD1",79187
"MBNL3",55796
"LRRC28",123355
"RAP2C",57826
"MYOG",4656
"CRISPLD2",83716
"IL3",3562
"ADORA1",134
"MED16",10025
"CSF2",1437
"COX7A2",1347
"IKBKG",8517
"G6PD",2539
"FBXO47",494188
"FAH",2184
"MYBPH",4608
"CASP10",843
"PDLIM4",8572
"P4HA2",8974
"TEX35",84066
"DRD1",1812
"LY6G6F",259215
"PGBD2",267002
"LY6G6D",58530
"LY6G6D",110599563
"LY6G6F-LY6G6D",110599563
"SLC22A5",6584
"SLC22A4",6583
"PLXDC1",57125
"STAP2",55620
"CHI3L1",1116
"RALGPS2",55103
"TMEM169",92691
"PECR",55825
"ANGPTL1",9068
"MREG",55686
"MPIG6B",80739
"LYSMD4",145748
"SFXN1",94081
"LY6G6C",80740
"CTXND1",100996492
"MEF2A",4205
"ZDHHC7",55625
"WIZ",58525
"MRPL14",64928
"TMEM30A",55754
"KCNH6",81033
"TMEM63B",55362
"KIAA0513",9764
"DCAF7",10238
"CHIT1",1118
"HRH2",3274
"ARNT2",9915
"FILIP1",27145
"RASAL3",64926
"BTG2",7832
"FAM92B",339145
"TACO1",51204
"R3HDM4",91300
"CPLX2",10814
"MPND",84954
"FAM20B",9917
"PGLYRP2",114770
"FMOD",2331
"DDAH2",23564
"THOC3",84321
"CLIC1",1192
"CYP4F22",126410
"ABHD17C",58489
"BAG6",7917
"CEMIP",57214
"MESD",23184
"TOR3A",64222
"KISS1R",84634
"CASP8",841
"APOM",55937
"HS6ST2",90161
"ADAMTS17",170691
"ARL5C",390790
"PRELP",5549
"CAPN11",11131
"XRCC5",7520
"OPTC",26254
"CACNB1",782
"MARCHF4",57574
"ATP2B4",493
"ARID3A",1820
"USP26",83844
"MYMX",101929726
"TFDP3",51270
"DDX42",11325
"SMARCAL1",50485
"GINS2",51659
"GSE1",23199
"CCDC47",57003
"CTAG1A",246100
"STRADA",92335
"ERAP2",64167
"LNPEP",4012
"GPC4",2239
"PCBP3",54039
"LIMD2",80774
"MAP3K3",4215
"FAM153B",202134
"CYP4F8",11283
"CYP4F3",4051
"TAP2",6891
"CYP4F12",66002
"SIMC1",375484
"PSMB9",5698
"PSMB8",5696
"TAP1",6890
"OR10H2",26538
"OR10H3",26532
"CYP4F11",57834
"CYP4F2",8529
"OR10H1",26539
"OR10H5",284433
"KIAA1191",57179
"NOP16",51491
"ARL10",285598
"CLTB",1212
"HIGD2A",192286
"BRD2",6046
"HLA-DMB",3109
"HLA-DMA",3108
"FAF2",23197
"OR10H4",126541
"RNF44",22838
"CDHR2",54825
"GPRIN1",114787
"SNCB",6620
"HLA-DOA",3111
"EIF4E1B",253314
"HLA-DPA1",3113
"HLA-DPB1",3115
"TSPAN17",26262
"UNC5A",90249
"HK3",3101
"COL11A2",1302
"TPM4",7171
"UIMC1",51720
"SLC39A7",7922
"RXRB",6257
"AHI1",54806
"ZNF346",23567
"HSD17B8",7923
"RING1",6015
"HSH2D",84941
"RAB8A",4218
"VPS52",6293
"RPS18",6222
"FGFR4",2264
"CIB3",117286
"PDE7B",27115
"FAM32A",26017
"NSD1",64324
"AP1M1",8907
"B3GALT4",8705
"MTFR2",113115
"PRELID1",27166
"RAB24",53917
"MXD3",83463
"WDR46",9277
"PFDN6",10471
"RGL2",5863
"KLF2",10365
"BCLAF1",9774
"FTSJ3",117246
"PSMC5",5705
"LMAN2",10960
"TAPBP",6892
"RGS14",10636
"SLC34A1",6569
"PFN3",345456
"KIFC1",3833
"PRR7",80758
"GRK6",2870
"F12",2161
"MAP7",9053
"SMARCD2",6603
"EPS15L1",58513
"CSH2",1443
"OR2W1",26692
"OR2B3",442184
"OR2J3",442186
"OR2J2",26707
"GH2",2689
"MAP3K5",4217
"OR14J1",442191
"CSH1",1442
"OR5V1",81696
"OR11A1",26531
"OR12D3",81797
"OR10C1",442194
"OR12D2",26529
"CD79B",974
"CSHL1",1444
"GH1",2688
"OR2H1",26716
"PEX7",5191
"MAS1L",116511
"DBN1",1627
"KLHL10",317719
"RRAGB",10325
"MOG",4340
"RASA1",5921
"MMP17",4326
"MPDZ",8777
"CDC23",8697
"TRIQK",286144
"MTO1",25821
"VWC2L",402117
"GCA",25801
"LRRC29",26231
"KCNH7",90134
"SPAG16",79582
"PRPF40A",55660
"TRPC5OS",100329135
"PDIA2",64714
"OAZ1",4946
"HMGCLL1",54511
"TNNI1",7135
"MOCS1",4337
"SPPL2B",56928
"VMA21",203547
"YIPF3",25844
"FHL1",2273
"PHACTR3",116154
"NRM",11270
"VGF",7425
"BRD8",10902
"ALDH9A1",223
"CYP26C1",340665
"MZF1",7593
"AEN",64782
"ZFP3",124961
"UTP14A",10813
"KCNH4",23415
"GALT",2592
"PHEX",5251
"SYNCRIP",10492
"ZDHHC12",84885
"TJAP1",93643
"IFT20",90410
"LIPC",3990
"ZNF446",55663
"MEIKIN",728637
"RHCG",51458
"IST1",9798
"AMH",268
"MCF2",4168
"TBCEL",219899
"DOP1A",23033
"CMIP",80790
"RWDD2A",112611
"TMEM97",27346
"ATP6V1G3",127124
"ALDH1A2",8854
"ZNF132",7691
"SUMO1",7341
"MIER2",54531
"USP51",158880
"MAGEH1",28986
"ZNF324B",388569
"CBARP",255057
"TRIM56",81844
"NEK7",140609
"ZNF584",201514
"YIPF4",84272
"CHORDC1",26973
"MUC17",140453
"STK11",6794
"ACSF3",197322
"KIF1C",10749
"TCF3",6929
"ZNF837",116412
"PIAS4",51588
"TSLP",85480
"A1BG",1
"SNX14",57231
"ZNF497",162968
"BCAS2",10286
"CDKN2AIPNL",91368
"ELMO3",79767
"WDR36",134430
"PNCK",139728
"GFRAL",389400
"ZNF8",7554
"C2",717
"DYTN",391475
"UBE2B",7320
"SMS",6611
"HCRTR2",3062
"EXOC6",54536
"TFAP2D",83741
"FAM237A",200726
"IL31RA",133396
"ZNF544",27300
"RAD51D",5892
"SFSWAP",6433
"SLC6A8",6535
"MFSD4A",148808
"CFB",629
"BRAP",8315
"ZSCAN22",342945
"VPS9D1",9605
"ZBTB12",221527
"ELK4",2005
"FES",2242
"NBEAL1",65065
"IFIH1",64135
"C6orf201",404220
"NLRC4",58484
"PAGE3",139793
"CPNE2",221184
"CCT6B",10693
"S1PR4",8698
"DEFB110",245913
"TRIM2",23321
"DEFB113",245927
"PML",5371
"MAP3K14",9020
"PAGE5",90737
"BAG2",9532
"RAB5C",5878
"TPBG",7162
"HSPB9",94086
"KRTAP12-2",353323
"KRTAP10-9",386676
"E2F7",144455
"GOLGA2",2801
"CDK18",5129
"CWC25",54883
"FKBP10",60681
"C19orf18",147685
"VIL1",7429
"LY6G5C",80741
"BEND6",221336
"KNL1",57082
"ZNF418",147686
"ZNF587B",100293516
"IKZF2",22807
"PHKA2",5256
"FMNL2",114793
"ZNF814",730051
"KDM5B",10765
"ZNF417",147687
"CYP21A2",1589
"TMUB2",79089
"FZD4",8322
"PRSS23",11098
"CS",1431
"MTHFS",10588
"JUP",3728
"EZH1",2145
"RNF125",54941
"ZNF222",7673
"TDRD12",91646
"NAE1",8883
"DOK3",79930
"TAF9B",51616
"ABCC11",85320
"PRR3",80742
"ANKRD35",148741
"RSAD1",55316
"BFSP2",8419
"ZNF223",7766
"SSTR2",6752
"ABI3",51225
"RNF138",51444
"FAM104A",84923
"U2AF1L4",199746
"TMEM108",66000
"CYSLTR1",10800
"RAPGEF1",2889
"ZNF225",7768
"RAB11B",9230
"SLC16A10",117247
"ZNF292",23036
"RTL3",203430
"SRPK2",6733
"LPAR4",2846
"BLOC1S6",26258
"KLHL14",57565
"ZNF224",7767
"MACC1",346389
"PDSS2",57107
"AIF1",199
"KIRREL1",55243
"GAREM1",64762
"NR2C2AP",126382
"WDR48",57599
"ERN1",2081
"ANGPTL4",51129
"ZNF234",10780
"MEP1B",4225
"FCAR",2204
"NAA11",84779
"GEN1",348654
"AC008878.3",23370
"OLIG3",167826
"JAKMIP2",9832
"GPR55",9290
"HLA-DOB",3112
"GNB1",2782
"PACRG",135138
"TMPRSS6",164656
"ZNF226",7769
"KMT2B",9757
"SOBP",55084
"ARHGEF18",23370
"MYO15A",51168
"DISP1",84976
"C20orf85",128602
"SSR3",6747
"KLHL33",123103
"C10orf67",256815
"ERAL1",26284
"TTC21A",199223
"PRKN",5071
"PKD2L1",9033
"HMMR",3161
"IL17RC",84818
"ANKRD60",140731
"KCTD3",51133
"PNMA1",9240
"TOP1MT",116447
"UNK",85451
"TCP11L1",55346
"RANGRF",29098
"MTFR1",9650
"DIDO1",11083
"CCNA2",890
"H3-3B",3021
"KMT2E",55904
"MAD1L1",8379
"SLC25A35",399512
"TRAF3IP3",80342
"PDHB",5162
"RHBDL3",162494
"MRNIP",51149
"ALOX5",240
"SESN3",143686
"CARMIL1",55604
"IGFLR1",79713
"SPATA3",130560
"CSTF3",1479
"SP6",80320
"RIMBP3C",150221
"FAM222B",55731
"UBE2L3",7332
"GZF1",64412
"UBAC1",10422
"SP2",6668
"LONRF1",91694
"CT47A2",728090
"CALML6",163688
"C17orf75",64149
"SMN1",6606
"ARHGDIA",396
"TEX2",55852
"MARCHF2",51257
"R3HDM1",23518
"SLC7A9",11136
"HAO2",51179
"GK2",2712
"YDJC",150223
"PDE7A",5150
"LRRC20",55222
"TCHHL1",126637
"P2RY10",27334
"STAU1",6780
"GPR174",84636
"TMEM52",339456
"ZNF747",65988
"PPP1R3A",5506
"ZNF768",79724
"SCAPER",49855
"CASP5",838
"PSEN2",5664
"OTUD1",220213
"HNRNPM",4670
"SMAP2",64744
"CLEC7A",64581
"SYNRG",11276
"ALKBH5",54890
"MRM2",29960
"DUSP5",1847
"FAM47A",158724
"EXTL1",2134
"PPP1R2C",80316
"TEKT1",83659
"DRG2",1819
"SLC18B1",116843
"NXN",64359
"NAPB",63908
"KNDC1",85442
"EIF4EBP2",1979
"HSP90AA1",3320
"ZBTB34",403341
"NODAL",4838
"C1orf74",148304
"AHCYL2",23382
"C14orf180",400258
"FBXO39",162517
"VRK1",7443
"ZNF235",9310
"IQSEC1",9922
"ABR",29
"RELCH",57614
"C6orf163",206412
"ACTR3",10096
"PDE4DIP",9659
"ACSL4",2182
"FH",2271
"SMIM8",57150
"TMEM179",388021
"ZNF233",353355
"TACR1",6869
"TMC8",147138
"ITGA10",8515
"GJB7",375519
"ADRA2B",151
"NCR1",9437
"ZNF227",7770
"MAT2B",27430
"SQSTM1",8878
"TIMM29",90580
"HSD3B2",3284
"PTPRN",5798
"ASTL",431705
"EXT2",2132
"WDR20",91833
"TRPC4",7223
"MYBPC3",4607
"LCOR",84458
"RPL32",6161
"TMEM47",83604
"CKAP2",26586
"ITM2A",9452
"SLC29A2",3177
"TNRC6C",57690
"TRAF3IP2",10758
"ZNF285",26974
"SNAP23",8773
"MED7",9443
"DTNBP1",84062
"ZNF112",7771
"RPS12",6206
"OGDHL",55753
"MOK",5891
"ITK",3702
"CAND2",23066
"CD1D",912
"PSENEN",55851
"ZNF595",152687
"ZNF229",7772
"CT47A1",728096
"CHN1",1123
"LIN37",55957
"TBC1D9B",23061
"SIK1",150094
"TBX22",50945
"LILRB4",11006
"TNFAIP3",7128
"ZNF180",7733
"SERINC3",10955
"HSPB6",126393
"GLUD2",2747
"CHML",1122
"UNC13D",201294
"HAVCR2",84868
"RPP21",79897
"RPP21",202658
"KMO",8564
"TMC6",11322
"PROSER3",148137
"C1QTNF6",114904
"KIFAP3",22920
"DOCK10",55619
"C8orf48",157773
"PHOSPHO1",162466
"SYT8",90019
"DLC1",10395
"CCDC153",283152
"FAM71B",153745
"IL2RB",3560
"REV3L",5980
"PDZD3",79849
"SCML4",256380
"KCNE5",23630
"SPAG9",9043
"COL25A1",84570
"FGD2",221472
"RBM8A",9939
"CEACAM20",125931
"MARCHF8",220972
"KIR2DL3",3804
"TPTE2",93492
"TRIM39",56658
"CSTL1",128817
"CCZ1",51622
"AGAP6",414189
"DHCR24",1718
"OPN3",23596
"RCL1",10171
"RRAGA",10670
"TRMT9B",57604
"CA7",766
"ZNF652",22834
"DIO2",1734
"MFSD14A",64645
"WDR64",128025
"POLR3GL",84265
"MGAT4B",11282
"CST11",140880
"KIR3DL3",115653
"RSPH10B",222967
"PEX11B",8799
"DAG1",1605
"CSK",1445
"NOX3",50508
"PATE1",160065
"TAF5L",27097
"SLC30A2",7780
"CD1A",909
"CST8",10047
"SF3B1",23451
"TIMM22",29928
"PARG",8505
"SLC35A3",23443
"ANKRD34A",284615
"PECAM1",5175
"EMILIN2",84034
"TLR5",7100
"LIX1L",128077
"TENT5D",169966
"ANAPC11",51529
"PTPRR",5801
"PATE2",399967
"CEP89",84902
"ADGRG1",9289
"C6orf47",57827
"ZNF764",92595
"DUSP2",1844
"SCD",6319
"PATE3",100169851
"URB2",9816
"LRRC57",255252
"PATE4",399968
"PALD1",27143
"SMIM40",113523636
"PEX26",55670
"DVL2",1856
"TRIM39-RPP21",202658
"MIDEAS",91748
"NIPSNAP1",8508
"NACC2",138151
"GDAP1",54332
"SNX19",399979
"PMCH",5367
"PERP",64065
"IGF1",3479
"LTN1",26046
"DLG5",9231
"DNMT1",1786
"SPATA6",54558
"FAM47B",170062
"TBC1D32",221322
"NADSYN1",55191
"CEACAM16",388551
"MILR1",284021
"APBB3",10307
"IER5L",389792
"IGSF23",147710
"ZNF718",255403
"MTMR12",54545
"TMEM219",124446
"SAAL1",113174
"JPH1",56704
"THOC5",8563
"FAAP24",91442
"BAZ1A",11177
"PVR",5817
"ZNF732",654254
"RHPN2",85415
"CACNA1A",773
"TUBA8",51807
"PARPBP",55010
"MTX2",10651
"ARFGEF3",57221
"CEACAM19",56971
"PIK3CD",5293
"NAIP",4671
"VPS16",64601
"OSGEP",55644
"CRELD1",78987
"MAGEB16",139604
"GPATCH1",55094
"FOXD4L4",349334
"LRRN4CL",221091
"TMEM250",90120
"TAOK3",51347
"PBOV1",59351
"CD1C",911
"ALX4",60529
"DHRS7B",25979
"BCL3",602
"KIR2DL1",3802
"TEX45",374877
"TNIP1",10318
"ARHGEF15",22899
"BSCL2",26580
"CD1B",910
"IL34",146433
"ZNF358",140467
"QKI",9444
"CCER1",196477
"PEX11G",92960
"CBLC",23624
"UTF1",8433
"ARRB1",408
"RDM1",201299
"VENTX",27287
"UNC13A",23025
"TCF20",6942
"CST2",1470
"ZSCAN12",9753
"HYLS1",219844
"EPYC",1833
"NSUN7",79730
"SSTR3",6753
"SPACA5B",729201
"IRF6",3664
"ABCC6",368
"SCRIB",23513
"PRF1",5551
"TMEM61",199964
"ZSCAN23",222696
"EVA1A",84141
"PTH1R",5745
"RAC2",5880
"BSND",7809
"PUS3",83480
"WBP2",23558
"THYN1",29087
"TRIM63",84676
"MFSD4B",91749
"LHX3",8022
"PARD6A",50855
"KANSL1",284058
"APBB2",323
"BCAM",4059
"CNIH1",10175
"INIP",58493
"PCYT2",5833
"ENKD1",84080
"SASS6",163786
"PCED1A",64773
"SLC35B3",51000
"TMEM11",8834
"PRRT3",285368
"KERA",11081
"ODF4",146852
"OLR1",4973
"SMIM28",110806279
"TDRP",157695
"POLG2",11232
"NONO",4841
"ECM1",1893
"C16orf86",388284
"WDR86",349136
"S1PR2",9294
"ZNF688",146542
"HNRNPK",3190
"C2orf72",257407
"PEG10",23089
"STXBP5",134957
"EPN3",55040
"FABP1",2168
"ADAMTS14",140766
"PEAR1",375033
"HNRNPUL2",221092
"DLGAP2",9228
"RAB28",9364
"CASD1",64921
"KRTAP1-5",83895
"DPP7",29952
"KRTAP1-4",728255
"ZNF785",146540
"KRTAP1-3",81850
"KRTAP1-1",81851
"NUB1",51667
"GNG3",2785
"LHX2",9355
"KRTAP2-1",81872
"MED27",9442
"AC037482.2",728279
"KRTAP2-3",730755
"HDAC3",8841
"KRTAP2-4",85294
"HSD3B1",3283
"AC037482.3",100996750
"KRTAP4-8",728224
"ZNF366",167465
"NHSL1",57224
"PTPRA",5786
"CLSTN1",22883
"TMEM52B",120939
"MAMDC2",256691
"CLEC19A",728276
"TRIM47",91107
"PDIK1L",149420
"NECTIN2",5819
"NOP2",4839
"ERICH1",157697
"DTX1",1840
"MYO1A",4640
"NCAN",1463
"SCYL2",55681
"KRTAP4-9",100132386
"KRTAP4-11",653240
"KRTAP4-12",83755
"KRTAP29-1",100533177
"MYL3",4634
"AC209539.2",100507608
"PKIG",11142
"SGCE",8910
"KRTAP9-4",85280
"KRTAP9-9",81870
"KIR2DL4",3805
"GFOD2",81577
"SLC35A4",113829
"LILRA2",11027
"HEBP2",23593
"SRP54",6729
"MORC1",27136
"TMED2",10959
"BRWD3",254065
"TOMM40",10452
"SIGIRR",59307
"TM6SF2",53345
"LRRC71",149499
"SSX5",6758
"MX2",4600
"RNASEK",440400
"SPATA20",64847
"HAPLN4",404037
"MTURN",222166
"USH2A",7399
"TRIM65",201292
"ZNF689",115509
"DDX41",51428
"SOX11",6664
"C17orf49",124944
"GOLGA8M",653720
"SCG3",29106
"SSX1",6756
"DIAPH1",1729
"WDR88",126248
"ARSA",410
"TNNI2",7136
"TNPO1",3842
"MYLIP",29116
"NXPE1",120400
"APOE",348
"MTSS2",92154
"C17orf99",100141515
"MRPL38",64978
"TAC3",6866
"ADA",100
"NTNG2",84628
"THNSL2",55258
"LRP3",4037
"LUM",4060
"APOC1",341
"KRTAP9-3",83900
"ZNRF2",223082
"SLC7A10",56301
"FCGR3B",2215
"GMPR",2766
"KIR3DL1",3811
"FBXL18",80028
"RAB19",401409
"RPL26",6154
"CD81",975
"PLCB4",5332
"HNRNPA3",220988
"SLC37A3",84255
"KRTAP9-2",83899
"SUDS3",64426
"BNIP3L",665
"DEXI",28955
"KRTAP9-7",100505724
"APOC4",346
"KRTAP9-6",100507608
"CIITA",4261
"SYNGR2",9144
"KIAA1217",56243
"APOC2",344
"ALOX12",239
"CLPTM1L",81037
"SEPTIN5",5413
"FBF1",85302
"GOLGA6L7",728310
"DSCAML1",57453
"HOOK2",29911
"ERI2",112479
"CLPTM1",1209
"TBATA",219793
"SLC17A8",246213
"PIM1",5292
"KRBA2",124751
"CEBPA",1050
"FAM110D",79927
"GRIA3",2892
"C1orf232",110806296
"BRMS1L",84312
"NFAM1",150372
"DPYSL2",1808
"TK1",7083
"NYAP2",57624
"KIF26B",55083
"AL353579.1",221468
"FOXI3",344167
"UTP25",27042
"TMEM217",221468
"ZNF593",51042
"ZNF697",90874
"PRAMEF18",391003
"PRAMEF18",653606
"PRAMEF25",441873
"PRAMEF25",645359
"TNFRSF11A",8792
"QSOX2",169714
"TMCO4",255104
"TBC1D22B",55633
"PRAMEF9",343070
"ACSM3",6296
"CCDC116",164592
"HNRNPCL2",440563
"LPIN2",9663
"HNRNPCL4",101060301
"PRR15L",79170
"CPLX3",594855
"CEBPG",1054
"TEX37",200523
"CFAP206",154313
"WNT8B",7479
"PCID2",55795
"LMAN1L",79748
"GPCPD1",56261
"UBXN4",23190
"CDK5RAP3",80279
"KCTD6",200845
"C6orf118",168090
"APBA2",321
"CLCNKA",1187
"H2BS1",54145
"HSF2BP",11077
"NXPE4",54827
"GP1BB",2812
"PHF23",79142
"ZDHHC15",158866
"H1-0",3005
"AFMID",125061
"BBS9",27241
"PHB",5245
"SLC35A1",10559
"RNF186",54546
"PLPPR1",54886
"AGBL4",84871
"SLC38A1",81539
"TAS2R42",353164
"CDC42EP4",23580
"PRDX2",7001
"OTUD3",23252
"CCDC187",399693
"OR4F5",79501
"SDF2L1",23753
"PTPRM",5797
"COQ10B",80219
"SLC46A2",57864
"PRB3",5544
"C3orf85",401081
"BEND5",79656
"MAP1S",55201
"FXYD6-FXYD2",100533181
"NTM",50863
"LRRN1",57633
"FCGR2B",2213
"PNMA2",10687
"THUMPD1",55623
"SNX30",401548
"PLA2G2E",30814
"MYCBPAP",84073
"SGPL1",8879
"SUMF1",285362
"LILRA1",11024
"RNASEH2A",10535
"GCAT",23464
"ZBED9",114821
"FXYD2",486
"METTL11B",149281
"ABRA",137735
"ACSM1",116285
"YPEL1",29799
"MPHOSPH8",54737
"MCOLN3",55283
"NXPE2",120406
"PHOX2B",8929
"PPIL2",23759
"JUNB",3726
"LYZL6",57151
"ALYREF",10189
"RTBDN",83546
"SSX3",10214
"ANKRD20A3P",441425
"DPPA2",151871
"HSPB7",27129
"ABCF1",23
"CASP1",834
"IDH3B",3420
"AKIP1",56672
"EIF2AK3",9451
"NPB",256933
"PRB4",5545
"REXO5",81691
"DDX25",29118
"RRP36",88745
"VOPP1",81552
"PEPD",5184
"ARID1B",57492
"FXYD6",53826
"ARHGAP33",115703
"RRP1B",23076
"MCL1",4170
"PRKD1",5587
"RPS2",6187
"PSPC1",55269
"WDR63",126820
"MAGEE2",139599
"NRN1L",123904
"RELB",5971
"COQ8A",56997
"PBDC1",51260
"ADAMTSL4",54507
"EDC4",23644
"SEC63",11231
"GORAB",92344
"STRIP2",57464
"SDK2",54549
"SETMAR",6419
"ANTXRL",195977
"RCN2",5955
"FGFR1",2260
"MAST1",22983
"CLASRP",11129
"NEK6",10783
"NPAS4",266743
"ZNF141",7700
"ATP10D",57205
"PCSK9",255738
"CLEC4E",26253
"LAIR1",3903
"ZNF721",170960
"AOPEP",84909
"PRODH2",58510
"C11orf16",56673
"CCL16",6360
"DCUN1D3",123879
"SUSD4",55061
"SMARCB1",6598
"SAMD5",389432
"BAAT",570
"CFAP74",85452
"LYRM1",57149
"KIR2DS4",3809
"LRRTM2",26045
"NATD1",256302
"CTNNA1",1495
"ZCWPW2",152098
"PRB2",653247
"HSPE1",3336
"FLOT2",2319
"PRB1",5542
"CUL4A",8451
"VAC14",55697
"KIR3DL2",3812
"UFM1",51569
"PROS1",5627
"KIRREL2",84063
"SASH1",23328
"FNDC9",408263
"EGFL8",80864
"PNPO",55163
"ADAM19",8728
"MOB4",25843
"ASAH2",56624
"CMC1",152100
"SHLD1",149840
"PLA2G2A",5320
"LCT",3938
"MTRNR2L6",100463482
"ACOX2",8309
"CHGB",1114
"AZI2",64343
"GALR3",8484
"DPPA4",55211
"ACTB",60
"GCFC2",6936
"SSX4",6759
"RPL38",6169
"FAM167B",84734
"CCDC185",164127
"TLK1",9874
"OSTM1",28962
"CHD4",1108
"RNPC3",55599
"PLA2G5",5322
"NSD2",7468
"PRAMEF5",343068
"SHANK3",85358
"FCRLA",84824
"DERL3",91319
"SSX4B",548313
"PRAMEF8",391002
"PDE4B",5142
"PRAMEF33",645382
"CAPN8",388743
"WEE1",7465
"WASHC2A",387680
"ARHGEF11",9826
"UST",10090
"NIPAL4",348938
"NR1H4",9971
"ERVMER34-1",100288413
"AMY2B",280
"GPSM1",26086
"DDX5",1655
"RAD51B",5890
"PRDM16",63976
"RASL11B",65997
"FOXP2",93986
"TTYH2",94015
"NUDT1",4521
"BLOC1S3",388552
"IRS1",3667
"CYFIP2",26999
"NPHS1",4868
"ORC4",5000
"MARK4",57787
"ATP8B1",5205
"ARHGEF28",64283
"HTR2B",3357
"ETV6",2120
"CFAP47",286464
"RBMS3",27303
"HSPE1-MOB4",100529241
"SUGP1",57794
"PSMD1",5707
"PMS2",5395
"MRPL19",9801
"HSPD1",3329
"MBIP",51562
"DNLZ",728489
"SMKR1",100287482
"CARD9",64170
"RHBDD1",84236
"LGR4",55366
"IRAK3",11213
"ATXN1",6310
"PDE10A",10846
"DUSP4",1846
"SUMO4",387082
"TAB2",23118
"CCDC178",374864
"KRTAP5-7",440050
"SNTG1",54212
"APLP1",333
"LRRTM3",347731
"SLC41A3",54946
"GEMIN7",79760
"CTNNA3",29119
"TIPARP",25976
"ACVR2A",92
"MAGEE1",57692
"EXOC3L2",90332
"BBS7",55212
"ECT2",1894
"RANBP10",57610
"PPP1R37",284352
"PRAM1",84106
"RHPN1",114822
"OTULINL",54491
"SRRM4",84530
"PLA2G2D",26279
"INTS11",54973
"SMURF2",64750
"OR4F29",729759
"RPL36AL",6166
"PTH",5741
"ITGB8",3696
"CCL14",6358
"TRAPPC6A",79090
"MAOA",4128
"COL4A4",1286
"NKTR",4820
"SETX",23064
"DNAI2",64446
"MGAT2",4247
"EPB41L1",2036
"MBD5",55777
"CCL15",6359
"CEP57",9702
"TCF15",6939
"ZNF296",162979
"CDV3",55573
"SRXN1",140809
"NKPD1",284353
"SCRT2",85508
"CEP95",90799
"ZNF414",84330
"LDLRAD2",401944
"MAU2",23383
"GTF2H2",2966
"GTF2H2",728340
"CKM",1158
"GSDMC",56169
"USP18",11274
"HSPG2",3339
"RESP18",389075
"CCL5",6352
"AGPAT1",10554
"DIXDC1",85458
"RNF130",55819
"TXNIP",10628
"SMC3",9126
"SUV39H2",79723
"SYT14",255928
"CHST8",64377
"ZDHHC24",254359
"FGF16",8823
"KLC3",147700
"ETV3L",440695
"PRKCQ",5588
"MRPL11",65003
"SNX8",29886
"HCST",10870
"MCM5",4174
"BIRC5",332
"KPNA4",3840
"DCLRE1C",64421
"CCDC28A",25901
"PRSS1",5644
"CDK3",1018
"NKX3-2",579
"ICAM1",3383
"CST9L",128821
"NFKBID",84807
"SCFD2",152579
"SS18L2",51188
"EIF3B",8662
"FAM76B",143684
"SH3BGRL",6451
"TEN1",100134934
"STARD7",56910
"CST9",128822
"ACR",49
"PELI3",246330
"COL4A3",1285
"CST3",1471
"GABARAPL1",23710
"DNAAF2",55172
"SEC22C",9117
"STMND1",401236
"ICAM4",3386
"DGKB",1607
"SYNGR1",9145
"ERCC2",2068
"HSPB8",26353
"EVPL",2125
"HMGN5",79366
"MRPL4",51073
"ANTXR2",118429
"RBL2",5934
"NOD1",10392
"ZNF720",124411
"TYROBP",7305
"ZC3H12D",340152
"MFF",56947
"KIF19",124602
"TPO",7173
"BBS1",582
"CTDNEP1",23399
"ANGPTL2",23452
"ACOX1",51
"CYTH4",27128
"PNPLA6",10908
"REPS1",85021
"LRFN3",79414
"BOD1L1",259282
"FAR1",84188
"CCDC115",84317
"CD1E",913
"SDHAF1",644096
"TRMT6",51605
"RALGPS1",9649
"TBXT",6862
"RAB12",201475
"MAFG",4097
"SPINK1",6690
"RWDD2B",10069
"SLC52A3",113278
"NPY4R",5540
"TAOK2",9344
"SIRT7",51547
"AIMP2",7965
"AKTIP",64400
"CYRIB",51571
"SCGB3A2",117156
"ANXA8L1",728113
"CST4",1472
"GABRD",2563
"DNAJC12",56521
"NR2E1",7101
"MECOM",2122
"AKR1C1",1645
"C5orf46",389336
"PDP2",57546
"TMEM242",729515
"NEU2",4759
"ANKRD61",100310846
"EIF2AK1",27102
"TAB1",10454
"GGCT",79017
"KCTD15",79047
"USP16",10600
"TMEM33",55161
"GARS1",2617
"PRSS2",5645
"ZBTB47",92999
"FOSB",2354
"RNF222",643904
"LIN7C",55327
"PLA2G2F",64600
"NGFR",4804
"ZFR",51663
"AGMO",392636
"S100PBP",64766
"G2E3",55632
"ELP5",23587
"NXPH3",11248
"GATAD2A",54815
"CPHXL",105371346
"SNX3",8724
"KARS1",3735
"ANKRD54",129138
"GOLGA4",2803
"LYSMD2",256586
"MEOX2",4223
"PRR18",285800
"CST1",1469
"TMEM235",283999
"NME2",4831
"TRMT5",57570
"MYOM1",8736
"YARS1",8565
"DDX52",11056
"PPP1R13L",10848
"TMOD2",29767
"SLC38A6",145389
"FCHSD1",89848
"DPP10",57628
"C14orf93",60686
"MTCL1",23255
"ALKBH6",84964
"SFT2D1",113402
"PLCXD1",55344
"SCAP",22937
"PPP2R3C",55012
"SOCS3",9021
"MDC1",9656
"MPC1",51660
"NME1",4830
"RELL2",285613
"EIF3L",51386
"ZCCHC8",55596
"CD3EAP",10849
"DUXB",100033411
"MCM8",84515
"TERF2IP",54386
"SNTG2",54221
"CDC42BPA",8476
"LSM14A",26065
"ERCC1",2067
"PRRX1",5396
"GTPBP6",8225
"ICAM5",7087
"CLDN7",1366
"DPP3",10072
"ELAC2",60528
"MAP2K3",5606
"CAPN2",824
"CCAR2",57805
"NME1-NME2",654364
"HNRNPA1L2",144983
"COMT",1312
"HIPK3",10114
"SYNE4",163183
"GABARAP",11337
"ODAPH",152816
"ANGPT1",284
"KRTAP5-8",57830
"ANO9",338440
"MNAT1",4331
"KRTAP5-9",3846
"KRTAP5-10",387273
"FAM110A",83541
"LAPTM5",7805
"MCM6",4175
"ZFP37",7539
"PARD6B",84612
"ZDHHC14",79683
"THAP1",55145
"RBM24",221662
"KRTAP5-11",440051
"RASAL1",8437
"IK",3550
"PGS1",9489
"CDKL2",8999
"CUTA",51596
"PSMA6",5687
"SLC25A40",55972
"THAP8",199745
"ADAM8",101
"ARHGEF16",27237
"ZSWIM3",140831
"CLIP3",25999
"ZSWIM1",90204
"MGAT3",4248
"LAMA2",3908
"TXNRD2",10587
"AFG1L",246269
"SPATA25",128497
"SEPTIN14",346288
"STRAP",11171
"TTC32",130502
"PLA2G2C",391013
"GRIP1",23426
"DBF4",10926
"MCOLN1",57192
"DNAJC5B",85479
"UBXN10",127733
"NDUFA13",51079
"CRLS1",54675
"PLTP",5360
"BIN1",274
"PTDSS2",81490
"DNAH17",8632
"KIR2DL5A",57292
"INSL4",3641
"RAVER1",125950
"FAM3D",131177
"RNF170",81790
"NKX2-1",7080
"RLN2",6013
"RLN2",6019
"YJEFN3",374887
"ECT2L",345930
"SARAF",51669
"KIR3DS1",3813
"MC5R",4161
"FDX2",112812
"MAPK1",5594
"MYH10",4628
"LAMP5",24141
"PRKAR2A",5576
"MYADML2",255275
"HOOK3",84376
"PYCR1",5831
"FAM107A",11170
"TSSK6",83983
"PPP1R10",5514
"BCAS4",55653
"NKX2-8",26257
"PRORP",9692
"SLC25A21",89874
"ICAM3",3385
"PPM1N",147699
"FAM193B",54540
"FNTA",2339
"KIR2DS3",3808
"MAFA",389692
"SIRT1",23411
"KIR2DS1",3806
"GON4L",54856
"PHF1",5252
"SNX9",51429
"CRPPA",729920
"SMARCA5",8467
"PAX9",5083
"DCN",1634
"ARHGEF10",9639
"KIAA0355",9710
"ZGLP1",100125288
"MRPS18B",28973
"RABL2B",11158
"RNF151",146310
"EPHX2",2053
"FOXO3",2309
"BIN3",55909
"FAM47C",442444
"RTN2",6253
"LETM2",137994
"TMED9",54732
"ASAP2",8853
"FSHR",2492
"RLN1",6013
"PPM1F",9647
"SDC3",9672
"OTULIN",90268
"CTSA",5476
"FAM177A1",283635
"HAUS2",55142
"TMCO6",55374
"STK40",83931
"TPST1",8460
"OR4F16",81399
"B4GALT7",11285
"ZC3H3",23144
"MAOB",4129
"HHAT",55733
"ARHGAP44",9912
"LRMDA",83938
"TOP3B",8940
"ELFN2",114794
"RPS6KA2",6196
"NECTIN3",25945
"GALR2",8811
"SRP68",6730
"CPSF3",51692
"ANGPT4",51378
"ANKH",56172
"ASCL3",56676
"ARRDC3",57561
"SPON1",10418
"KLRD1",3824
"TMEM127",55654
"ACAD8",27034
"ZNF658",26149
"GGTLC3",728226
"RSPO4",343637
"NDP",4693
"POLE2",5427
"CD14",929
"GOLGA8K",653125
"MAPK12",6300
"ZNF267",10308
"CLN8",2055
"NDEL1",81565
"MRO",83876
"NDUFA2",4695
"RARS2",57038
"VASP",7408
"ZMYM5",9205
"SUGT1",10910
"FMO1",2326
"SAPCD1",401251
"SEC31B",25956
"ACAP3",116983
"CACFD1",11094
"EXOC7",23265
"HELB",92797
"MC2R",4158
"MSH5",4439
"MRGPRX3",117195
"WDR35",57539
"ITGB1BP1",9270
"GMFB",2764
"GPR4",2828
"OPA3",80207
"AKR1C2",1646
"SYTL5",94122
"FAM153A",285596
"ARL17B",51326
"ARL17B",100506084
"ARL17B",100996709
"EPHB6",2051
"GRB10",2887
"SLC2A11",66035
"SCGN",10590
"LGR5",8549
"ZNF705E",100131539
"DHRS13",147015
"USP24",23358
"FMO3",2328
"FAM86C1",55199
"CADM1",23705
"EML2",24139
"MRGPRX4",117196
"C20orf202",400831
"PCBD1",5092
"MROH9",80133
"TMEM74B",55321
"PRRG1",5638
"TF",7018
"PSMF1",9491
"PUSL1",126789
"FMO2",2327
"MYOCD",93649
"HDAC10",83933
"LRRC37A",9884
"EFHC2",80258
"PPP2R3B",28227
"MIEF1",54471
"OTC",5009
"PSKH1",5681
"NRF1",4899
"SPOCK3",50859
"H2AC1",221613
"RNASET2",8635
"H2BC1",255626
"CYBB",1536
"PSMB10",5699
"NEURL2",140825
"THOC2",57187
"DNASE2",1777
"MAST4",375449
"RRP7A",27341
"TMEM191B",728229
"FSCN1",6624
"NKAPD1",55216
"TBC1D22A",25771
"KLF1",10661
"NLRP14",338323
"DYNLT3",6990
"C1QL4",338761
"PLGRKT",55848
"RAB6B",51560
"MBTD1",54799
"PIP4P1",90809
"ETFRF1",144363
"RBMXL2",27288
"ORC3",23595
"SPEF2",79925
"CTRL",1506
"BTBD17",388419
"CCM2",83605
"GPR142",350383
"TBX1",6899
"DNAJC22",79962
"TSPAN7",7102
"PPIL4",85313
"OR8K1",390157
"OR8J1",219477
"OR8U1",219417
"KRAS",3845
"TIMM8B",26521
"ARHGAP18",93663
"TRIM55",84675
"HIF1AN",55662
"SRPRB",58477
"SLC2A1",6513
"SLC38A5",92745
"DERA",51071
"DLAT",1737
"WDR62",284403
"NFE2L2",4780
"RTL10",79680
"APEX1",328
"TOPBP1",11073
"UNC5B",219699
"NDUFB8",4714
"ARVCF",421
"TSPAN8",7103
"GNB1L",54584
"DHRS4L2",317749
"NSUN3",63899
"RASGEF1C",255426
"H2AP",25763
"XK",7504
"NIPSNAP2",2631
"STX19",415117
"GNG4",2786
"LANCL3",347404
"DHFR2",200895
"LRRC37A3",374819
"SRPX",8406
"SAA2",6289
"UTP18",51096
"CDHR1",92211
"RSPO2",340419
"CAT",847
"CCL23",6368
"ESRRG",2104
"LNX1",84708
"ARL13B",200894
"PIH1D2",120379
"SPATA31A3",727830
"NOTUM",147111
"CIAO1",9391
"RPGR",6103
"LILRB1",10859
"NEMP1",23306
"TMEM38A",79041
"GPRC5C",55890
"LSM10",84967
"RASD2",23551
"GPI",2821
"DNPEP",23549
"CCL18",6362
"SYCE2",256126
"FNDC5",252995
"GPRIN2",9721
"MSGN1",343930
"IMP4",92856
"ANAPC10",10393
"ZNF713",349075
"GCDH",2639
"PRPH",5630
"POLR2I",5438
"TTC9C",283237
"STX16",8675
"OLFML1",283298
"PDGFRA",5156
"OR10T2",128360
"SAA2-SAA4",100528017
"OR10K2",391107
"OR10K1",391109
"MRPS17",51373
"SAA4",6291
"ZBTB3",79842
"CUL7",9820
"DPM1",8813
"UACA",55075
"PPFIBP2",8495
"GINM1",116254
"SWAP70",23075
"PSMD4",5710
"ARMC2",84071
"TBCB",1155
"ZCCHC2",54877
"MIF",4282
"TTC8",123016
"CNMD",11061
"TROAP",10024
"ZNF519",162655
"KATNA1",11104
"TRPC3",7222
"CARMIL3",90668
"STAT6",6778
"AMY2A",279
"GNA13",10672
"TP53BP2",7159
"RGS19",10287
"CHIC2",26511
"ABCB5",340273
"TMEM244",253582
"LCK",3932
"NWD1",284434
"DCAF17",80067
"OVOL3",728361
"DHRS4",10901
"CGRRF1",10668
"BCL2L14",79370
"FIP1L1",81608
"ASPSCR1",79058
"GOLGA8O",728047
"CPNE3",8895
"CST5",1473
"FBXL7",23194
"ADNP",23394
"CD300A",11314
"MARCHF11",441061
"TRNAU1AP",54952
"DDX55",57696
"PCDH8",5100
"LMNTD1",160492
"SLC17A4",10050
"GGTLC1",92086
"METTL8",79828
"AMY1A",276
"LEKR1",389170
"DCAF4L1",285429
"SLC2A6",11182
"TMEM9B",56674
"SPINK5",11005
"ASB6",140459
"ABCE1",6059
"PIGG",54872
"MRPL2",51069
"LRP6",4040
"GIPR",2696
"MUC19",283463
"TMEM54",113452
"PDPK1",5170
"ARMC9",80210
"NTMT1",28989
"KCNJ12",3768
"NPEPL1",79716
"SYNDIG1",79953
"ATP1B2",482
"HPCA",3208
"CDON",50937
"KLRC4",8302
"SHOX",6473
"SLC29A3",55315
"KCNS3",3790
"KLC4",89953
"DEFB115",245929
"CD300LB",124599
"FUNDC1",139341
"ELP6",54859
"ARHGAP21",57584
"EIF2B1",1967
"TAPT1",202018
"CD300C",10871
"GSX2",170825
"ACTRT3",84517
"C9orf50",375759
"MAPK9",5601
"CNGB3",54714
"ZNF622",90441
"LEPROTL1",23484
"RAB22A",57403
"KCNK15",60598
"ZACN",353174
"RIMS4",140730
"INO80E",283899
"MYMK",389827
"AKR1C3",8644
"VWA5B1",127731
"KCNB1",3745
"GLB1L3",112937
"DUSP21",63904
"CD82",3732
"CILP2",148113
"LTBP1",4052
"DDX27",55661
"GTF2H3",2967
"CCN5",8839
"MYNN",55892
"OR5R1",219479
"DCTN6",10671
"ADD1",118
"OR5M3",219482
"OR5M9",390162
"OR5M8",219484
"OR10R2",343406
"POU3F4",5456
"PDCD2L",84306
"SRSF5",6430
"LRIT2",340745
"SAMD4A",23034
"RIC1",57589
"CNGA1",1259
"DEFB116",245930
"ACTA2",59
"DEFB118",117285
"VSIG10L2",338667
"NSA2",10412
"OR5M11",219487
"MBOAT4",619373
"OR5M10",390167
"OTUD4",54726
"ATF4",468
"MYO1F",4542
"OR5M1",390168
"GAL3ST1",9514
"CDH16",1014
"CCR6",1235
"PBX4",80714
"ADAMTSL2",9719
"OLFM4",10562
"CAPNS1",826
"ENC1",8507
"ARAP3",64411
"SNRPD2",6633
"RRAS2",22800
"ZNF740",283337
"AP3M2",10947
"FGFR1OP",11116
"SYT9",143425
"NFXL1",152518
"LPAR2",9170
"QPCTL",54814
"ITGB7",3695
"HEXB",3074
"FAS",355
"WNT5B",81029
"SLC31A2",1318
"FBXO46",23403
"BHMG1",388553
"MARCOL",105378220
"SPINK14",408187
"FKBP15",23307
"SPINK13",153218
"AICDA",57379
"PHLPP1",23239
"SPINK7",84651
"MATR3",9782
"HIRIP3",8479
"FBXL14",144699
"GPATCH2",55105
"MAGI2",9863
"SPINK9",643394
"KIF1A",547
"SLC17A1",6568
"DMPK",1760
"PDCD1LG2",80380
"MYL12A",10627
"NT5C1B",93034
"SPINK6",404203
"TECRL",253017
"SLC15A5",729025
"SPATA17",128153
"ERMP1",79956
"CYTH1",9267
"DOC2A",8448
"RNF19B",127544
"CRYGN",155051
"CDC42",998
"GFM2",84340
"OR5P2",120065
"OR5P3",120066
"RDH14",57665
"FREM2",341640
"ADAMTS10",81794
"DEFB119",245932
"NT5C1B-RDH14",100526794
"RMI1",80010
"MUC4",4585
"GOLGA8N",643699
"CST7",8530
"MYL12B",103910
"GYPA",2993
"TP53TG3D",729264
"TP53TG3D",102723655
"TP53TG3D",102723713
"TP53TG3D",102724101
"TP53TG3D",102724127
"ARMC4",55130
"ZNF517",340385
"UBE2H",7328
"ELF5",2001
"LSP1",4046
"CRLF2",64109
"SESN1",27244
"KLRK1",22914
"KLRK1",100528032
"CSAD",51380
"SYDE2",84144
"COX7A1",1346
"MYO10",4651
"SLC31A1",1317
"SERHL2",253190
"RIMBP3",85376
"CELA3A",10136
"FAM161B",145483
"CD274",29126
"CHST12",55501
"CORIN",10699
"GRIFIN",402635
"ZNF146",7705
"ZNF687",57592
"CDC26",246184
"ADIPOR2",79602
"MFNG",4242
"ZNF565",147929
"CELA3B",23436
"RRP15",51018
"C1orf52",148423
"ENTPD5",957
"MB",4151
"CENPX",201254
"MATN3",4148
"RPS19BP1",91582
"CALY",50632
"PAK5",57144
"OR10A3",26496
"ADRA1A",148
"ZNFX1",57169
"PI4KB",5298
"NLRP10",338322
"UBA2",10054
"KRTAP5-2",440021
"DUSP8",1850
"GMIP",51291
"CSPG5",10675
"PRAP1",118471
"SLC25A20",788
"KRTAP5-1",387264
"ALAS1",211
"PROP1",5626
"DEFB121",245934
"SPOP",8405
"ZC3HC1",51530
"FAM169A",26049
"TUBGCP2",10844
"RGS9",8787
"SYT15",83849
"EMC1",23065
"LDB2",9079
"CFAP73",387885
"MGST1",4257
"DTX2",113878
"DDX54",79039
"AK2",204
"COQ6",51004
"CRH",1392
"MEGF6",1953
"COX7A2L",9167
"TGFB2",7042
"CD300LD",100131439
"PRDM11",56981
"SCLY",51540
"CD300E",342510
"CACNA1G",8913
"LRRC45",201255
"SOX8",30812
"MFAP5",8076
"CCDC12",151903
"LMO3",55885
"CD300LF",146722
"DMWD",1762
"OSCP1",127700
"BCL2",596
"LINC01862",107983991
"SIX5",147912
"PRDM13",59336
"SEC24B",10427
"PLPP3",8613
"CYLC1",1538
"ZNF511",118472
"ACTL9",284382
"RSPH6A",81492
"OR6Y1",391112
"OR2Z1",284383
"CNKSR1",10256
"NBEAL2",23218
"OR5AP2",338675
"OR5AR1",219493
"TRPM3",80036
"ACO1",48
"NIPAL1",152519
"MCHR2",84539
"STOML3",161003
"STARD9",57519
"SLC28A3",64078
"UBE2D3",7323
"LCAT",3931
"SNAP25",6616
"DEFB108B",245911
"G3BP2",9908
"SYNJ2",8871
"RHEB",6009
"GPR31",2853
"TCP10L2",401285
"SYMPK",8189
"COPZ2",51226
"DEFB123",245936
"SBF2",81846
"SLC30A9",10463
"MAPK6",5597
"LAPTM4A",9741
"DEFB124",245937
"LYPLA1",10434
"PUF60",22827
"REM1",28954
"RAB37",326624
"FAM161A",84140
"SLC12A4",6560
"ZFP14",57677
"PRRX2",51450
"NAB2",4665
"WTIP",126374
"FREM3",166752
"STAMBPL1",57559
"ZFP82",284406
"PTGES",9536
"LEO1",123169
"GYPE",2996
"SYT11",23208
"MPP7",143098
"ANKEF1",63926
"UNC93A",54346
"TOR1B",27348
"ZNF558",148156
"ZNF566",84924
"LRP1",4035
"HHIP",64399
"VXN",254778
"DDAH1",23576
"C4B",721
"DDX18",8886
"C4orf54",285556
"ABRACL",58527
"DAPP1",27071
"UBE2F",140739
"TMOD3",29766
"TXLNB",167838
"RAC3",5881
"USP36",57602
"NRIP3",56675
"OPRL1",4987
"ALDH6A1",4329
"LYPLAL1",127018
"BCL10",8915
"CITED2",10370
"GYPB",2994
"RRS1",23212
"SP8",221833
"KLHDC1",122773
"TSSC4",10078
"PHGDH",26227
"BTG1",694
"ZNF260",339324
"HECA",51696
"LKAAEAR1",198437
"SGMS1",259230
"ADHFE1",137872
"SFMBT2",57713
"CAMK2N1",55450
"RETREG1",54463
"AAR2",25980
"KRTAP5-3",387266
"ZFP36L1",677
"ZNF529",57711
"KRTAP5-4",387267
"KRTAP5-5",439915
"RNH1",6050
"FAM183A",440585
"CCDC39",339829
"AQP7",364
"AQP7",112267859
"RBM20",282996
"TCN2",6948
"CEP112",201134
"ZNF382",84911
"KIAA1549L",25758
"LRRTM4",80059
"OR9G1",390174
"OR9G4",283189
"MUL1",79594
"RGR",5995
"PDCD4",27250
"KCNG3",170850
"SIL1",64374
"PROSER1",80209
"PTGR2",145482
"ZNF461",92283
"FAM163B",642968
"SSTR5",6755
"MDFIC",29969
"FXR1",8087
"PRDM8",56978
"SCUBE2",57758
"ASXL3",80816
"LRRC34",151827
"MKRN1",23608
"RNF38",152006
"DCXR",51181
"ATP13A1",57130
"CSRNP1",64651
"ANKRD12",23253
"PES1",23481
"SAA1",6288
"PCDH15",65217
"LRIT1",26103
"AXIN2",8313
"BBOF1",80127
"GPC2",221914
"DEFB131B",100129216
"NOXO1",124056
"LRRC37A2",474170
"PRPF4",9128
"SNPH",9751
"APOL6",80830
"C11orf91",100131378
"BBIP1",92482
"APMAP",57136
"PCYOX1",51449
"NDUFV2",4729
"NACAD",23148
"CD59",966
"GAL3ST4",79690
"DBH",1621
"GCH1",2643
"ARL17A",51326
"FOXA3",3171
"APOL5",80831
"ZNF410",57862
"SCGB2B2",284402
"IRF2BP1",26145
"MYPOP",339344
"CLCNKB",1188
"RAD21L1",642636
"NANOS2",339345
"ANKRD17",26057
"SIN3B",23309
"NOVA2",4858
"TTLL2",83887
"SLC9A3R1",9368
"ZNF197",10168
"ZNF197",110354863
"NOL9",79707
"PGLYRP1",8993
"TFR2",7036
"GSDMD",79792
"FBXO28",23219
"RALYL",138046
"CCDC61",729440
"ZNF101",94039
"CARD10",29775
"RORB",6096
"CAMKK2",10645
"LATS1",9113
"CLEC16A",23274
"LFNG",3955
"SLC10A1",6554
"B3GNT7",93010
"VWCE",220001
"KCNH1",3756
"ZNF14",7561
"SYNGR3",9143
"TYK2",7297
"CPEB2",132864
"SYNGAP1",8831
"IGFL4",444882
"BHLHE40",8553
"ZNF302",55900
"ZNF660",285349
"ZNF35",7584
"KCNQ1",3784
"MOCS3",27304
"SYT13",57586
"IGFL2",147920
"KCNG1",3755
"TBL3",10607
"SMOC1",64093
"CFAP57",149465
"IGFL3",388555
"KLHDC10",23008
"HAS2",3037
"RPL41",6171
"POMK",84197
"RASSF8",11228
"OR6P1",128366
"OR10X1",128367
"RAET1G",353091
"SP4",6671
"GPX7",2882
"IGFL1",374918
"SIVA1",10572
"YWHAE",7531
"CDKN1C",1028
"LAMTOR3",8649
"SPTA1",6708
"DND1",373863
"NUP43",348995
"C1QTNF8",390664
"TPRG1L",127262
"HIF3A",64344
"WDR55",54853
"ACRBP",84519
"ZNF506",440515
"WDR6",11180
"SMARCC1",6599
"KBTBD8",84541
"BCL11B",64919
"CMPK2",129607
"POTEC",388468
"CNTN1",1272
"SLC22A18",5002
"CLIP4",79745
"SPINDOC",144097
"AKR1C4",1109
"BEND4",389206
"EBNA1BP2",10969
"TRIM8",81603
"DEGS1",8560
"ZBED2",79413
"ZNF850",342892
"HARS2",23438
"CD96",10225
"ZBTB9",221504
"SUCLG2",8801
"ZNF567",163081
"F2RL3",9002
"CDAN1",146059
"SETD3",84193
"SERAC1",84947
"OR10Z1",128368
"PCDH1",5097
"RSAD2",91543
"CPAMD8",27151
"SPIN1",10927
"RPS6KA6",27330
"COBL",23242
"TTC14",151613
"TMEM125",128218
"SLC38A2",54407
"PCMT1",5110
"AKIRIN2",55122
"ZNF790",388536
"NHLRC2",374354
"C1QTNF7",114905
"GNAT1",2779
"KBTBD11",9920
"ZNF181",339318
"TAFA1",407738
"EHF",26298
"SPACA1",81833
"YWHAB",7529
"NVL",4931
"LPAR5",57121
"MFSD10",10227
"ARMH3",79591
"SHISAL2A",348378
"CNR1",1268
"CTNNBIP1",56998
"PSMB5",5693
"CEP68",23177
"ZNF829",374899
"NDUFAF3",25915
"PRKAA2",5563
"TIMP2",7077
"GFER",2671
"SEZ6",124925
"FANCC",2176
"GPR137",56834
"RBPMS",11030
"OR5AK2",390181
"TOR1A",1861
"ZNF345",25850
"AARD",441376
"IP6K2",51447
"RAB1A",5861
"POLR2G",5436
"NUP210",23225
"TAFA4",151647
"GALNT2",2590
"XIRP1",165904
"LAMP1",3916
"TMEM271",112441426
"USP42",84132
"EFCAB11",90141
"HPS6",79803
"CEP295NL",100653515
"USO1",8615
"ARIH2",10425
"KDSR",2531
"SLC30A8",169026
"BCL6B",255877
"ZNF599",148103
"NIT2",56954
"BRAT1",221927
"SYVN1",84447
"EIF3E",3646
"WAC",51322
"SHISA3",152573
"GRTP1",79774
"ZNF253",56242
"CDC42EP1",11135
"RFNG",5986
"CCL4",6351
"PRODH",5625
"ZNF93",81931
"SGCZ",137868
"ACTL6B",51412
"AP2A2",161
"FAM131C",348487
"IL7R",3575
"BAD",572
"PXDNL",137902
"STMN4",81551
"ARHGAP19",84986
"LRP11",84918
"LGALS3BP",3959
"PPP5C",5536
"CX3CR1",1524
"C9orf78",51759
"EPHA2",1969
"CCL3",6348
"DNAJB14",79982
"FOXN3",1112
"RNF157",114804
"THRAP3",9967
"CRHR2",1395
"NFATC2",4773
"ZNF334",55713
"APOH",350
"RAET1E",135250
"SLC25A38",54977
"MTIF2",4528
"CFAP299",255119
"PDXK",8566
"PDXK",105372824
"AKT1",207
"PRKCA",5578
"ANKRD30B",374860
"USP20",10868
"PHF12",57649
"HGSNAT",138050
"GFPT2",9945
"ME2",4200
"GJA1",2697
"ADRB1",153
"FGF5",2250
"CCR8",1237
"PGBD5",79605
"GPS1",2873
"SLC35A2",7355
"NXNL2",158046
"MYT1",4661
"HDAC1",3065
"LNP1",348801
"BMPR1B",658
"EPHA5",2044
"CACNG5",27091
"TOMM70",9868
"RBM12B",389677
"CACNG4",27092
"FOXJ1",2302
"VAPB",9217
"CACNG1",786
"GTF2H5",404672
"SLIT1",6585
"NMBR",4829
"FAU",2197
"FCHO1",23149
"FAM92A",137392
"ZNRD2",10534
"HSF2",3298
"TP73",7161
"HARS1",3035
"LDB1",8861
"RABGEF1",27342
"ZNF682",91120
"DGCR6",8214
"GJE1",100126572
"OCSTAMP",128506
"HLA-E",3133
"ZNF30",90075
"PPEF2",5470
"ITIH5",80760
"ELAVL4",1996
"AQP1",358
"FAM89B",23625
"CCDC8",83987
"NPBWR2",2832
"PNMA8A",55228
"MRPL49",740
"TSPAN18",90139
"CNBD1",168975
"CHCHD3",54927
"TULP4",56995
"PIPOX",51268
"PPP5D1",100506012
"MINDY4",84182
"ZNF792",126375
"PNMA8B",57469
"PXDN",7837
"MTRNR2L12",100462981
"CALM3",808
"AQP3",360
"RITA1",84934
"COG2",22796
"CANT1",124583
"RNF144A",9781
"CCT4",10575
"HELZ",9931
"INMT",11185
"EOGT",285203
"VWA7",80737
"TMEM45A",55076
"SLC16A13",201232
"DCAF4L2",138009
"SNRPG",6637
"PSMB11",122706
"SLC16A11",162515
"ACTR2",10097
"PCMTD1",115294
"KCTD7",154881
"CYTH3",9265
"ACSS1",84532
"TP53I11",9537
"H2AZ1",3015
"GLB1L2",89944
"PDE4A",5141
"WDHD1",11169
"ARHGEF19",128272
"CCDC93",54520
"C1QTNF1",114897
"DDIT4L",115265
"NFATC1",4772
"MARCKSL1",65108
"TRPV6",55503
"CNTNAP4",85445
"LGALS2",3957
"FYB2",199920
"PLPPR2",64748
"ALK",238
"SLC38A4",55089
"ZNF90",7643
"PUM1",9698
"PSMA1",5682
"EDEM1",9695
"AGPS",8540
"S1PR3",1903
"S1PR3",286223
"TBRG4",9238
"A1CF",29974
"PTGIR",5739
"ZNF486",90649
"TMEM209",84928
"CCDC186",55088
"GNG8",94235
"ZMYM2",7750
"P4HTM",54681
"MARK2",2011
"CDH24",64403
"COA7",65260
"TMEM181",57583
"SERINC1",57515
"ARL8B",55207
"FIS1",51024
"PRKD2",25865
"UBALD2",283991
"VTA1",51534
"TSSK3",81629
"RNGTT",8732
"GRAMD1A",57655
"AGT",183
"DYNLT1",6993
"RNF148",378925
"MTMR2",8898
"FAM229A",100128071
"CADPS2",93664
"TTC30B",150737
"LRRC55",219527
"TWF2",11344
"CAPN9",10753
"OR6K2",81448
"MELK",9833
"BMP3",651
"OR6K3",391114
"QRICH2",84074
"SLC38A3",10991
"DCLK2",166614
"HDX",139324
"TAS1R1",80835
"CDC37",11140
"SSMEM1",136263
"DALRD3",55152
"KCTD5",54442
"QDPR",5860
"JAK2",3717
"SYTL3",94120
"CATSPER4",378807
"SWSAP1",126074
"C8A",731
"ADGRG7",84873
"PKIB",5570
"DELE1",9812
"WASHC1",100287171
"OR6K6",128371
"TLR9",54106
"OR6N1",128372
"GPR68",8111
"NSF",4905
"TWSG1",57045
"PDE6C",5146
"OR6N2",81442
"NF2",4771
"B3GAT1",27087
"APLNR",187
"CLRN2",645104
"CAPSL",133690
"L1TD1",54596
"TMEM179B",374395
"VPS4B",9525
"MMP16",4325
"NMNAT1",64802
"CCSER2",54462
"PSTPIP1",9051
"PCED1B",91523
"IFT22",64792
"TAF6L",10629
"GNL1",2794
"AMIGO2",347902
"SHC3",53358
"PRKG2",5593
"LZIC",84328
"LRRC49",54839
"TMEM223",79064
"EPOR",2057
"INSL6",11172
"COPB1",1315
"EPHA6",285220
"PCMTD2",55251
"ANKRD20A1",84210
"AFDN",4301
"SPRED2",200734
"GRIN1",2902
"ZNF626",199777
"ASAH2B",653308
"SLC24A4",123041
"DES",1674
"LIMK1",3984
"ZNF737",100129842
"SLC8A3",6547
"FAM220A",84792
"RBFOX2",23543
"TRPV5",56302
"ZNF66",7617
"PDE6B",5158
"NCL",4691
"DACT3",147906
"APCDD1L",164284
"RGL3",57139
"TNKS1BP1",85456
"MRTO4",51154
"CCDC88C",440193
"RBSN",64145
"EZR",7430
"ZNF568",374900
"CKS2",1164
"SH3D21",79729
"C3orf67",200844
"EXOC4",60412
"DDX58",23586
"TPCN1",53373
"ZMAT2",153527
"SGIP1",84251
"PNRC1",10957
"STRN4",29888
"EVA1B",55194
"RNF17",56163
"NOL6",65083
"SRSF12",135295
"SPATS2",65244
"TM4SF20",79853
"DAB1",1600
"OSR1",130497
"SIM1",6492
"CLASP2",23122
"PRPSAP1",5635
"RCOR3",55758
"RPSA",3921
"WRAP73",49856
"FRA10AC1",118924
"ACTN1",87
"ZNF585B",92285
"RNF133",168433
"AGFG1",3267
"BMPER",168667
"ZYG11B",79699
"SSRP1",6749
"HERC4",26091
"CINP",51550
"C8B",732
"ZNF383",163087
"EHBP1L1",254102
"MRPL15",29088
"VARS1",7407
"ARL3",403
"DECR2",26063
"HPS5",11234
"RALBP1",10928
"YPEL5",51646
"LRRCC1",85444
"BDP1",55814
"ANKRD13D",338692
"TRPM6",140803
"ZNF839",55778
"SPHK1",8877
"ZNF585A",199704
"CCDC27",148870
"OMA1",115209
"FAM136A",84908
"HRAS",3265
"SDC1",6382
"ANXA10",11199
"KRTAP5-6",440023
"IFITM10",402778
"APIP",51074
"LILRA6",79168
"TDRD1",56165
"SCN1B",6324
"PDZRN4",29951
"PLCXD2",257068
"MBD3L1",85509
"MRPS15",64960
"MOCOS",55034
"ZNF420",147923
"PCDH12",51294
"PRSS27",83886
"MUC16",94025
"SMIM27",100129250
"RNF183",138065
"PM20D2",135293
"NME4",4833
"LLCFC1",135927
"PHLDB2",90102
"NDUFB6",4712
"ZNF502",91392
"RNF14",9604
"CCN1",3491
"SMAD4",4089
"NFE2L1",4779
"XIAP",331
"LRRIQ3",127255
"EMCN",51705
"TRPM5",29850
"CHST1",8534
"PDHX",8050
"ZNF875",284459
"EMC2",9694
"GABRR1",2569
"RSPH3",83861
"IQCD",115811
"TOPORS",10210
"THAP10",56906
"ENGASE",64772
"LARP6",55323
"ST3GAL1",6482
"ADPRHL1",113622
"GNAI2",2771
"NHLRC3",387921
"DNAH11",8701
"KIAA1109",84162
"KEL",3792
"SDAD1",55153
"TAGAP",117289
"TTC30A",92104
"TFEC",22797
"CCL3L1",6349
"CCL3L1",414062
"MNDA",4332
"MCRS1",10445
"WNT9B",7484
"CSTB",1476
"C1orf198",84886
"OR1M1",125963
"OR7G2",390882
"ELAC1",55520
"OR7G1",125962
"OR7G3",390883
"TTBK2",146057
"GABRR2",2570
"HPN",3249
"CBX1",10951
"ZC3H10",84872
"DMRT1",1761
"SLC1A5",6510
"HEMK1",51409
"ESYT1",23344
"CAMSAP3",57662
"ANXA6",309
"SPAG4",6676
"TENM2",57451
"OR9A2",135924
"APOOL",139322
"CENPJ",55835
"COMMD5",28991
"LSM2",57819
"SYNJ2BP-COX16",100529257
"ZNF317",57693
"ABHD18",80167
"FHIT",2272
"SATL1",340562
"ZNF527",84503
"ZNF7",7553
"SSPN",8082
"ZNF429",353088
"COX16",51241
"ZYG11A",440590
"CCNL1",57018
"RAMP3",10268
"C3orf18",51161
"CEP57L1",285753
"TMEM74",157753
"CPLANE2",79363
"ZNF738",148203
"TEX13D",100132015
"TRHR",7201
"MFSD8",256471
"SYNJ2BP",55333
"ZHX2",22882
"TRAF5",7188
"PPM1M",132160
"FXYD3",5349
"BHLHE41",79365
"FBXO42",54455
"ZNF431",170959
"CDCA7L",55536
"STAG2",10735
"ZNF570",148268
"DMRT3",58524
"EXO1",9156
"PDE11A",50940
"FKRP",79147
"SOX17",64321
"TES",26136
"ITPR2",3709
"ASCC3",10973
"TSPAN31",6302
"CXCL9",4283
"TNFRSF10B",8795
"ZNF569",148266
"LAP3",51056
"ZNF708",7562
"DHX30",22907
"NAAA",27163
"ZNF85",7639
"RIPK2",8767
"MROH6",642475
"COMMD1",150684
"OR6V1",346517
"DUS1L",64118
"CDK4",1019
"UBE2J1",51465
"COL26A1",136227
"CAV2",858
"MTA3",57504
"SLC35E4",339665
"ZNF714",148206
"TNNI3K",51086
"DUSP18",150290
"POLDIP3",84271
"ATE1",11101
"ELOB",6923
"ZNF430",80264
"CPNE6",9362
"GNB2",2783
"LYST",1130
"RASGRP3",25780
"ZNF493",284443
"MARCHF9",92979
"KCNH3",23416
"EGR3",1960
"AGAP2",116986
"EYA4",2070
"ZNF501",115560
"ST18",9705
"SRRM2",23524
"DCUN1D2",55208
"RHOBTB2",23221
"ZNHIT6",54680
"FNDC1",84624
"KIAA1143",57456
"ZC3H11B",643136
"FPGT",8790
"SLC30A10",55532
"GXYLT1",283464
"CLEC10A",10462
"AZIN2",113451
"NUDCD1",84955
"DDT",1652
"DDT",100037417
"OR7D2",162998
"P2RX3",5024
"KIF25",3834
"ALDH1L1",10840
"OR7D4",125958
"ATP8A1",10396
"OR7E24",26648
"FABP7",2173
"DDTL",100037417
"ZNF699",374879
"AP2S1",1175
"AKAP5",9495
"RASSF7",8045
"ZBTB25",7597
"SNX11",29916
"FPGT-TNNI3K",100526835
"SMPDL3A",10924
"ZBTB1",22890
"UBE2O",63893
"PEBP4",157310
"FAM184B",27146
"DMRTA2",63950
"DERL1",79139
"GRID1",2894
"RBFOX3",146713
"MTHFD1",4522
"CNOT6",57472
"PAX2",5076
"CLVS2",134829
"CDH23",64072
"ADCY1",107
"MAML2",84441
"MED28",80306
"RAC1",5879
"RIN3",79890
"ARHGAP35",2909
"AANAT",15
"NDUFB2",4708
"PRG3",10394
"LMNTD2",256329
"C1orf210",149466
"RBP7",116362
"PTPN18",26469
"SCGB3A1",92304
"UPK3B",105375355
"ASIC4",55515
"ZFP30",22835
"NPAS1",4861
"UNC5C",8633
"DMRT2",10655
"SZRD1",26099
"FAM117A",81558
"FARSA",2193
"GNAS",2778
"SPDYE16",285955
"SPDYE16",102723555
"ENPP7",339221
"RHBDF2",79651
"FLT4",2324
"LRRC56",115399
"NPSR1",387129
"CBX2",84733
"GMPPA",29926
"C2orf83",56918
"LRRC53",105378803
"POMZP3",22932
"GLYCTK",132158
"DRD3",1814
"CBX8",57332
"DENND2A",27147
"ZNF540",163255
"SETD2",29072
"MYOM2",9172
"ANKRD9",122416
"TBC1D31",93594
"SPATA21",374955
"TMEM160",54958
"LBH",81606
"WDR82",80335
"CBX4",8535
"ZNF177",7730
"TECPR2",9895
"DLG1",1739
"ADAM22",53616
"MYL10",93408
"TCF21",6943
"SAE1",10055
"PLAT",5327
"MEX3C",51320
"ZNF559-ZNF177",100529215
"SLC43A3",29015
"MED30",90390
"CPA2",1358
"FAM98A",25940
"SLC35B1",10237
"TARBP2",6895
"WNT4",54361
"BECN2",441925
"ZNF571",51276
"PIP",5304
"MAP1LC3C",440738
"ITIH2",3698
"FXYD1",5348
"HAUS8",93323
"HSPA2",3306
"HMGCS2",3158
"LRRIQ4",344657
"ZNF781",163115
"ZNF80",7634
"CCL19",6363
"CA10",56934
"PHLDA2",7262
"TAS2R39",259285
"XPA",7507
"SLC17A3",10786
"DCAF16",54876
"BRAF",673
"ZNF793",390927
"YAF2",10138
"FOXD4",2298
"RAD51C",5889
"SLF2",55719
"SCFD1",23256
"TAS2R40",259286
"CACNA1I",8911
"LGI1",9211
"MCUB",55013
"FNBP1",23048
"TMEM210",100505993
"ZC3H4",23211
"WTAP",9589
"RBM39",9584
"TIGIT",201633
"LRRC26",389816
"CASP6",839
"BCL2L10",10017
"HM13",81502
"NOP14",8602
"FOXE1",2304
"ZNF559",84527
"PABPC3",5042
"BBC3",27113
"BSDC1",55108
"MAPK11",5600
"PLEKHG7",338809
"PLEKHG7",440107
"ZNF607",84775
"PLD5",200150
"PSMD12",5718
"CCDC9",26093
"CCNK",8812
"NXF1",10482
"ARL6",84100
"EEA1",8411
"KAT7",11143
"FTO",79068
"ZBTB20",26137
"KDM6A",7403
"FASN",2194
"LGI4",163175
"ASGR2",433
"SOD2",6648
"INAFM1",255783
"C5AR1",728
"OR2Y1",134083
"TCP1",6950
"CCDC88A",55704
"C5AR2",27202
"ATP5ME",521
"CCDC85C",317762
"DHX34",9704
"SKA2",348235
"PRG2",5553
"PITPNC1",26207
"REG3G",130120
"EMC3",55831
"EPRS1",2058
"ULBP2",80328
"SLC49A3",84179
"PPM1E",22843
"SPEG",10290
"ULBP1",80329
"SLC13A3",64849
"C9orf40",55071
"TRIM37",4591
"FXYD7",53822
"CARNMT1",138199
"CCDC82",79780
"RPGRIP1L",23322
"MGAT1",4245
"FNDC4",64838
"FAM205A",259308
"LHFPL6",10186
"ENY2",56943
"MEIS3",56917
"POLR3K",51728
"SSH3",54961
"CCL21",6366
"FANCD2",2177
"SAMD3",154075
"ANKRD18B",441459
"FRMD1",79981
"TAS2R16",50833
"ADCK2",90956
"TAF1L",138474
"FAM205C",100129969
"VSIR",64115
"SFXN2",118980
"MYL5",4636
"RMI2",116028
"C10orf105",414152
"PRM2",5620
"TIE1",7075
"SOCS4",122809
"SNRNP25",79622
"NCKAP1L",3071
"CBY2",220082
"PRM3",58531
"AC099489.1",400499
"GOLGA6L2",283685
"SERPINB5",5268
"RAET1L",154064
"TPSG1",25823
"FBXO3",26273
"GNRH2",2797
"TMCO3",55002
"TNP2",7142
"ACAT2",39
"C3orf14",57415
"PPP4R3A",55671
"B3GNT3",10331
"COPG1",22820
"PRM1",5619
"MAPK1IP1L",93487
"SOCS1",8651
"CACNA1H",8912
"FUOM",282969
"SLC13A1",6561
"INSL3",3640
"CEP85",64793
"SPEGNB",100996693
"ULBP3",79465
"TMEM215",401498
"WWC1",23286
"RRAGD",58528
"PDHA2",5161
"ZBTB40",9923
"ZFP62",643836
"WDR31",114987
"AMER2",219287
"CCDC57",284001
"RBIS",401466
"XAB2",56949
"CATSPERZ",25858
"PHF24",23349
"PTX3",5806
"TRMO",51531
"PPP1R14C",81706
"KCNK4",50801
"SLC19A3",80704
"CTDP1",9150
"VEPH1",79674
"LILRB2",10288
"NAPRT",93100
"PIM2",11040
"DNAH1",25981
"NAT9",26151
"FANCD2OS",115795
"REG1B",5968
"TBC1D16",125058
"UGT3A1",133688
"GRM7",2917
"NMUR1",10316
"PTPRG",5793
"EPHA8",2046
"TEX44",165100
"EIF4H",7458
"MKKS",8195
"KPTN",11133
"RNF121",55298
"ECHDC2",55268
"L3MBTL3",84456
"PTMA",5757
"CISH",1154
"GM2A",2760
"ZNF573",126231
"C1QA",712
"CCDC69",26112
"MAPKAPK3",7867
"SKAP1",8631
"E2F5",1875
"NOL11",25926
"RPAP3",79657
"EPC2",26122
"TMEM248",55069
"PRCD",768206
"DCAF11",80344
"TP53RK",112858
"GSTT4",25774
"SLC8A2",6543
"MEIG1",644890
"TOMM34",10953
"TTC13",79573
"SLX4IP",128710
"NKAIN1",79570
"CBWD3",445571
"LGMN",5641
"CYGB",114757
"ADGRG6",57211
"SNRNP40",9410
"C1QC",714
"PYCR3",65263
"PABPC1L",80336
"NAPA",8775
"SH2D1A",4068
"HOXB1",3211
"APOL3",80833
"GNB5",10681
"KLHL40",131377
"ECHS1",1892
"ZNF100",163227
"CH25H",9023
"NEU1",4758
"PPP1R36",145376
"INSIG2",51141
"CSNK1D",1453
"TIGD5",84948
"KLHDC2",23588
"TENM1",10178
"DDX60",55601
"OSGIN2",734
"ZNF43",7594
"HOXB2",3212
"RASGEF1B",153020
"EEF1D",1936
"DACT2",168002
"SLC2A10",81031
"MRPS26",64949
"UBR1",197131
"STXBP2",6813
"STAG3",10734
"LILRB5",10990
"ROCK1",6093
"TMEM42",131616
"SLC44A4",80736
"CCDC40",55036
"KIF15",56992
"SLC36A3",285641
"SIAH3",283514
"GIGYF1",64599
"TPSB2",64499
"CYP17A1",1586
"HPGD",3248
"GASK1A",729085
"HOXB3",3213
"CALR",811
"COL24A1",255631
"MYO5C",55930
"KANK4",163782
"ZNF541",84215
"ESPNL",339768
"HHATL",57467
"LCLAT1",253558
"ST6GALNAC2",10610
"CFI",3426
"WBP1L",54838
"SMOC2",64094
"HOXB4",3214
"RARS1",5917
"HOXB6",3216
"TTF1",7270
"JAG1",182
"CENPC",1060
"COPS7B",64708
"OXT",5020
"KIF2B",84643
"IQUB",154865
"ZNF208",7757
"SLC35E3",55508
"REG4",83998
"PLA2G12A",81579
"AVP",551
"HOXB5",3215
"RAD23A",5886
"KLHL18",23276
"JAK3",3718
"CCL20",6364
"BICRA",29998
"TRDN",10345
"ZNF257",113835
"RAB11FIP3",9727
"PUS7",54517
"ARL14",80117
"NEMF",9147
"EHD2",30846
"TFG",10342
"GAA",2548
"HJV",148738
"KIF9",64147
"RFTN2",130132
"HEMGN",55363
"M6PR",4074
"MKRN3",7681
"ZNF676",163223
"TANGO2",128989
"GRIK2",2898
"UGT3A2",167127
"PPP3CA",5530
"FMO4",2329
"ST6GALNAC1",55808
"JRKL",8690
"NOP53",29997
"RP1",6101
"CYP8B1",1582
"GADD45GIP1",90480
"SLC2A12",154091
"RIMKLB",57494
"EN1",2019
"BSPRY",54836
"DNAJA3",9093
"ZNF662",389114
"ZCCHC17",51538
"TBPL1",9519
"CCDC60",160777
"NID1",4811
"REG1A",5967
"TMEM150A",129303
"BTNL8",79908
"TLCD3B",83723
"ACKR2",1238
"SLC16A3",9123
"PPP1R1A",5502
"KIF5C",3800
"KLHL30",377007
"TMEM233",387890
"ADAM21",8747
"HDHD3",81932
"A2ML1",144568
"PRKAB1",5564
"ADAM20",8748
"ESRRA",2101
"CABIN1",23523
"MOBP",4336
"SLC36A2",153201
"BCO2",83875
"CCDC13",152206
"PDE1B",5153
"PET100",100131801
"ATP9A",10079
"C16orf92",146378
"NRL",4901
"KRBOX1",100506243
"SMARCC2",6601
"PCP2",126006
"PRKAG2",51422
"PCK2",5106
"DAND5",199699
"PRR14",78994
"TBC1D3F",84218
"MARCO",8685
"TBC1D3G",101060321
"RD3",343035
"SOX30",11063
"TRMT112",51504
"ZNF729",100287226
"EIF4A3",9775
"USP39",10713
"OTUD5",55593
"SLC30A1",7779
"SELENOW",6415
"CCDC151",115948
"TFDP1",7027
"N4BP3",23138
"PVRIG",79037
"ZNF492",57615
"HIGD1A",25994
"ANP32B",10541
"NMRK1",54981
"CASTOR3",352954
"ZNF98",148198
"C5orf52",100190949
"TBC1D3H",729877
"FBLL1",345630
"XKR4",114786
"SFTA2",389376
"PANK3",79646
"POP7",10248
"SERPINB12",89777
"THBS2",7058
"PDE6D",5147
"ITGA9",3680
"MUCL3",135656
"NEK2",4751
"RRP1",8568
"RHBDF1",64285
"MYO9B",4650
"MXRA7",439921
"TPRX1",284355
"SLC35G1",159371
"MUC21",394263
"DAW1",164781
"WDR87",83889
"NAP1L1",4673
"ADAM30",11085
"PRKCSH",5589
"IYD",389434
"CRX",1406
"TAF12",6883
"ASGR1",432
"GNPDA1",10007
"THG1L",54974
"PTGIS",5740
"SPTB",6710
"IAH1",285148
"CD52",1043
"SIPA1L3",23094
"SH3BGRL3",83442
"SULT2A1",6822
"FEZ2",9637
"RAB42",115273
"SDHD",6392
"VWA2",340706
"BPNT1",10380
"CARD16",114769
"JMJD6",23210
"EPO",2056
"BSPH1",100131137
"UBXN11",91544
"FARP2",9855
"FITM1",161247
"C1QB",713
"ELSPBP1",64100
"ERO1B",56605
"CARD17",440068
"ALKAL1",389658
"KCNK7",10089
"DAGLB",221955
"LCORL",254251
"CFAP77",389799
"WDR27",253769
"TMEM30B",161291
"TSFM",10102
"PHC1",1911
"PIK3C2G",5288
"MARS2",92935
"OLAH",55301
"GCKR",2646
"BOLL",66037
"CABP5",56344
"DPF1",8193
"PRKCH",5583
"C1QL2",165257
"SLC6A3",6531
"NCAPG",64151
"DECR1",1666
"ZNF99",7652
"PLA2G4C",8605
"ZNF723",646864
"TEX12",56158
"ZNF728",388523
"PLEKHG3",26030
"LMBRD2",92255
"GPR137B",7107
"IL18",3606
"MEIS1",4211
"CRIM1",51232
"BTNL3",10917
"WAPL",23063
"METTL1",4234
"LYRM2",57226
"ARV1",64801
"PPM1L",151742
"ADAM17",6868
"CCNDBP1",23582
"KDELR2",11014
"ACBD7",414149
"TCTN2",79867
"TMEM104",54868
"EEF1AKMT3",25895
"CKMT1A",548596
"MFSD11",79157
"NFIX",4784
"RPP38",10557
"SPHKAP",80309
"LRRC31",79782
"CYP27B1",1594
"ANKRD6",22881
"RMND5B",64777
"STK25",10494
"UBOX5",22888
"PLXNB2",23654
"ERFE",151176
"NMT2",9397
"NDFIP1",80762
"SLC9B1",150159
"SLC48A1",55652
"COG6",57511
"FASTKD5",60493
"RERGL",79785
"RPL18A",6142
"FAM89A",375061
"KEAP1",9817
"AVIL",10677
"C2orf68",388969
"TRIM67",440730
"LGALS3",3958
"TP53TG3",24150
"TP53TG3",102723655
"TP53TG3",102723713
"TP53TG3",102724101
"TP53TG3",102724127
"LYPD6B",130576
"TRIM62",55223
"PPP4R1",9989
"NBN",4683
"FXYD5",53827
"BARHL1",56751
"LIG1",3978
"MYL6",4637
"STPG2",285555
"ZNF266",10781
"RAPGEF3",10411
"TYW1",55253
"ZNF598",90850
"UCHL1",7345
"SLC17A2",10246
"BRDT",676
"CNIH4",29097
"MPL",4352
"VDR",7421
"ING4",51147
"AL109810.2",149373
"NHP2",55651
"CARD18",59082
"DNM1L",10059
"NDUFA5",4698
"MON1B",22879
"CD7",924
"FBRS",64319
"BTNL9",153579
"RNF217",154214
"IRX3",79191
"RAPGEF5",9771
"SERPINB13",5275
"C2orf16",84226
"SAMD7",344658
"ANAPC2",29882
"SBDS",51119
"NKAIN2",154215
"PLEKHG1",57480
"PID1",55022
"STAP1",26228
"ENTHD1",150350
"SYCE1L",100130958
"SECISBP2",79048
"RCOR1",23186
"SRSF2",6427
"SLC36A1",206358
"ZNF560",147741
"SSNA1",8636
"SLC35C1",55343
"RAP1GDS1",5910
"FGF1",2246
"ADAMTS18",170692
"SMIM18",100507341
"CISD2",493856
"KLF15",28999
"HYPK",25764
"GTF2E2",2961
"KCND1",3750
"SUSD2",56241
"ZNF362",149076
"CYB5R3",1727
"SERF2",10169
"C19orf33",64073
"ALAD",210
"PUM2",23369
"DNAJB5",25822
"FAF1",11124
"DNER",92737
"SALL4",57167
"GRK4",2868
"EPB42",2038
"TC2N",123036
"SARDH",1757
"METTL23",124512
"PPP1R14A",94274
"NT5C2",22978
"TMPRSS13",84000
"GRAP2",9402
"GNAI1",2770
"HOXB7",3217
"TSPAN3",10099
"HOXB8",3218
"MED6",10001
"HOXB9",3219
"KIN",22944
"HIVEP2",3097
"ZNF426",79088
"LPGAT1",9926
"SPRY4",81848
"YIF1B",90522
"SPRN",503542
"LRGUK",136332
"MTG1",92170
"C9orf131",138724
"S1PR5",53637
"CATSPERB",79820
"MRPL18",29074
"CAPN15",6650
"SLC23A1",9963
"IARS2",55699
"ELL3",80237
"EPHB2",2048
"TMEM62",80021
"USP1",7398
"LZTS3",9762
"KRI1",65095
"TCTEX1D1",200132
"ILKAP",80895
"ZNF730",100129543
"AS3MT",57412
"ZSWIM9",374920
"PNLDC1",154197
"GRIN2C",2905
"GJA3",2700
"PAOX",196743
"IGFBP1",3484
"ATP5MGL",267020
"MRPS36",92259
"MYL6B",140465
"BAP1",8314
"NSMCE4A",54780
"SERPINB4",6318
"CARD8",22900
"BORCS7",119032
"C6orf15",29113
"SERINC4",619189
"PAIP2",51247
"DOCK3",1795
"BPTF",2186
"CNNM2",54805
"ZNF121",7675
"NECAP2",55707
"AC092329.3",440519
"ZNF724",440519
"OR2V1",26693
"MAS1",4142
"NRXN1",9378
"ATP6V0A2",23545
"AFAP1L2",84632
"OR2V2",285659
"PDIA3",2923
"PRAC1",84366
"A3GALT2",127550
"HDAC7",51564
"TGFA",7039
"SLC5A5",6528
"PHC2",1912
"PRDX5",25824
"TMEM67",91147
"FABP3",2170
"ZNF675",171392
"GTF2H1",2965
"UBE2R2",54926
"C1orf131",128061
"OPN4",94233
"TMC5",79838
"TRIM7",81786
"CYB561A3",220002
"PRSS3",5646
"ZNF91",7644
"MAGEL2",54551
"ATG4D",84971
"CYB5R2",51700
"GJB2",2706
"NDN",4692
"PSORS1C1",170679
"SLC26A11",284129
"CSF3R",1441
"INSL5",10022
"MAP3K11",4296
"PSORS1C2",170680
"CEP170",9859
"CDSN",1041
"ZNF681",148213
"TPGS2",25941
"KIT",3815
"CTNNA2",1496
"LSM11",134353
"TRMT2A",27037
"LCP1",3936
"ZBTB42",100128927
"ZFC3H1",196441
"MTRNR2L5",100463289
"GNPAT",8443
"LYL1",4066
"FAM43B",163933
"LPCAT1",79888
"CDA",978
"TGS1",96764
"RETN",56729
"SKP2",6502
"CLINT1",9685
"OSTF1",26578
"CCDC124",115098
"PPHLN1",51535
"TMEM68",137695
"SUPT7L",9913
"PINK1",65018
"ZNF726",730087
"MYPN",84665
"CD164",8763
"DDOST",1650
"KCNN1",3780
"ASB15",142685
"IFIT3",3437
"SPINT2",10653
"TMEM19",55266
"LIPA",3988
"SLC4A1AP",22950
"SLC35B4",84912
"IGF2R",3482
"GMCL2",64396
"CPB2",1361
"C17orf58",284018
"RANBP1",5902
"DLGAP5",9787
"USE1",55850
"THAP2",83591
"TKFC",26007
"RPRML",388394
"TGFBR2",7048
"MYL9",10398
"FAM83F",113828
"TMEM200A",114801
"PCNX3",399909
"RNF40",9810
"CCDC88B",283234
"TTC9",23508
"LRRTM1",347730
"SMLR1",100507203
"ZC3H13",23091
"ATOH7",220202
"DLGAP4",22839
"RHOB",388
"REG3A",5068
"TMEM203",94107
"GJB6",10804
"TPRN",286262
"FAT2",2196
"MAP4",4134
"GSR",2936
"CRY2",1408
"SECTM1",6398
"ZNF512",84450
"SEC62",7095
"GREB1L",80000
"TOM1L1",10040
"IFIT1B",439996
"DGCR8",54487
"PTPRN2",5799
"IFIT1",3434
"ZFAT",57623
"GOSR2",9570
"PHYKPL",85007
"IFIT2",3433
"PTPN20",26095
"PPRC1",23082
"CARD14",79092
"LITAF",9516
"CAPN13",92291
"TMEM138",51524
"HES6",55502
"FHOD3",80206
"LYPD6",130574
"DDRGK1",65992
"MGAT5B",146664
"TEX19",400629
"PLCE1",51196
"PHRF1",57661
"WDR78",79819
"CEP170B",283638
"UTS2R",2837
"ZNF114",163071
"CCDC121",79635
"PSPH",5723
"PER2",8864
"GPN1",11321
"A4GALT",53947
"SNRPF",6636
"DDB1",1642
"RAB31",11031
"YARS2",51067
"HS3ST3A1",9955
"HS1BP3",64342
"TRIM35",23087
"NR2F1",7025
"MPG",4350
"CCDC38",120935
"EMP3",2014
"KCNG2",26251
"NDOR1",27158
"UBA6",55236
"SLX4",84464
"TRIM38",10475
"UBA3",9039
"LMOD2",442721
"MICALL1",85377
"WASL",8976
"CBR4",84869
"HNRNPAB",3182
"DIPK2B",79742
"NPRL3",8131
"CCDC114",93233
"AKR7A3",22977
"LILRA3",11026
"PHKG2",5261
"GDF7",151449
"PEAK1",79834
"POM121L12",285877
"FGL2",10875
"PALLD",23022
"PKHD1L1",93035
"MLANA",2315
"TMEM106C",79022
"GLRA3",8001
"ZCRB1",85437
"H1-1",3024
"CCDC146",57639
"SCP2",6342
"CRYL1",51084
"H3C1",8350
"HEXD",284004
"ZNF254",9534
"H4C1",8359
"ENDOU",8909
"WDR26",80232
"H4C2",8366
"PSAP",5660
"GOLGA5",9950
"H3C2",8358
"H2AC4",8335
"ZNF653",115950
"PRICKLE1",144165
"H2BC3",3018
"SGSH",6448
"TMEM143",55260
"GRID2IP",392862
"KIAA2026",158358
"GGA1",26088
"SPDYE17",102723849
"ID2",3398
"PSMB7",5695
"PIGW",284098
"KPNA2",3838
"LACRT",90070
"MTHFD1L",25902
"MTMR6",9107
"ZNHIT3",9326
"ECSIT",51295
"PRR35",146325
"CLU",1191
"MANF",7873
"GRIK3",2899
"ABHD10",55347
"SYNGR4",23546
"CCDC189",90835
"TMF1",7110
"DCD",117159
"KIAA1328",57536
"TRAF3",7187
"NANS",54187
"CNIH3",149111
"KDELR1",10945
"GSAP",54103
"B4GALT5",9334
"DCAF1",9730
"RAB21",23011
"FAM187B",148109
"FAM189A1",23359
"TRIM14",9830
"GRIN2D",2906
"MUCL1",118430
"COX10",1352
"MAPK8IP1",9479
"NSMCE3",56160
"SERPINB3",6317
"SEMA3B",7869
"PHF10",55274
"MAP3K9",4293
"SEMA6D",80031
"DNAJB13",374407
"TAGLN3",29114
"CHGA",1113
"TMEM265",100862671
"MYO19",80179
"OGFOD3",79701
"STEAP1B",256227
"RBM15B",29890
"LMO2",4005
"SRCAP",10847
"CYTH2",9266
"EHMT2",10919
"ELAVL3",1995
"UBE4B",10277
"AMZ2",51321
"DDX60L",91351
"CEMIP2",23670
"LACTBL1",646262
"TEX264",51368
"RPIA",22934
"IL6",3569
"RB1CC1",9821
"KDR",3791
"SEC14L1",6397
"C6orf120",387263
"TBC1D10C",374403
"SERPINB11",89778
"COX11",1353
"RFX5",5993
"LDAH",60526
"GBA",2629
"PTCH1",5727
"LSR",51599
"SPARC",6678
"PHF7",51533
"LYN",4067
"TXNDC2",84203
"GRWD1",83743
"NPW",283869
"RAD54L2",23132
"DDX31",64794
"OXER1",165140
"NACC1",112939
"LILRA4",23547
"POLD4",57804
"TEX46",729059
"SLIT3",6586
"STX5",6811
"HAAO",23498
"TRMT1",55621
"KCNJ14",3770
"LILRA5",353514
"INTS13",55726
"CYBC1",79415
"LMTK3",114783
"CFAP100",348807
"ESCO1",114799
"PPP1CA",5499
"CAPRIN1",4076
"RUFY2",55680
"TRIM41",90933
"EXOC8",149371
"SPRTN",83932
"CPTP",80772
"EFCAB10",100130771
"NPFF",8620
"GGT5",2687
"C11orf94",143678
"SULT2B1",6820
"ATF7-NPFF",114108587
"ZC3H12A",80149
"CXCL10",3627
"SEMA3G",56920
"ZFP64",55734
"TAS1R3",83756
"ATF7",11016
"OCEL1",79629
"DVL1",1855
"CXCL11",6373
"EXT1",2131
"RINT1",60561
"GTF3C4",9329
"FAM83E",54854
"LAT2",7462
"RANBP6",26953
"SPACA4",171169
"VCP",7415
"ARRDC2",27106
"HNRNPH3",3189
"FOXO1",2308
"ART3",419
"AGXT",189
"CDC20",991
"PEX16",9409
"MANSC1",54682
"DHX36",170506
"CAPN7",23473
"CDKN2C",1031
"C9orf43",257169
"DBP",1628
"CARNS1",57571
"GAR1",54433
"G3BP1",10146
"FOXD4L3",286380
"NBPF10",100132406
"ADGRD2",347088
"SPHK2",56848
"PBLD",64081
"PGM5",5239
"ARPP21",10777
"HTT",3064
"POLE3",54107
"CLCF1",23529
"HYAL4",23553
"HHIPL1",84439
"EDARADD",128178
"FDXR",2232
"AIG1",51390
"RAD9A",5883
"GAS2L3",283431
"IFIT5",24138
"MZB1",51237
"PLD4",122618
"SNN",8303
"MEAF6",64769
"THNSL1",79896
"VAPA",9218
"TXNDC11",51061
"CDK7",1022
"HBM",3042
"C1orf185",284546
"PRTFDC1",56952
"VIT",5212
"RPL18",6141
"RARG",5916
"MCEMP1",199675
"CAV1",857
"ZNF384",171017
"ZBTB8A",653121
"MAB21L4",79919
"HBZ",3050
"NR5A1",2516
"TCTE3",6991
"PYHIN1",149628
"SMG8",55181
"SLC16A12",387700
"ZBTB8B",728116
"TRAPPC5",126003
"AHNAK2",113146
"YWHAQ",10971
"ZBTB8OS",339487
"USF2",7392
"PRR11",55771
"ATOX1",475
"GPR158",57512
"UCP2",7351
"RPS6KA4",8986
"TMEM139",135932
"BANK1",55024
"NOTCH2NLA",388677
"ITPA",3704
"CCHCR1",54535
"AMN",81693
"SMPD2",6610
"ENKUR",219670
"INTS7",25896
"SNRPD1",6632
"BTBD3",22903
"ZSCAN20",7579
"PPIL6",285755
"GSTK1",373156
"VSX1",30813
"GRIA4",2893
"CDC42BPB",9578
"GDPD1",284161
"MUTYH",4595
"STEAP4",79689
"NPBWR1",2831
"CA11",770
"TSC2",7249
"SLC9A8",23315
"H2AC6",8334
"H2BC4",8347
"IRX5",10265
"APOB",338
"H1-6",3010
"H3C3",8352
"SRI",6717
"HFE",3077
"ARHGEF26",26084
"NTN5",126147
"SPAM1",6677
"AGPAT3",56894
"SDCCAG8",10806
"RNF208",727800
"OPRK1",4986
"IRF7",3665
"CYSRT1",375791
"RNF11",26994
"IL10RA",3587
"FUT2",2524
"SERINC2",347735
"GRXCR1",389207
"LAMTOR1",55004
"ATP5F1C",509
"AKR7A2",8574
"TNNC1",7134
"MAMSTR",284358
"SPATA2",9825
"DISC1",27185
"PCSK5",5125
"TLR3",7098
"ZBTB48",3104
"AKT3",10000
"DCAF5",8816
"NPPC",4880
"RASIP1",54922
"MRPL43",84545
"PIGQ",9091
"SLC22A1",6580
"RNF224",643596
"ARHGAP26",23092
"LRTOMT",220074
"TDP1",55775
"IRX6",79190
"NR6A1",2649
"PRAC2",360205
"IZUMO1",284359
"NUP58",9818
"HOXB13",10481
"KLRC3",3823
"GRIPAP1",56850
"PANK1",53354
"FUT1",2523
"DTL",51514
"HACE1",57531
"KLRC2",3822
"RPS20",6224
"SLC22A2",6582
"KDM1A",23028
"HDAC11",79885
"ERMARD",55780
"FGF21",26291
"CROCC2",728763
"ABHD3",171586
"EIF1B",10289
"TWNK",56652
"SLC22A18AS",5003
"BCAT2",587
"KLRC1",3821
"MYRIP",25924
"FAM189B",10712
"STX10",8677
"PROB1",389333
"UBE3A",7337
"OSBP2",23762
"PCGF3",10336
"CDC25A",993
"UBAP2",55833
"SEMA4G",57715
"CD36",948
"TMEM229A",730130
"PRRC2C",23215
"TOMM7",54543
"IL33",90865
"CLBA1",122616
"LUZP1",7798
"CAP2",10486
"ANAPC15",25906
"MSANTD1",345222
"MUC2",4583
"NHLRC4",283948
"BDNF",627
"DENND5A",23258
"SNIP1",79753
"SRD5A3",79644
"SLC22A3",6581
"NOC3L",64318
"CDCA4",55038
"CROT",54677
"LARGE2",120071
"H4C3",8364
"FCER2",2208
"H1-2",3006
"TNRC6B",23112
"TAC4",255061
"SLC22A11",55867
"POTEI",653269
"SIPA1",6494
"DMBT1",1755
"SLC66A2",80148
"FAM171A1",221061
"ZNF561",93134
"TPD52L3",89882
"HBA2",3040
"CUX1",1523
"TRAP1",10131
"TDRD15",100129278
"CDKN2D",1032
"FBLN5",10516
"GPR37",2861
"EBF1",1879
"CTDSP2",10106
"UQCRFS1",7386
"KCNK6",9424
"DIS3L2",129563
"TAF1B",9014
"WDR74",54663
"CFC1B",653275
"MMADHC",27249
"VSTM2B",342865
"MIB1",57534
"SPATA24",202051
"CATSPERG",57828
"NR2F6",2063
"POP4",10775
"C7orf77",154872
"ZDHHC4",55146
"DNALI1",7802
"GMEB1",10691
"HAMP",57817
"ANO4",121601
"PODN",127435
"HMG20A",10363
"ANKLE1",126549
"GNL2",29889
"BRK1",55845
"IER2",9592
"VHL",7428
"KCTD8",386617
"AKR1B1",231
"SMIM1",388588
"CLEC4G",339390
"CFC1",55997
"TCF19",6941
"NOL4",8715
"COL2A1",1280
"CHST3",9469
"GUF1",60558
"FEZF2",55079
"PDE3B",5140
"SPTLC3",55304
"TAFA5",25817
"SPOCK2",9806
"STXBP4",252983
"MYBL1",4603
"GALNT14",79623
"GPR160",26996
"SPACA9",11092
"EBAG9",9166
"SLC34A3",142680
"YIPF7",285525
"RPEL1",729020
"FBXO36",130888
"GPR132",29933
"AK8",158067
"GNPDA2",132789
"NUDT7",283927
"GALNT16",57452
"DLX4",1748
"TXNL4A",10907
"CD22",933
"IL18BP",10068
"DLX3",1747
"USHBP1",83878
"TRIP12",9320
"TUBB4B",10383
"FBXO34",55030
"NBPF9",400818
"MDN1",23195
"FAM83A",84985
"PPIAL4H",105371242
"LMCD1",29995
"AP1M2",10053
"ZNF711",7552
"HSBP1L1",440498
"PLCL1",5334
"FAM166A",401565
"NFKBIA",4792
"MSANTD4",84437
"UBXN8",7993
"STK4",6789
"UPB1",51733
"LDB3",11155
"YTHDF2",51441
"MRPL36",64979
"AKAP12",9590
"PSMD8",5714
"CCDC125",202243
"YPEL2",388403
"MRPS6",64968
"INA",9118
"SEPTIN9",10801
"ADORA2A",135
"GDE1",51573
"SLC5A3",6526
"CIT",11113
"TMPRSS4",56649
"VSTM2A",222008
"IQSEC3",440073
"ATP23",91419
"KCNE2",9992
"ZBTB2",57621
"HSD17B14",51171
"DHX40",79665
"BABAM1",29086
"APCDD1",147495
"SNAPC1",6617
"RBM45",129831
"POU5F1",5460
"SLC9A3R2",9351
"RFK",55312
"MAST3",23031
"SPECC1L",23384
"EXD2",55218
"GGN",199720
"DNAH14",127602
"POF1B",79983
"HIF1A",3091
"RAB26",25837
"SLC66A1",54896
"PLEKHA4",57664
"NUMA1",4926
"DNASE1",1773
"IL12RB1",3594
"SPRED3",399473
"CTDSPL",10217
"FAM186B",84070
"TMEM198",130612
"GNAT3",346562
"TMPRSS11D",9407
"ABLIM1",3983
"TMBIM6",7009
"CHPF",79586
"EYA2",2139
"RNF114",55905
"HBA1",3039
"SH3BP5",9467
"SNURF",8926
"VMP1",81671
"SLC1A7",6512
"MOS",4342
"GRM2",2912
"DNAJC18",202052
"PLAG1",5324
"TMPRSS11F",389208
"FAM98C",147965
"SMIM11A",54065
"GNRHR",2798
"DCC",1630
"POTEJ",653781
"PHF13",148479
"RMND1",55005
"TOE1",114034
"KLHL21",9903
"TMPRSS11A",339967
"PPP1R15A",23645
"CYP2R1",120227
"IQCF6",440956
"ADD2",119
"PCNX1",22990
"FAM243A",101928147
"HBQ1",3049
"TULP2",7288
"CSTF2T",23283
"KRBOX4",55634
"TESK2",10420
"DKK1",22943
"CA2",760
"CSMD1",64478
"CHM",1121
"PTRH2",51651
"ALPP",250
"FGFR1OP2",26127
"TMEM252",169693
"ECSCR",641700
"RASGRP4",115727
"HNRNPD",3184
"HTR1D",3352
"ARMT1",79624
"PRKG1",5592
"CLTC",1213
"IQCF2",389123
"IQCF1",132141
"SNRPN",6638
"PLCZ1",89869
"SMIM34A",388820
"CCDC170",80129
"MET",4233
"IQCF3",401067
"ATG14",22863
"KCNE1",3753
"CA3",761
"NUCB1",4924
"MAG",4099
"OPRD1",4985
"VAV2",7410
"IQCF5",389124
"FADS6",283985
"CA13",377677
"THAP3",90326
"DPY19L1",23333
"LRIT3",345193
"APOL4",80832
"RRH",10692
"NR3C1",2908
"IFI30",10437
"CA1",759
"TTLL6",284076
"OSBPL6",114880
"ALB",213
"ADAT2",134637
"ZFP36L2",678
"PACSIN2",11252
"EIF2S3B",255308
"INSM2",84684
"ZAN",7455
"ID1",3397
"DNAJC11",55735
"PIK3R2",5296
"NDUFS6",4726
"VAT1L",57687
"COL23A1",91522
"AASDHPPT",60496
"MORC2",22880
"CLEC3A",10143
"SLC22A12",116085
"PEX3",8504
"KBTBD3",143879
"OTOP2",92736
"PPP2CB",5516
"PTK2B",2185
"USH1G",124590
"DHDH",27294
"RAB3GAP2",25782
"SEMA4D",10507
"OTOP3",347741
"SGK1",6446
"SNAI1",6615
"GADL1",339896
"THADA",63892
"LBHD2",107984640
"FUCA2",2519
"CAMP",820
"EXOC3L4",91828
"CD209",30835
"OLFML2A",169611
"BAX",581
"CYP27C1",339761
"TAF9",6880
"PRPF40B",25766
"TUSC3",7991
"TMEM165",55858
"UBE2V1",7335
"FAM120B",84498
"FAM122A",116224
"OVCH2",341277
"TINAGL1",64129
"IRX4",50805
"PIP5K1B",8395
"UCP3",7352
"COX4I2",84701
"RAD17",5884
"TSNAX",7257
"CD44",960
"TBX20",57057
"GATA6",2627
"CLOCK",9575
"TNFRSF10C",8794
"BAMBI",25805
"LRRC47",57470
"FTL",2512
"ZNF562",54811
"NBPF1",55672
"CPLX1",10815
"PRKAR1A",5573
"BDH1",622
"NPAP1",23742
"DENND6B",414918
"IRAK2",3656
"DLL1",28514
"PRUNE2",158471
"BCL2L1",598
"ARFGAP3",26286
"TAF3",83860
"FAM8A1",51439
"FMNL3",91010
"IGFBP3",3486
"ITGA8",8516
"GYS1",2997
"NTHL1",4913
"EGLN1",54583
"LIN28B",389421
"TMEM189-UBE2V1",387522
"GUCY1A2",2977
"RNF145",153830
"HERPUD2",64224
"CDHR5",53841
"TMEM189",387521
"RNF213",57674
"CORO2A",7464
"MFSD5",84975
"SLC5A8",160728
"ETAA1",54465
"HDDC2",51020
"GCNT1",2650
"DCAF12",25853
"DNAJC19",131118
"TP53",7157
"TNFAIP2",7127
"IFRD2",7866
"SCAMP3",10067
"LYZL1",84569
"IRX2",153572
"PCGF6",84108
"ABCB4",5244
"CALCB",797
"TBPL2",387332
"CABP7",164633
"ZMAT5",55954
"TRIM52",84851
"AKR1B10",57016
"SOX2",6657
"TPD52L1",7164
"PCDHA2",56146
"CALB1",793
"LRBA",987
"CALCA",796
"PCDHA1",56147
"KCNS1",3787
"RUVBL2",10856
"NADK2",133686
"NUP153",9972
"GHRHR",2692
"VCPIP1",80124
"RACK1",10399
"KHDRBS3",10656
"LIN52",91750
"SERPINB7",8710
"TCF4",6925
"NAA80",24142
"PCDHA10",56139
"KIF1B",23095
"CADPS",8618
"TMPRSS7",344805
"OR10A6",390093
"PLEKHF1",79156
"RPL35",11224
"APOL2",23780
"LSMEM2",132228
"TEX15",56154
"C19orf12",83636
"UHRF2",115426
"HLF",3131
"C8orf76",84933
"HYAL3",8372
"WDR38",401551
"ENDOV",284131
"ARF6",382
"ARSG",22901
"PCDHA5",56143
"LHB",3972
"PCDHA3",56145
"SLC39A8",64116
"NARF",26502
"MIER1",57708
"PCDHA8",56140
"WFDC5",149708
"PCDHA12",56137
"CCNE1",898
"WRN",7486
"CGB3",1082
"ZHX1",11244
"C13orf42",647166
"KCNK13",56659
"CYP46A1",10858
"TNFRSF10D",8793
"CGB2",114336
"RTN4RL2",349667
"BICDL1",92558
"CGB1",114335
"ZHX1-C8orf76",100533106
"PCDHAC1",56135
"FAM20A",54757
"MTERF4",130916
"CGB5",93659
"TMEM41B",440026
"LRRC39",127495
"ELOVL1",64834
"TAF5",6877
"CGB8",94115
"UQCR10",29796
"CDRT15",146822
"C5orf38",153571
"TRIP11",9321
"PCDHA13",56136
"TRMT13",54482
"ATP5MD",84833
"NTF4",4909
"STPG3",441476
"CGB7",94027
"ATP6V1H",51606
"URI1",8725
"SMIM33",111064649
"PURG",29942
"CASP8AP2",9994
"CAPZA3",93661
"PCDHA11",56138
"TNFRSF10A",8797
"KCNA7",3743
"C8orf44-SGK3",100533105
"ISM1",140862
"NBPF12",149013
"UTP20",27340
"SNRNP70",6625
"C14orf119",55017
"HNRNPR",10236
"WIPI1",55062
"AK6",102157402
"SGK3",23678
"ACIN1",22985
"SEC61G",23480
"FAM126A",84668
"MDM2",4193
"PCDHA7",56141
"PCDHA4",56144
"TRAF3IP1",26146
"PAX5",5079
"PCDHA6",56142
"MBD2",8932
"TGM4",7047
"KTN1",3895
"JAG2",3714
"KIF20B",9585
"SPDL1",54908
"SNED1",25992
"SLC16A6",9120
"FAM124A",220108
"RBFA",79863
"OBSL1",23363
"PCDHA9",9752
"PDXP",57026
"PCDHAC2",56134
"C7orf26",79034
"PSMB1",5689
"ARPC5L",81873
"SH3BP1",23616
"STT3B",201595
"LIN7B",64130
"CLK4",57396
"TBP",6908
"NAPG",8774
"BMPR1A",657
"CERS3",204219
"DNAH10",196385
"SLC16A14",151473
"C19orf73",55150
"KAT6B",23522
"GHRL",51738
"PPFIA3",8541
"EIF3F",8665
"ITPK1",3705
"ZXDC",79364
"RAB15",376267
"INTS6",26512
"POPDC3",64208
"ZBTB18",10472
"ZDHHC8",29801
"NUDT14",256281
"MAGOHB",55110
"C1orf100",200159
"INHA",3623
"BVES",11149
"ZNF250",58500
"ADSS2",159
"SPDYE3",441272
"PPP2R5A",5525
"CHURC1-FNTB",100529261
"POLI",11201
"PDCD2",5134
"C8orf88",100127983
"ZNF853",54753
"CZIB",54987
"TMEM64",169200
"MXRA8",54587
"CTAG1B",1485
"PDCD6IP",10015
"ASB1",51665
"FNTB",2342
"FNTB",100529261
"BOK",666
"NECAB1",64168
"VSX2",338917
"CPT2",1376
"PILRA",29992
"CATSPERE",257044
"TATDN2",9797
"ZNF436",80818
"ZNF664",144348
"CHURC1",91612
"VCPKMT",79609
"CBWD1",55871
"MYOC",4653
"HRC",3270
"ZNF678",339500
"CFAP36",112942
"GJA10",84694
"ATP5MC2",517
"MYOCOS",110806290
"SEC13",6396
"STING1",340061
"DNA2",1763
"FAM172A",83989
"ATG16L1",55054
"GPX2",2877
"PILRB",29990
"CAPZA2",830
"MAX",4149
"RYR1",6261
"ZNF316",100131017
"GABRG1",2565
"SP140",11262
"TRPM4",54795
"LMLN2",100128908
"RRP9",9136
"ODF2L",57489
"ZNF12",7559
"CCDC92",80212
"IPO7",10527
"MYO3A",53904
"IFI16",3428
"SERPINE3",647174
"FFAR1",2864
"CAPN14",440854
"FFAR3",2865
"CCDC188",388849
"RAB35",11021
"GPR42",2866
"NBR1",4077
"MICAL1",64780
"RTN4R",65078
"PDP1",54704
"COCH",1690
"AURKAIP1",54998
"RFLNA",144347
"RFLNA",100533183
"STYK1",55359
"FAM149A",25854
"KIF24",347240
"POU5F2",134187
"IRX1",79192
"INSYN2B",100131897
"DOCK2",1794
"FFAR2",2867
"CLEC4M",10332
"HS3ST3B1",9953
"NPTX1",4884
"UBAP1",51271
"LINGO1",84894
"TESPA1",9840
"YBX2",51087
"ESPL1",9700
"KRTDAP",388533
"MBL2",4153
"GATA3",2625
"CASKIN1",57524
"AC113348.1",102724657
"PRKACG",5568
"ZNF354A",6940
"KCNMA1",3778
"SLC2A4",6517
"TRAF7",84231
"VAMP4",8674
"MYO5A",4644
"IFT88",8100
"EHD3",30845
"RPTOR",57521
"SLC4A11",83959
"MICOS10",440574
"NRDE2",55051
"MRPS31",10240
"ZNF354B",117608
"BRCA1",672
"RGS12",6002
"NEDD4L",23327
"KIAA0825",285600
"GLRA1",2741
"HCRTR1",3061
"PARP3",10039
"UBE2N",7334
"TJP2",9414
"PEF1",553115
"PSMC1",5700
"CAPZB",832
"SATB2",23314
"SLC6A16",28968
"ASCC2",84164
"CWF19L2",143884
"LTV1",84946
"NUDT4",11163
"COL16A1",1307
"SLIT2",9353
"SP110",3431
"PHACTR2",9749
"TWIST2",117581
"LUC7L",55692
"ZBTB24",9841
"AP4S1",11154
"SLC43A1",8501
"CNN1",1264
"ALPG",251
"C3orf52",79669
"DACH2",117154
"PACC1",55248
"GCSAM",257144
"HMHB1",57824
"WRAP53",55135
"DKKL1",27120
"ALPI",248
"MAB21L2",10586
"GAP43",2596
"ATG4B",23192
"PKD1",5310
"NMUR2",56923
"NBL1",4681
"NBL1",100532736
"BACH2",60468
"CPM",1368
"ADCYAP1R1",117
"CD37",951
"RCAN1",1827
"ERICH3",127254
"HECTD1",25831
"ITGA3",3675
"UROC1",131669
"HEY2",23493
"CHMP6",79643
"POT1",25913
"SCAI",286205
"DGCR6L",85359
"EEF1AKMT1",221143
"NRBP2",340371
"FOXK2",3607
"NENF",29937
"ERCC3",2071
"ELOF1",84337
"MARK1",4139
"IL17D",53342
"SNCG",6623
"CTAGE1",64693
"SLC35D1",23169
"GALNTL5",168391
"MMRN2",79812
"ZC2HC1B",153918
"ZNF627",199692
"PIEZO2",63895
"AKR1B15",441282
"GPR148",344561
"GOLGA1",2800
"FIGLA",344018
"AMER3",205147
"FAM25A",643161
"ACP5",54
"MEGF9",1955
"CLEC4F",165530
"NELFB",25920
"ESR1",2099
"WDR45B",56270
"PVALEF",388428
"ADIRF",10974
"ZFP2",80108
"ZNF674",641339
"RND3",390
"EXOSC7",23016
"TEAD2",8463
"WFDC12",128488
"ADAM29",11086
"CEBPE",1053
"BAIAP2",10458
"IL23R",149233
"HTR7",3363
"ZNF143",7702
"PI3",5266
"ZNF846",162993
"ABHD16B",140701
"ZNF454",285676
"BPGM",669
"MED8",112950
"PKLR",5313
"CRYBG2",55057
"STRN3",29966
"C1orf141",400757
"CC2D2A",57545
"HELLS",3070
"SLC25A15",10166
"NMRAL1",57407
"C1orf115",79762
"ARHGEF4",50649
"ZDHHC3",51304
"ABI3BP",25890
"LBR",3930
"TIMM10",26519
"HDAC4",9759
"MTARC2",54996
"CD207",50489
"TOR4A",54863
"CLK2",1196
"SMTNL1",219537
"NRARP",441478
"JMJD4",65094
"HMCES",56941
"UBE2L6",9246
"TFE3",7030
"ENTPD3",956
"GRM6",2916
"TBC1D15",64786
"FBXL12",54850
"PAH",5053
"SNAP47",116841
"C3orf22",152065
"MAP4K1",11184
"GDF10",2662
"ZNF879",345462
"CHST13",166012
"GDF2",2658
"GCN1",10985
"AK9",221264
"LRIG3",121227
"C12orf10",60314
"HCN3",57657
"CLEC3B",7123
"TXNRD3",114112
"PRSS38",339501
"CALCOCO2",10241
"SYNE1",23345
"HMOX2",3163
"WNT9A",7483
"RBBP8",5932
"GAK",2580
"NUP54",53371
"WNT3A",89780
"CROCC",9696
"ZNF354C",30832
"TP53TG3C",653550
"TP53TG3C",102723655
"TP53TG3C",102723713
"TP53TG3C",102724101
"TP53TG3C",102724127
"ADAMTS2",9509
"PFDN5",5204
"PIANP",196500
"SEMG1",6406
"FXN",2395
"ASCL1",429
"ABHD14A-ACY1",100526760
"ARF1",375
"KIDINS220",57498
"TM7SF3",51768
"CCDC155",147872
"PRKAB2",5565
"C2CD3",26005
"UBLCP1",134510
"YIPF5",81555
"AMDHD1",144193
"FOXB2",442425
"BRD3",8019
"MMD",23531
"SYCE1",93426
"EPHX4",253152
"THAP4",51078
"GRIA1",2890
"SETSIP",646817
"BRD3OS",266655
"EAF1",85403
"RBP3",5949
"H1-10",8971
"IL12B",3593
"SAG",6295
"RAB40B",10966
"TP53TG3E",102724101
"HYAL1",3373
"PTH2",113091
"ZNF488",118738
"SEMG2",6407
"GFY",100507003
"METTL6",131965
"RANBP3L",202151
"CHMP7",91782
"SLC17A7",57030
"SLC44A2",57153
"SLPI",6590
"LSM8",51691
"CYP2E1",1571
"ADRA1B",147
"PCIF1",63935
"NEUROD6",63974
"NOTCH2NLC",100996717
"RCOR2",283248
"NBPF19",101060226
"SERPINB2",5055
"TMEM100",55273
"LRP8",7804
"PHF20",51230
"PPME1",51400
"COLQ",8292
"MSR1",4481
"GPR62",118442
"ABCA8",10351
"FN3KRP",79672
"FBXW2",26190
"PJVK",494513
"NOLC1",9221
"FAM47E-STBD1",100631383
"TSPAN5",10098
"UBE2D2",7322
"PCTP",58488
"ACY1",95
"CHD1L",9557
"CEP104",9731
"FAM47E",100129583
"BRD1",23774
"RIC3",79608
"FBXO38",81545
"SLC9C1",285335
"FRG2B",441581
"ST7",7982
"PRKRA",8575
"ZNF16",7564
"SCARB2",950
"EVI5L",115704
"SERPINB10",5273
"NPIPA5",100288332
"FN3K",64122
"MMP2",4313
"FLT3LG",2323
"APTX",54840
"P4HA3",283208
"CHST7",56548
"ADNP2",22850
"TUB",7275
"TP53TG3B",729355
"TP53TG3B",102723655
"TP53TG3B",102723713
"TP53TG3B",102724101
"TP53TG3B",102724127
"ZNF683",257101
"CLCA2",9635
"ANKRD7",56311
"LSAMP",4045
"EIF3K",27335
"PDE2A",5138
"ECEL1",9427
"PLET1",349633
"USP41",373856
"PTS",5805
"SYNC",81493
"SCT",6343
"AATK",9625
"PKP2",5318
"ZC3H7A",29066
"EPB41L2",2037
"TASP1",55617
"LIN28A",79727
"LGALS1",3956
"TBC1D12",23232
"TBC1D2",55357
"SAMD12",401474
"RBBP4",5928
"VAX2",25806
"ATF3",467
"TP53TG3F",102724127
"ANKRD53",79998
"DPEP3",64180
"APOL1",8542
"NISCH",11188
"NAA40",79829
"PHC3",80012
"SLC7A8",23428
"AMY1B",277
"ANAPC16",119504
"DRD4",1815
"SMTN",6525
"CCP110",9738
"KCTD16",57528
"MOAP1",64112
"RAD18",56852
"OR5AU1",390445
"NAGK",55577
"CEP131",22994
"FAM160B1",57700
"CASP2",835
"MINDY3",80013
"ASCC1",51008
"ALDH16A1",126133
"ABCA9",10350
"SCAND1",51282
"PRSS56",646960
"GON7",84520
"CNBD2",140894
"UBR7",55148
"ELOVL3",83401
"ENAH",55740
"KCND2",3751
"GALNT11",63917
"STK11IP",114790
"ABHD17B",51104
"STBD1",8987
"PITX3",5309
"CAV3",859
"TMEM251",26175
"GCNT4",51301
"ZBED4",9889
"GADD45G",10912
"CLIC6",54102
"SSUH2",51066
"STRN",6801
"RPL13A",23521
"COX8A",1351
"AP006333.1",23769
"DBT",1629
"ATP8A2",51761
"PARD6G",84552
"MACROD1",28992
"SNRNP200",23020
"ANKRD31",256006
"PREP",5550
"NOL12",79159
"CAPN12",147968
"DESI2",51029
"SBF1",6305
"SYT10",341359
"TEX261",113419
"FAM71A",149647
"PAXBP1",94104
"OTUB1",55611
"PRR36",80164
"EPS8L2",64787
"CLCA1",1179
"RTCA",8634
"TRUB1",142940
"PRELID2",153768
"SLC9B2",133308
"SYT16",83851
"ANXA8",653145
"ATP6V1B1",525
"TRIOBP",11078
"CDC27",996
"PIH1D1",55011
"ACTN4",81
"C21orf62",56245
"RUNDC3B",154661
"TYW3",127253
"CLUH",23277
"ELF1",1997
"ARL1",400
"COX20",116228
"HLX",3142
"ZNF335",63925
"C1D",10438
"SH3RF2",153769
"C9orf85",138241
"CRYZ",1429
"MTARC1",64757
"GRXCR2",643226
"R3HCC1",203069
"PPP6R2",9701
"HNRNPU",3192
"TPX2",22974
"CHRND",1144
"OXTR",5021
"NFATC3",4775
"PPP1R13B",23368
"ABCB1",5243
"BDH2",56898
"UBL5",59286
"PLAGL1",5325
"LARP1B",55132
"ALG12",79087
"TAS2R7",50837
"ERCC6L2",375748
"ZNF74",7625
"RBPJL",11317
"TAS2R8",50836
"LGALS7",3963
"LGALS7",653499
"TAS2R9",50835
"LGALS7B",3963
"LGALS7B",653499
"FAM25G",100133093
"CLCA4",22802
"SRP9",6726
"LGALS4",3960
"GOLGA8T",653075
"GOLGA8T",653125
"YBX3",8531
"AGAP9",642517
"LAX1",54900
"ABHD14A",25864
"SPIC",121599
"BATF3",55509
"MAGOH",4116
"WBP4",11193
"ZFYVE21",79038
"CTAG2",30848
"HASPIN",83903
"OSBPL10",114884
"ITGAE",3682
"CRELD2",79174
"MAP3K7",6885
"ABHD14B",84836
"RPS11",6205
"TEPSIN",146705
"NEUROD4",58158
"SAMD14",201191
"TAS2R20",259295
"MATN4",8785
"CHCHD6",84303
"TAS2R31",259290
"TAS2R13",50838
"OXGR1",27199
"PRR4",5554
"PRR4",11272
"SENP6",26054
"TNFRSF11B",4982
"KCNA3",3738
"FCGRT",2217
"PIGA",5277
"RPS3",6188
"VPS13A",23230
"PCBP4",57060
"MRPL42",28977
"C9orf57",138240
"TAS2R19",259294
"TAS2R30",259293
"TAS2R46",259292
"HNRNPDL",9987
"TAS2R50",259296
"MRPL34",64981
"TPD52L2",7165
"TAS2R14",50840
"TAS2R14",106707243
"PRH2",5555
"CAMTA1",23261
"C20orf194",25943
"PDK2",5164
"RAD51",5888
"TBCD",6904
"ANO8",57719
"CD200",4345
"TSPAN12",23554
"NAP1L4",4676
"OR9K2",441639
"TAS2R43",259289
"TAS2R43",259291
"GABRA2",2555
"TAS2R10",50839
"EPPK1",83481
"MED21",9412
"CDH17",1015
"DDA1",79016
"DMKN",93099
"ZNF860",344787
"KLKB1",3818
"DEAF1",10522
"SRP14",6727
"GAD2",2572
"C18orf54",162681
"ABHD8",79575
"COLEC10",10584
"RFC2",5982
"NCOA7",135112
"KLHL22",84861
"RCN3",57333
"MAL2",114569
"XPO4",64328
"AC140504.1",255027
"CDCP1",64866
"MARF1",9665
"MBNL2",10150
"TMEM80",283232
"ARL6IP5",10550
"SCARF2",91179
"KIF18A",81930
"DYSF",8291
"CYP4V2",285440
"PRRG2",5639
"RUFY1",80230
"RAB3B",5865
"TMEM158",25907
"STARD6",147323
"SEMA3C",10512
"HGFAC",3083
"RGS3",5998
"LMOD3",56203
"ATRNL1",26033
"ALG10",84920
"NOSIP",51070
"PPP6C",5537
"ACTN3",89
"ENTPD4",9583
"CCN3",4856
"SH3GL1",6455
"EPHX1",2052
"RSPH10B2",728194
"ESF1",51575
"ING3",54556
"OR10A7",121364
"AFP",174
"FANCG",2189
"FYN",2534
"EGFR",1956
"RGS20",8601
"ITPRID1",223075
"MED11",400569
"CXCL16",58191
"ZNF823",55552
"OR2T4",127074
"DUSP10",11221
"ZMYND15",84225
"MPV17L",255027
"OR2T6",254879
"LOXL2",4017
"TMEM63A",9725
"HINT3",135114
"BMERB1",89927
"XDH",7498
"GUCD1",83606
"RELA",5970
"DOCK9",23348
"FAM110C",642273
"CDC14A",8556
"CCZ1B",221960
"KIR2DS2",100132285
"FMO5",2330
"ZNF441",126068
"PIN1",5300
"HSFY2",159119
"KIR2DL2",3803
"FGF20",26281
"METTL15",196074
"AMY1C",278
"DDX28",55794
"ZNF491",126069
"IL27",246778
"OR6C74",254783
"PRR12",57479
"SEPTIN7",989
"MRPS33",51650
"DPEP2",64174
"OR6C6",283365
"LMO1",4004
"WRNIP1",56897
"LRRC63",220416
"NSMCE1",197370
"SF3B5",83443
"WFIKKN1",117166
"GBF1",8729
"RAB40C",57799
"STX11",8676
"GU182339.2",102725023
"RRAS",6237
"PABPN1",8106
"GAB3",139716
"GPM6A",2823
"TMEM178B",100507421
"HMSD",284293
"LRRC8E",80131
"PTPN23",25930
"DYNAP",284254
"SERPINB8",5271
"SCAF1",58506
"FO681492.1",102724488
"NUPR1",26471
"BTLA",151888
"ZNF440",126070
"CCNL2",81669
"CXXC5",51523
"KCNH5",27133
"EPHB4",2050
"DUS2",54920
"ATG5",9474
"ZNF804B",219578
"RGPD5",84220
"NPY4R2",100996758
"SIPA1L2",57568
"TEX47",219557
"ZMYND8",23613
"BCL2L2",599
"CD53",963
"GGT1",2678
"RAB27B",5874
"HEATR5B",54497
"NSL1",25936
"NME6",10201
"DENND11",57189
"RNF212B",100507650
"LRRC75B",388886
"FAM25C",644054
"ZNF439",90594
"AGK",55750
"LARS1",51520
"BCL2L12",83596
"ZNF69",7620
"C12orf71",728858
"VEGFD",2277
"SNRPD3",6634
"BCL2L2-PABPN1",100529063
"CEBPB",1051
"B3GALNT1",8706
"TMPRSS11B",132724
"RAP2A",5911
"MMP9",4318
"SLC12A9",56996
"PPP1R3E",90673
"OR6C1",390321
"NDUFA10",4705
"LRIF1",55791
"OR6C3",254786
"RPL14",9045
"IRF1",3659
"OR6C75",390323
"LRIG2",9860
"MAP2K7",5609
"MYH9",4627
"NAT10",55226
"KIR2DL5B",553128
"BMF",90427
"HOMEZ",57594
"SLC12A5",57468
"VAMP3",9341
"OR2T1",26696
"OR2T7",81458
"OR2T2",401992
"GARNL3",84253
"OR2T3",343173
"OR2T5",401993
"METTL21C",196541
"RABEPK",10244
"SGF29",112869
"TNNT3",7140
"SERPING1",710
"STK38L",23012
"IL4R",3566
"HAL",3034
"C1orf35",79169
"ZNF589",51385
"CCDC130",81576
"PRDM1",639
"GOLGA8R",101059918
"HLTF",6596
"SVIL",6840
"PSD2",84249
"HSPA5",3309
"RAD50",10111
"GPD1L",23171
"NUDT2",318
"IRF3",3661
"ZNF619",285267
"GDA",9615
"MYL4",4635
"AL845331.2",100509620
"TUBD1",51174
"CHCHD7",79145
"NRXN2",9379
"IL12RB2",3595
"TNS3",64759
"PBRM1",55193
"SRD5A2",6716
"TUSC2",11334
"MYORG",57462
"IFNGR2",3460
"ZNF620",253639
"HYAL2",8692
"TGFBR3L",100507588
"PIP4P2",55529
"MAP10",54627
"PRH1",5554
"ZNF763",284390
"B3GNTL1",146712
"BMX",660
"DPEP2NB",100131303
"TTLL1",25809
"ESRP2",80004
"ZNF700",90592
"NCK2",8440
"C9orf24",84688
"CALM1",801
"ATP5MC1",516
"ITGB3",3690
"DGKD",8527
"KIF5A",3798
"PRR20A",122183
"GRHL1",29841
"PRR20C",729240
"TMEM50B",757
"CTTNBP2NL",55917
"AFM",173
"PRR20B",729233
"RPP30",10556
"FAM114A2",10827
"EFCAB13",124989
"GOLGA8Q",727909
"GOLGA8Q",728047
"PIR",8544
"NCBP3",55421
"C12orf42",374470
"MRPL20",55052
"SLC39A9",55334
"TEKT4",150483
"ZNF750",79755
"UBE2Z",65264
"KLHL7",55975
"CHST2",9435
"TXNDC12",51060
"CLIP2",7461
"IKBKB",3551
"ECRG4",84417
"C1orf146",388649
"CTSF",8722
"WDR92",116143
"CCDC168",643677
"TFDP2",7029
"ATRN",8455
"MTNR1A",4543
"STEAP2",261729
"TEX30",93081
"BPY2B",442867
"EFCAB12",90288
"ATP13A2",23400
"HNRNPL",3191
"MRI1",84245
"PLAC8L1",153770
"F11",2160
"YPEL4",219539
"KTI12",112970
"PPP3R1",5534
"TIGD1",200765
"CHRNG",1146
"FRMD4B",23150
"CSF2RA",1438
"FOXI1",2299
"PNO1",56902
"SNAPC2",6618
"CLP1",10978
"POLK",51426
"DDIT4",54541
"PSMD5",5711
"CAPZA1",829
"PPP4R3B",57223
"C19orf53",28974
"SDC4",6385
"PCDHB2",56133
"SHLD2",54537
"ERH",2079
"FIG4",9896
"LATS2",26524
"DIRAS2",54769
"IL13",3596
"RPAP1",26015
"PCDHB1",29930
"OTUD6B",51633
"GLUD1",2746
"TIMM44",10469
"SH3RF1",57630
"C5orf58",133874
"CCDC87",55231
"WNT2B",7482
"FAM135B",51059
"FRAT1",10023
"OLFM2",93145
"SLC35A5",55032
"LCP2",3937
"KBTBD6",89890
"STEAP1",26872
"TMEM175",84286
"LTA4H",4048
"DFFB",1677
"KBTBD7",84078
"ENOPH1",58478
"YTHDC1",91746
"ST7L",54879
"MTRF1",9617
"MEMO1",51072
"GPR6",2830
"MFAP3",4238
"IL5",3567
"ATG3",64422
"GPRC5B",51704
"RGS22",26166
"SP140L",93349
"PIP4K2C",79837
"CTXN1",404217
"ABCA6",23460
"TSHZ2",128553
"GALNT10",55568
"PTPN1",5770
"CHRNA2",1135
"NELFE",7936
"MYLK2",85366
"ECH1",1891
"GFRA1",2674
"TUBE1",51175
"NRG2",9542
"MRPL33",9553
"SUCLG1",8802
"HID1",283987
"IQCK",124152
"LIMS3",96626
"DOK7",285489
"UBXN6",80700
"KIAA1522",57648
"SIPA1L1",26037
"RBKS",64080
"SERPINB1",1992
"SAP18",10284
"PGRMC2",10424
"MFAP2",4237
"BABAM2",9577
"DPY30",84661
"TM4SF5",9032
"CCN6",8838
"CCDC172",374355
"KNOP1",400506
"TRMT11",60487
"ZSWIM4",65249
"PDCD11",22984
"ZFAND5",7763
"PCDHB16",57717
"PCDHB5",26167
"LDHA",3939
"PCDHB3",56132
"TMEM150C",441027
"RAB3A",5864
"VMO1",284013
"RINL",126432
"VPS35L",57020
"CMTM8",152189
"RSL1D1",26156
"RALGAPA1",253959
"PCDHB10",56126
"MPV17L2",84769
"TPH2",121278
"ALDH8A1",64577
"MCPH1",79648
"CCDC68",80323
"RPS6KA3",6197
"NFKB1",4790
"PCDHB13",56123
"PCDHB11",56125
"PCDHB8",56128
"CDR2L",30850
"PCDHB14",56122
"METRNL",284207
"PCDHB15",56121
"ADM5",199800
"CHAF1A",10036
"THEMIS",387357
"PCDHB6",56130
"CALD1",800
"PCDHB12",56124
"PRMT1",3276
"PCDHB9",56127
"TRHDE",29953
"ANGPT2",285
"C1GALT1",56913
"KLRG1",10219
"ASAH1",427
"PCDHB4",56131
"PCDHB7",56129
"MICU3",286097
"ATP5MPL",9556
"SKIV2L",6499
"ANKRD65",441869
"HHIPL2",79802
"PDE4C",5143
"CMTM7",112616
"ASB7",140460
"FAM229B",619208
"TMEM88B",643965
"HMGCR",3156
"RNFT1",51136
"HLA-DRB4",3126
"NFKBIB",4793
"CCS",9973
"PPP1R17",10842
"KANK1",23189
"COL5A3",50509
"CMTM6",54918
"LINS1",55180
"ATAD2",29028
"SH3GLB1",51100
"RPS6KB1",6198
"SLC25A37",51312
"HTR4",3360
"FRAT2",23401
"IFT122",55764
"FBLN2",2199
"SIRT2",22933
"SDR16C5",195814
"VWA1",64856
"CPED1",79974
"ATXN7L1",222255
"PTER",9317
"GFRA4",64096
"STK33",65975
"EIF4E",1977
"C1QL3",389941
"MAP4K4",9448
"GGNBP2",79893
"LEFTY1",10637
"C1orf174",339448
"SLC4A3",6508
"TACC2",10579
"PYCR2",29920
"ZC3H11A",9877
"TAF1A",9015
"SOCS2",8835
"LRPAP1",4043
"CSMD2",114784
"TPSAB1",7177
"CALHM2",51063
"PWWP2A",114825
"PCNX2",80003
"ATAD3C",219293
"TMEM135",65084
"TTC1",7265
"NMD3",51068
"CALHM1",255022
"SMIM4",440957
"COL28A1",340267
"SLC16A7",9194
"GNL3",26354
"CERT1",10087
"RDH8",50700
"CPT1C",126129
"DNAJC5",80331
"NANOS3",342977
"KMT2C",58508
"STIP1",10963
"MRPL58",3396
"EIF4E2",9470
"DAZ3",57054
"CC2D1A",54862
"MTMR3",8897
"DOCK8",81704
"ZDHHC5",25921
"SLC26A7",115111
"RSU1",6251
"NT5DC2",64943
"FBXO43",286151
"KCTD2",23510
"EGF",1950
"TMEM272",283521
"SLC9A9",285195
"DHRS12",79758
"CALHM3",119395
"AGBL3",340351
"USP40",55230
"ATP5PD",10476
"GLTPD2",388323
"LGALS8",3964
"SERPINB9",5272
"NEURL1",9148
"CCER2",643669
"SZT2",23334
"C19orf57",79173
"NUP42",11097
"SRGAP3",9901
"SULT1A2",6799
"NTPCR",84284
"CAMKK1",84254
"MFAP1",4236
"OR4F3",26683
"WDFY2",115825
"EPHA7",2045
"TMEM140",55281
"FBXO27",126433
"NEK4",6787
"CYREN",78996
"MAP3K2",10746
"PNPT1",87178
"MRPS12",6183
"C8orf33",65265
"HSPA1L",3305
"PSMB6",5694
"ADRB2",154
"HSPA1A",3303
"GOLGA8H",728498
"AC008770.4",284391
"HSPA1B",3304
"HMGB4",127540
"ZNF433",163059
"SARS2",54938
"SPCS1",28972
"PNLIPRP3",119548
"ZNF217",7764
"SLC16A5",9121
"ZBED6",9877
"ZBED6",100381270
"ADRA2C",152
"TCHH",7062
"GLT8D1",55830
"TATDN3",128387
"CNRIP1",25927
"NDUFAF5",79133
"TXN2",25828
"FLG2",388698
"ALKBH8",91801
"FLG",2312
"ENPP2",5168
"HRNR",388697
"ZNF625",90589
"IMPG2",50939
"RPL37A",6168
"CRNN",49860
"ZNF20",7568
"EFHD1",80303
"ERCC5",2073
"ERCC5",100533467
"PLEK",5341
"HORMAD2",150280
"SETD5",55209
"ZNF878",729747
"RPTN",126638
"ZNF844",284391
"A2M",2
"OR6B2",389090
"OR6B3",150681
"ARMC7",79637
"COPS9",150678
"DAB2",1601
"TSKS",60385
"HYI",81888
"ADAMTS16",170690
"PFKM",5213
"PLXNA1",5361
"APBB1IP",54518
"NT5C",30833
"SYK",6850
"OTOS",150677
"PPP1R9B",84687
"DKC1",1736
"LRRC69",100130742
"POMGNT2",84892
"UGT1A10",54575
"SYTL2",54843
"HEATR6",63897
"RHOJ",57381
"POLR2K",5440
"FBXO17",115290
"STAB1",23166
"RSPO3",84870
"SGCA",6442
"SH3PXD2A",9644
"CALCOCO1",57658
"TPSD1",23430
"CENPW",387103
"TCEA1",6917
"ALG10B",144245
"ENTPD6",955
"GSPT1",2935
"ACP7",390928
"WDR76",79968
"AP2A1",160
"KCNE3",10008
"GPC1",2817
"GPHB5",122876
"TAFA2",338811
"CBL",867
"UGT1A7",54577
"PAK4",10298
"UBE2I",7329
"PGM2L1",283209
"WASF1",8936
"IQCN",80726
"AJAP1",55966
"USP15",9958
"DRAM2",128338
"MED19",219541
"UGT1A6",54578
"ICE1",23379
"ANO10",55129
"NKX3-1",4824
"BIVM",54841
"MAL",4118
"NKX2-6",137814
"STC1",6781
"C9",735
"RASSF1",11186
"OR6C65",403282
"JUND",3727
"OR6C76",390326
"MCAM",4162
"GEM",2669
"PODNL1",79883
"FRMPD2",143162
"ABCA5",23461
"PLEKHD1",400224
"C3orf56",285311
"PRR20G",100419008
"SELENOF",9403
"FAT1",2195
"FUZ",80199
"OR2AP1",121129
"OR6C68",403284
"DDX3X",1654
"TMEM132C",92293
"POGLUT2",79070
"OR6C4",341418
"IGFBP2",3485
"OR6C70",390327
"RIPOR3",140876
"NCCRP1",342897
"OR6C2",341416
"PURA",5813
"SYCN",342898
"DCAF15",90379
"IFNL3",282617
"CYP2C18",1562
"CCDC177",56936
"CEPT1",10390
"TYRO3",7301
"LSM4",25804
"MBOAT2",129642
"TNP1",7141
"CYP2C19",1557
"UGT1A8",54576
"IGFBP5",3488
"KCNIP1",30820
"DNAH6",1768
"IFNL2",282616
"SNRPE",6635
"METTL26",84326
"ELAVL1",1994
"AC090517.4",54816
"UGT1A9",54600
"IFNL1",282618
"ZNF280D",54816
"DTX3",196403
"ABTB2",25841
"CABLES1",91768
"LRFN1",57622
"STN1",79991
"SUMO2",6613
"IGIP",492311
"GMFG",9535
"UGT1A4",54657
"MANEA",79694
"ZNF26",7574
"SUSD6",9766
"THUMPD3",25917
"ILF3",3609
"ABCA10",10349
"PRR20D",729246
"JPT1",51155
"BTF3L4",91408
"RAP1GAP2",23108
"PKD1L1",168507
"PRR20E",729250
"SCD5",79966
"WDYHV1",55093
"POLD3",10714
"KCNMB1",3779
"DNAI1",27019
"ITPRIPL1",150771
"CCL25",6370
"HS2ST1",9653
"TCTN1",79600
"EIF2AK2",5610
"ZNF136",7695
"SLCO2A1",6578
"PFDN1",5201
"LRRK1",79705
"WNT16",51384
"HEATR1",55127
"ZNF44",51710
"SNRK",54861
"FOXRED2",80020
"XRCC2",7516
"NFKB2",4791
"CYSTM1",84418
"CRADD",8738
"UGT1A3",54659
"UGT1A1",54658
"PGPEP1",54858
"FAM219A",203259
"RNF146",81847
"ABHD5",51099
"UGT1A5",54579
"UFL1",23376
"MIOS",54468
"GDF15",9518
"SAMD4B",55095
"CDHR3",222256
"TMEM241",85019
"ANXA2",302
"SCN3B",55800
"LRRC25",126364
"LIPT2",387787
"FUT9",10690
"GTPBP3",84705
"PCDH17",27253
"NUDT16",131870
"COL22A1",169044
"ATAD3B",83858
"SPATA45",149643
"TCF12",6938
"MRPL55",128308
"MRPS5",64969
"SAP30L",79685
"AIM2",9447
"HBEGF",1839
"ZNF618",114991
"ALDH1A3",220
"ANKFN1",162282
"SPAG1",6674
"SLC35G4",646000
"PAF1",54623
"HAND1",9421
"PTPN12",5782
"FLVCR1",28982
"CIAO2A",84191
"RPL27A",6157
"GPATCH11",253635
"KLHL4",56062
"POLR2F",5435
"ANKRD1",27063
"ADAM33",80332
"MAP3K21",84451
"BUB1B",701
"ZNF514",84874
"FABP6",2172
"NAA16",79612
"PCGF5",84333
"BTBD7",55727
"BTBD18",643376
"RNF19A",25897
"SELENOH",280636
"SOX13",9580
"EPHA4",2043
"GPR88",54112
"COX7B2",170712
"NOG",9241
"TMX2",51075
"CCDC70",83446
"PNLIP",5406
"DENND2B",6764
"C22orf23",84645
"TRIP6",7205
"MED29",55588
"TRIM25",7706
"ELOVL6",79071
"SENP1",29843
"EIF4E3",317649
"OR10P1",121130
"DNAJC28",54943
"ZFP36",7538
"HDGFL2",84717
"SOX10",6663
"HVCN1",84329
"FAM3C",10447
"FBXO48",554251
"SMIM10L1",100129361
"PIGO",84720
"PLEKHG2",64857
"TAS2R45",259289
"TAS2R45",259291
"PAK6",56924
"PAK6",106821730
"GART",2618
"C17orf67",339210
"IL17RB",55540
"CTNND1",1500
"BORCS5",118426
"KCNK1",3775
"DGKE",8526
"TMSB10",9168
"CUBN",8029
"GPR27",2850
"MIPOL1",145282
"ZNF563",147837
"TRABD2A",129293
"RUNX1",861
"ZFYVE9",9372
"HECTD2",143279
"VCAM1",7412
"UTS2",10911
"FOXP1",27086
"FHL5",9457
"MBD4",8930
"MICB",4277
"KLF11",8462
"GABRA4",2557
"SLC35F3",148641
"PER3",8863
"PROKR1",10887
"ZNF442",79973
"APLF",200558
"PLIN4",729359
"EML1",2009
"HPS3",84343
"RPS16",6217
"PENK",5179
"MED15",51586
"ISYNA1",51477
"MPP1",4354
"GABRB1",2560
"ITGA7",3679
"AKT1S1",84335
"GPR63",81491
"PPP1R3C",5507
"ZNF791",163049
"NDUFAF4",29078
"TPRA1",131601
"CC2D1B",200014
"SINHCAF",58516
"TRDMT1",1787
"CCNJL",79616
"CYS1",192668
"HOXC13",3229
"RYK",6259
"ZNF490",57474
"VASH2",79805
"ENHO",375704
"HOXC12",3228
"ZNF564",163050
"HTR6",3362
"THSD4",79875
"BCAS1",8537
"ZNF709",163051
"SUPT5H",6829
"SCLT1",132320
"LANCL2",55915
"CP",1356
"UTRN",7402
"HOXC11",3227
"ZNF443",10224
"MCCD1",401250
"PNKP",11284
"ATP6V1G2",534
"NCAPG2",54892
"ZNF799",90576
"TNKS2",80351
"COMMD8",54951
"DDX39B",7919
"CT62",196993
"COA6",388753
"SSBP4",170463
"ZDHHC2",51201
"ETNK2",55224
"DUSP16",80824
"LARP1",23367
"TDRD9",122402
"C4orf33",132321
"UBE3B",89910
"LEFTY2",7044
"IMPAD1",54928
"AGPAT5",55326
"ACKR1",2532
"HOXC8",3224
"CADM3",57863
"HOXC5",3222
"CCT6A",908
"PRMT6",55170
"HOXC10",3226
"OTOP1",133060
"METTL24",728464
"JADE1",79960
"AMOTL2",51421
"CDC40",51362
"HOXC4",3221
"SLC15A4",121260
"HOXC9",3225
"PDSS1",23590
"HOXC6",3223
"HNRNPC",3183
"RD3L",647286
"SULT1A1",6817
"ABI1",10006
"HTR3D",200909
"MANBA",4126
"FOXS1",2307
"EPB41",2035
"EEPD1",80820
"LMO4",8543
"SDE2",163859
"ZNF2",7549
"B4GALNT1",2583
"SERBP1",26135
"NUP85",79902
"PGD",5226
"ACTR3B",57180
"SYP",6855
"CREBL2",1389
"KLHL35",283212
"BAK1",578
"H3-3A",3020
"BLOC1S1",2647
"ITGB1BP2",26548
"RNPEPL1",57140
"PLVAP",83483
"TTC6",319089
"CPXCR1",53336
"HTR3C",170572
"SYPL1",6856
"RDH5",5959
"NCAPH",23397
"KCNK9",51305
"SLC26A1",10861
"CORT",1325
"CD180",4064
"CENPS-CORT",100526739
"KCNJ18",100134444
"CCDC194",110806280
"HTR3E",285242
"BST2",684
"TGIF2LX",90316
"DGKQ",1609
"METTL7B",196410
"RIT1",6016
"AMBP",259
"CENPS",378708
"FSBP",100861412
"DUSP28",285193
"RAD54B",25788
"ANKMY1",51281
"KLHL32",114792
"ZCCHC7",84186
"ARHGEF25",115557
"FOXA1",3169
"SENP7",57337
"DDO",8528
"GPR19",2842
"TNFRSF17",608
"C1QTNF2",114898
"IDUA",3425
"NPIPB2",729978
"ZBED8",63920
"TIMM50",92609
"CYBRD1",79901
"SLU7",10569
"MGA",23269
"THAP9",79725
"RAB5IF",55969
"LCE5A",254910
"MCRIP2",84331
"MED25",81857
"COL1A1",1277
"HNRNPH1",3187
"SLC12A3",6559
"SLC26A10",65012
"LIN54",132660
"SV2C",22987
"TTLL9",164395
"CNTFR",1271
"PKN2",5586
"ACTR8",93973
"SLC4A9",83697
"TGIF2",60436
"COIL",8161
"SH3TC2",79628
"ARTN",9048
"RUBCNL",80183
"LRG1",116844
"HEPH",9843
"DHRS11",79154
"PLIN5",440503
"MEGF11",84465
"AKAP7",9465
"TGIF2-RAB5IF",100527943
"MALL",7851
"DLL3",10683
"BLMH",642
"SMIM9",100132963
"SLA2",84174
"ENPEP",2028
"REN",5972
"SH2B2",10603
"FERMT3",83706
"NPIPB8",728734
"CDKN1B",1027
"IPO13",9670
"SELENOV",348303
"RGCC",28984
"UXS1",80146
"PLD2",5338
"GLCCI1",113263
"QTRT1",81890
"ADM",133
"KISS1",3814
"DUSP15",128853
"EID2B",126272
"FGFBP3",143282
"EID2",163126
"NTNG1",22854
"VWA8",23078
"LGALS13",29124
"SPDYE6",729597
"GAPVD1",26130
"H2AB1",474382
"RPA3",6119
"PASK",23178
"F8",2157
"CYP2C9",1559
"LGALS16",148003
"SEC31A",22872
"NOMO3",408050
"CRCT1",54544
"DNAJC4",3338
"LGALS14",56891
"RRAD",6236
"LCE3E",353145
"UMAD1",729852
"LCE3D",84648
"SLC22A16",85413
"LCE3C",353144
"LCE3B",353143
"LCE3A",353142
"LCE2D",353141
"SIGLEC1",6614
"ARHGDIG",398
"LCE2C",353140
"KIF17",57576
"LCE2B",26239
"PDRG1",81572
"STAB2",55576
"MTRNR2L1",100462977
"LCE2A",353139
"LCE4A",199834
"TNXB",7148
"CLC",1178
"C1orf68",100129271
"TRPT1",83707
"STOML2",30968
"ANGEL2",90806
"GLT1D1",144423
"FUNDC2",65991
"CCT8",10694
"LEUTX",342900
"ATAD3A",55210
"RGS11",8786
"SELENOK",58515
"KIAA0895",23366
"DYRK1B",9149
"TNFRSF9",3604
"DXO",1797
"CDH1",999
"DIPK2A",205428
"F8A1",8263
"GOLT1A",127845
"TRIM66",9866
"NEK1",4750
"CNOT7",29883
"SEMA6B",10501
"RAB38",23682
"IL3RA",3563
"CACNA2D3",55799
"APOLD1",81575
"DAZ4",57135
"KPRP",448834
"LCE1F",353137
"MAGI3",260425
"ANLN",54443
"LCE1E",353135
"VIRMA",25962
"NUDT22",84304
"LCE1D",353134
"DDX47",51202
"NPEPPS",9520
"DYNC1LI1",51143
"PPP1R7",5510
"LCE1C",353133
"UBB",7314
"STK19",8859
"MRM1",79922
"FBL",2091
"WNT7A",7476
"TAF2",6873
"ELL",8178
"TMEM240",339453
"C4A",720
"C4A",110384692
"SLC25A6",293
"ATF5",22809
"PRKRIP1",79706
"TARBP1",6894
"CELF2",10659
"SSTR1",6751
"DFFA",1676
"FAM234A",83986
"DTD2",112487
"TMEM200B",399474
"CIAO2B",51647
"SH2D5",400745
"DTNA",1837
"POU4F3",5459
"HEATR5A",25938
"IL4I1",259307
"RBM27",54439
"PIM3",415116
"FBXL15",79176
"FKBP8",23770
"RASSF6",166824
"CCDC200",100874261
"IRF2BP2",359948
"EIF3C",8663
"PEX14",5195
"FCGBP",8857
"PSD",5662
"GPNMB",10457
"RPUSD4",84881
"TMEM106A",113277
"CLEC14A",161198
"ACBD3",64746
"CLTRN",57393
"ATP6V0B",533
"PSMC4",5704
"ACE2",59272
"EXTL2",2135
"TMEM92",162461
"LRTM1",57408
"HJURP",55355
"KHDC4",22889
"ECHDC1",55862
"CELF4",56853
"NAMPT",10135
"DSCC1",79075
"MIXL1",83881
"MRPL3",11222
"SIGLEC11",114132
"AMPD3",272
"DEPTOR",64798
"XYLT2",64132
"KCNA4",3739
"PLEKHA6",22874
"ZNF546",339327
"FSHB",2488
"ADAM28",10863
"CA5B",11238
"MROH2A",339766
"P2RX1",5023
"IL17REL",400935
"ASPG",374569
"NUP62",23636
"ANKRD46",157567
"DEFB1",1672
"CPNE8",144402
"OR1D5",8386
"OR1D5",653166
"DPH2",1802
"XKR5",389610
"IL21R",50615
"MVB12A",93343
"CDK19",23097
"DIS3L",115752
"NEUROD1",4760
"TMEM128",85013
"HYDIN",54768
"CERKL",375298
"UBAC2",337867
"AFAP1L1",134265
"MYDGF",56005
"CUEDC2",79004
"ZNF780B",163131
"NT5DC3",51559
"WDR17",116966
"TNFAIP8L1",126282
"ZNF780A",284323
"SULT6B1",391365
"GPR18",2841
"TTLL8",164714
"ABLIM3",22885
"TMC1",117531
"GPR183",1880
"NEURL3",93082
"ZFP42",132625
"CEBPZOS",100505876
"ARL14EP",120534
"RRP12",23223
"OR1D2",4991
"TBC1D17",79735
"MMS22L",253714
"GOLGA6D",653643
"OR1G1",8390
"PIK3C2B",5287
"ADAM7",8756
"PLOD2",5352
"PPP2R5E",5529
"CEBPZ",10153
"SLC30A7",148867
"ASMTL",8623
"GPS2",2874
"ZNF202",7753
"GGA3",23163
"MRPL27",51264
"MYO1B",4430
"MAP3K10",4294
"RXFP4",339403
"ADAMDEC1",27299
"LIN9",286826
"OR1A2",26189
"TTC9B",148014
"GK5",256356
"PTTG1",9232
"CENPE",1062
"TRIML2",205860
"CNTD2",79935
"PAX3",5077
"TAF1",6872
"KIF26A",26153
"SNX1",6642
"PTOV1",53635
"PPP1R15B",84919
"C12orf73",728568
"TXK",7294
"CARS1",833
"C10orf95",79946
"AKT2",208
"GLMN",11146
"CHSY1",22856
"HUS1",3364
"GPRC5A",9052
"HSP90B1",7184
"MFSD13A",79847
"COQ4",51117
"ZWINT",11130
"OR1A1",8383
"ACTR1A",10121
"BRCC3",79184
"IL1R2",7850
"NEURL4",84461
"CXCL8",3576
"LAMA4",3910
"KLHL34",257240
"WDR83OS",51398
"AUH",549
"BPY2C",442868
"PZP",5858
"CNKSR2",22866
"OR6X1",390260
"DHPS",1725
"OR6M1",390261
"MPPED2",744
"SCPEP1",59342
"GPRC5D",55507
"MX1",4599
"P3H2",55214
"HEBP1",50865
"MYT1L",23040
"FBN3",84467
"FTCD",10841
"RMDN3",55177
"MTCP1",4515
"ORAI2",80228
"OR3A1",4994
"PICK1",9463
"RPAP2",79871
"OR3A2",4995
"CXCL6",6372
"CMC4",100272147
"ZRSR2",8233
"TRIML1",339976
"NFIL3",4783
"MLC1",23209
"CPSF6",11052
"ALKBH4",54784
"PTPRZ1",5803
"OR1E1",8387
"FMN1",342184
"SUN3",256979
"OR3A3",8392
"SPATA4",132851
"OR1E2",8388
"RGPD3",653489
"CES2",8824
"BTAF1",9044
"COX8C",341947
"MIF4GD",57409
"UNC79",57578
"PHF19",26147
"RFX1",5989
"MAP2K6",5608
"ATP10B",23120
"RNF8",9025
"TRPV3",162514
"TRAPPC10",7109
"SLC27A4",10999
"MYO6",4646
"MAN2B1",4125
"DUPD1",338599
"PNLIPRP1",5407
"ITGA4",3676
"PF4V1",5197
"TMEM225",338661
"CCDC71L",168455
"GABRP",2568
"EMC9",51016
"CXCL1",2919
"SDHB",6390
"EDA2R",60401
"VRK3",51231
"WDR89",112840
"CES3",23491
"EIF5A",1984
"PITX2",5308
"TMED1",11018
"TMEM159",57146
"TMEM164",84187
"KCMF1",56888
"DNM2",1785
"MRPS7",51081
"OR8D4",338662
"HP1BP3",50809
"GPR33",2856
"PSME1",5720
"DCDC1",341019
"OR4D5",219875
"OR6T1",219874
"SRRT",51593
"OR10S1",219873
"OR10G6",79490
"CYP2C8",1558
"OR10G4",390264
"DNAH3",55567
"CLDN1",9076
"MAPK8",5599
"C15orf62",643338
"FCRLB",127943
"KCNJ16",3773
"DNAJC17",55192
"OR10G9",219870
"MED23",9439
"OR10G8",219869
"PLXNC1",10154
"OR10G7",390265
"WDR83",84292
"SRPRA",6734
"PF4",5196
"EFNA3",1944
"HSPA12B",116835
"C1GALT1C1L",728819
"PLEKHH2",130271
"EFNA4",1945
"KCNJ2",3759
"SGPP1",81537
"WWOX",51741
"ASPA",443
"ASB5",140458
"RLN3",117579
"CLDN16",10686
"ZFYVE19",84936
"DUSP12",11266
"EPM2A",7957
"SSU72",29101
"SPATA22",84690
"SNX22",79856
"ANAPC13",25847
"HBS1L",10767
"TRMT10C",54931
"TACR3",6870
"LHX1",3975
"RTL9",57529
"PPIB",5479
"ACP1",52
"AMMECR1",9949
"FAM214B",80256
"FAM118B",79607
"CEP83",51134
"TRAPPC9",83696
"SNX31",169166
"CEP63",80254
"CASZ1",54897
"SPCS3",60559
"PHKG1",5260
"ELMOD1",55531
"VEGFC",7424
"FAXDC2",10826
"RFPL4B",442247
"HIPK4",147746
"TMEM207",131920
"GRHPR",9380
"PLA2R1",22925
"TRAF1",7185
"PLD3",23646
"DEPDC1B",55789
"TCERG1",10915
"SLN",6588
"COPS7A",50813
"ZNF629",23361
"GNAL",2774
"GCHFR",2644
"SFTPB",6439
"ZCCHC9",84240
"KIF12",113220
"SUMF2",25870
"GOLGA6L22",440243
"MED10",84246
"CD8B2",927
"SOX9",6662
"FOXRED1",55572
"AP1S2",8905
"SPATC1L",84221
"NXF5",55998
"MCTP1",79772
"SLC35F2",54733
"CNOT8",9337
"RPS6KC1",26750
"ROR2",4920
"TM9SF2",9375
"PADI2",11240
"AR",367
"SNX29",92017
"CCDC163",126661
"BRF1",2972
"SH3YL1",26751
"WDR90",197335
"UBE2QL1",134111
"NEIL3",55247
"ATF6",22926
"NUBPL",80224
"ARG1",383
"PROC",5624
"PCNP",57092
"ZNF84",7637
"ARID5A",10865
"TTYH1",57348
"SLC25A19",60386
"PIK3CG",5294
"ATP2A3",489
"CMTR1",23070
"LSS",4047
"SBNO2",22904
"C7orf57",136288
"RPP25L",138716
"NFYA",4800
"PSMD2",5708
"VPS26C",10311
"BCL7C",9274
"MPPE1",65258
"TRPM8",79054
"IPO5",3843
"DIAPH3",81624
"JADE2",23338
"FAM241A",132720
"ATF6B",1388
"SMUG1",23583
"APOBEC2",10930
"EIF3D",8664
"TSPO2",222642
"MMACHC",25974
"OLFML2B",25903
"AGA",175
"MITF",4286
"C19orf47",126526
"LRRC59",55379
"ZNF473",25888
"ITGB6",3694
"PRDX1",5052
"OARD1",221443
"EME1",146956
"FRMD5",84978
"NEMP2",100131211
"GABRB2",2561
"KAT5",10524
"TANGO6",79613
"KXD1",79036
"ESYT2",57488
"PRX",57716
"MFSD6",54842
"TMEM216",51259
"GPR151",134391
"IZUMO2",126123
"SERTAD1",29950
"TMIGD1",388364
"TCF7L1",83439
"AP1AR",55435
"SERTAD3",29946
"SLF1",84250
"CCDC167",154467
"BLVRB",645
"GRPEL2",134266
"MTRNR2L8",100463486
"TNS1",7145
"GABRA6",2559
"PRIMA1",145270
"TEC",7006
"ACOT12",134526
"CPPED1",55313
"PCYOX1L",78991
"SPAST",6683
"PRKAR2B",5577
"ELK3",2004
"LRWD1",222229
"EIF2B5",8893
"SPP2",6694
"GRB2",2885
"AKAP1",8165
"EEF1AKNMT",51603
"TOMM20",9804
"SPTBN4",57731
"WNT5A",7474
"RPLP0",6175
"RNF141",50862
"PPBP",5473
"CHRDL1",91851
"MYH14",79784
"CXCL5",6374
"CTSC",1075
"ABCC3",8714
"SPINK8",646424
"CXCL3",2921
"ZBTB5",9925
"IPMK",253430
"SELENOM",140606
"POLR2J",5439
"CXCL2",2920
"IL17B",27190
"BTBD6",90135
"TIFA",92610
"CA4",762
"ALPK1",80216
"FBXW12",285231
"DUSP13",51207
"ARL4C",10123
"CXXC4",80319
"UNC5CL",222643
"XKR7",343702
"PACS2",23241
"TGOLN2",10618
"NDE1",54820
"FAM181A",90050
"IL27RA",9466
"MRVI1",10335
"CCM2L",140706
"MARCKS",4082
"NPHP1",4867
"AUTS2",26053
"PALM3",342979
"C1orf127",148345
"LRCH2",57631
"NDUFAF7",55471
"MISP3",113230
"PPP2R2B",5521
"DTYMK",1841
"RNASEH2C",84153
"SHISA9",729993
"SPATA46",284680
"RBMXL3",139804
"NOS1AP",9722
"AOAH",313
"LUZP4",51213
"COL27A1",85301
"GTF3C1",2975
"MYH11",4629
"SAMD8",142891
"SH3BP4",23677
"RRM2",6241
"ACTN2",88
"C1orf226",400793
"DYNC2LI1",51626
"LYZ",4069
"C19orf67",646457
"ZNF140",7699
"RSBN1L",222194
"CES1",1066
"RBM12",10137
"SAMD1",90378
"PRKD3",23683
"ARHGAP25",9938
"NCSTN",23385
"ROMO1",140823
"ECE2",9718
"USP32",84669
"TMEM60",85025
"ZNF891",101060200
"REX1BD",55049
"NFS1",9054
"IMMP1L",196294
"SHKBP1",92799
"MAP3K7CL",56911
"PHF8",23133
"CPEB3",22849
"CRLF1",9244
"PLS3",5358
"VILL",50853
"GRM8",2918
"LYVE1",10894
"TMEM59L",25789
"MARCHF5",54708
"URM1",81605
"ACSM6",142827
"DNAJC24",120526
"TMPRSS2",7113
"HAPLN3",145864
"BTD",686
"CYP24A1",1591
"DCTN3",11258
"NDRG3",57446
"CHMP1B",57132
"ESRP1",54845
"PABPC1",26986
"FNDC10",643988
"COPA",1314
"NCOA5",57727
"RAB39A",54734
"ST6GAL2",84620
"C17orf64",124773
"GUK1",2987
"ZBTB11",27107
"UBA52",7311
"GRPR",2925
"FBXO32",114907
"COL21A1",81578
"LARS2",23395
"PRKACA",5566
"MAGEB17",645864
"RPL24",6152
"GTF2B",2959
"ACAT1",38
"RAB29",8934
"MIB2",142678
"KDM5D",8284
"RALGAPB",57148
"CHRAC1",54108
"MOV10L1",54456
"GRM5",2915
"YEATS4",8089
"FAM131A",131408
"KLHL38",340359
"CDY1",9085
"ING5",84289
"UFSP1",402682
"C12orf76",400073
"ARID3C",138715
"RASGRP2",10235
"CNOT9",9125
"NAB1",4664
"GGPS1",9453
"IDE",3416
"DGKH",160851
"ANKRD13A",88455
"FAM200B",285550
"PROX1",5629
"ANKRD28",23243
"ORC1",4998
"CPNE1",8904
"C1orf94",84970
"TM4SF18",116441
"POGK",57645
"WDR91",29062
"KCNC3",3748
"SGPP2",130367
"ASF1B",55723
"PIK3R1",5295
"MSI2",124540
"CUL5",8065
"CFAP69",79846
"RBM34",23029
"SIGMAR1",10280
"TADA1",117143
"ADGRL1",22859
"LTBP4",8425
"NAPSA",9476
"MDGA1",266727
"CLCN2",1181
"B3GALNT2",148789
"TUT4",23318
"CXorf51B",100133053
"MINK1",50488
"CXorf51A",100129239
"ACHE",43
"EVL",51466
"RUNDC3A",10900
"CLYBL",171425
"NR1H2",7376
"SH2D1B",117157
"FAM234B",57613
"ADAMTS20",80070
"UHMK1",127933
"CASKIN2",57513
"DENND2D",79961
"TBCE",6905
"UBASH3A",53347
"APPBP2",10513
"FBXL5",26234
"NIBAN1",116496
"KIF11",3832
"SPTLC1",10558
"GSG1",83445
"MOCS2",4338
"PFDN4",5203
"HACL1",26061
"NSUN2",54888
"FTCDNL1",348751
"PM20D1",148811
"D2HGDH",728294
"PSMD11",5717
"TCEA3",6920
"CCDC83",220047
"TBC1D2B",23102
"SLC41A1",254428
"EPB41L4A",64097
"GJB4",127534
"GJA4",2701
"TMEM94",9772
"REXO1",57455
"GJB3",2707
"FUT8",2530
"CHI3L2",1117
"RGPD4",285190
"SMIM12",113444
"CEP97",79598
"INSC",387755
"EFNA1",1942
"GJB5",2709
"PRPF38A",84950
"PWP2",5822
"BMP10",27302
"VEGFB",7423
"DOK5",55816
"CERCAM",51148
"COMMD10",51397
"PPM1D",8493
"VWA5A",4013
"SEC24A",10802
"BST1",683
"ZFAND3",60685
"ELMOD3",84173
"ALDH1A1",216
"EPHB3",2049
"CD28",940
"HPCAL1",3241
"C10orf82",143379
"KIF13A",63971
"GABRE",2564
"SELENOS",55829
"MTHFD2L",441024
"WSB1",26118
"RNF26",79102
"CHRD",8646
"CISD1",55847
"SAR1B",51128
"HSPA12A",259217
"C1QTNF5",114902
"NEU4",129807
"CASC3",22794
"ULK3",25989
"MAF",4094
"GP1BA",2811
"MFRP",83552
"ASB2",51676
"SLC16A8",23539
"C17orf107",100130311
"GDPD5",81544
"CHRNE",1145
"SLAIN2",57606
"DEGS2",123099
"NUMBL",9253
"SLC10A2",6555
"CTLA4",1493
"COG8",84342
"POLR1E",64425
"ENO4",387712
"FAM110B",90362
"PDLIM1",9124
"ARL4D",379
"PHTF1",10745
"SRSF4",6429
"COL14A1",7373
"BAIAP2L2",80115
"NIP7",51388
"KLF16",83855
"SHTN1",57698
"B4GALT2",8704
"POLD1",5424
"ZNF268",10795
"SLC28A1",9154
"ZIC5",85416
"MFGE8",4240
"PDE1C",5137
"GAL3ST2",64090
"LENG8",114823
"SLC5A7",60482
"NDUFAF8",284184
"SLC10A4",201780
"CD40",958
"MDM4",4194
"CCDC182",101927581
"MRPS23",51649
"TERF2",7014
"TET2",54790
"MMAB",326625
"C4B_2",100293534
"SLC38A10",124565
"SEC23A",10484
"EFCAB2",84288
"DLGAP3",58512
"BCORL1",63035
"OPHN1",4983
"ERC2",26059
"MTR",4548
"PLSCR4",57088
"CCDC197",256369
"LENG9",94059
"CHTF8",54921
"CHTF8",113455421
"GKN2",200504
"JCAD",57608
"ZMYM6",9204
"C19orf54",284325
"CDC34",997
"GNLY",10578
"RASA4B",100271927
"PLCD4",84812
"KIF21A",55605
"DERPC",113455421
"ELOVL7",79993
"THPO",7066
"HAS3",3038
"AGTR2",186
"PPP1CC",5501
"DUSP14",11072
"TMEM35B",100506144
"COQ8B",79934
"KLHL26",55295
"BAHCC1",57597
"SSR2",6746
"UTP4",84916
"DOCK7",85440
"ODC1",4953
"EXOSC1",51013
"MVK",4598
"INPP5J",27124
"ZNF10",7556
"POLR2H",5437
"VAV3",10451
"SLC50A1",55974
"UBE2D1",7321
"COMMD4",54939
"DDX24",57062
"ACTG1",71
"ADGRE5",976
"MAGEA10",4109
"C5",727
"SCARA3",51435
"LIF",3976
"KRT24",192666
"CAMLG",819
"AP001453.5",114841035
"PARK7",11315
"SPIRE2",84501
"CBLN4",140689
"ZAR1",326340
"DAOA",267012
"FKBP2",2286
"MC3R",4159
"SLC26A9",115019
"SLC25A16",8034
"ABCF3",55324
"FAM210B",116151
"UBXN2B",137886
"OTUB2",78990
"IL4",3565
"SPIB",6689
"ANXA13",312
"ARHGEF2",9181
"MTLN",205251
"ITPKC",80271
"CCDC25",55246
"SNRPA",6626
"INF2",64423
"LRCH1",23143
"RIPK4",54101
"SLC6A9",6536
"IL1RAP",3556
"KRT25",147183
"ZIC2",7546
"RETSAT",54884
"SERPINB6",5269
"OSM",5008
"TMED6",146456
"FLII",2314
"SPIDR",23514
"ABHD17A",81926
"MYBPC2",4606
"PDCD1",5133
"PGAM1",5223
"EFEMP1",2202
"SNTB2",6645
"CHCHD4",131474
"SUMO3",6612
"SGSM3",27352
"KIF3A",11127
"METAP1",23173
"IL1R1",3554
"PDF",64146
"FSCN2",25794
"RNF2",6045
"RANBP17",64901
"CRTC1",23373
"VPS4A",27183
"ZZEF1",23140
"GABRA3",2556
"GTPBP10",85865
"AKR1A1",10327
"MTMR7",9108
"TMCC3",57458
"GZMM",3004
"FAAP100",80233
"ZMAT1",84460
"CLCN3",1182
"CSNK1A1",1452
"FAM71E1",112703
"KRT26",353288
"ELF4",2000
"ICOS",29851
"GFI1",2672
"ARID4B",51742
"SLC6A14",11254
"TTC7B",145567
"EIF4G1",1981
"VPS37A",137492
"ABHD2",11057
"CT83",203413
"B2M",567
"TYW5",129450
"PPP1R14B",26472
"NPLOC4",55666
"GLS",2744
"EMC10",284361
"ILDR2",387597
"TMEM14A",28978
"MRTFA",57591
"ESCO2",157570
"TSEN54",283989
"SULT1C3",442038
"CHRNB4",1143
"AASS",10157
"HCK",3055
"CUEDC1",404093
"MAIP1",79568
"CDK17",5128
"CCDC24",149473
"CLDN12",9069
"CLDN12",102723899
"RAB7B",338382
"ERRFI1",54206
"SLK",9748
"PDHA1",5160
"C2orf69",205327
"MIA",8190
"SHISA2",387914
"SERPINC1",462
"JOSD2",126119
"PBK",55872
"ADPGK",83440
"TSPAN10",83882
"OR10D3",26497
"LRRN2",10446
"MRPL23",6150
"MRPL23",107987373
"CLCN1",1180
"DPM3",54344
"KRT27",342574
"PDE6G",5148
"RAB4B",53916
"OR8G1",26494
"GABRQ",55879
"ANO7",50636
"SBSN",374897
"GPR22",2845
"TCEAL2",140597
"ASPDH",554235
"BSG",682
"SH2D7",646892
"BACH1",571
"KRT28",162605
"TCEAL6",158931
"DUS4L-BCAP29",115253422
"CIB2",10518
"XRN1",54464
"BCS1L",617
"CYP2A6",1548
"BCAP29",55973
"STAT1",6772
"KRT10",3858
"LRRC4B",94030
"VEZF1",7716
"CYP2B6",1555
"CCDC137",339230
"RNF6",6049
"MAGEA3",4102
"CDK14",5218
"SPDYE2B",100310812
"SYT3",84258
"MAP3K15",389840
"OXLD1",339229
"TENM3",55714
"POLR2J3",548644
"GRIK1",2897
"TFAM",7019
"ADSL",158
"MRPL13",28998
"SRSF1",6426
"EGLN2",112398
"DYRK1A",1859
"ACSBG1",23205
"ATOH8",84913
"FAM91A1",157769
"SEMA6A",57556
"TMEM147",10430
"SLC2A8",29988
"TRMT1L",81627
"MTBP",27085
"HS3ST5",222537
"C19orf81",342918
"NUTM2A",728118
"WDR60",55112
"HDAC2",3066
"TBC1D10A",83874
"ERCC4",2072
"IGSF11",152404
"NUTM2D",728130
"GABRA1",2554
"PUS7L",83448
"PLSCR2",57047
"SHANK1",50944
"SNTB1",6641
"LLGL1",3996
"IDH3A",3419
"CYP2A7",1549
"COMP",1311
"ZNF512B",57473
"ANXA1",301
"ORM2",5005
"ZNF800",168850
"STAC",6769
"EVI5",7813
"RAPGEFL1",51195
"UCKL1",54963
"PPP1R14D",54866
"RTP5",285093
"GAPDHS",26330
"CTF1",1489
"UPK3BL1",100134938
"ORM1",5004
"CYP2A13",1553
"COG5",10466
"RASA4",10156
"GABBR2",9568
"CSAG2",102723547
"ORAI3",93129
"CLEC11A",6320
"ATXN3",4287
"GOLGA6L6",727832
"CDC42EP5",148170
"FBXL19",54620
"ANKFY1",51479
"KRT12",3859
"CYP2F1",1572
"DDX39A",10212
"GPR32",2854
"CASTOR1",652968
"NDUFA12",55967
"VIPR2",7434
"OGT",8473
"NFASC",23114
"MAGEA2B",266740
"PTTG1IP",754
"ARL16",339231
"ACP4",93650
"EMP1",2012
"PLXNB1",5364
"CCDC85A",114800
"CYP2S1",29785
"C19orf48",84798
"SDR42E1",93517
"ADM2",79924
"MDFIC2",107986096
"ZMYND10",51364
"POLB",5423
"HGS",9146
"CTPS2",56474
"RC3H1",149041
"FER1L6",654463
"BICC1",80114
"ZNF142",7701
"HGF",3082
"IWS1",55677
"HBP1",26959
"RBMS1",5937
"DPP6",1804
"AXL",558
"LAIR2",3904
"MYCT1",80177
"AGAP1",116987
"SLC22A17",51310
"ADSS1",122622
"MC1R",4157
"KLK1",3816
"TCF25",22980
"UPK3BL2",107983993
"NDUFS7",374291
"ESD",2098
"POLR2J2",246721
"GRIN2B",2904
"HSD17B2",3294
"SPDYE2",441273
"CYB5D2",124936
"PTK7",5754
"PRSS48",345062
"KLK15",55554
"MEPCE",56257
"SOS2",6655
"BEX5",340542
"SH3D19",152503
"QPCT",25797
"PGP",283871
"TIPIN",54962
"TRIM69",140691
"ZCWPW1",55063
"BRICD5",283870
"PKN1",5585
"DDX46",9879
"EFS",10278
"SPINT1",6692
"DUS4L",11062
"SLC37A1",54020
"MLST8",64223
"CHCHD2",51142
"CASC4",113201
"P2RY8",286530
"DIPK1A",388650
"SLC45A1",50651
"MORF4L1",10933
"SUFU",51684
"KLK3",354
"OR6Q1",219952
"OR9I1",219954
"DSN1",79980
"IL25",64806
"OR9Q1",219956
"S100G",795
"RPL5",6125
"LSM5",23658
"ZP2",7783
"DPY19L4",286148
"TCP11X1",100996631
"RNF41",10193
"KIAA0556",23247
"C5orf24",134553
"RSPH1",89765
"ABL2",27
"CPD",1362
"ARHGEF37",389337
"TUBB3",10381
"CTSE",1510
"DNAJA1",3301
"FST",10468
"PACRGL",133015
"IFT81",28981
"PANX2",56666
"SETD1A",9739
"HTR2A",3356
"PLEKHA5",54477
"ADH5",128
"IFI27L1",122509
"EPGN",255324
"IL1RL2",8808
"HSD3B7",80270
"FEZF1",389549
"FAM120C",54954
"KYAT3",56267
"TMEM161B",153396
"LSM3",27258
"TLX3",30012
"OS9",10956
"KLK2",3817
"SLC25A39",51629
"EIF1AY",9086
"CFAP54",144535
"KRT20",54474
"XPC",7508
"OR9Q2",219957
"HAX1",10456
"OR1S2",219958
"OR1S1",219959
"OR10Q1",219960
"NXF2",56001
"KRT23",25984
"RPS3A",6189
"CDC42EP3",10602
"SYAP1",94056
"OR10W1",81341
"CNOT10",25904
"KIAA0408",9729
"RBMXL1",494115
"PSKH2",85481
"IFI27",3429
"ABCG8",64241
"ATP6V0D2",245972
"CDH22",64405
"SOGA3",387104
"TYR",7299
"HPF1",54969
"BCAS3",54828
"ERICH4",100170765
"AKAP17A",8227
"IL1RL1",9173
"CCDC97",90324
"SAMD10",140700
"ABCG5",64240
"FMR1",2332
"DCTD",1635
"KLK4",9622
"EREG",2069
"ANKRD40",91369
"PXN",5829
"DMAC2",55101
"PPP1R35",221908
"TMEM43",79188
"KRT39",390792
"PPARGC1B",133522
"OR5B17",219965
"MECR",51102
"OR5B3",441608
"CYP7A1",1581
"F2R",2149
"NUPR2",389493
"OR5B2",390190
"ADAT3",113179
"MAPKBP1",23005
"ADH1A",124
"SCAMP4",113178
"CAPN10",11132
"IQGAP2",10788
"ANGPTL3",27329
"ADH4",127
"LHX8",431707
"PCCA",5095
"IL18R1",8809
"UNC13B",10497
"DCAF10",79269
"STRA8",346673
"MAFF",23764
"TEX55",152405
"SLC25A51",92014
"KLK7",5650
"USP2",9099
"UPK1B",7348
"SHB",6461
"AGO2",27161
"PLA2G6",8398
"TET1",80312
"RGS6",9628
"PYGB",5834
"CES4A",283848
"ADH6",130
"AREG",374
"TDRD3",81550
"MFAP3L",9848
"EXOSC3",51010
"LIMD1",8994
"ETV4",2118
"ADIG",149685
"EXOSC5",56915
"POTEB2",100287399
"TOMM5",401505
"RHEX",440712
"CSAG1",158511
"DLG2",1740
"PDCL2",132954
"SMU1",55234
"SACM1L",22908
"KLK8",11202
"FBXO10",26267
"PHTF2",57157
"AVPR1B",553
"TMEM91",641649
"ABHD12",26090
"FAM131B",9715
"ARHGAP40",343578
"MAGEA12",4111
"L2HGDH",79944
"MCM2",4171
"SLC7A13",157724
"TRMT10B",158234
"KLRB1",3820
"THY1",7070
"CCNYL1",151195
"GGACT",87769
"ADAMTS7",11173
"SULT1C2",6819
"KLK6",5653
"NFKBIZ",64332
"GPR35",2859
"TXNDC15",79770
"SLC32A1",140679
"MTF2",22823
"ACTR5",79913
"MT1HL1",645745
"CRYM",1428
"TGFB1",7040
"ARHGAP5",394
"RLBP1",6017
"MAP2K1",5604
"NDUFS4",4724
"GALNT17",64409
"RPS6KB2",6199
"FRMPD1",22844
"HNRNPUL1",11100
"TM4SF1",4071
"UAP1",6675
"FAM72A",729533
"DGLUCY",80017
"KLK9",284366
"NXPE3",91775
"MAGEA6",4105
"ANKS4B",257629
"OR8G5",219865
"OR8D1",283159
"SNAPC5",10302
"KLK5",25818
"CSAG3",389903
"OR8D2",283160
"CCDC158",339965
"WNK3",65267
"RABGAP1L",9910
"SRGAP2",23380
"TBX2",6909
"ASAP3",55616
"MAGEA2",4101
"YIPF6",286451
"DHX8",1659
"NPIPB9",100507607
"UPP1",7378
"GCNA",93953
"GKN1",56287
"GEMIN2",8487
"MRTFB",57496
"ENPP3",5169
"PTGER1",5731
"TM4SF4",7104
"CMTM5",116173
"F2RL2",2151
"BTG3",10950
"SMYD3",64754
"PAK3",5063
"SLC30A5",64924
"SMARCA4",6597
"ZGRF1",55345
"KLK10",5655
"LIMS4",100288695
"VIP",7432
"SCN7A",6332
"KRT40",125115
"NXF2B",728343
"C6orf58",352999
"GPC3",2719
"GPHN",10243
"FZD5",7855
"KLK11",11012
"FSCN3",29999
"DUSP22",56940
"B3GALT2",8707
"CDK8",1024
"OR5B12",390191
"CDC73",79577
"GSTA2",2939
"IFI27L2",83982
"GCC1",79571
"AP5B1",91056
"UPF1",5976
"NR2C1",7181
"SNRPA1",6627
"CATSPERD",257062
"ARF5",381
"OR5B21",219968
"FRS2",10818
"TCP11X2",100996648
"GIPC1",10755
"PSMD14",10213
"CTAGE9",643854
"CXCR3",2833
"BCL2L15",440603
"OR2A4",79541
"PPA2",27068
"SWT1",54823
"DYNLL2",140735
"BTC",685
"KRTAP3-3",85293
"OR4D1",26689
"KRTAP3-2",83897
"OCA2",4948
"DIP2A",23181
"BX276092.9",101059915
"OR4D2",124538
"KRTAP3-1",83896
"CNTRL",11064
"TIMM13",26517
"CXorf49",100130361
"EPX",8288
"PCBD2",84105
"LARP7",51574
"NEFM",4741
"PTPN22",26191
"MAN2C1",4123
"CETN2",1069
"NMU",10874
"KCNIP4",80333
"LMNB2",84823
"CATSPER3",347732
"TRABD",80305
"EIF4G2",1982
"PLCB3",5331
"PLEKHM3",389072
"ERCC8",1161
"TMPRSS9",360200
"TANK",10010
"ANKS6",203286
"WIPF2",147179
"CES5A",221223
"TMSB15A",11013
"DUS3L",56931
"GPR52",9293
"NSDHL",50814
"SLC25A24",29957
"GABRG2",2566
"KLK12",43849
"CAMK2D",817
"AIFM1",9131
"C16orf74",404550
"LLGL2",3993
"VBP1",7411
"DNAJB1",3337
"ZNF474",133923
"DTWD2",285605
"TCP11",6954
"RERE",473
"DMAC2L",27109
"AC010255.3",100505841
"WASF3",10810
"CCDC196",440184
"B3GNT8",374907
"ARHGAP22",58504
"AP2M1",1173
"B9D2",80776
"TECR",9524
"FLACC1",130540
"WDR93",56964
"KRTAP2-2",728279
"BCKDHA",593
"PARM1",25849
"ASMT",438
"RAB39B",116442
"DKK4",27121
"PICALM",8301
"KRTAP4-7",100132476
"PRR22",163154
"SLC44A5",204962
"KLK13",26085
"CDKL1",8814
"ME1",4199
"SRP19",6728
"SLC35C2",51006
"NEUROG2",63973
"MIOX",55586
"DMXL1",1657
"NOL10",79954
"LGALS9",3965
"YY1",7528
"AQP10",89872
"PCSK6",5046
"AKNA",80709
"AEBP2",121536
"CEACAM21",90273
"IRF9",10379
"NUDT15",55270
"TDG",6996
"CCDC160",347475
"SUCLA2",8803
"SLC25A29",123096
"EMC8",10328
"RSBN1",54665
"NEFL",4747
"SMDT1",91689
"CEACAM4",1089
"CEBPD",1052
"NDUFA6",4700
"KLK14",43847
"OVOL1",5017
"AP4B1",10717
"CEACAM7",1087
"SHROOM3",57619
"COX4I1",1327
"TRIM71",131405
"CORO1B",57175
"REEP5",7905
"CTR9",9646
"KRTCAP2",200185
"NABP2",79035
"DVL3",1857
"CCR4",1233
"CTU1",90353
"PSME2",5721
"ZNF79",7633
"SIGLEC9",27180
"CEACAM6",4680
"BTBD9",114781
"CEACAM5",1048
"CNOT4",4850
"PCDH20",64881
"MUC1",4582
"DCLK3",85443
"LPXN",9404
"CRYGD",1421
"TLNRD1",59274
"APC",324
"SV2B",9899
"IRAK4",51135
"CRYGC",1420
"ZMYM1",79830
"COL6A1",1291
"TFB2M",64216
"LRPPRC",10128
"CMTR2",55783
"CEACAM3",1084
"PTPRCAP",5790
"MACROH2A1",9555
"EEF1AKMT4",110599564
"CCDC63",160762
"FAM13C",220965
"EEF1AKMT4-ECE2",110599583
"PPP4R4",57718
"CSNK1G2",1455
"SIGLEC7",27036
"NPM1",4869
"ABCD2",225
"DDR2",4921
"TAS2R41",259287
"ERGIC1",57222
"PRRC1",133619
"LYPD4",147719
"ZYX",7791
"C11orf58",10944
"ALG3",10195
"DMRTC2",63946
"RNF31",55072
"SOX6",55553
"C12orf40",283461
"RPS4Y2",140032
"RPS6KA5",9252
"CNTF",1270
"ZPLD1",131368
"RPL19",6143
"GSG1L",146395
"ZFP91",80829
"CD33",945
"IL17C",27189
"SLC2A13",114134
"RPS19",6223
"DNM3",26052
"TASOR",23272
"CRYGB",1419
"SERPINA10",51156
"ADGRF5",221395
"TSR2",90121
"KRTAP4-6",81871
"SDCBP",6386
"KHDRBS2",202559
"KRTAP4-5",85289
"KRTAP4-4",84616
"FGD1",2245
"CRYGA",1418
"RPL26L1",51121
"TAS2R60",338398
"SELENOO",83642
"KRTAP4-3",85290
"MESP1",55897
"NEIL1",79661
"MTRF1L",54516
"EPHA1",2041
"KRTAP4-2",85291
"KRTAP4-1",85285
"CCDC18",343099
"RBBP7",5931
"CFAP161",161502
"OPN1LW",5956
"VWA5B2",90113
"KRTAP9-1",728318
"MKS1",54903
"SLC7A2",6542
"CD79A",973
"KRTAP9-8",83901
"ATXN2L",11273
"ARL15",54622
"CYP1B1",1545
"TSC22D4",81628
"ZNF496",84838
"WDR18",57418
"TOPAZ1",375337
"CTXN3",613212
"SIGLECL1",284369
"C2orf80",389073
"PARD3B",117583
"RMDN2",151393
"ANTXR1",84168
"C7orf61",402573
"GPR37L1",9283
"CAMK2N2",94032
"SNCAIP",9627
"GALNT12",79695
"CLK1",1195
"ARL8A",127829
"ATP8B2",57198
"LCE1B",353132
"ERFL",390937
"LCE1A",353131
"LCE6A",448835
"ARHGEF1",9138
"ALKAL2",285016
"PPP1R16B",26051
"FBXO5",26271
"OR7A5",26659
"IGLON5",402665
"PHYHIPL",84457
"OR7C1",26664
"SIN3A",25942
"TRPV2",51393
"CCDC66",285331
"OPN1MW",2652
"NBPF4",148545
"GRB7",2886
"OR7A10",390892
"KRTAP16-1",100505753
"VSIG10L",147645
"WWP1",11059
"KRTAP17-1",83902
"GPR12",2835
"OR7A17",26333
"KSR1",8844
"ANHX",647589
"SSBP2",23635
"TXLNG",55787
"NLRP3",114548
"CERS1",10715
"BBS10",79738
"RHOV",171177
"MAGEF1",64110
"PITX1",5307
"ZBED1",9189
"SULT1C4",27233
"EXOC1L",644145
"MLX",6945
"CLDND2",125875
"LPO",4025
"MTPAP",55149
"CDIP1",29965
"FRYL",285527
"DHRSX",207063
"GOSR1",9527
"CALN1",83698
"ETFB",2109
"SMCP",4184
"PRSS35",167681
"VPS18",57617
"ZNF185",7739
"IL6R",3570
"IVL",3713
"NCOA3",8202
"PLCB2",5330
"RMDN1",51115
"RPL12",6136
"DPP9",91039
"NKG7",4818
"MYH6",4624
"GDF1",2657
"FAM83D",81610
"PLSCR1",5359
"NRTN",4902
"CACNA1F",778
"E2F2",1870
"RGS17",26575
"PSMC3IP",29893
"LIM2",3982
"PPIL3",53938
"CCDC51",79714
"ELMO2",63916
"C1orf105",92346
"PLA2G3",50487
"GRN",2896
"CBFB",865
"KLF17",128209
"C19orf84",147646
"PLCD1",5333
"TMA7",51372
"GLYAT",10249
"SERPINH1",871
"PDE8A",5151
"PIGC",5279
"AVL9",23080
"ELMO1",9844
"SIGLEC10",89790
"PHF6",84295
"CXorf49B",100132994
"GATD3A",8209
"MAEL",84944
"RHOT2",89941
"CCNB1",891
"AL603764.2",112577516
"C10orf120",399814
"PDIA6",10130
"DDX49",54555
"CCDC192",728586
"DRC7",84229
"CPSF7",79869
"ANKRD26",22852
"B4GALT4",8702
"DR1",1810
"SOAT1",6646
"NEO1",4756
"TMED5",50999
"DLL4",54567
"RTL5",340526
"NHSL2",340527
"NHSL2",392490
"CHAC1",79094
"ZNF648",127665
"MPHOSPH6",10200
"CCAR1",55749
"ENPP1",5167
"SLCO3A1",28232
"FOSL2",2355
"GLT8D2",83468
"NOP58",51602
"SULF2",55959
"KLHL13",90293
"STAC2",342667
"SNX32",254122
"MESP2",145873
"TIRAP",114609
"GCC2",9648
"MINPP1",9562
"COPE",11316
"ACADL",33
"HPRT1",3251
"TMEM132D",121256
"HCN2",610
"ADGRG3",222487
"TM9SF4",9777
"EIF4G3",8672
"AAAS",8086
"MUS81",80198
"CLIC2",1193
"SPRR4",163778
"PIP5K1C",23396
"SPRR1A",6698
"SPRR3",6707
"BCAP31",10134
"DCPS",28960
"STRADB",55437
"TMTC4",84899
"H2AB2",474381
"F8A2",474383
"HERPUD1",9709
"F8A3",474384
"ARAP1",116985
"H2AB3",83740
"HSPB3",8988
"SNX18",112574
"TMLHE",55217
"RYR2",6262
"ANKRD63",100131244
"FUT6",2528
"ATP6V0E1",8992
"GIN1",54826
"CENPH",64946
"ATP6V1C2",245973
"FER1L5",90342
"NECTIN1",5818
"TMEM65",157378
"RNF185",91445
"CNST",163882
"TRMT12",55039
"OR2H2",7932
"DYNLRB2",83657
"UBD",10537
"ATP1A3",478
"RNF25",64320
"GABBR1",2550
"SERPINA6",866
"TLK2",11011
"USP12",219333
"TRAK2",66008
"RNF167",26001
"UBQLN4",56893
"KLF18",105378952
"ATP5F1D",513
"CDC6",990
"SCCPDH",51097
"MAPRE2",10982
"FP565260.3",102723996
"STK24",8428
"GADD45B",4616
"STK36",27148
"DPF3",8110
"CD63",967
"OSBPL5",114879
"OPN1MW2",728458
"EFEMP2",30008
"FGF18",8817
"RNF139",11236
"CCN2",1490
"GSTA1",2938
"COL15A1",1306
"MTSS1",9788
"RUFY4",285180
"ATP2A2",488
"ANPEP",290
"SMIM23",644994
"HOMER3",9454
"SOWAHB",345079
"VDAC3",7419
"TEX28",1527
"ESM1",11082
"MPO",4353
"TKTL1",8277
"CACNA2D1",781
"GZMK",3003
"AC093830.1",51802
"CYBA",1535
"TDO2",6999
"SPRR1B",6699
"KANSL3",55683
"ZP4",57829
"RIOK2",55781
"GATD3B",102724023
"PTGER4",5734
"C16orf96",342346
"TTC33",23548
"NR5A2",2494
"AHCTF1",25909
"CCNI2",645121
"HDAC8",55869
"ASB8",140461
"SLC25A11",8402
"LIX1",167410
"SEPTIN8",23176
"SPRR2D",6703
"TMEM134",80194
"OPN1MW3",101060233
"SDHAF2",54949
"RNF113B",140432
"SIGLEC8",27181
"MIDN",90007
"OR7C2",26658
"FARP1",10160
"TMEM259",91304
"OR2B11",127623
"ST8SIA2",8128
"CFL1",1072
"CREBRF",153222
"ADGRF1",266977
"FMR1NB",158521
"TRIM46",80128
"FP565260.1",102724159
"PPP1R32",220004
"CEACAM18",729767
"LMF2",91289
"SIGLEC12",89858
"CABP4",57010
"WWTR1",25937
"IKBKE",9641
"GAMT",2593
"LGSN",51557
"NYAP1",222950
"GPR152",390212
"CCDC105",126402
"MOV10",4343
"PDGFRL",5157
"SLC1A6",6511
"TREH",11181
"PRPF6",24148
"GNG7",2788
"MTUS1",57509
"TATDN1",83940
"TWF1",5756
"GRIN3B",116444
"SIGLEC6",946
"SFPQ",6421
"COMMD2",51122
"GPA33",10223
"PLAC1",10761
"SUPT4H1",6827
"IVNS1ABP",10625
"ACLY",47
"SMIM5",643008
"VAX1",11023
"RABGGTB",5876
"OR8B2",26595
"OR8B3",390271
"RNF43",54894
"DUSP27",92235
"TBX4",9496
"B4GALT1",2683
"GLUL",2752
"OR8B4",283162
"TUBG1",7283
"KCNK18",338567
"MYO15B",80022
"OR8B8",26493
"NPHS2",7827
"GZMA",3001
"BNIP1",662
"SLC18A2",6571
"AXDND1",126859
"PHLDB1",23187
"SEPTIN11",55752
"SHE",126669
"RABAC1",10567
"OR8B12",219858
"TREML1",340205
"RETREG3",162427
"OR8A1",390275
"XPO6",23214
"NACA2",342538
"NDUFB7",4713
"TDRD10",126668
"JMJD7-PLA2G4B",8681
"PAPSS2",9060
"SLC3A1",6519
"GSTA5",221357
"PANX3",116337
"PDZD8",118987
"FBXW11",23291
"TSPOAP1",9256
"MAP3K8",1326
"NDUFAF2",91942
"ZNF574",64763
"APOBEC3A",200315
"APOBEC3A",100913187
"GLYATL2",219970
"STARD8",9754
"ZNF175",7728
"RARA",5914
"FUT3",2525
"GRIK5",2901
"PTPN7",5778
"FZD1",8321
"DHODH",1723
"PLAGL2",5326
"CDK5R1",8851
"ACADM",34
"HERC2",8924
"MRC2",9902
"GLO1",2739
"LYZL2",119180
"SIGLEC14",100049587
"NDUFA11",126328
"BAG1",573
"NSMAF",8439
"ALCAM",214
"JMJD7",100137047
"AL445989.1",112267897
"FUT5",2527
"PIK3C3",5289
"S100B",6285
"WDR44",54521
"IMPG1",3617
"CXADR",1525
"SIGLEC5",8778
"PRKDC",5591
"EPHB1",2047
"EHD4",30844
"SMIM6",100130933
"MYH7",4625
"MVD",4597
"BRIP1",83990
"SPACA6",147650
"RECQL5",9400
"GPRASP1",9737
"RORA",6095
"INAFM2",100505573
"PLA2G4B",100137049
"CASP14",23581
"POU2F2",5452
"ARMCX5-GPRASP2",100528062
"NDUFB9",4715
"BHLHB9",80823
"SPINK4",27290
"MEOX1",4222
"OR1I1",126370
"RBMY1A1",5940
"PREPL",9581
"CLEC17A",388512
"HAS1",3036
"C20orf204",284739
"CCNE2",9134
"SPTBN5",51332
"MOXD1",26002
"ZNF281",23528
"AGFG2",3268
"SPRY3",10251
"GPRASP2",114928
"GPRASP2",100528062
"PAX6",5080
"KRT33A",3883
"OR14A2",388761
"OR2G2",81470
"KY",339855
"OR2C3",81472
"COL17A1",1308
"ARMCX5",64860
"CXCR2",3579
"RBMY1B",378948
"KRT33B",3884
"ID3",3399
"PTP4A1",7803
"GCSAML",148823
"BMPR2",659
"KBTBD2",25948
"TREM2",54209
"F2RL1",2150
"CHRM3",1131
"TYW1B",441250
"MYL2",4633
"S100Z",170591
"SOGA1",140710
"FAM174B",400451
"BTBD2",55643
"FPR3",2359
"SOST",50964
"FPR2",2358
"HTR1B",3351
"TREML2",79865
"FAM24B",196792
"STX7",8417
"DUSP3",1845
"ZNF649",65251
"INTS2",57508
"IL18RAP",8807
"AURKA",6790
"ZNF613",79898
"EPDR1",54749
"MEI4",101928601
"GMNC",647309
"TP53INP1",94241
"CUZD1",50624
"KRT34",3885
"KRT34",100653049
"CXCR1",3577
"CTSO",1519
"PDE3A",5139
"TRANK1",9881
"TEDDM1",127670
"ABCD1",215
"SMIM15",643155
"KRT31",3881
"UBE2G1",7326
"ZNF577",84765
"SLC12A2",6558
"ZNF350",59348
"NME8",51314
"FAM171A2",284069
"RNF215",200312
"VAMP7",6845
"KRT37",8688
"INTS8",55656
"RGPD6",729540
"OSTN",344901
"ICE2",79664
"PLXNB3",5365
"UBALD1",124402
"ICOSLG",23308
"PNMA5",114824
"PLSCR5",389158
"CYB561D2",11068
"OR1C1",26188
"ATR",545
"OR2G3",81469
"RGSL1",353299
"ZNF615",284370
"MTFP1",51537
"TRAPPC6B",122553
"OR14K1",343170
"OR6F1",343169
"OR13G1",441933
"CTAGE15",441294
"SFRP4",6424
"CACNA2D2",9254
"KCNT2",343450
"RPL11",6135
"ARHGAP31",57514
"CCDC157",550631
"SPNS3",201305
"HPR",3250
"GPR141",353345
"GJD3",125111
"ILVBL",10994
"STARD10",10809
"VMAC",400673
"FPR1",2357
"CAPS",828
"DHX38",9785
"CFAP97D1",284067
"SRPK3",26576
"SF3A1",10291
"TCAF2",285966
"AFF2",2334
"SLC6A20",54716
"ZNF614",80110
"CDYL2",124359
"RANBP3",8498
"NQO2",4835
"NALCN",259232
"OPRM1",4988
"PPM1B",5495
"IRAK1BP1",134728
"ATL1",51062
"ZNF841",284371
"MASP2",10747
"SPRR2A",6700
"FANCL",55120
"SAMHD1",25939
"MARVELD2",153562
"SEC14L2",23541
"RPL21",6144
"ZNF432",9668
"SPRR2E",6704
"ZNF333",84449
"SYDE1",85360
"SPRR2B",6701
"SPRR2F",6705
"PHIP",55023
"TARDBP",23435
"SPRR2G",6706
"TNFRSF21",27242
"CDC20B",166979
"LELP1",149018
"ZNF616",90317
"HDLBP",3069
"PRR9",574414
"FZD10",11211
"ZNF836",162962
"LORICRIN",4014
"SNAI3",333929
"PGLYRP3",114771
"ADGRE2",30817
"IRF8",3394
"ADGRB2",576
"ODF2",4957
"PMFBP1",83449
"PPP2R1A",5518
"SAV1",60485
"FAM222A",84915
"CD2AP",23607
"SLC39A3",29985
"TJP3",27134
"NPIPB3",23117
"SBK1",388228
"MAP4K5",11183
"DIRAS1",148252
"OCLN",100506658
"FAM160A1",729830
"CCDC9B",388115
"NDUFAF6",137682
"MYL1",4632
"GPX8",493869
"SLC29A1",2030
"YWHAZ",7534
"RAB33A",9363
"FAM24A",118670
"ZNF280C",55609
"TOP2A",7153
"NPIPB6",728741
"DNMT3L",29947
"SLC9A4",389015
"TGFBR1",7046
"C17orf97",400566
"ASB18",401036
"CITED1",4435
"GBX2",2637
"NBPF6",653149
"LANCL1",10314
"TXNL4B",54957
"VRK2",7444
"GSTA3",2940
"POLRMT",5442
"HCFC2",29915
"PDE6A",5145
"POM121",9883
"ZNF480",147657
"HP",3240
"ERCC6L",54821
"TRPV1",7442
"ZNF397",84307
"ZNF610",162963
"PIN4",5303
"AL445238.1",647264
"FAM81B",153643
"DEDD2",162989
"RFLNB",359845
"ZNF766",90321
"APBA3",9546
"EIF2D",1939
"CALB2",794
"RPS4X",6191
"FRK",2444
"ELOA",6924
"ZSCAN30",100101467
"SERPINA1",5265
"WDR34",89891
"ZNF880",400713
"IPCEF1",26034
"ZNF526",116115
"DAZAP1",26528
"TLDC2",140711
"SLC26A2",1836
"TMEM39A",55254
"TIGD6",81789
"EXOC1",55763
"ZNF528",84436
"RASSF5",83593
"CDH13",1012
"C16orf70",80262
"ADGRE3",84658
"ERF",2077
"HMGXB3",22993
"SPTAN1",6709
"NGDN",25983
"EPM2AIP1",9852
"WWC2",80014
"RIMS1",22999
"GSK3A",2931
"CAPN6",827
"TMEM117",84216
"ZNF534",147658
"PNN",5411
"IKZF5",64376
"ITGA2B",3674
"RNF112",7732
"NPRL2",10641
"HSD17B7",51478
"KIF14",9928
"C10orf88",80007
"SMARCA2",6595
"VPS53",55275
"IQCA1",79781
"CRHBP",1393
"IL9R",3581
"ZNF578",147660
"SFR1",119392
"PSTK",118672
"CCDC190",339512
"RNF166",115992
"ZNF808",388558
"PCLO",27445
"TLE7",102723796
"EFNB1",1947
"ARPIN",348110
"PYGM",5837
"STK10",6793
"B3GNT9",84752
"FKBP9",11328
"PAFAH1B3",5050
"ATF7IP",55729
"RASL11A",387496
"ZSWIM6",57688
"ARPIN-AP3S2",100526783
"ZNF701",55762
"GCSH",2653
"DYRK3",8444
"CTAGE6",340307
"CLDN22",53842
"IGFBP4",3487
"PRR19",284338
"AP3S2",10239
"GJC2",57165
"CIC",23152
"ITPRID2",6744
"PRDM15",63977
"PTMS",5763
"XIRP2",129446
"FAM117B",150864
"POGLUT1",56983
"GNL3L",54552
"ARHGEF38",54848
"COL10A1",1300
"GPATCH8",23131
"CCNI",10983
"LCTL",197021
"CNKSR3",154043
"MED13",9969
"ZNF83",55769
"SLCO1C1",53919
"NT5DC1",221294
"TNFAIP8",25816
"MPP3",4356
"ENO1",2023
"MAP7D3",79649
"MLF2",8079
"GSN",2934
"INTS12",57117
"PNMA3",29944
"SPG7",6687
"CMC2",56942
"KRT38",8687
"ALG2",85365
"PNMA6A",84968
"FZD2",2535
"EFCAB9",285588
"PGLYRP4",57115
"ZWILCH",55055
"MAGEA1",4100
"UBTD2",92181
"TMEM115",11070
"KRT32",3882
"AIP",9049
"MTA1",9112
"IBA57",200205
"SGTA",6449
"PRKAA1",5562
"KRT35",3886
"ZNF611",81856
"ZNF479",90827
"NKX2-5",1482
"ZNF670",93474
"SOX18",54345
"NCAPH2",29781
"PNMA6F",105373377
"SHPK",23729
"ZNF275",10838
"ZNF695",57116
"PHGR1",644844
"STARD5",80765
"TMEM184B",25829
"KRT36",8689
"DISP2",85455
"TCAF1",9747
"MARCHF10",162333
"NPNT",255743
"PLB1",151056
"IL16",3603
"ARMC6",93436
"SLC9A2",6549
"TMEM145",284339
"IDH1",3417
"SH3PXD2B",285590
"C16orf46",123775
"SEC61B",10952
"IKZF3",22806
"FGF22",27006
"REPS2",9185
"ZNF600",162966
"CENPN",55839
"DHX35",60625
"PHF3",23469
"RNF126",55658
"ARPC2",10109
"MEGF8",1954
"GTF3A",2971
"TREML4",285852
"STC2",8614
"VPS8",23355
"PPP1R3F",89801
"GUCY2C",2984
"ZNF320",162967
"EIF3CL",728689
"POFUT1",23509
"HSBP1",3281
"NEURL1B",54492
"TREM1",54210
"OR14A16",284532
"CD38",952
"OR11L1",391189
"FOXP3",50943
"CCDC50",152137
"ODF3B",440836
"TRIM58",25893
"DUSP1",1843
"EYS",346007
"RPL4",6124
"OR2W3",343171
"ZNF888",388559
"FSTL3",10272
"SCO2",9997
"ZNF669",79862
"NCR2",9436
"OBSCN",84033
"ZNF468",90333
"PLBD1",79887
"LIMK2",3985
"OR2T8",343172
"OR2AJ1",127608
"MTIF3",219402
"TYMP",1890
"UTS2B",257313
"OR2L8",391190
"CHIA",27159
"OR2AK2",391191
"EFCAB3",146779
"BOD1",91272
"ATMIN",23300
"SEPTIN2",4735
"ZNF816-ZNF321P",100529240
"FOXP4",116113
"MAP6",4135
"ZNF816",125893
"PJA1",64219
"OR2L5",81466
"OR2L2",26246
"TEX22",647310
"OR2L3",391192
"SUCO",51430
"OSBPL8",114882
"SUGP2",10147
"NHLH1",4807
"FAM102B",284611
"ZNF124",7678
"SLC16A9",220963
"OR2L13",284521
"SLC38A7",55238
"CNFN",84518
"MED1",5469
"OSGIN1",29948
"GSTCD",79807
"ZNF28",7576
"NOTCH3",4854
"ZBED5",58486
"ERVV-1",147664
"METTL2A",339175
"THTPA",79178
"PLEKHA7",144100
"MON2",23041
"ERVV-2",100271846
"NFYB",4801
"CCDC43",124808
"FBXO24",26261
"NAT1",9
"DDX59",83479
"CXCL17",284340
"MLYCD",23417
"AP1G2",8906
"MEIOC",284071
"ZNF160",90338
"CEACAM8",1088
"OR2M5",127059
"OR2M2",391194
"MOGAT2",80168
"ANKRD52",283373
"LIPE",3991
"CCDC22",28952
"CSNK1E",1454
"OR2M3",127062
"KIF3B",9371
"TTC25",83538
"OR2M4",26245
"NLE1",54475
"MAPKAPK2",9261
"OR2T33",391195
"FBXL20",84961
"ITGB2",3689
"OR2T12",127064
"OR2M7",391196
"RBMY1D",378949
"CEACAM1",634
"PNMA6E",649238
"ZNF438",220929
"ZNF347",84671
"ZFP92",139735
"SLC39A5",283375
"SAP25",100316904
"CD300LG",146894
"TANC2",26115
"GLYATL1",92292
"MKNK2",2872
"S100A9",6280
"ZNF415",55786
"SEMA3E",9723
"S100A12",6283
"LRCH4",4034
"ZBED3",84327
"S100A8",6279
"MFSD9",84804
"DCANP1",140947
"TIFAB",497189
"FAM155B",27112
"NEUROG1",4762
"CETP",1071
"NRG1",3084
"C21orf91",54149
"RAB14",51552
"SLC25A47",283600
"CXCL14",9547
"NAT2",10
"OR14C36",127066
"SLC25A48",153328
"CNP",1267
"EPHX3",79852
"NHS",4810
"GPBAR1",151306
"CCNG2",901
"RUSC2",9853
"PCOLCE",5118
"TRIM29",23650
"KRT13",3860
"SOWAHA",134548
"C17orf113",110806298
"ZNF385C",201181
"FEM1A",55527
"ZEB1",6935
"FAM166B",730112
"NASP",4678
"ADH1C",126
"FNDC8",54752
"COL6A2",1292
"NKIRAS2",28511
"TICAM1",148022
"TPTEP2-CSNK1E",102800317
"SPC25",57405
"ZNF665",79788
"OR2G6",391211
"IL10",3586
"OR2T29",343563
"PLIN3",10226
"OR2T34",127068
"ADH1B",125
"ZNF677",342926
"NOSTRIN",115677
"BRD4",23476
"FAM185A",222234
"CCR9",10803
"VN1R2",317701
"SCAMP2",10066
"IL19",29949
"VN1R4",317703
"CSNK1G1",53944
"ZNF845",91664
"LZTFL1",54585
"SRF",6722
"ZNF525",170958
"SHROOM1",134549
"MRLN",100507027
"BGN",633
"S100A7A",338324
"DBF4B",80174
"AIRE",326
"S100A7",6278
"ZNF765",91661
"ATAD1",84896
"AC022414.1",8622
"DNAJC7",7266
"ZNF716",441234
"PDE8B",8622
"S100A6",6277
"MMP19",4327
"H4-16",121504
"RPL37",6167
"H2AJ",55766
"HAUS7",55559
"DGAT2",84649
"ZNF761",388561
"ZNF761",110116772
"CCDC6",8030
"SPDYA",245711
"ZNF813",126017
"AATF",26574
"S100A5",6276
"JPH4",84502
"GDF11",10220
"TTLL4",9654
"PIWIL1",9271
"FAM122C",159091
"FAM71D",161142
"ZNF331",55422
"G6PC2",57818
"SARNP",84324
"CSNK2A3",283106
"MYO1D",4642
"GALNT18",374378
"TRMT61B",55006
"OR2T10",127069
"NEDD1",121441
"ZFHX2",85446
"FASLG",356
"OR2T11",127077
"PCDH9",5101
"OR2T35",403244
"WBP11",51729
"OR2T27",403239
"DYNC1I2",1781
"ORMDL2",29095
"MCIDAS",345643
"LYPD8",646627
"TREX2",11219
"TNFSF18",8995
"TM2D3",80213
"APOBR",55911
"FAM122B",159090
"OR14I1",401994
"PPP1CB",5500
"PIK3IP1",113791
"INS-IGF2",723961
"CXCL13",10563
"TIMMDC1",51300
"UBE2Q1",55585
"CD99",4267
"CPEB4",80315
"CLN3",1201
"PSG3",5671
"SEMA3A",10371
"WDR61",80349
"INS",3630
"PATZ1",23598
"CD80",941
"PSG8",440533
"CFH",3075
"DNAJC14",85406
"CARD6",84674
"KLLN",100144748
"IGF2",3481
"ART4",420
"OR2F2",135948
"IL20",50604
"CHMP5",51510
"SMCO3",440087
"OR2F1",26211
"MGP",4256
"S100A4",6275
"SP7",121340
"MRGPRG",386746
"MEF2C",4208
"SERPINA9",327657
"SP1",6667
"PSG1",5669
"MRGPRE",116534
"SPOCD1",90853
"IL9",3578
"HMGN3",9324
"GATB",5188
"C12orf60",144608
"DNAJA4",55466
"S100A3",6274
"PRSS57",400668
"TDRD5",163589
"SCARA5",286133
"SERPINA11",256394
"C7",730
"PCLAF",9768
"HNF1B",6928
"ZNF195",7748
"ADH7",131
"DMAP1",55929
"SLC4A10",57282
"AAMP",14
"RGS4",5999
"KRT15",3866
"S100A2",6273
"ACSBG2",81616
"CUX2",23316
"YME1L1",10730
"TMPRSS11E",28983
"S100A16",140576
"MPP5",64398
"RCN1",5954
"UGT2B15",7366
"PTEN",5728
"DDX6",1656
"TNFSF4",7292
"PSG11",5680
"TAAR9",134860
"TAAR8",83551
"TAAR6",319100
"EIF2S1",1965
"PRDX6",9588
"OR6B1",135946
"TAAR5",9038
"TSPYL4",23270
"ELP4",26610
"PSG5",5673
"OR2A5",393046
"ACKR3",57007
"TAAR2",9287
"OR2A25",392138
"UGT2B10",7365
"SIAE",54414
"ATP6V1D",51382
"NR4A3",8013
"FMN2",56776
"S100A14",57402
"COPS8",10920
"RNF13",11342
"POLG",5428
"PTPRF",5792
"PSG4",5672
"RFX2",5990
"KLHL29",114818
"TBR1",10716
"TBRG1",84897
"CHST4",10164
"AGGF1",55109
"ADPRH",141
"TAT",6898
"RSPO1",284654
"TAAR1",134864
"CCNO",10309
"VNN1",8876
"SLC25A14",9016
"ZNF710",374655
"OR2A12",346525
"S100A1",6271
"OR2A2",442361
"WDR41",55255
"ZNF23",7571
"OR2A14",135941
"MED4",29079
"KATNB1",10300
"LAG3",3902
"CNOT6L",246175
"CTAGE4",100128553
"GREM2",64388
"S100A13",6284
"UQCRQ",27089
"ACADSB",36
"SAP30BP",29115
"PSG7",5676
"THOP1",7064
"GDF9",2661
"CHTOP",26097
"STARD3NL",83930
"PSG6",5675
"CSF1R",1436
"SPA17",53340
"ZNF19",7567
"ADAM11",4185
"RGMB",285704
"PFN2",5217
"PYDC2",152138
"PSG2",5670
"FAM163A",148753
"RIMBP2",23504
"CLDN24",100132463
"TOR1AIP2",163590
"FANCI",55215
"FYCO1",79443
"PHF21A",51317
"B3GALT1",8708
"ANKUB1",389161
"IGSF6",10261
"PSG9",5678
"DHX29",54505
"METTL9",51108
"SH3BP5L",80851
"EDA",1896
"OR2A1",346528
"IL24",11009
"PHETA1",144717
"TSPYL1",7259
"ARHGEF5",7984
"GAGE10",102724473
"WARS1",7453
"DSE",29940
"ST3GAL5",8869
"MPP2",4355
"GAGE12J",26749
"GAGE12J",729396
"C2CD6",151254
"TCAIM",285343
"MASTL",84930
"EFNB2",1948
"RIT2",6014
"CD177",57126
"ARGLU1",55082
"AKAP8",10270
"OR2A42",402317
"ARHGEF35",445328
"CALHM6",441168
"FCMR",9214
"CTAGE8",100142659
"SLC47A1",55244
"OR2A7",401427
"CXCR6",10663
"GAGE2E",729428
"GAGE13",645051
"AKAP8L",26993
"CALHM4",221301
"GOLGA8G",283768
"GINS1",9837
"SEMA3D",223117
"PFN1",5216
"CAMSAP2",23271
"LECT2",3950
"FGFBP1",9982
"TRAPPC3L",100128327
"ENO3",2027
"CU639417.1",102724334
"LRSAM1",90678
"CALHM5",254228
"ITIH6",347365
"VANGL2",57216
"MGRN1",23295
"C3orf70",285382
"AMHR2",269
"EIPR1",7260
"PDGFRB",5159
"HCN4",10021
"EHHADH",1962
"C1orf109",54955
"GJC1",10052
"GRIP2",80852
"PSD3",23362
"STK39",27347
"CYP27A1",1593
"VDAC2",7417
"ATAD2B",54454
"CHRNB2",1141
"ZNF672",79894
"SLC6A6",6533
"CDX1",1044
"AWAT2",158835
"TTC37",9652
"SIK1B",102724428
"NPTN",27020
"GOT2",2806
"MIEF2",125170
"CYB561",1534
"DEF8",54849
"IDH2",3418
"CDCA8",55143
"RNLS",55328
"WDR25",79446
"SLC6A7",6534
"INO80",54617
"ZNF24",7572
"C4orf17",84103
"MOSPD1",56180
"CAMK2A",815
"REC114",283677
"NELL2",4753
"OTUD6A",139562
"UBXN2A",165324
"SLAMF6",114836
"LIPJ",142910
"FGF12",2257
"GSTA4",2941
"ZNF706",51123
"NIF3L1",60491
"OAF",220323
"CREB3L1",90993
"TOR1AIP1",26092
"TCEA2",6919
"SH2B3",10019
"FGFBP2",83888
"WDCP",80304
"HIGD1B",51751
"FKBP1B",2281
"PROM1",8842
"LRRC75A",388341
"MTREX",23517
"CUL9",23113
"EFTUD2",9343
"ATXN2",6311
"MFSD2B",388931
"GAGE12C",729422
"TNS4",84951
"SPNS2",124976
"GPR25",2848
"KCNJ6",3763
"ZNF554",115196
"GAGE12D",100132399
"MYBBP1A",10514
"EPHA10",284656
"INAVA",55765
"RWDD1",51389
"PLPP1",8611
"CD84",8832
"HENMT1",113802
"TMC3",342125
"UPK2",7379
"MTX1",4580
"BCL9L",283149
"CXCR5",643
"HSFX3",101928917
"SNX2",6643
"SLC9C2",284525
"GLDC",2731
"TEX50",730159
"SMIM10",644538
"ANKRD45",339416
"GAGE12H",729442
"TSR3",115939
"THBS3",7059
"MAGED2",10916
"SLAMF1",6504
"GAGE1",2543
"CACYBP",27101
"UGT2A3",79799
"SH3KBP1",30011
"EOLA1",91966
"POU2F1",5451
"FAM187A",100528020
"GAGE12F",2574
"GAGE12F",2576
"GAGE12F",2578
"GAGE12F",2579
"GAGE12F",26748
"GAGE12F",729408
"GAGE12F",100008586
"ASXL1",171023
"BAIAP3",8938
"GFAP",2670
"MRPS14",63931
"PFKL",5211
"PPP1R1C",151242
"GNA14",9630
"TBC1D3K",101060351
"TBC1D3K",102723859
"PALM",5064
"ARSJ",79642
"GAGE2A",645037
"GAGE2A",729447
"GAGE2A",100101629
"NINL",22981
"GAGE12E",729431
"IDS",3423
"GNAQ",2776
"GAGE12G",2576
"GAGE12G",2578
"GAGE12G",2579
"GAGE12G",26748
"GAGE12G",645073
"ZNF396",252884
"C5orf47",133491
"SCAF8",22828
"NANP",140838
"MROH2B",133558
"CFAP43",80217
"DPRX",503834
"KCNJ15",3772
"UVRAG",7405
"NSG2",51617
"INO80C",125476
"SEMA4B",10509
"NFX1",4799
"NLRP12",91662
"CHODL",140578
"NKD2",85409
"CA6",765
"MSH4",4438
"UGT8",7368
"CCDC103",388389
"MANEAL",149175
"CD48",962
"RSPH4A",345895
"LNX2",222484
"NOX4",50507
"PAX4",5078
"TBC1D3L",729873
"TBC1D3L",101060376
"ZUP1",221302
"RAB40AL",282808
"STX2",2054
"PITPNM1",9600
"ABCD4",5826
"ARSI",340075
"NECAB2",54550
"ZNF692",55657
"RTL8B",441518
"CRLF3",51379
"LRRK2",120892
"TBC1D3D",101060389
"SNAP91",9892
"CCR7",1236
"IGBP1",3476
"TBC1D3C",414060
"BEX1",55859
"FOXF1",2294
"CGNL1",84952
"CDKN2AIP",55602
"ZNF555",148254
"CLDN20",49861
"TBC1D3E",102723859
"RTL8C",8933
"LIPF",8513
"SPATS2L",26010
"TFB1M",51106
"COL6A3",1293
"SLC38A8",146167
"XG",7499
"HMCN1",83872
"CNN2",1265
"ITM2B",9445
"ZNF337",26152
"TBC1D3",729873
"ZNF556",80032
"SLC2A7",155184
"MISP",126353
"MYADM",91663
"TIAM2",26230
"MRPL45",84311
"NT5C3A",51251
"ING2",3622
"TUBGCP6",85378
"PLA1A",51365
"PRKCG",5582
"NGRN",51335
"MSX2",4488
"GDPGP1",390637
"CILK1",22858
"ORC2",4999
"DCX",1641
"KIF2A",3796
"MRPL1",65008
"NDST4",64579
"CACNG7",59284
"CIB1",10519
"NDUFB3",4709
"DMRTB1",63948
"XCR1",2829
"FAM126B",285172
"GRM3",2913
"CACNG8",59283
"ACE",1636
"ZNF57",126295
"CACNG6",59285
"FBXO9",26268
"HMX3",340784
"SND1",27044
"COQ10A",93058
"SLC12A7",10723
"LRRC70",100130733
"RCHY1",25898
"SF3B6",51639
"SNX24",28966
"IPO11",51194
"TUBG2",27175
"CCR1",1230
"CCR3",1232
"ASB17",127247
"IZUMO4",113177
"HMX2",3167
"LRRC4",64101
"KLHL1",57626
"MTTP",4547
"NABP1",64859
"GLIS1",148979
"RPS15",6209
"SFI1",9814
"STX17",55014
"PPIC",5480
"MCMDC2",157777
"TRAPPC12",51112
"ALDH1B1",219
"TRAM1L1",133022
"DIMT1",27292
"GALNT1",2589
"GSTO1",9446
"GRHL2",79977
"MOB3A",126308
"RTL8A",26071
"KIF21B",23046
"SMIM10L2B",644596
"POU2F3",25833
"SLC25A42",284439
"ETDB",100129515
"CHD2",1106
"KRT19",3880
"IGFBPL1",347252
"C1orf122",127687
"CDK12",51755
"TRMT10A",93587
"YRDC",79693
"RPS23",6228
"KRT9",3857
"MB21D2",151963
"FGL1",2267
"CFHR3",10878
"ATG10",83734
"CCR2",729230
"ANKRD18A",253650
"TP53I3",9540
"CCR5",1234
"NRP2",8828
"THAP6",152815
"CHD1",1105
"PTP4A2",8073
"FAM228B",375190
"RP9",6100
"POLR1D",51082
"CCDC17",149483
"PFN4",375189
"ABCB11",8647
"LEP",3952
"MAP3K13",9175
"CERS6",253782
"PTPRU",10076
"KRT14",3861
"FAM228A",653140
"RWDD4",201965
"C18orf21",83608
"GSTO2",119391
"KRT16",3868
"MYB",4602
"MTF1",4520
"CCRL2",9034
"PPM1H",57460
"ZIC1",7545
"COX17",10063
"PIKFYVE",200576
"ZIC4",84107
"POPDC2",64091
"TREX1",11277
"ITPRIP",85450
"DRG1",4733
"ATRIP",84126
"TMEM41A",90407
"LRRC10B",390205
"DOCK11",139818
"PLEKHH3",79990
"MCM4",4173
"KDM4C",23081
"NDC1",55706
"CYP26B1",56603
"SLC2A5",6518
"CORO7",79585
"SLC26A4",5172
"EIF4ENIF1",56478
"LAMTOR2",28956
"RBMY1E",378950
"CFAP58",159686
"ST6GALNAC3",256435
"LIMS1",3987
"GSX1",219409
"RAB25",57111
"PRPF31",26121
"ERP44",23071
"AVPR1A",552
"PIFO",128344
"KPNA5",3841
"PDX1",3651
"IPP",3652
"CDK2AP2",10263
"RBM28",55131
"FOPNL",123811
"GPBP1L1",60313
"PRY2",442862
"ST6GALNAC5",81849
"CT55",54967
"CDX2",1045
"CCDC174",51244
"PISD",23761
"SCML1",6322
"FAM162B",221303
"DGAT2L6",347516
"ETDC",110806299
"ZNF75D",7626
"VPS13C",54832
"INPP5B",3633
"FLNA",2316
"MDFI",4188
"ETDA",101928677
"TMEM69",51249
"NEUROD2",4761
"CFHR1",3078
"ZNF77",58492
"ADGRB3",577
"PLAAT1",57110
"SF1",7536
"NCALD",83988
"KRT17",3872
"HS3ST6",64711
"ATP13A4",84239
"TCF24",100129654
"SLC20A2",6575
"PRDM6",93166
"VRTN",55237
"GPRC6A",222545
"SYNDIG1L",646658
"TRAPPC11",60684
"KNSTRN",90417
"VASN",114990
"GPR179",440435
"CORO7-PAM16",100529144
"SMIM19",114926
"ATP13A5",344905
"GPR119",139760
"IRF4",3662
"CD4",920
"GLIS2",84662
"PLEC",5339
"TNN",63923
"PAM16",51025
"KDM4A",9682
"CCDC184",387856
"CAVIN2",8436
"AWAT1",158833
"MTERF1",7978
"RFX6",222546
"TMEFF2",23671
"MPP4",58538
"MEX3A",92312
"SYT7",9066
"CLDN17",26285
"TMC4",147798
"CLDN8",9073
"P2RY4",5030
"OR10AD1",121275
"TRADD",8717
"ARFGEF1",10565
"NRGN",4900
"H1-7",341567
"KRTAP24-1",643803
"KRTAP25-1",100131902
"KRTAP26-1",388818
"POLH",5429
"KRTAP27-1",643812
"ST3GAL3",6487
"KRTAP23-1",337963
"KRTAP13-2",337959
"KRTAP13-1",140258
"KRTAP13-3",337960
"ANAPC7",51434
"TMPRSS15",5651
"TLE6",79816
"ZNF641",121274
"PPIP5K2",23262
"UNC45B",146862
"GTPBP2",54676
"CSPP1",79848
"ACBD5",91452
"SYT4",6860
"HSF4",3299
"NUF2",83540
"VSIG2",23584
"VGLL2",245806
"DCAF4",26094
"ARPC3",10094
"SRM",6723
"CEP72",55722
"PPP1R42",286187
"SOCS7",30837
"ARR3",407
"GALNT15",117248
"TLCD5",219902
"SLC9A3",6550
"COPS5",10987
"EXD1",161829
"TMEM237",65062
"TMEM182",130827
"MBTPS1",8720
"FBXL8",55336
"CNTNAP1",8506
"CBSL",102724560
"ESAM",90952
"RGS5",8490
"IMPDH2",3615
"CACNA1S",779
"KRTAP13-4",284827
"CBLL1",79872
"EED",8726
"KRTAP15-1",254950
"CCR10",2826
"KRTAP19-1",337882
"KRTAP19-2",337969
"KRTAP19-3",337970
"KRTAP19-4",337971
"KRTAP19-5",337972
"CD74",972
"MEX3B",84206
"RAB41",347517
"SERTM2",401613
"RBMX2",51634
"ATP6AP1L",92270
"RHO",6010
"PLS1",5357
"HSP90AB1",3326
"KRTAP19-6",337973
"KRTAP19-7",337974
"CNTNAP3",79937
"KRTAP22-2",100288287
"ISCA2",122961
"TFEB",7942
"KRTAP6-3",337968
"KRTAP6-2",337967
"SLC27A6",28965
"RPRD1A",55197
"KRTAP22-1",337979
"C2CD2",25966
"KRTAP6-1",337966
"NPC2",10577
"KRTAP20-1",337975
"TCOF1",6949
"KRTAP20-4",100151643
"KRTAP20-2",337976
"MSANTD2",79684
"KIAA0040",9674
"KRTAP20-3",337985
"RB1",5925
"FBN2",2201
"ADAMTS12",81792
"RXFP3",51289
"SSR4",6748
"ARRDC5",645432
"SLAMF7",57823
"QRICH1",54870
"LEAP2",116842
"TNR",7143
"KIF4A",24137
"LCA5",167691
"ESR2",2100
"RBMY1F",159163
"SLC45A2",51151
"IDH3G",3421
"GPR157",80045
"PAGE1",8712
"LGR6",59352
"PAGE4",9506
"ARHGEF3",50650
"CTSH",1512
"RCBTB2",1102
"TH",7054
"TARS3",123283
"PDZD11",51248
"SF3A3",10946
"TMEM167A",153339
"FAM155A",728215
"XRCC4",7518
"ICA1L",130026
"TMEM98",26022
"RAI2",10742
"ZNF774",342132
"DNASE1L2",1775
"MTHFSD",64779
"BUB1",699
"ITSN2",50618
"CEP120",153241
"MCC",4163
"E4F1",1877
"ITGBL1",9358
"LPAR6",10161
"CDH8",1006
"SYNE2",23224
"EMC6",83460
"CTNS",1497
"PNKD",25953
"SCUBE3",222663
"TMPO",7112
"SPATA12",353324
"DCP2",167227
"SORCS3",22986
"SLC1A2",6506
"PDE1A",5136
"CATIP",375307
"FGF14",2259
"TSSK1B",83942
"CEP78",84131
"KRTAP21-3",100288323
"TMBIM1",64114
"DCBLD1",285761
"KRTAP21-1",337977
"KRTAP21-2",337978
"CHP1",11261
"UNKL",64718
"HSDL1",83693
"ROS1",6098
"H1-8",132243
"LILRB3",11025
"LILRB3",102725035
"LILRB3",107987425
"LILRB3",107987462
"PRG4",10216
"CD276",80381
"IQGAP1",8826
"GNPTG",84572
"STOX2",56977
"ZBTB21",49854
"P2RX5",5026
"GOPC",57120
"MRPL54",116541
"ENPP6",133121
"TPR",7175
"RAX2",84839
"ZNF449",203523
"ARHGAP23",57636
"SLC35G3",146861
"UBE2T",29089
"GGT6",124975
"SMIM10L2A",399668
"CD247",919
"TOP3A",7156
"ABCC1",4363
"INTS6L",203522
"ISOC1",51015
"EMD",2010
"SLFN5",162394
"PPY",5539
"HUS1B",135458
"DNAH8",1769
"C3orf20",84077
"EXOC2",55770
"NXF3",56000
"ENOX2",10495
"ABCA7",10347
"CREG1",8804
"APC2",10297
"SH3BGRL2",83699
"CHSY3",337876
"PYY",5697
"ADGRF4",221393
"LIPH",200879
"MINAR2",100127206
"ASCL5",647219
"MLPH",79083
"IL13RA1",3597
"TAX1BP3",30851
"ADAMTS19",171019
"SMTNL2",342527
"PLXND1",23129
"UHRF1",29128
"ADGRF2",222611
"DGKZ",8525
"TRIP4",9325
"LY9",4063
"C19orf25",148223
"TMEM126B",55863
"FAM207A",85395
"RANBP2",5903
"FADS1",3992
"H6PD",9563
"SPSB1",80176
"PPP1R1B",84152
"CFHR4",10877
"COL19A1",1310
"ADAR",103
"PIGR",5284
"NDST3",9348
"PRMT2",3275
"NUSAP1",51203
"DNAAF1",123872
"CENPBD1",92806
"PRKAG3",53632
"RCSD1",92241
"BEND2",139105
"ROBO3",64221
"TAF1C",9013
"DAGLA",747
"INSYN1",388135
"GCM1",8521
"ELP2",55250
"OVGP1",5016
"LMBRD1",55788
"OR4F6",390648
"OR4F15",390649
"PGC",5225
"TMEM258",746
"FOXC2",2303
"ATAD5",79915
"NAGS",162417
"FOXL1",2300
"RBMY1J",378951
"TMEM18",129787
"MYRF",745
"FCAMR",83953
"OIP5",11339
"EFL1",79631
"CFHR2",3080
"CYB5B",80777
"AGTR1",185
"COMTD1",118881
"AFF4",27125
"FADS2",9415
"C1orf116",79098
"BCLAF3",256643
"GOLGA6L10",647042
"WNT6",7475
"TOX",9760
"CFHR5",81494
"KCNF1",3754
"CHRNB3",1142
"ADAD2",161931
"ANP32D",23519
"TGFBI",7045
"TRPV4",59341
"AKAP13",11214
"DNAJC10",54431
"TMEM9",252839
"FEN1",2237
"C12orf54",121273
"SPATA31A1",647060
"C2orf50",130813
"ZNF503",84858
"OR8S1",341568
"SLC35B2",347734
"ADARB1",104
"RHOC",389
"MATN1",4146
"CHRNA6",8973
"NCAM2",4685
"OR4F4",26682
"SLFN11",91607
"ZDHHC16",84287
"ELOVL4",6785
"CT45A1",541466
"GDPD2",54857
"DST",667
"AKAP9",10142
"NFKBIE",4794
"FNBP1L",54874
"LIG4",3981
"PPM1J",333926
"CT45A3",441519
"ZCCHC12",170261
"PLA2G4E",123745
"CT45A5",441521
"RIPK1",8737
"ALOX15",246
"FAM174A",345757
"ABHD13",84945
"KRTAP8-1",337879
"CT45A6",541465
"WNT10A",80326
"TNFSF13B",10673
"CT45A2",728911
"CT45A7",101060211
"CDK5R2",8941
"USP49",25862
"TMEM101",84336
"SLC39A6",25800
"FAM216A",29902
"IRF2",3660
"ELOVL5",60481
"FEV",54738
"TCTE1",202500
"PRICKLE4",29964
"AARS2",57505
"GPN3",51184
"PLA2G4D",283748
"FRS3",10817
"SEC14L3",266629
"TMEM151B",441151
"TOMM6",100188893
"PFKFB2",5208
"SPATS1",221409
"BPHL",670
"ZNF76",7629
"CT45A8",102723737
"COP1",64326
"NUS1",116150
"INO80D",54891
"CT45A9",102723680
"FHL3",2275
"MPZL1",9019
"HIKESHI",51501
"LALBA",3906
"SLC35F1",222553
"RPS14",6208
"ALDH3A2",224
"DCLRE1B",64858
"C16orf95",100506581
"MAP1LC3B",81631
"ZMYM4",9202
"DMAC1",90871
"GLE1",2733
"FBXO31",79791
"UTP11",51118
"PRLH",51052
"POU3F1",5453
"NDST1",3340
"HIPK1",204851
"CT45A10",102723631
"MAGEA9B",728269
"SAGE1",55511
"NCKAP5L",57701
"BEX4",56271
"RAB17",64284
"CPB1",1360
"HSFX2",100130086
"BCDIN3D",144233
"GOLGA6L10",643707
"MAD2L1BP",9587
"CEP350",9857
"TMEM185A",84548
"LTBP2",4053
"FGD5",152273
"CD244",51744
"ARHGAP36",158763
"CPA3",1359
"TMCC1",23023
"CA8",767
"CCDC138",165055
"TEX13C",100129520
"PLN",5350
"LSM12",124801
"CEP85L",387119
"PTPN9",5780
"MAGEA11",4110
"SLC66A3",130814
"KLHL20",27252
"PCBP2",5094
"SAXO2",283726
"ODR4",54953
"TLE2",7089
"ST8SIA4",7903
"DCAF12L2",340578
"YOD1",55432
"RRAGC",64121
"MRPS18A",55168
"KDM4B",23030
"SLC47A2",146802
"GJA9",81025
"DCAF12L1",139170
"KRTAP7-1",337878
"SNUPN",10073
"MYCBP",26292
"KRTAP11-1",337880
"MRPS25",64432
"KRTAP19-8",728299
"RSPH9",221421
"RHBDL2",54933
"BCAR3",8412
"FOXQ1",94234
"SMAD5",4090
"FOXF2",2295
"ARSK",153642
"TUBB2A",7280
"NR2C2",7182
"SLC9A6",10479
"SRCIN1",80725
"PELP1",27043
"ZFYVE1",53349
"PLA2G4F",255189
"LMNA",4000
"DNPH1",10591
"LONRF3",79836
"ZNF609",23060
"CRYBA2",1412
"PRR32",100130613
"ZCCHC10",54819
"SYNPO",11346
"KLHL25",64410
"RASGRF1",5923
"FOXC1",2296
"TBC1D21",161514
"PCSK4",54760
"MYOZ3",91977
"PTPRD",5789
"MAP7D2",256714
"PPP1R12B",4660
"SLFN12",55106
"SLC25A33",84275
"PRR13",54458
"MMGT1",93380
"CNTN2",6900
"PSMG4",389362
"TRIM11",81559
"TUBB2B",347733
"HSFX1",100506164
"MAP3K12",7786
"SLC22A23",63027
"PDC",5132
"TRIM17",51127
"PCM1",5108
"MAGEA9",4108
"CENPL",91687
"ROBO4",54538
"LIPK",643414
"RBM22",55696
"LIPN",643418
"TEFM",79736
"KIAA1210",57481
"MAGEA8",4107
"WDR43",23160
"SLC39A10",57181
"TCEAL8",90843
"CPS1",1373
"CFAP65",255101
"SYT2",127833
"LIPM",340654
"GOLGA6L9",440295
"ANKRD22",118932
"MOSPD3",64598
"FRZB",2487
"AGBL1",123624
"MATK",4145
"PGRMC1",10857
"ERG",2078
"FAM184A",79632
"MLLT1",4298
"YTHDC2",64848
"KANSL2",54934
"SLFN13",146857
"SMIM32",389332
"U2AF1L5",102724594
"POLR1A",25885
"PTBP1",5725
"C4BPB",725
"TOGARAM2",165186
"SLCO4C1",353189
"USP27X",389856
"PCARE",388939
"FOXR1",283150
"HTR1A",3350
"MED20",9477
"MCM3AP",8888
"RNF180",285671
"ZBTB37",84614
"ACOXL",55289
"SNAPIN",23557
"DARS2",55157
"ILF2",3608
"GCLC",2729
"MAN1A1",4121
"SEC14L4",284904
"G6PC3",92579
"GPR150",285601
"ACER1",125981
"MCM9",254394
"BCL2L11",10018
"CYSLTR2",57105
"CLPP",8192
"ACTRT1",139741
"EDAR",10913
"CDH11",1009
"ASCL2",430
"ASF1A",25842
"TTBK1",84630
"TMEM201",199953
"RFESD",317671
"FNDC3A",22862
"PHLPP2",23035
"REEP6",92840
"HSPA4",3308
"GMDS",2762
"SPATA9",83890
"SPC24",147841
"CDC5L",988
"LDLR",3949
"RPL13",6137
"C11orf21",29125
"FRG1",2483
"TRO",7216
"TSPAN32",10077
"SLCO6A1",133482
"POLR2M",81488
"FAIM2",23017
"ANKIB1",54467
"DHRS9",10170
"MARVELD3",91862
"CFAP410",755
"LRRD1",401387
"MYZAP",100820829
"STOM",2040
"TRPC7",57113
"CYP51A1",1595
"LOXL1",4016
"RAD9B",144715
"KRIT1",889
"RAB18",22931
"TCEAL5",340543
"ITLN1",55600
"MPI",4351
"PTGS2",5743
"FSTL4",23105
"ANAPC1",64682
"H3-4",8290
"NCOA1",8648
"H2AW",92815
"H2BU1",128312
"DEF6",50619
"GCOM1",145781
"FRG2",448831
"TTK",7272
"VPS29",51699
"EOLA2",541578
"ARHGAP45",23526
"ADGRG4",139378
"LRRFIP1",9208
"ITLN2",142683
"CCDC81",60494
"HSFX4",101927685
"SLC22A7",10864
"SEC14L6",730005
"TRH",7200
"ADCY10",55811
"BEX2",84707
"OAZ2",4947
"CASP3",836
"MYO16",23026
"DHRS2",10202
"TCEAL7",56849
"ZNF318",24149
"CRIP3",401262
"PTH2R",5746
"NFAT5",10725
"RGS7BP",401190
"POLR2E",5434
"CTU2",348180
"F13B",2165
"SH3RF3",344558
"FAM219B",57184
"EIF1",10209
"RBM44",375316
"RHOBTB3",22836
"MKX",283078
"TUFM",7284
"ME3",10873
"RNF187",149603
"GLRX",2745
"MDK",4192
"GAST",2520
"COPS4",51138
"TRIM77",390231
"SUPT3H",8464
"DCTN4",51164
"PIEZO1",9780
"NDUFAF1",51103
"SPACA3",124912
"SPAG7",9552
"RUNX2",860
"SHISAL2B",100132916
"SREK1IP1",285672
"TPP2",7174
"PTPRS",5802
"ADAMTSL5",339366
"RNASEL",6041
"DLG3",1741
"ZCCHC14",23174
"HAP1",9001
"VPS39",23339
"SMARCA1",6594
"AKIRIN1",79647
"VCAN",1462
"BRS3",680
"RAB2A",5862
"PLK5",126520
"DNTTIP2",30836
"PDE9A",5152
"FSD2",123722
"QSOX1",5768
"AREL1",9870
"CPNE7",27132
"RHOU",58480
"TMEM81",388730
"ASPM",259266
"RGS16",6004
"C5orf15",56951
"OPN5",221391
"SHISA5",51246
"SLC37A4",2542
"IHH",3549
"HDAC5",10014
"ALKBH7",84266
"KCNN2",3781
"PSPN",5623
"DNASE1L1",1774
"C4BPA",722
"HTATSF1",27336
"IRS2",8660
"SCML2",10389
"TSC22D2",9819
"CHRM4",1132
"PLA2G4A",5321
"RIPPLY2",134701
"NDUFS5",4725
"TRIM49",57093
"PTCHD4",442213
"TAZ",6901
"MACIR",90355
"GYG1",2992
"LURAP1L",286343
"DPEP1",1800
"TYRP1",7306
"ZPBP2",124626
"GCLM",2730
"SLC15A1",6564
"RBBP5",5929
"NHEJ1",79840
"SH2B1",25970
"ALG1L2",644974
"WHAMM",123720
"ADCY3",109
"RGS8",85397
"CCNT1",904
"KLHL31",401265
"SLC23A3",151295
"SLC25A3",5250
"ATP2B3",492
"CSNK1G3",1456
"VDAC1",7416
"CENPO",79172
"CSTF1",1477
"PTRHD1",391356
"NDUFS1",4719
"CPA6",57094
"SPOCK1",6695
"CRABP1",1381
"ZNRF4",148066
"TRAPPC4",51399
"AP3B2",8120
"CYB5R4",51167
"VGLL1",51442
"TRPC1",7220
"HROB",78995
"AMBRA1",55626
"KCTD18",130535
"SGO2",151246
"SERP1",27230
"NUDT12",83594
"GTF2F1",2962
"CCDC84",338657
"OR4F17",81099
"SELENOT",51714
"EIF1AX",1964
"STOML1",9399
"RBM25",58517
"RPS25",6230
"MAP2",4133
"ASIC2",40
"RPL10",6134
"TIAM1",7074
"RTF1",23168
"EIF2A",83939
"PAPPA2",60676
"STOX1",219736
"WDR77",79084
"MRAP2",112609
"CLCN5",1184
"FCF1",51077
"ATP5PB",515
"EPOP",100170841
"HDGFL3",50810
"BTBD1",53339
"MLLT6",4302
"KLHL3",26249
"TMEM126A",84233
"TEX49",255411
"SOD1",6647
"AQP5",362
"AQP2",359
"PITHD1",57095
"PRY",9081
"TM6SF1",53346
"SEPTIN10",151011
"TRIM74",378108
"ANKRD34C",390616
"ADCY6",112
"PPP1R12C",54776
"TRIM64B",642446
"MCHR1",2847
"TMED3",23423
"SMAD6",4091
"CREBZF",58487
"SHMT1",6470
"TNNI3",7137
"MINAR1",23251
"AQP6",363
"UMODL1",89766
"RAMAC",83640
"PRIMPOL",201973
"CEP162",22832
"BNC1",646
"RACGAP1",29127
"ASTN1",460
"SLCO1B1",10599
"HOMER2",9455
"C17orf78",284099
"PTPRH",5794
"HAT1",8520
"ACACA",31
"C6",729
"IGFN1",91156
"SLCO1B3",28234
"CENPU",79682
"ADAP2",55803
"IVD",3712
"SLC25A12",8604
"C15orf40",123207
"SLCO1B3-SLCO1B7",338821
"SLCO1B3-SLCO1B7",115072896
"PDZD4",57595
"SMCR8",140775
"METAP1D",254042
"CD40LG",959
"CPEB1",64506
"CD55",1604
"CRTC3",64784
"CCDC89",220388
"ITPKA",3706
"BPY2",9083
"TAFA3",284467
"PCOLCE2",26577
"SMAD3",4088
"TCEAL9",51186
"RAN",5901
"ASB16",92591
"ACAA1",30
"SLC26A3",1811
"NPL",80896
"ARRB2",409
"PREX2",80243
"RPS17",6218
"TLE5",166
"DDX4",54514
"TSTD1",100131187
"F11R",50848
"CAMKMT",79823
"BAHD1",22893
"HAPLN1",1404
"SYT5",6861
"SAFB",6294
"KLHDC4",54758
"ARHGEF6",9459
"KIAA0895L",653319
"GAS8",2622
"RRM2B",50484
"ATG13",9776
"PKP1",5317
"EPS8L1",54869
"PPARD",5467
"NOL3",8996
"DAZ1",1617
"MMUT",4594
"PBX1",5087
"DBNDD1",79007
"DLEC1",9940
"GANC",2595
"LRRC1",55227
"SLC38A9",153129
"ZBTB41",360023
"GSDMB",55876
"TNNT1",7138
"JPH3",57338
"C1orf162",128346
"MAMLD1",10046
"GLP1R",2740
"ZNF608",57507
"TMEM87A",25963
"CHST14",113189
"BEX3",27018
"EDIL3",10085
"LHX4",89884
"ST3GAL4",6484
"MTM1",4534
"ORMDL3",94103
"ZNF287",57336
"ACBD6",84320
"HNRNPA0",10949
"SAFB2",9667
"PCGF2",7703
"PLCXD3",345557
"PLEKHJ1",55111
"CRYAA2",102724652
"NCKAP1",10787
"CHMP1A",5119
"SPDYE11",100996746
"STARD3",10948
"HARBI1",283254
"DDX20",11218
"OCRL",4952
"CAPN3",825
"CISD3",284106
"KHSRP",8570
"DSTYK",25778
"SENP2",59343
"AP3D1",8943
"RAP1A",5906
"C8orf34",116328
"GRAMD2B",65983
"INKA2",55924
"ALG13",79868
"IREB2",3658
"ADORA3",140
"SPATA33",124045
"TMIGD3",57413
"IGSF1",3547
"MEX3D",399664
"DNAAF3",352909
"YLPM1",56252
"TRIM36",55521
"CCDC32",90416
"SOWAHC",65124
"PPTC7",160760
"BCKDHB",594
"APLN",8862
"LTK",4058
"PAN2",9924
"PROX2",283571
"ARHGEF12",23365
"PKD2L2",27039
"TMEM86B",255043
"PPP6R1",22870
"DOT1L",84444
"DNAJC27",51277
"CDT1",81620
"KIRREL3",84623
"SF3A2",8175
"U2SURP",23350
"HSPBP1",23640
"FAM13B",51306
"CDK10",8558
"OR13H1",347468
"RBMX",27316
"CD5L",922
"DEPDC7",91614
"ARPC4",10093
"ZNF284",342909
"NUDT19",390916
"GNGT2",2793
"NUP37",79023
"TMEM214",54867
"TSPAN16",26526
"LEXM",163747
"HOXD1",3231
"CT47B1",643311
"SLC39A11",201266
"SH3BP2",6452
"CT47A12",100507170
"CT47A11",255313
"THEM4",117145
"HSD11B1",3290
"PPDPFL",492307
"CHST6",4166
"SMCHD1",23347
"OR13A1",79290
"DAPK2",23604
"MRPL10",124995
"CT47A10",728036
"G0S2",50486
"NCEH1",57552
"EPHA3",2042
"KCNN4",3783
"ARPC1B",10095
"TUBA1B",10376
"CT47A9",728042
"CCDC159",126075
"TVP23A",780776
"ERBB3",2065
"COX6B1",1340
"SERF1A",8293
"COLGALT1",79709
"QSER1",79832
"PROCA1",147011
"MAGIX",79917
"TXNDC5",81567
"CD302",9936
"ZSCAN31",64288
"MTRES1",51250
"PDCD5",9141
"HOXD9",3235
"KCNK2",3776
"TUBA1A",7846
"STUM",375057
"VSIG10",54621
"PEX5L",51555
"UPK1A",11045
"CT47A8",728049
"C11orf52",91894
"TRAF4",9618
"ITM2C",81618
"LY75-CD302",100526664
"RPF2",84154
"CRYAB",1410
"SF3B3",23450
"TP63",8626
"HS3ST1",9957
"DCDC2B",149069
"INSR",3643
"SLC6A18",348932
"INTS14",81556
"ZBTB32",27033
"POLE4",56655
"CHST5",23563
"RPL3L",6123
"TMEM234",56063
"BLOC1S5",63915
"TMEM231",79583
"ADGB",79747
"LYPD5",284348
"TMEM205",374882
"TUBA1C",84790
"S100A10",6281
"CFL2",1073
"AP1B1",162
"CASP4",837
"P4HB",5034
"LLPH",84298
"MCOLN2",255231
"SDR9C7",121214
"PDLIM7",9260
"S100A11",6282
"GPR85",54329
"BMP6",654
"TMBIM4",51643
"ZKSCAN3",80317
"RGS9BP",388531
"MEF2B",4207
"MEF2B",100271849
"STK32A",202374
"GABARAPL2",11345
"ANKRD27",84079
"EEF1E1",9521
"PRICKLE3",4007
"CPXM1",56265
"ADAT1",23536
"BLOC1S2",282991
"RPUSD3",285367
"AKR1E2",83592
"SMC6",79677
"HSPB2",3316
"ATP5MF-PTCD1",100526740
"ZNF283",284349
"EIF3I",8668
"C10orf53",282966
"KIAA1958",158405
"SRSF8",10929
"ABCB10",23456
"ENDOD1",23052
"LRRC30",339291
"TUBA3E",112714
"OCM",654231
"PTCD1",26024
"PPP2R2A",5520
"HSDL2",84263
"TTPAL",79183
"ITPKB",3707
"EML4",27436
"SIAH1",6477
"ZNF404",342908
"LY75",4065
"RDH16",8608
"TERT",7015
"PLP2",5355
"C20orf141",128653
"ZNF45",7596
"KCNAB1",7881
"SMIM30",401397
"HTR1E",3354
"BUD31",8896
"ZNF207",7756
"TMEM239",100288797
"CPSF4L",642843
"CRYAA",1409
"LONP2",83752
"CGA",1081
"COG1",9382
"APOD",347
"ZNF221",7638
"GPR182",11318
"DCDC2C",728597
"DPYSL3",1809
"CT47A7",653282
"NDUFB10",4716
"PFKFB3",5209
"BORCS8",729991
"CT47A6",255313
"CT47A6",728062
"RPL8",6132
"ZNF230",7773
"ALLC",55821
"CT47A5",728072
"ABCC5",10057
"SQOR",58472
"PTF1A",256297
"VNN2",8875
"CT47A4",728075
"LY96",23643
"GORASP1",64689
"CAMK1",8536
"AGPAT4",56895
"TMIE",259236
"NXT1",29107
"ZNF155",7711
"BEND3",57673
"CT47A3",728082
"GORASP2",26003
"MARCHF7",64844
"LRRC46",90506
"ZBTB39",9880
"FAM177B",400823
"UBXN1",51035
"RFPL1",5988
"NEFH",4744
"C17orf80",55028
"PRSS50",29122
"YIPF2",78992
"RPS7",6201
"VPS72",6944
"ALKBH3",221120
"HCCS",3052
"ITGAD",3681
"NDC80",10403
"NLRX1",79671
"RAB11FIP1",80223
"MSN",4478
"SBNO1",55206
"TMEM155",132332
"AGO3",192669
"RANBP9",10048
"NTN3",4917
"PLEKHS1",79949
"GEMIN5",25929
"SNF8",11267
"CSE1L",1434
"GNE",10020
"PLCG2",5336
"ARL6IP6",151188
"KIF20A",10112
"SHC2",25759
"RTL4",340595
"NR2F2",7026
"NT5C3B",115024
"TRPC5",7224
"MOGAT3",346606
"NAT16",375607
"AOC3",8639
"LSM7",51690
"CIRBP",1153
"PEAK3",374872
"POLR1C",9533
"AOC2",314
"DAAM2",23500
"ZBTB7A",51341
"JSRP1",126306
"LINGO3",645191
"CNGB1",1258
"XPO5",57510
"GTF2H2C",728340
"LRRC73",221424
"ISG20",3669
"BIRC6",57448
"GHDC",84514
"FASTKD2",22868
"SLC4A1",6521
"AP1S1",1174
"MDH1B",130752
"DGKG",1608
"ZC3H18",124245
"NUCKS1",64710
"LRP4",4038
"CYP26A1",1592
"GPR50",9248
"ANKRD66",100287718
"C2CD4C",126567
"SERPINE1",5054
"KANSL1L",151050
"ETV5",2119
"ITGA6",3655
"HMGB3",3149
"AL162231.1",730098
"CCL27",10850
"UBE2M",9040
"ZNF821",55565
"THEG",51298
"ATG12",9140
"NCLN",56926
"ATXN1L",342371
"PKD1L3",342372
"CHMP2A",27243
"PDK1",5163
"HCRT",3060
"AP3S1",1176
"MAGED1",9500
"RPE",6120
"CACNA1E",777
"LGALS9C",654346
"PGM3",5238
"FOXR2",139628
"PKN3",29941
"TRIM28",10155
"AQP9",366
"ACSL6",23305
"TECTA",7007
"ZBTB45",84878
"DENND2C",163259
"IL11RA",3590
"SLC52A1",55065
"ZNF324",25799
"SLC27A5",10998
"TFAP2B",7021
"RNF225",646862
"NAXD",55739
"RAB20",55647
"RPS5",6193
"ZFPM1",161882
"SLC45A3",85414
"MUC12",10071
"ZNF469",84627
"DEFB112",245915
"FHL2",2274
"UBE3D",90025
"DEFB114",245928
"PRPF4B",8899
"KIAA2012",100652824
"MTRNR2L10",100463488
"FAM217A",222826
"MSANTD3",91283
"RAB23",51715
"RFFL",117584
"NCF2",4688
"TMEFF1",8577
"FSIP2",401024
"MSANTD3-TMEFF1",100526694
"FANCA",2175
"SLC25A27",9481
"KAT2A",2648
"FMNL1",752
"PSMA4",5685
"FAM104B",90736
"SLC30A6",55676
"TDRD6",221400
"KCND3",3752
"SPATA32",124783
"PYGO2",90780
"PLA2G7",7941
"ZNF276",92822
"SWI5",375757
"ZNF274",10782
"LIG3",3980
"TRUB2",26995
"ZNF451",26036
"ZNF329",79673
"KRTAP12-4",386684
"ZNF830",91603
"KRTAP10-8",386681
"ECI2",10455
"KRTAP10-6",386674
"KRTAP10-10",353333
"KRTAP10-7",386675
"ARHGAP30",257106
"KRTAP10-4",386672
"GSK3B",2932
"VEGFA",7422
"KRTAP10-2",386679
"KRTAP10-3",386682
"KRTAP12-1",353332
"KRTAP10-12",386685
"ZNF135",7694
"KRTAP10-5",386680
"KRTAP10-1",386677
"KRTAP12-3",386683
"FAM135A",57579
"ZSCAN18",65982
"TSPEAR",54084
"KRTAP10-11",386678
"LHX9",56956
"SMG7",9887
"PSMG1",8624
"GPR108",56927
"C1orf53",388722
"PCNT",5116
"HYOU1",10525
"COTL1",23406
"ZSCAN1",284312
"KIAA1586",57691
"FZD7",8324
"GNA15",2769
"CDY1B",253175
"FAM83B",222584
"ZNF606",80095
"AC118549.1",26009
"SPATA2L",124044
"C3",718
"SHC1",6464
"ZNF804A",91752
"MEAK7",57707
"ZNF256",10172
"ZDHHC9",51114
"ADAMTSL3",57188
"ZNF552",79818
"MGST3",4259
"ZNF587",84914
"PLPP2",8612
"TRIM33",51592
"HEXIM2",124790
"HEXIM1",10614
"QARS1",5859
"MYLK4",340156
"PGGT1B",5229
"EFNA5",1946
"XPR1",9213
"PAQR9",344838
"CENPQ",55166
"UBTF",7343
"TMEM150B",284417
"ETS2",2114
"KCNN3",3782
"GLYATL3",389396
"C6orf141",135398
"FBXL17",64839
"MBD3",53615
"DLST",1743
"TBX18",9096
"KMT5C",84787
"APRT",353
"RS1",6247
"UQCR11",10975
"CDKL5",6792
"SAYSD1",55776
"PCSK1",5122
"SLC25A41",284427
"CCL2",6347
"BRINP3",339479
"COX6B2",125965
"YBEY",54059
"CCNQ",92002
"OR2J1",442185
"LYRM7",90624
"KCNK5",8645
"RNF135",84282
"FAM71E2",284418
"HINT1",3094
"WDR12",55759
"CCL7",6354
"EEF1B2",1933
"ELL2",22936
"SEMA4A",64218
"RETREG2",79137
"IL11",3589
"EFR3B",22979
"BRINP2",57795
"CNPY2",10330
"KIFC3",3801
"CCL11",6356
"CDC42SE2",56990
"ERAP1",51752
"KCNG4",93107
"CARF",79800
"TMEM190",147744
"KCNK17",89822
"CNPPD1",27013
"TMEM238",388564
"SLC7A5",8140
"ZFR2",23217
"BCL2A1",597
"GLTP",51228
"TCEAL4",79921
"ATXN7L3",56970
"RPL28",6158
"LMX1A",4009
"PLPPR3",79948
"SIX3",6496
"TCAP",8557
"URAD",646625
"PNMT",5409
"POU3F3",5455
"DUSP19",142679
"WFDC1",58189
"CLIC5",53405
"FBXW7",55294
"CAST",831
"CCL8",6355
"MAST2",23139
"UBE2S",27338
"TMCC2",9911
"CR2",1380
"ARHGAP1",392
"MRPS9",64965
"NQO1",1728
"SHISA7",729956
"NTRK3",4916
"CCL13",6357
"ISOC2",79763
"KCNQ5",56479
"CFLAR",8837
"AKAP4",8852
"RPS6KL1",83694
"NUAK2",81788
"ZNF628",89887
"AVPR2",554
"NAT14",57106
"TENT5A",55603
"CTSZ",1522
"SSC5D",284297
"DAZ2",57055
"L1CAM",3897
"ZNF408",79797
"ZNF624",57547
"SLC11A1",6556
"ATP5F1E",514
"SIX2",10736
"SBK2",646643
"SBK3",100130827
"TUBB1",81027
"ZNF579",163033
"CABP2",51475
"PGF",5228
"CCNB3",85417
"ZNF524",147807
"NUDT16L1",84309
"FIZ1",84922
"ZNF865",100507290
"ZNF784",147808
"EXOC6B",23233
"TCEAL3",85012
"CA5A",763
"RGMA",56963
"NPR1",4881
"CCDC106",29903
"SLC25A23",79085
"TCEAL1",9338
"RPL10A",4736
"POMC",5443
"ZNF581",51545
"KLHDC8A",55220
"ZNF580",51157
"STX6",10228
"F2",2147
"FLT3",2322
"MTMR1",8776
"U2AF2",11338
"RAMP2",10266
"KIAA1614",57710
"DENND1C",79958
"CRB1",23418
"NLRC5",84166
"ARHGAP4",393
"ATCAY",85300
"RPUSD2",27079
"PRELID3B",51012
"GPR45",11250
"NLRP9",338321
"BUB3",9184
"EIF2B2",8892
"CRB3",92359
"EPN1",29924
"ZNF831",128611
"VPS25",84313
"EDN3",1908
"RFPL4A",342931
"NT5E",4907
"RFPL4AL1",729974
"DPP4",1803
"LYRM9",201229
"GPR1",2825
"NLRP11",204801
"DUSP9",1852
"GPX4",2879
"GIT2",9815
"NF1",4763
"ZDHHC17",23390
"KIF18B",146909
"P3H4",10609
"ZNF106",64397
"MLIP",90523
"NLRP4",147945
"TCF7",6932
"LRRC3C",100505591
"NAA10",8260
"PFKFB1",5207
"GSDMA",284110
"NLRP13",126204
"ZFAND2B",130617
"NOS2",4843
"NLRP8",126205
"NLRP5",126206
"FER",2241
"PIGK",10026
"ZNF787",126208
"GPR101",83550
"MACF1",23499
"HSD17B4",3295
"ZNF444",55311
"ERBB2",2064
"ZIC3",7547
"GALP",85569
"DLX1",1745
"ZSCAN5B",342933
"GALNS",2588
"BLM",641
"ZSCAN5C",649137
"DGKK",139189
"SKP1",6500
"HUNK",30811
"TRIM49D1",399939
"TEX10",54881
"C1QL1",10882
"TRIM49D2",729384
"CCDC112",153733
"WNT8A",7478
"EXOC3L1",283849
"TRAPPC2L",51693
"MIEN1",84299
"TRIM64",120146
"OXCT1",5019
"PGAP3",93210
"INVS",27130
"AZU1",566
"ZNF582",147948
"DLX2",1746
"PRTN3",5657
"PSMD3",5709
"PPP2CA",5515
"ZSCAN5A",79149
"MIS18A",54069
"C21orf58",54058
"SHROOM4",57477
"PJA2",9867
"ATP2C2",9914
"CDKL3",51265
"DCAKD",79877
"RHAG",6005
"GSTP1",2950
"EVI2B",2124
"COA3",28958
"WNK4",65266
"EVI2A",2123
"EDDM13",100506374
"HYKK",123688
"OMG",4974
"COL4A2",1284
"PLCD3",113026
"TCHP",84260
"NMRK2",27231
"NOB1",28987
"LEMD1",93273
"TMEM154",201799
"ZNF583",147949
"XPNPEP2",7512
"ACBD4",79777
"NOBOX",135935
"PSMB3",5691
"KCNK16",83795
"CCDC144A",9720
"KHDC1",80759
"TGFBRAP1",9392
"CTDSP1",58190
"ZNF667",63934
"COL4A1",1282
"KHDC1L",100129128
"ZNF471",57573
"ENPP4",22875
"C2orf49",79074
"NMT1",4836
"ENPP5",59084
"BMP15",9210
"CCL1",6346
"MAATS1",89876
"COX7C",1350
"EZHIP",340602
"SHCBP1L",81626
"NUDT10",170685
"CDK15",65061
"ZFP28",140612
"PPEF1",5475
"URB1",9875
"SEC16B",89866
"SEC16B",111240474
"RGS18",64407
"ZNF470",388566
"C5orf51",285636
"RGS13",6003
"PSME3",10197
"MRAP",56246
"CR1",1378
"FGF13",2258
"AP1G1",164
"RGS21",431704
"SLC25A44",9673
"RGS2",5997
"ELANE",1991
"COL9A1",1297
"NR1I2",8856
"TRIM49C",642612
"TRPM2",7226
"RGS1",5996
"ADGRD1",283383
"PIP4K2B",8396
"C15orf61",145853
"SET",6418
"ZDBF2",57683
"IQCH",64799
"TIGD4",201798
"CFD",1675
"RCAN2",10231
"EVPLL",645027
"ZIM2",23619
"FEM1C",56929
"CRISP2",7180
"MICOS13",125988
"MR1",3140
"PMVK",10654
"NDUFV1",4723
"CNTD1",124817
"TMED7-TICAM2",100302736
"AAGAB",79719
"TMED7",51014
"BECN1",8678
"LONP1",9361
"TICAM2",353376
"ZFAND6",54469
"ERBB4",2066
"CYP39A1",51302
"IGF2BP2",10644
"PXDC1",221749
"PEG3",5178
"E2F4",1874
"CSF3",1440
"UBTFL1",642623
"IER5",51278
"MRPS11",64963
"NME5",8382
"FAM50B",26240
"MRPL46",26589
"OLFML3",56944
"BANP",54971
"TUBB4A",10382
"DET1",55070
"SPR",6697
"GNA11",2767
"LAMC1",3915
"MLH3",27030
"PAN3",255967
"TINAG",27283
"PMF1",11243
"ADGRG2",10149
"RPL36",25873
"MAN2A1",4124
"DHX58",79132
"BGLAP",632
"NUDT11",55190
"PAQR6",79957
"AK5",26289
"CENPVL3",347549
"CENPVL2",441495
"ADAM23",8745
"CENPVL1",389857
"HSD11B1L",374875
"STAM2",10254
"SMIM17",147670
"CR1L",1379
"CRISP3",10321
"ABCC10",89845
"RABEP2",79874
"RAPGEF6",51735
"FAM170A",340069
"EMX1",2016
"ZNF71",58491
"TNFSF9",8744
"GSPT2",23708
"ZNF835",90485
"PGK2",5232
"FBXO4",26272
"ASIC1",41
"DLK2",65989
"USP29",57663
"ATP2A1",487
"ZIM3",114026
"ARFIP1",27236
"F9",2158
"DUXA",503835
"APEX2",27301
"COX5A",9377
"ZNF264",9422
"GTF2H2C_2",728340
"GTF2H2C_2",730394
"USF1",7391
"ALAS2",212
"PABPN1L",390748
"AURKC",6795
"PMF1-BGLAP",100527963
"RXRG",6258
"GHR",2690
"SH3GL3",6457
"HHEX",3087
"MUC3A",4584
"PAM",5066
"TNNT2",7139
"LAMC2",3918
"TMEM132E",124842
"CD19",930
"ZNF805",390980
"GCG",2641
"ZNF460",10794
"SMARCE1",6605
"SCAMP5",192683
"ZNF543",125919
"ZNF304",57343
"CKAP5",9793
"HNRNPA1",3178
"FAP",2191
"MORF4L2",9643
"SASH3",54440
"NLK",51701
"RPP25",54913
"ZNF772",400720
"IBTK",25998
"CSRP2",1466
"INCA1",388324
"FNIP1",96459
"VN1R1",57191
"TEAD3",7005
"ZNF547",284306
"LRRC52",440699
"CAMTA2",23125
"GPR26",2849
"TRAPPC2B",10597
"ZNF749",388567
"ZNF17",7565
"SLC25A46",91137
"CBX5",23468
"ZNF548",147694
"SMIM11B",102723553
"TPK1",27010
"NFE2",4778
"KIF6",221458
"NUP35",129401
"SULF1",23213
"TMEM232",642987
"COPZ1",22818
"SLC27A3",11000
"FAM243B",102723451
"DAPK3",1613
"ZNF773",374928
"PBXIP1",57326
"INTS3",65123
"ZNF419",79744
"CBFA2T3",863
"DPPA5",340168
"TCP10L",140290
"PRDM7",11105
"KHDC3L",154288
"ABCG1",9619
"AOX1",316
"ABCB6",10058
"FHDC1",85462
"OOEP",441161
"DDX43",55510
"CFAP298-TCP10L",110091775
"SYT6",148281
"ZNF550",162972
"CPXM2",119587
"NMNAT2",23057
"GRIK4",2900
"CGAS",115004
"ZNF549",256051
"SMPX",23676
"UNC80",285175
"ZIK1",284307
"MCTP2",55784
"LAD1",3898
"BCO1",53630
"ZNF416",55659
"NAALAD2",10003
"ATG9A",79065
"CFAP298",56683
"FLT1",2321
"CRISP1",167
"RUNX1T1",862
"GAN",8139
"FURIN",5045
"LRRC3",81543
"EEF2",1938
"PLP1",5354
"CCDC152",100129792
"ZNF776",284309
"ZNF530",348327
"KCNE1B",102723475
"SELENOP",6414
"ZNF211",10520
"ZC2HC1C",79696
"PAGE2B",389860
"EVA1C",59271
"TMEM31",203562
"ZNF671",79891
"BZW1",9689
"NEK9",91754
"ZSCAN4",201516
"ZNF551",90233
"TRA2B",6434
"KRT222",125113
"ZNF154",7710
"DENND1B",163486
"ZNF134",7693
"TMED10",10972
"CDO1",1036
"RAB9B",51209
"ACYP1",97
"YY2",404281
"MBTPS2",51360
"CD70",970
"TNFRSF13B",23495
"CD99L2",83692
"TULP1",7287
"USP37",57695
"TNFSF14",8740
"PAGE2",203569
"ZNF586",54807
"MYOT",9499
"POFUT2",23275
"DHX9",1660
"FANCE",2178
"RAB40A",142684
"SCAF4",57466
"BRSK1",84446
"ST20-MTHFS",100528021
"NELFCD",51497
"ALS2",57679
"PEBP1",5037
"EXOSC9",5393
"SCRN2",90507
"HOXD4",3233
"C1GALT1C1",29071
"DNAL1",83544
"PTCHD3",374308
"THEM5",284486
"RAB32",10981
"HOXD3",3232
"C2CD4D",100191040
"RAB3D",9545
"SLC35F5",80255
"PA2G4",5036
"ETV2",2116
"IFNGR1",3459
"PAQR3",152559
"HOXD8",3234
"DENND4A",10260
"MCTS1",28985
"DPY19L3",147991
"KDM4E",390245
"SMG9",56006
"RFXANK",8625
"NUBP1",4682
"KDM4D",55693
"FAM3B",54097
"CPSF4",10898
"PPP1R27",116729
"IRGC",56269
"LHFPL3",375612
"C16orf58",64755
"PAAF1",80227
"ZBTB44",29068
"CLEC6A",93978
"HERC1",8925
"COG4",25839
"PDZK1",5174
"CEP76",79959
"SCNN1B",6338
"ISL2",64843
"CDK20",23552
"PGLS",25796
"NCOA4",8031
"SP100",6672
"SURF6",6838
"ADAM2",2515
"PQBP1",10084
"TEX14",56155
"CUL4B",8450
"MRPL22",29093
"RAB6C",84084
"REEP2",51308
"SLC27A1",376497
"COX6A2",1339
"PRR15",222171
"BHLHE22",27319
"FOXA2",3170
"KPNA6",23633
"RAD51AP2",729475
"CLTA",1211
"GALNT6",11226
"GNG11",2791
"ZNF843",283933
"CYP7B1",9420
"MZT2B",80097
"ADAMTS8",11095
"DEFB130A",245940
"VSIG4",11326
"TSPAN33",340348
"VSNL1",7447
"TOB1",10140
"SIK2",23235
"TMEM50A",23585
"CBY3",646019
"CLNK",116449
"OR5T2",219464
"CANX",821
"CRY1",1407
"TEX51",101929926
"PSMG2",56984
"PODXL",5420
"PPP2R1B",5519
"SMPD4",55627
"C3orf38",285237
"KIF4B",285643
"CGGBP1",8545
"ADGRE1",2015
"PCK1",5105
"VPS37C",55048
"PDGFD",80310
"EIF3M",10480
"PSMG3",84262
"RHCE",6006
"ZNF654",55279
"MYBPHL",343263
"OR5T3",390154
"BET1",10282
"IRS4",8471
"OR5T1",390155
"ZNF518B",85460
"OSTC",58505
"AL035425.3",8471
"OR8H1",219469
"DDI1",414301
"TEP1",7011
"CYP1A1",1543
"AQP11",282679
"SERTAD2",9792
"MCUR1",63933
"COL9A3",1299
"CLNS1A",1207
"USP45",85015
"SEPTIN4",5414
"MED26",9441
"CCDC73",493860
"IFFO1",25900
"ZSCAN26",7741
"SLC1A4",6509
"PGA5",5222
"RNF115",27246
"UBR4",23352
"ZNHIT2",741
"TNPO2",30000
"CALR3",125972
"CHAD",1101
"LMBR1L",55716
"ZFPL1",7542
"PGBD1",84547
"POLR3C",10623
"TIMM17B",10245
"SETD6",79918
"SLC35E1",79939
"TARS2",80222
"TM7SF2",7108
"ETV1",2115
"HSPA6",3310
"FCGR3A",2214
"CHERP",10523
"TXLNA",200081
"CD160",11126
"NGEF",25791
"TBC1D23",55773
"PGA3",643834
"INPP4A",3631
"SYT17",51760
"ARMC5",79798
"ZNF771",51333
"CNOT1",23019
"OR2AG2",338755
"TCFL5",10732
"DCTPP1",79077
"SEZ6L2",26470
"MAN1B1",11253
"HACD3",51495
"ADCK1",57143
"CARMIL2",146206
"ALS2CL",259173
"RFC5",5985
"OASL",8638
"PGA4",643847
"P2RY11",5032
"OR2AG1",144125
"EIF3G",8666
"OR6A2",8590
"GIGYF2",26058
"SLC29A4",222962
"FCGR2A",2212
"FCGR2A",9103
"OR2D2",120776
"OR10A2",341276
"PRR29",92340
"OR2D3",120775
"GAS2L1",10634
"ITPRIPL2",162073
"OR10A4",283297
"OR10A5",144124
"ZNF215",7762
"PNISR",25957
"CPE",1363
"POTEF",728378
"KRCC1",51315
"COL9A2",1298
"SMYD1",150572
"ICAM2",3384
"MED22",6837
"ZSWIM5",57643
"TNRC18",84629
"ACOT1",641371
"ZNF214",7761
"WSB2",55884
"CWF19L1",55280
"ACOT2",10965
"GUCY2F",2986
"TSTD3",100130890
"ATP2B1",490
"OSR2",116039
"ACD",65057
"SRARP",149563
"U2AF1",7307
"RIOX1",79697
"SSTR4",6754
"TBKBP1",9755
"ACOT6",641372
"HMOX1",3162
"WIPF3",644150
"HEATR4",399671
"CYP1A2",1544
"DCLRE1A",9937
"PPAN",56342
"CLEC4D",338339
"MSRB1",51734
"THBD",7056
"IL22RA2",116379
"HPDL",84842
"PIK3AP1",118788
"PPAN-P2RY11",692312
"ACOT4",122970
"C11orf96",387763
"MSRB2",22921
"MAPK15",225689
"MSMB",4477
"SORBS2",8470
"SCNN1D",6339
"TEKT2",27285
"RNF182",221687
"KPNA7",402569
"ARMC3",219681
"SUPT6H",6830
"STON1",11037
"ADAMTS13",11093
"ELOC",6921
"PRLR",5618
"SEPHS2",22928
"MIA3",375056
"NUP107",57122
"HDHD2",84064
"USP22",23326
"F10",2159
"CLEC1A",51267
"VPS51",738
"ACCSL",390110
"STON1-GTF2A1L",286749
"CFAP46",54777
"RDH12",145226
"TMEM161A",54929
"ZFYVE26",23503
"KCTD17",79734
"LMF1",64788
"COL1A2",1278
"NUDCD2",134492
"VPS36",51028
"MICAL3",57553
"CCNG1",900
"IER3IP1",51124
"DSP",1832
"CAMSAP1",157922
"RBM17",84991
"EGR1",1958
"TMEM262",100130348
"COG7",91949
"OR8U8",504189
"OR8U9",504190
"LTC4S",4056
"GTF2A1L",11036
"THSD1",55901
"PPP2R5D",5528
"SAXO1",158297
"HK2",3099
"CKMT1B",1159
"ADAMTSL1",92949
"ZNF536",9745
"LMX1B",4010
"CAMK1G",57172
"MAML1",9794
"TBC1D24",57465
"CLDN5",7122
"ARL5A",26225
"SGCD",6444
"NOP10",55505
"CLEC2L",154790
"RASL10A",10633
"LPA",4018
"NUTM1",256646
"NIBAN3",199786
"ACAP2",23527
"CD93",22918
"ORC5",5001
"INPP1",3628
"PACS1",55690
"FBXL2",25827
"ADAMTS15",170689
"FAM86B2",653333
"TSHZ3",57616
"AIDA",64853
"CATSPER2",117155
"PLXNA4",91584
"LHCGR",3973
"RORC",6097
"TEKT5",146279
"ETF1",2107
"TBX15",6913
"WASHC3",51019
"CEMP1",752014
"BROX",148362
"SSX2IP",117178
"ATP4A",495
"EFCAB1",79645
"AMDHD2",51005
"PLG",5340
"TRAPPC8",22878
"APBA1",320
"PROZ",8858
"TNFSF10",8743
"PPP1R2B",153743
"TIMD4",91937
"N6AMT1",29104
"COX6C",1345
"GALK1",2584
"ADPRS",54936
"SLC25A10",1468
"COLEC11",78989
"C2orf88",84281
"MFAP4",4239
"LINGO4",339398
"CWC15",51503
"ZBP1",81030
"STKLD1",169436
"STRC",161497
"MSTN",2660
"SLC5A9",200010
"SPACA5",389852
"HIBCH",26275
"SLC10A6",345274
"ZNF81",347344
"TRIR",79002
"ITGB4",3691
"REXO4",57109
"TEX101",83639
"RAB4A",5867
"HAVCR1",26762
"WARS2",10352
"ARPC4-TTLL3",100526693
"MRPL44",65080
"MRPL12",6182
"ZNF630",57232
"MBD3L2B",729458
"TBX21",30009
"LYPD3",27076
"HUWE1",10075
"TADA3",10474
"VPS13B",157680
"ARMC1",55156
"KMT5A",387893
"SMIM3",85027
"HAUS5",23354
"PHLDB3",653583
"NRXN3",9369
"KANK3",256949
"MAP3K4",4216
"SLC30A4",7782
"KCTD13",253980
"IRGM",345611
"ATP6V0C",527
"ZNF300",91975
"ALG1L",200810
"EPN2",22905
"C15orf48",84419
"GET3",439
"PLEKHA8",84725
"PTBP3",9991
"ZNF182",7569
"RAMP1",10267
"FYB1",2533
"MBD3L5",284428
"MAP2K4",6416
"BEST2",54831
"LAMA1",284217
"SMO",6608
"ZNF575",284346
"MBD3L4",653656
"COL8A2",1296
"MBD3L2",125997
"GOLPH3",64083
"NDUFA7",4701
"CCSAP",126731
"ETHE1",23474
"CDC37L1",55664
"MBD3L3",653657
"ASPHD1",253982
"ACSM2B",348158
"OGG1",4968
"DNAJB2",3300
"KANK2",25959
"GRM1",2911
"QRSL1",55278
"GCGR",2642
"OR9G9",504191
"CD320",51293
"P2RX4",5025
"PARS2",25973
"CD83",9308
"CLIP1",6249
"RILPL2",196383
"ACCS",84680
"PTPRK",5796
"OXR1",55074
"CSNKA2IP",111064647
"IRGQ",126298
"XRCC1",7515
"RPS28",6234
"UPRT",139596
"GIP",2695
"MEA1",4201
"PPP1R2",5504
"SNRNP48",154007
"ITPR1",3708
"SMNDC1",10285
"LPAR3",23566
"KLHDC3",116138
"CENPF",1063
"ACTA1",58
"TMEM70",54968
"SNU13",4809
"IGF2BP1",10642
"XAF1",54739
"ADGRA1",84435
"MCRIP1",348262
"PMEPA1",56937
"SCRN1",9805
"SREK1",140890
"PPA1",5464
"GPX3",2878
"CKMT2",1160
"TTC22",55001
"UBP1",7342
"PINLYP",390940
"ROPN1B",152015
"HOXD13",3239
"RNF216",54476
"HOXD12",3238
"PRRT1B",642515
"ABCB7",22
"HOXD11",3237
"C4orf36",132989
"ERO1A",30001
"GPKOW",27238
"NUDT17",200035
"SERPINE2",5270
"HOXD10",3236
"FCRL1",115350
"SRRM5",100170229
"RILPL1",353116
"ANGPTL8",55908
"ZNF576",79177
"PIAS3",10401
"AFF1",4299
"FKBP14",55033
"ANKRD44",91526
"NUP93",9688
"XPO1",7514
"TRAPPC3",27095
"DOCK6",57572
"TLL1",7092
"SNRNP35",11066
"SCAF11",9169
"B9D1",27077
"PAFAH2",5051
"LAMB3",3914
"ZNF428",126299
"ZBTB43",23099
"EBF4",57593
"TMEM40",55287
"CADM4",199731
"RASGRF2",5924
"MAP7D1",55700
"PIP5K1A",8394
"ETNPPL",64850
"PLAUR",5329
"ANKRA2",57763
"CHRNA7",1139
"OSBPL7",114881
"ADRB3",155
"GOT1L1",137362
"NPFFR1",64106
"OAS2",4939
"CAB39",51719
"RAB11A",8766
"PRRG4",79056
"UTP15",84135
"SLC6A19",340024
"RBM42",79171
"CDKN3",1033
"EIF4EBP1",1978
"ZNF557",79230
"SNAI2",6591
"SLC18A3",6572
"CHAT",1103
"ATP5MF",9551
"OAS1",4938
"MEI1",150365
"CCDC28B",79140
"SLC24A1",9187
"JARID2",3720
"B4GALNT2",124872
"NUP133",55746
"ZNF507",22847
"TTLL3",26140
"KCNJ13",3769
"ELFN1",392617
"HSPA9",3313
"IQCC",55721
"FAM83H",286077
"AHSP",51327
"ARPC1A",10552
"SNORC",389084
"PKDCC",91461
"ITGAL",3683
"FAM124B",79843
"TMEM170A",124491
"BMP2K",55589
"AK3",50808
"OAS3",4940
"TRIO",7204
"NXT2",55916
"MAPK7",5598
"CD24",100133941
"CFDP1",10428
"CARM1",10498
"CUL3",8452
"PDAP1",11333
"HMGA2",8091
"COA4",51287
"WFIKKN2",124857
"ANKRD40CL",55018
"AMELX",265
"PTPRB",5787
"GYPC",2995
"SLC5A2",6524
"HTR1F",3355
"LAYN",143903
"ARHGAP28",79822
"KLRG2",346689
"ACSF2",80221
"DDC",1644
"NOL7",51406
"C9orf64",84267
"LAMP2",3920
"RTN4IP1",84816
"GTF3C6",112495
"PCDHGB4",8641
"PCDHGA9",56107
"PCDHGB3",56102
"CDCA5",113130
"PCDHGB1",56104
"KSR2",283455
"RBM47",54502
"AQP12A",375318
"TFPI2",7980
"GNG14",105372280
"ITGA1",3672
"ARHGAP6",395
"PCDHGA8",9708
"RPL34",6164
"COL11A1",1301
"PCDHGB2",56103
"GNGT1",2792
"PELO",53918
"FIGNL1",63979
"BACE2",25825
"SURF4",6836
"ABCC12",94160
"ABO",28
"FBXW9",84261
"MAPK4",5596
"SLC4A8",9498
"CD5",921
"NTRK1",4914
"POU1F1",5449
"AFTPH",54812
"GPR82",27197
"GHSR",2693
"TRIP13",9319
"MRPL17",63875
"VNN3",55350
"NKAPL",222698
"SMIM7",79086
"AQP12B",653437
"LYAR",55646
"LRRC72",100506049
"ZNF385D",79750
"DPH3",285381
"SOSTDC1",25928
"DEFA6",1671
"C20orf27",54976
"DEFA4",1669
"HPX",3263
"DEFB125",245938
"TFIP11",24144
"FAM20C",56975
"P3H3",10536
"TINF2",26277
"TUBB8",347688
"DEFB126",81623
"DEFB127",140850
"DEFB128",245939
"DEFB129",140881
"WDR19",57728
"FGFRL1",53834
"DEFB132",400830
"SRRD",402055
"GPR162",27239
"NELFA",7469
"FOXL3",116033993
"SAMD11",148398
"DNAJB12",54788
"RPS13",6207
"JCHAIN",3512
"GID8",54994
"USH1C",10083
"C20orf96",140680
"DMTN",2039
"GUCA2B",2981
"SPEF1",25876
"ROCK2",9475
"LRRN4",164312
"SLCO5A1",81796
"GUCA2A",2980
"NOL4L",140688
"BSN",8927
"CENPB",1059
"ENAM",10117
"ECE1",1889
"CRACR2B",283229
"MCM10",55388
"KRT76",51350
"LRRC3B",116135
"ZFP69B",65243
"GLYATL1B",100287520
"DBNDD2",55861
"B3GNT2",10678
"PHF21B",112885
"SFTPD",6441
"CEP135",9662
"HAUS6",54801
"TESK1",7016
"EIF5",1983
"SETBP1",26040
"PRDM2",7799
"PNPLA2",57104
"CHST15",51363
"SKA3",221150
"NTRK2",4915
"NUP205",23165
"UCN",7349
"ANKRD20A2P",441430
"TRIM54",57159
"ACTR3C",653857
"LYPLA2",11313
"SH2D4A",63898
"PPP1R9A",55607
"RARRES2",5919
"CD72",971
"KCNAB2",8514
"KRT3",3850
"PLAC8",51316
"BEGAIN",57596
"MRPL57",78988
"SPI1",6688
"KRT4",3851
"ZBED6CL",113763
"LRRC61",65999
"TMEM38B",55151
"RBM4B",83759
"CFAP53",220136
"TP53TG5",27296
"FOXJ3",22887
"PRRT4",401399
"RBM14",10432
"FAM162A",26355
"RHBDL1",9028
"AHDC1",27245
"CCDC96",257236
"TADA2B",93624
"PI15",51050
"CASS4",57091
"TBC1D14",57533
"RBM14-RBM4",100526737
"COA5",493753
"SYS1",90196
"RBM4",5936
"PPP2R3A",5523
"MAFB",9935
"APOBEC1",339
"ZNF500",26048
"WDR5B",54554
"SORT1",6272
"ZFP69",339559
"PRSS12",8492
"FAAP20",199990
"DDX50",79009
"FRMPD4",9758
"FCHSD2",9873
"KLHL8",57563
"CHD7",55636
"IARS1",3376
"ANKS3",124401
"UBR5",51366
"TRIM3",10612
"ZNF621",285268
"FAM111B",374393
"YIPF1",54432
"CCDC134",79879
"TRIM73",375593
"FAM111A",63901
"NEDD8-MDP1",100528064
"GSTM5",2949
"STEAP3",55240
"COQ2",27235
"ERICH6",131831
"ZCCHC3",85364
"DTWD1",56986
"CCDC80",151887
"PSMC6",5706
"CCDC120",90060
"PRKCZ",5590
"ERP27",121506
"ANAPC5",51433
"KRT79",338785
"SOX12",6666
"TSSK4",283629
"RXYLT1",10329
"POM121C",100101267
"DHDDS",79947
"NRSN2",80023
"SERPINA12",145264
"SYBU",55638
"GSTM3",2947
"ATP4B",496
"MYBPC1",4604
"RSF1",51773
"DZANK1",55184
"NUGGC",389643
"PABPC5",140886
"ZBTB10",65986
"MDP1",145553
"BFAR",51283
"ZNF33B",7582
"GPR107",57720
"NR2E3",10002
"NBDY",550643
"MTHFD2",10797
"LRRC17",10234
"E2F6",1876
"MPRIP",23164
"GDF3",9573
"SPIN3",169981
"SLC25A17",10478
"DPY19L2",283417
"KCNJ4",3761
"ZNF232",7775
"EPS8L3",79574
"ARHGDIB",397
"PRPF38B",55119
"FBXL13",222235
"IPO4",79711
"KRT78",196374
"PDGFA",5154
"GFI1B",8328
"TMEM51",55092
"USP6",9098
"N4BP1",9683
"CNDP2",55748
"FAM217B",63939
"C2orf81",388963
"SREBF2",6721
"COPS6",10980
"RBPMS2",348093
"INPP5K",51763
"ATG16L2",89849
"SLC1A3",6507
"PODXL2",50512
"SLC4A5",57835
"PPP1R3D",5509
"PROK2",60675
"SLC17A9",63910
"SLC35D2",11046
"CWC27",10283
"KAZN",23254
"KDELR3",11015
"PRDM14",63978
"TSC1",7248
"SNAPC4",6621
"MYO18A",399687
"DDX17",10521
"SORCS1",114815
"BMP8A",353500
"ALPK2",115701
"HNRNPA2B1",3181
"OVCA2",124641
"PAXIP1",22976
"FAM199X",139231
"DPH1",1801
"GRK1",6011
"TMEM254",80195
"HSD17B3",3293
"C20orf144",128864
"ISLR2",57611
"NECAB3",63941
"DPPA3",359787
"PIK3C2A",5286
"MACO1",55219
"FAM209A",200232
"NOTCH2",4853
"OR11H1",81061
"PON1",5444
"SLC39A13",91252
"RTF2",51507
"DARS1",1615
"PIWIL2",55124
"ANKMY2",57037
"RBM43",375287
"TMEM17",200728
"C16orf71",146562
"DDX53",168400
"PMP22",5376
"CBLL2",158506
"CDH26",60437
"CRYBG3",131544
"DKK3",27122
"BAG4",9530
"AL160269.1",11046
"FERMT1",55612
"NFATC2IP",84901
"PLA2G10",8399
"BASP1",10409
"GADD45A",1647
"POMP",51371
"RIOX2",84864
"LSM1",27257
"OTP",23440
"RIMKLA",284716
"WDR5",11091
"DAO",1610
"ZHX3",23051
"ESX1",80712
"NPIPA3",642778
"SIAH2",6478
"ASH2L",9070
"GBP3",2635
"CD200R1L",344807
"MINDY4B",646951
"SFXN5",94097
"UNC50",25972
"SLC9A7",84679
"CLRN1",7401
"GAS6",2621
"ISLR",3671
"NCOA2",10499
"NFE2L3",9603
"PCDH10",57575
"DIRAS3",9077
"TSHR",7253
"GCNT7",140687
"SPATA16",83893
"CBX3",11335
"ATL2",64225
"WLS",79971
"TMEM255B",348013
"ZNF280B",140883
"PPCS",79717
"ZNF280A",129025
"AMPD1",270
"CPA4",51200
"PLCG1",5335
"DLD",1738
"DCTN1",1639
"SRY",6736
"C2orf76",130355
"PRKAR1B",5575
"NOC2L",26155
"CCDC30",728621
"PABPC4L",132430
"PIGT",51604
"BRWD1",54014
"BTBD11",121551
"BIK",638
"EMX2",2018
"PTCD3",55037
"USP47",55031
"C4orf48",401115
"PON3",5446
"CBLN1",869
"NEK10",152110
"CDH7",1005
"FAM180A",389558
"CLVS1",157807
"PLD6",201164
"CLSTN2",64084
"SUB1",10923
"STAR",6770
"SLC13A4",26266
"AADAT",51166
"PNP",4860
"FLCN",201163
"ASAP1",50807
"DIO1",1733
"ALDH2",217
"ASPH",444
"AC093512.2",112694756
"GNG12",55970
"XKR6",286046
"FNDC7",163479
"CEP128",145508
"TNRC6A",27327
"CTXN2",399697
"BCAT1",586
"NAT8L",339983
"SLC24A5",283652
"STMP1",647087
"LIMA1",51474
"PUS1",80324
"KCNA1",3736
"EXD3",54932
"TTC39A",22996
"HEPACAM",220296
"PRAME",23532
"EID3",493861
"UCMA",221044
"TXNRD1",7296
"KCNJ5",3762
"CLEC4C",170482
"DNAAF5",54919
"TOP1",7150
"MPEG1",219972
"KIR2DS1",3802
"DTX4",23220
"HEPN1",641654
"CREBBP",1387
"SLC12A1",6557
"RAB11FIP5",26056
"ACAD10",80724
"C11orf45",219833
"RBL1",5933
"LPCAT4",254531
"UBE2E2",7325
"BMP2",650
"MCAT",27349
"ALDOA",226
"PHKA1",5255
"EXO5",64789
"SLC46A3",283537
"SERPINA5",5104
"GRPEL1",80273
"UGT2B17",7367
"SKOR2",652991
"MALT1",10892
"LAMB1",3912
"KCNA5",3741
"TIAF1",9220
"CCT2",10576
"GPR156",165829
"NUDCD3",23386
"CDH19",28513
"BHLHE23",128408
"UBE2E1",7324
"MTMR9",66036
"RSRC2",65117
"GGA2",23062
"PDE6H",5149
"CAVIN4",347273
"CHMP4A",29082
"PRPS2",5634
"MND1",84057
"OST4",100128731
"ECI1",1632
"BMS1",9790
"ABTB1",80325
"SDCBP2",27111
"AGBL5",60509
"MIA2",4253
"SERPINA3",12
"SHOC2",8036
"DTNB",1838
"TM9SF1",10548
"TGM1",7051
"ZMYND12",84217
"NANOGNB",360030
"SORCS2",57537
"SERPINA4",5267
"HAUS3",79441
"LONRF2",164832
"LRRC58",116064
"PRAF2",11230
"ARFIP2",23647
"FSTL1",11167
"CRACD",57482
"FKBP1A",2280
"MERTK",10461
"C16orf91",283951
"WDR45",11152
"PSAPL1",768239
"TSPO",706
"PTPRJ",5795
"IL17RD",54756
"PSAT1",29968
"CAND1",55832
"NPPB",4879
"POLN",353497
"GBP1",2633
"MRAS",22808
"KIAA2013",90231
"OAT",4942
"NEDD8",4738
"ENSA",2029
"AFAP1",60312
"SENP8",123228
"SORBS1",10580
"HSD17B11",51170
"DSEL",92126
"STIM2",57620
"REC8",9985
"SLC25A25",114789
"POTEB3",102724631
"MYO9A",4649
"NUDT8",254552
"MTUS2",23281
"GTF2IRD1",9569
"MSL2",55167
"HSD17B13",345275
"SPDYC",387778
"IL1RAPL2",26280
"TIMM10B",26515
"LDLRAP1",26119
"DMRTA1",63951
"BZW2",28969
"LMAN2L",81562
"POLR3F",10621
"TEX13A",56157
"CD200R1",131450
"IAPP",3375
"PTCHD1",139411
"RAPGEF4",11069
"OR4B1",119765
"ZNF684",127396
"SLCO1A2",6579
"STYX",6815
"AKAP11",11215
"CAPN1",823
"DNHD1",144132
"MST1R",4486
"PIF1",80119
"SPNS1",83985
"WHRN",25861
"RPS4Y1",6192
"PLIN2",123
"NCS1",23413
"CCDC42",146849
"MYEF2",50804
"TPST2",8459
"GFPT1",2673
"SC5D",6309
"CNTNAP2",26047
"RNF212",285498
"SCN5A",6331
"SPDYE4",388333
"RPRM",56475
"EXOSC10",5394
"TFAP2A",7020
"TAS2R3",50831
"TRIB3",57761
"PITPNA",5306
"RSPRY1",89970
"NAIF1",203245
"NTF3",4908
"PMPCA",23203
"CRYBB1",1414
"METTL14",57721
"TUBB8B",260334
"PERCC1",105371045
"TLR7",51284
"CRISPLD1",83690
"SRBD1",55133
"ST13",6767
"RFC1",5981
"WEE2",494551
"ADAMTS6",11174
"TRIM42",287015
"ARL5B",221079
"GYG2",8908
"TAS2R4",50832
"ANKRD55",79722
"SSBP1",6742
"TBX10",347853
"GALNT13",114805
"RBBP9",10741
"UFC1",51506
"UCN3",114131
"MON1A",84315
"NKX1-2",390010
"RNASE10",338879
"FGD6",55785
"ACY3",91703
"FCER1A",2205
"CRIP2",1397
"DAB2IP",153090
"CCDC154",645811
"ICA1",3382
"IL6ST",3572
"PRCP",5547
"CRYBA4",1413
"LY6E",4061
"FKBP7",51661
"SLC35G5",83650
"H1-4",3008
"TBCA",6902
"INTS4",92105
"CDH5",1003
"USP33",23032
"H3C4",8351
"HAO1",54363
"H2BC6",8344
"P3R3URF",110117498
"ANO2",57101
"P3R3URF-PIK3R3",110117499
"AMPH",273
"TIGD2",166815
"SYNPR",132204
"TSPAN1",10103
"H4C4",8360
"H2AC7",3013
"OR4X2",119764
"H2BC7",8343
"NIM1K",167359
"OR4X1",390113
"H2BC5",3017
"OR10J1",26476
"OR4S1",256148
"ENTR1",10807
"ZNF704",619279
"PHYH",5264
"PCDH11X",27328
"NFATC4",4776
"RAB11FIP2",22841
"ATXN7L3B",552889
"OR4C3",256144
"OR4C5",79346
"ZNF367",195828
"GPRIN3",285513
"SFXN3",81855
"TNFSF11",8600
"PIK3R3",8503
"NCAM1",4684
"FAM171B",165215
"LAT",27040
"OR11H12",440153
"OTOA",146183
"TUBAL3",79861
"KRT8",3856
"LZTS2",84445
"ITGAV",3685
"PLEKHA3",65977
"AAMDC",28971
"TTLL12",23170
"ADRA2A",150
"YTHDF1",54915
"CBLB",868
"NR1D2",9975
"CD151",977
"CU633846.1",3806
"SPTSSB",165679
"GALE",2582
"ADCY8",114
"NEPRO",25871
"SEC22B",9554
"PDZD7",79955
"SRD5A1",6715
"LRP2",4036
"MST1",4485
"GBP7",388646
"C8orf86",389649
"DBI",1622
"ABCA4",24
"GBP2",2634
"VPREB1",7441
"OTOL1",131149
"MICU1",10367
"DLK1",8788
"TMX4",56255
"MFSD6L",162387
"RPL15",6138
"HSPB11",51668
"PSMA5",5686
"KPNA1",3836
"SNTN",132203
"FAM216B",144809
"GABRR3",200959
"DDIAS",220042
"KRT18",3875
"ADGRA3",166647
"NPAT",4863
"SNAP29",9342
"C3orf49",132200
"MGAT4A",11320
"GRB14",2888
"NLGN1",22871
"TGIF1",7050
"THOC7",80145
"PI4KA",5297
"ATP6V1G1",9550
"SHQ1",55164
"OR10J5",127385
"MRPL50",54534
"HESX1",8820
"NSUN5",55695
"RAB30",27314
"APEH",327
"ATXN7",6314
"FAM53B",9679
"C11orf65",160140
"RUVBL1",8607
"LHPP",64077
"SETD4",54093
"ZMYND11",10771
"TSPAN13",27075
"MLNR",2862
"BCL11A",53335
"SNCA",6622
"CNTN5",53942
"COMMD7",149951
"FTSJ1",24140
"IKBIP",121457
"GTPBP8",29083
"NKIRAS1",28512
"POLR2L",5441
"FO393400.1",149951
"C20orf203",284805
"EEF1AKMT2",399818
"CBWD6",644019
"ZER1",10444
"SORL1",6653
"ATM",472
"IMPACT",55364
"COL6A5",256076
"GOLGA8A",23015
"CCDC15",80071
"RFTN1",23180
"CACNB3",784
"MTPN",136319
"MTPN",767558
"SLC7A1",6541
"TEX11",56159
"EEFSEC",60678
"TMEM87B",84910
"SMAD2",4087
"SERPIND1",3053
"XPNPEP3",63929
"REPIN1",29803
"KCNC2",3747
"RYR3",6263
"NRK",203447
"SEC61A1",29927
"ZNF189",7743
"CXCR4",7852
"LRRC10",376132
"NXPH4",11247
"BUD13",84811
"CHRM2",1129
"NRAS",4893
"ARNTL2",56938
"NDUFB4",4710
"AGR2",10551
"DNAJB7",150353
"CDADC1",81602
"TLR8",51311
"ZNF775",285971
"PRDX4",10549
"CDC25B",994
"AASDH",132949
"ALDH3B2",222
"SCRT1",83482
"RP2",6102
"SHMT2",6472
"SVOP",55530
"GUCY1B1",2983
"KBTBD12",166348
"PIK3R6",146850
"FPGS",2356
"SRGAP1",57522
"FAM168B",130074
"TAMM41",132001
"OXNAD1",92106
"FAM167A",83648
"MGLL",11343
"ZDHHC20",253832
"BIRC7",79444
"TMSB4X",7114
"CBR1",873
"ANKDD1A",348094
"ING1",3621
"H3Y2",340096
"SKI",6497
"CU464060.1",100132285
"CARS2",79587
"ALDOB",229
"RXRA",6256
"MALRD1",340895
"APCS",325
"OR4A47",403253
"MORN1",79906
"TMEM37",140738
"ZPR1",8882
"MPV17",4358
"CPA5",93979
"TTLL11",158135
"SLC66A1L",152078
"SCN8A",6334
"IL32",9235
"GXYLT2",727936
"AADACL2",344752
"UBL3",5412
"CDC14B",8555
"SGSM2",9905
"EBLN2",55096
"NDUFA8",4702
"PPP4R2",151987
"PLEKHO2",80301
"GBP4",115361
"NAV3",89795
"H4C5",8367
"MXD4",10608
"H2BC8",8339
"CAB39L",81617
"NAP1L3",4675
"JADE3",9767
"FAM133A",286499
"ADAM10",102
"SLC14A2",8170
"SLC8B1",80024
"CRP",1401
"POTEB",100996331
"IMPDH1",3614
"USP21",27005
"SEPHS1",22929
"RNASE9",390443
"H2AC8",3012
"HTR5A",3361
"SLC14A1",6563
"H3C6",8353
"TMEM268",203197
"CRTC2",200186
"H1-3",3007
"DBNL",28988
"H4C6",8361
"H4C7",8369
"H3C7",8968
"PPIAL4C",653598
"KIAA0319L",79932
"H2BC9",8345
"COL6A6",131873
"OR5AC2",81050
"H3C8",8355
"TEX53",105376230
"OR5H1",26341
"OR5H14",403273
"EPSTI1",94240
"PTPRO",5800
"H2BC10",8346
"TP53AIP1",63970
"SLC52A2",79581
"DYRK2",8445
"SERPINA7",6906
"MMP15",4324
"FAT3",120114
"PLBD2",196463
"DAD1",1603
"SMG6",23293
"TACSTD2",4070
"RRN3",54700
"THSD7B",80731
"PLAC9",219348
"HMGN2",3151
"ADAD1",132612
"HABP4",22927
"AGR3",155465
"RNF34",80196
"CCT3",7203
"HRH4",59340
"NUCB2",4925
"ZNF594",84622
"PAG1",55824
"HMCN2",256158
"FBLN7",129804
"MCEE",84693
"VWF",7450
"HRG",3273
"ARHGAP29",9411
"KCNJ3",3760
"KDM2B",84678
"GBP5",115362
"SLC27A2",11001
"AHSG",197
"PLLP",51090
"SPTBN2",6712
"SCUBE1",80274
"ARL2BP",23568
"TBCCD1",55171
"SCTR",6344
"MBLAC1",255374
"SCIMP",388325
"FBXL6",26233
"TAF6",6878
"HMGCS1",3157
"TEX48",100505478
"OR5H15",403274
"RIMS3",9783
"OR5H2",79310
"RNASE11",122651
"OR5H6",79295
"GALNTL6",442117
"MID1IP1",58526
"OR5K3",403277
"OR5K4",403278
"ATP8B4",79895
"DNAJB11",51726
"ABHD4",63874
"GPAM",57678
"HIC1",3090
"TNFSF15",9966
"FETUB",26998
"TBC1D13",54662
"RNASE12",493901
"TMX3",54495
"NBPF26",101060684
"SYPL2",284612
"TMEM249",340393
"TSR1",55720
"CSGALNACT1",55790
"OR4M2",390538
"SMAD1",4086
"FOXD4L6",653404
"OR4N4",283694
"MAGED4B",81557
"NXPH1",30010
"PDPR",55066
"ZFY",7544
"CTDSPL2",51496
"PRKCE",5581
"ZFYVE28",57732
"SPON2",10417
"CCDC141",285025
"FUT10",84750
"MORN5",254956
"BCCIP",56647
"INSIG1",3638
"PLXDC2",84898
"SRR",63826
"NFYC",4802
"SETDB2",83852
"TMEM131L",23240
"ADCY9",115
"NET1",10276
"CRYGS",1427
"ESYT3",83850
"RECQL",5965
"KNG1",3827
"TTN",7273
"MTNR1B",4544
"CRKL",1399
"TNFSF8",944
"MPPED1",758
"NDUFA4L2",56901
"POTEH",23784
"ZC3H8",84524
"AP5S1",55317
"NCDN",23154
"TNC",3371
"IFNG",3458
"OR6J1",79549
"DHX32",55760
"CLCN7",1186
"USP9Y",8287
"SEC23B",10483
"ERLEC1",27248
"CLEC18C",283971
"LDHC",3948
"STX1B",112755
"ART5",116969
"USP6NL",9712
"PWP1",11137
"ENDOG",2021
"CHL1",10752
"IL26",55801
"CAPS2",84698
"LRRC8A",56262
"PYROXD1",79912
"OR5K1",26339
"GOLPH3L",55204
"CFAP20",29105
"NHLRC1",378884
"KLHL17",339451
"TRAM1",23471
"SPOUT1",51490
"TENT4A",11044
"ARHGAP12",94134
"ZNF462",58499
"NOTO",344022
"TSACC",128229
"C7orf33",202865
"CSNK2A2",1459
"H4C8",8365
"OR5K2",402135
"NPHP4",261734
"TRIM50",135892
"CLDND1",56650
"C13orf46",100507747
"NAALADL2",254827
"PRKCI",5584
"CTBP1",1487
"BEND7",222389
"OR6S1",341799
"CALML5",51806
"PGAP4",84302
"PIK3R4",30849
"EP400",57634
"UBFD1",56061
"TMCO5A",145942
"PON2",5445
"ARHGAP42",143872
"HPSE",10855
"ASIC5",51802
"CUL1",8454
"C16orf78",123970
"TLN2",83660
"DDX21",9188
"CNPY4",245812
"KYAT1",883
"EARS2",124454
"ASB3",51130
"ASB3",100302652
"H3Y1",391769
"PGAM2",5224
"FAM236D",105373251
"NPR3",4883
"RGN",9104
"TPMT",7172
"FAM236B",100132304
"GIMAP8",155038
"DMRTC1B",728656
"CUL2",8453
"PWWP3B",139221
"MCM7",4176
"AHR",196
"GIMAP7",168537
"APPL1",26060
"PDS5B",23047
"GPC5",2262
"AP3B1",8546
"RNASE4",6038
"SHOX2",6474
"ANG",283
"FAM9C",171484
"ACSL1",2180
"UGT2B7",7364
"CCL28",56477
"CALML3",810
"ATXN7L2",127002
"MYO7B",4648
"CCL22",6367
"GLIPR1L1",256710
"MAVS",57506
"CHST10",9486
"CLN6",54982
"RBX1",9978
"GGTLC2",91227
"ZBTB49",166793
"VPS11",55823
"RSRC1",51319
"PACSIN3",29763
"IQCE",23288
"TGIF2LY",90655
"GALNT7",51809
"GIMAP4",55303
"EFCAB6",64800
"HMGCL",3155
"MPHOSPH10",10199
"PIGN",23556
"PRDM4",11108
"GPR75",10936
"CHAC2",494143
"GIMAP6",474344
"RNF24",11237
"H2BC18",440689
"KCNV1",27012
"AL441992.3",883
"FCGR1A",2209
"ZC3H6",376940
"ASB14",142686
"GBP6",163351
"RPE65",6121
"KIAA1211L",343990
"HGD",3081
"RER1",11079
"MACROD2",140733
"GAL",51083
"DNAJC15",29103
"MAK16",84549
"LACTB2",51110
"MMAA",166785
"LURAP1",541468
"POMGNT1",55624
"MED12L",116931
"FOXO3B",2310
"BEAN1",146227
"RAD23B",5887
"PANK2",80025
"TBC1D28",254272
"TTI2",80185
"CX3CL1",6376
"CYB561D1",284613
"AP4M1",9179
"COL5A1",1289
"EN2",2020
"RADX",55086
"TMEM267",64417
"RERG",85004
"SLC25A36",55186
"TK2",7084
"NIBAN2",64855
"CNPY1",285888
"CCL17",6361
"PEX10",5192
"EIF3J",8669
"GIMAP2",26157
"GOLGA8B",440270
"PPIAL4A",653505
"SEL1L2",80343
"FUCA1",2517
"NANOG",79923
"PAIP2B",400961
"SMYD5",10322
"NMI",9111
"KL",9365
"FKBP6",8468
"CALML4",91860
"MICU2",221154
"RBM33",155435
"E2F1",1869
"ZSWIM2",151112
"RASA3",22821
"C5orf34",375444
"ECHDC3",79746
"PELI2",57161
"OXA1L",5018
"PARP9",83666
"PIAS1",8554
"PXMP4",11264
"CALCRL",10203
"MCU",90550
"ARPP19",10776
"MAGED4",728239
"ABRAXAS2",23172
"RPN2",6185
"NDUFA4",4697
"C4orf51",646603
"FCGR1B",2210
"ZNF827",152485
"SPG11",80208
"EMILIN1",11117
"ZNF341",84905
"PROSER2",254427
"GPC6",10082
"EPAS1",2034
"ENOX1",55068
"FLRT3",23767
"CTBP2",1488
"C12orf66",144577
"ATXN3L",92552
"CFAP221",200373
"SLC4A7",9497
"P2RY14",9934
"CCDC102B",79839
"LRRC42",115353
"SNX10",29887
"MALSU1",115416
"CNR2",1269
"P2RY12",64805
"DTX3L",151636
"IGF2BP3",10643
"TNFAIP6",7130
"USP30",84749
"IGSF10",285313
"LRRC8C",84230
"GTF2A1",2957
"PPAT",5471
"PTPN2",5771
"LAMB4",22798
"WNT11",7481
"P2RY13",53829
"LRRC8B",23507
"SCN4B",6330
"GPR87",53836
"TFPI",7035
"UTP3",57050
"GIMAP1-GIMAP5",100527949
"GIMAP1",170575
"GPR171",29909
"GIMAP5",55340
"SMCO2",341346
"TFRC",7037
"MAPKAPK5",8550
"TESMIN",9633
"FZD9",8326
"RUFY3",22902
"ABCD3",5825
"ART1",417
"NKAIN4",128414
"SELENBP1",8991
"PNRC2",55629
"UGT2B11",10720
"LZTR1",8216
"LARP4",113251
"LRRC8D",55144
"ASCL4",121549
"RBP5",83758
"NCR3LG1",374383
"MROH8",140699
"PLEKHB2",55041
"AMIGO1",57463
"CFAP97D2",101929355
"PPARGC1A",10891
"KCNJ11",3767
"SRL",6345
"CSF1",1435
"GCNT2",2651
"C1R",715
"TSG101",7251
"THRSP",7069
"GPR15",2838
"KLF4",9314
"CPOX",1371
"NDUFC2",4718
"SEC24D",9871
"NUDT9",53343
"SCN2A",6326
"EP300",2033
"EFR3A",23167
"CCDC122",160857
"KCTD14",65987
"TAS2R5",54429
"SLTM",79811
"PDGFC",56034
"NDUFC2-KCTD14",100532726
"FGF9",2254
"LACC1",144811
"BTBD16",118663
"ACOT9",23597
"DEFA1",1667
"ELAVL2",1993
"PDXDC1",23042
"ZRANB1",54764
"BLK",640
"SCEL",8796
"DEFA1B",728358
"HMGB2",3148
"FANK1",92565
"NPIPA7",101059938
"AIFM3",150209
"DEFA3",1668
"TMEM247",388946
"ZNF727",442319
"LDHAL6A",160287
"TFAP4",7023
"MIGA1",374986
"DEFA5",1670
"DMC1",11144
"LHX6",26468
"DNAH12",201625
"THAP12",5612
"BAZ1B",9031
"HNF4G",3174
"PRSS37",136242
"STX18",53407
"SAP30",8819
"TLR2",7097
"DACH1",1602
"C1RL",51279
"ASS1",445
"RNF20",56254
"SPRED1",161742
"IL2",3558
"MRPL39",54148
"KCTD19",146212
"GREB1",9687
"NMS",129521
"RNF122",79845
"CHRNA10",57053
"PTX4",390667
"MYSM1",114803
"C12orf56",115749
"C11orf80",79703
"FABP5",2171
"PRADC1",84279
"STARD13",90627
"ZFHX4",79776
"ZNF532",55205
"PGAP2",27315
"PLOD1",5351
"CRIPT",9419
"POTEE",445582
"ZNF521",25925
"KAZALD1",81621
"FUT11",170384
"KATNAL1",84056
"THOC1",9984
"SPSB4",92369
"SEC24C",9632
"ELP3",55140
"RHOQ",23433
"PLEKHG4",25894
"EEF1A2",1917
"TLX1",3195
"DDX3Y",8653
"ATP6V1E2",90423
"MINDY2",54629
"CPA1",1357
"PIGF",5281
"STON2",85439
"ALDH3A1",218
"SCN3A",6328
"LBX1",10660
"NSG1",27065
"SLC36A4",120103
"SDSL",113675
"FABP9",646480
"PMP2",5375
"PSMD6",9861
"RABL3",285282
"ARSD",414
"HNMT",3176
"FIGNL2",401720
"FABP4",2167
"IL21",59067
"ABLIM2",84448
"PHF14",9678
"RNF111",54778
"FABP12",646486
"ANKRD33",341405
"NDUFB11",54539
"FAM209B",388799
"CNNM4",26504
"SDS",10993
"RCE1",9986
"PCDH11Y",83259
"STX4",6810
"TEKT3",64518
"RNF4",6047
"GTF2E1",2960
"PDCL3",79031
"TRIM49B",283116
"TEDC1",283643
"RBM10",8241
"PLEKHN1",84069
"TELO2",9894
"TECTB",6975
"TRIM64C",646754
"CAPRIN2",65981
"FAM98B",283742
"KIFBP",26128
"STXBP3",6814
"UCN2",90226
"VIM",7431
"PSMC3",5702
"PFKFB4",5210
"NEXN",91624
"IZUMO3",100129669
"GPR61",83873
"FAM72B",653820
"OIT3",170392
"PIK3R5",23533
"MARK3",4140
"FAM186A",121006
"ENTPD8",377841
"PPDPF",79144
"SLC5A11",115584
"GJD2",57369
"SRGAP2C",653464
"NUP88",4927
"UGT2B28",54490
"ASB4",51666
"DEPDC1",55635
"PTK6",5753
"ACTC1",70
"CREM",1390
"EHBP1",23301
"GOLT1B",51026
"TUSC1",286319
"PERM1",84808
"NOXA1",10811
"UPF2",26019
"PGR",5241
"GVQW3",100506127
"USP14",9097
"IFT140",9742
"WSCD2",9671
"CD226",10666
"XKR9",389668
"ZNF735",730291
"ZNF679",168417
"DUSP26",78986
"ZNF736",728927
"EDDM3A",10876
"EIF2B4",8890
"DHX33",56919
"FAM214A",56204
"EYA1",2138
"RAB13",5872
"SLC37A2",219855
"SRSF10",10772
"NTAN1",123803
"SLC38A11",151258
"OCIAD1",54940
"DOK6",220164
"SYNJ1",8867
"EDDM3B",64184
"GRINA",2907
"RNASE6",6039
"TMEM176B",28959
"LY6L",101928108
"RNASE1",6035
"GNAI3",2773
"ARMC10",83787
"PLA2G12B",84647
"TALDO1",6888
"NUP98",4928
"JTB",10899
"TMEM177",80775
"CFAP99",402160
"KDM1B",221656
"SPATC1",375686
"DGCR2",9993
"NAPEPLD",222236
"TACC1",6867
"RNF128",79589
"TMEM204",79652
"C6orf52",347744
"FAM193A",8603
"PARP10",84875
"RPAIN",84268
"IMMT",10989
"COBLL1",22837
"SKIL",6498
"KLHL41",10324
"TMEM176A",55365
"SLC26A8",116369
"JUN",3725
"RAD54L",8438
"BCOR",54880
"BBS5",129880
"SLC39A1",27173
"USP17L4",392188
"USP17L4",645402
"OC90",729330
"ZNF423",23090
"USP17L1",401447
"GYS2",2998
"HHLA1",10086
"LHFPL4",375323
"ADCY2",108
"ZNF705G",100131980
"JMJD8",339123
"DCT",1638
"H3C13",653604
"SLC7A3",84889
"RIOK3",8780
"SPX",80763
"H4C14",8370
"H3C14",126961
"PARP15",165631
"THSD7A",221981
"GTF3C2",2976
"CRIP1",1396
"AGTPBP1",23287
"H2AC18",8337
"NDUFAB1",4706
"LDHB",3945
"CGREF1",10669
"DUSP23",54935
"CAPNS2",84290
"LPCAT2",54947
"PAMR1",25891
"H2AC19",723790
"EGFL6",25975
"H3C15",333932
"H4C15",554313
"DHTKD1",55526
"ATP5PF",522
"ASB13",79754
"TSPY2",64591
"ZNF668",79759
"ALKBH2",121642
"SPOPL",339745
"LRRC41",10489
"SLC7A14",57709
"DEFB4B",1673
"DEFB4B",100289462
"C1QBP",708
"CREB3L4",148327
"SCN2B",6327
"MAP4K2",5871
"LY6H",4062
"KHK",3795
"CLDN11",5010
"ACTL7B",10880
"TCEANC",170082
"SCAMP1",9522
"ACTL7A",10881
"ATP2B2",491
"KCNJ8",3764
"TGDS",23483
"MTRR",4552
"GLRB",2743
"PORCN",64840
"RABEP1",9135
"MMP23B",8510
"PDE12",201626
"STUB1",10273
"CDH18",1016
"NIPBL",25836
"RNF175",285533
"ARF4",378
"RAB9A",9367
"NSFL1C",55968
"AHCYL1",10768
"NIN",51199
"ANXA11",311
"PRSS54",221191
"CDK11B",984
"CRYBA1",1411
"CPT1A",1374
"ARSL",415
"REV1",51455
"JAM2",58494
"CCDC113",29070
"B4GALT3",8703
"SOCS5",9655
"SMIM2",79024
"ROGDI",79641
"PDK4",5166
"FAM236C",109729126
"SCRG1",11341
"FAM236A",100129407
"VPS41",27072
"SEL1L",6400
"FCRL6",343413
"DMRTC1",63947
"FCN2",2220
"ANKRD10",55608
"DNAJB8",165721
"MMS19",64210
"BBS12",166379
"F3",2152
"NUP50",10762
"H2BC21",8349
"DDB2",1643
"GPR180",160897
"H2AC20",8338
"IL22",50616
"FASTKD3",79072
"BOLA1",51027
"SOX21",11166
"H2AC21",317772
"ARHGAP32",9743
"MAP3K1",4214
"TRAPPC2",6399
"GABPA",2551
"PPOX",5498
"SIT1",27240
"BTN3A2",11118
"HORMAD1",84072
"RGPD8",727851
"TFAP2C",7022
"NUFIP2",57532
"FUBP3",8939
"ZNF251",90987
"XYLT1",64131
"C5orf49",134121
"SPARCL1",8404
"ADCK5",203054
"FGF2",2247
"NTSR2",23620
"ERI3",79033
"SPIN2B",474343
"ACAP1",9744
"DOP1B",9980
"NUDT6",11162
"SIRPB2",284759
"PTGES2",80142
"LHX5",64211
"GATAD1",57798
"PAK1IP1",55003
"RABGGTA",5875
"PEX1",5189
"HES4",57801
"CPSF1",29894
"PHF11",51131
"CAAP1",79886
"PRDM12",59335
"ZNF572",137209
"OPA1",4976
"XAGE2",9502
"TXNDC9",10190
"RNASE3",6037
"ADAM18",8749
"SIRT4",23409
"SEPTIN12",124404
"SPIN2A",54466
"FRMD4A",55691
"PDZRN3",23024
"ISG15",9636
"OR5AN1",390195
"CBR3",874
"OR5A2",219981
"DEK",7913
"ANKRD39",51239
"PABPC4",8761
"OR5A1",219982
"TRPC4AP",26133
"GINS3",64785
"OR4D6",219983
"TMEM14C",51522
"OR4D10",390197
"OR4D11",219986
"OR4D9",390199
"PRSS33",260429
"CNNM3",26505
"POLR2C",5432
"OSBP",5007
"EIF5B",9669
"TAOK1",57551
"HAND2",9464
"SETD9",133383
"INPP5E",56623
"CDC16",8881
"RBCK1",10616
"TNS2",23371
"RPL31",6160
"CEP41",95681
"PATL1",219988
"NXPH2",11249
"DENND4C",55667
"ANKRD23",200539
"NTN1",9423
"FCN1",2219
"CDRT4",284040
"GSS",2937
"LDLRAD1",388633
"SMIM22",440335
"TVP23C",201158
"CIAPIN1",57019
"PRPF18",8559
"INTS10",55174
"ARHGEF39",84904
"MIER3",166968
"EFNB3",1949
"KNTC1",9735
"RIPPLY1",92129
"TBC1D8B",54885
"TSGA10",80705
"PPP3R2",5535
"SQLE",6713
"GRIN3A",116443
"OLFM1",10439
"CHST11",50515
"CHCHD1",118487
"CA9",768
"PABPC1L2B",645974
"PABPC1L2A",340529
"ARHGEF7",8874
"TLCD3A",79850
"UNC93B1",81622
"ZNF646",9726
"PARP14",54625
"NDST2",8509
"VKORC1",79001
"CCDC107",203260
"ANGPTL7",10218
"CFAP45",25790
"TBC1D8",11138
"NAP1L2",4674
"CLDN2",9075
"MORC4",79710
"PRSS53",339105
"MTOR",2475
"FAAH2",158584
"TVP23C-CDRT4",100533496
"METTL2B",55798
"PIBF1",10464
"PRSS41",360226
"TMEM260",54916
"DEFB103B",55894
"SFRP2",6423
"ZSWIM8",23053
"HSPBAP1",79663
"SLC44A3",126969
"ERVW-1",30816
"PLA2G1B",5319
"ACVRL1",94
"MRPL21",219927
"FJX1",24147
"NPAS2",4862
"DHRS1",115817
"SLC6A2",6530
"TRIM16L",147166
"TRIM44",54765
"STXBP5L",9515
"KCTD11",147040
"NYX",60506
"HELQ",113510
"MSI1",4440
"VSIG8",391123
"HILPDA",29923
"SPATA5",166378
"SLAMF8",56833
"BORA",79866
"RPL22L1",200916
"SLC49A4",84925
"SYNPO2",171024
"PTPN4",5775
"TMEM95",339168
"DGKA",1606
"NBPF3",84224
"SPAG11B",10407
"RSKR",124923
"MYH7B",57644
"PCDH7",5099
"CNEP1R1",255919
"ELP1",8518
"MDM1",56890
"ZKSCAN5",23660
"SV2A",9900
"FAM160B2",64760
"VLDLR",7436
"MITD1",129531
"TRIAP1",51499
"RPA4",29935
"COQ9",57017
"RNASE2",6036
"SULT4A1",25830
"ZXDB",158586
"DIAPH2",1730
"COX6A1",1337
"ZNF789",285989
"GATC",283459
"DIS3",22894
"PCDH18",54510
"NPC1L1",29881
"ARMS2",387715
"ALDOC",230
"IGLL5",100423062
"TRPC6",7225
"PLEKHA1",59338
"SRSF9",8683
"PXYLP1",92370
"DEFB104B",503618
"MRPL30",51263
"PRICKLE2",166336
"ZNF394",84124
"POGLUT3",143888
"STX8",9482
"POLM",27434
"PAPOLG",64895
"LIPT1",51601
"DCHS2",54798
"NFU1",27247
"PSMB4",5692
"PEX2",5828
"HTRA1",5654
"DOK4",55715
"GNB3",2784
"LYG2",254773
"ARID1A",8289
"RNF144B",255488
"PRSS21",10942
"NRCAM",4897
"FAM227A",646851
"BTRC",8945
"DSPP",1834
"C2orf15",150590
"DMP1",1758
"HEATR3",55027
"ASXL2",55252
"TNK1",8711
"LYG1",129530
"EXOSC2",23404
"GATD1",347862
"RFC3",5983
"P2RY2",5029
"DEFB106B",503841
"JAML",120425
"TASOR2",54906
"DEFB105B",245908
"DEFB105B",504180
"DEFB107B",245910
"DEFB107B",503614
"EIF4B",1975
"PKIA",5569
"PRR23D1",100131608
"PRR23D1",100133251
"CCT7",10574
"MLH1",4292
"NLRP2B",286430
"PLCH2",9651
"TMEM256",254863
"ZXDA",7789
"MZT1",440145
"NAV2",89797
"GNAT2",2780
"ARSH",347527
"IBSP",3381
"PLSCR3",57048
"ZBTB38",253461
"TARS1",6897
"ITPR3",3710
"ADAM12",8038
"IFT52",51098
"DNAH2",146754
"ESS2",8220
"XPOT",11260
"NPIPA8",101059953
"RPS6",6194
"AMPD2",271
"GATA2",2624
"GPATCH2L",55668
"BMP7",655
"KLB",152831
"NPIPB4",440345
"RBM18",92400
"LHFPL2",10184
"CDCA3",83461
"COPG2",26958
"ZNF638",27332
"RET",5979
"MRRF",92399
"EXOSC6",118460
"ACVR1B",91
"TGM5",9333
"EPS15",2060
"SHH",6469
"TSSK2",23617
"SNX13",23161
"GPR20",2843
"GNPNAT1",64841
"GEMIN4",50628
"TTYH3",80727
"LDLRAD3",143458
"MYOZ2",51778
"EIF5A2",56648
"ARSF",416
"DAZL",1618
"XAGE1A",653220
"CDH4",1002
"CCDC33",80125
"SERP2",387923
"CCDC54",84692
"CNTN3",5067
"DDX23",9416
"SHISA8",440829
"CHMP4B",128866
"UNG",7374
"NR4A2",4929
"PPP1R26",9858
"SLC41A2",84102
"NIPA1",123606
"TTL",150465
"SLC7A11",23657
"TRA2A",29896
"UBE2L5",171222
"NUDT18",79873
"ANGPTL5",253935
"USP53",54532
"TSGA13",114960
"ALDH3B1",221
"LPL",4023
"DEUP1",159989
"CEP126",57562
"SLC2A2",6514
"CASC1",55259
"UNC119",9094
"ID4",3400
"EIF2S2",8894
"SLC39A14",23516
"PTP4A3",11156
"HDC",3067
"UGT2B4",7363
"KIF3C",3797
"SPRYD3",84926
"COMMD9",29099
"STRA6",64220
"PPP4C",5531
"MEST",4232
"NSMF",26012
"ZNF655",79027
"EXPH5",23086
"MXRA5",25878
"POU6F2",11281
"RALY",22913
"DLGAP1",9229
"ALX3",257
"TBK1",29110
"MMRN1",22915
"SPAG5",10615
"SF3B4",10262
"STRIP1",85369
"P4HA1",5033
"MRPS18C",51023
"CYLC2",1539
"LMBR1",64327
"CSDE1",7812
"WASHC4",23325
"POLL",27343
"SI",6476
"CIDEC",63924
"BEST3",144453
"RAB6D",150786
"SRMS",6725
"SYT1",6857
"DNMT3B",1789
"ORAI1",84876
"AOC1",26
"EBP",10682
"ABRAXAS1",84142
"ANKS1B",56899
"MRPS2",51116
"XAGE1B",653067
"FOLH1",2346
"DYNC1I1",1780
"GNAZ",2781
"TBC1D25",4943
"RSPH14",27156
"C9orf116",138162
"PRXL2C",195827
"DDX51",317781
"TGM7",116179
"CCDC126",90693
"JAGN1",84522
"LCMT2",9836
"MORN3",283385
"FAM200A",221786
"RAB36",9609
"PSEN1",5663
"PYM1",84305
"RBM19",9904
"ZBTB7C",201501
"TMEM225B",100289187
"ZNF510",22869
"KIAA0100",9703
"SEC16A",9919
"PNPLA5",150379
"PIWIL3",440822
"LRMP",4033
"IGHMBP2",3508
"SGCG",6445
"PAIP1",10605
"UQCC2",84300
"POTED",317754
"KDM6B",23135
"FHAD1",114827
"IL7",3574
"ALDH1L2",160428
"TSTA3",7264
"HMGB1",3146
"OTX2",5015
"THEGL",100506564
"RNF32",140545
"ARL9",132946
"UTY",7404
"ZC2HC1A",51101
"PRPS1L1",221823
"SRP72",6731
"RFC4",5984
"SEH1L",81929
"GPR17",2840
"RPGRIP1",57096
"MEPE",56955
"C12orf45",121053
"LIMS2",55679
"CMKLR1",1240
"BTN2A2",10385
"PTN",5764
"GRIA2",2891
"FAM204A",63877
"NSRP1",84081
"NDUFS8",4728
"CEP70",80321
"DPCD",25911
"UGT2A1",10941
"RAPSN",5913
"CLCC1",23155
"CSGALNACT2",55454
"XPNPEP1",7511
"SLC13A2",9058
"RASGEF1A",221002
"OR9A4",130075
"CLEC5A",23601
"EIF4A2",1974
"APOA5",116519
"UGT2A2",574537
"FBXO41",150726
"STX3",6809
"CTSS",1520
"TSPYL6",388951
"ACYP2",98
"PNPLA3",80339
"CLSTN3",9746
"RPL9",6133
"H3-2",440686
"ZNF326",284695
"USPL1",10208
"ABHD1",84696
"POTEM",641455
"UPF3A",65110
"PSME4",23198
"PIGS",94005
"SCGB1C1",147199
"PARVB",29780
"GIT1",28964
"MGAM",8972
"BET1L",51272
"OPLAH",26873
"PREB",10113
"APOA4",337
"CEND1",51286
"CCT8L2",150160
"PAICS",10606
"FOLR3",2352
"PTK2",5747
"HCAR2",338442
"HCAR3",8843
"APOC3",345
"SPO11",23626
"OR10V1",390201
"GSC",145258
"ODF3",113746
"RPN1",6184
"RMC1",29919
"CFAP300",85016
"HCAR1",27198
"GPSM2",29899
"EZH2",2146
"ARSB",411
"LRP1B",53353
"MFN2",9927
"TMEM53",79639
"MLF1",4291
"SSX2B",727837
"FOXN1",8456
"CD9",928
"TNFRSF13C",115650
"TSC22D1",8848
"RNF220",55182
"PANK4",55229
"SRGN",5552
"CDX4",1046
"MAN1C1",57134
"ODF1",4956
"HLA-DRB5",3127
"TAS2R38",5726
"SSX2",6757
"RAB11FIP4",84440
"IL23A",51561
"MYD88",4615
"ZNF782",158431
"SLC2A14",144195
"MTMR11",10903
"LPIN1",23175
"SACS",26278
"USP43",124739
"CKS1B",1163
"NPC1",4864
"FOLR1",2348
"SAMM50",25813
"PALB2",79728
"HR",55806
"KCNQ3",3786
"SSX7",280658
"FAM71C",196472
"APAF1",317
"NOC4L",79050
"SPIN4",139886
"GLIPR1L2",144321
"MCFD2",90411
"AKNAD1",254268
"IL17RE",132014
"OTOG",340990
"CTNNAL1",8727
"AARS1",16
"CFAP52",146845
"GSC2",2928
"SART3",9733
"SIRPB1",10326
"OTX1",5013
"BARHL2",343472
"MYOM3",127294
"MSX1",4487
"PPFIBP1",8496
"PAPPA",5069
"ST8SIA6",338596
"HEYL",26508
"CFAP44",55779
"NNT",23530
"SPRY1",10252
"FERMT2",10979
"NT5C1A",84618
"SSH2",85464
"NSMCE2",286053
"HMGN1",3150
"ABITRAM",54942
"PRKX",5613
"KIF16B",55614
"RAB10",10890
"SIRPD",128646
"TMEM88",92162
"AEBP1",165
"TTC7A",57217
"RBM3",5935
"BCL7B",9275
"LCN1",3933
"ACSL5",51703
"HNRNPLL",92906
"DTD1",92675
"FGR",2268
"OSBPL9",114883
"SPICE1",152185
"SEMA5B",54437
"HPCAL4",51440
"SMIM26",388789
"FLRT2",23768
"TAF4",6874
"MN1",4330
"TMEM120B",144404
"TRIM16",10626
"DENR",8562
"BOC",91653
"GATA4",2626
"WASHC5",9897
"SPP1",6696
"FAM221A",340277
"BCR",613
"ESRRB",2103
"CHIC1",53344
"ANKRD13B",124930
"NOP9",161424
"GPALPP1",55425
"FBXW10",10517
"RHOF",54509
"LPIN3",64900
"GNA12",2768
"DIP2C",22982
"LTB4R",1241
"NUFIP1",26747
"LRRC19",64922
"AMZ1",155185
"ZNF623",9831
"LTB4R2",56413
"IFT74",80173
"CTSK",1513
"TSPAN4",7106
"NUTM2G",441457
"RAB7A",7879
"CIDEB",27141
"FICD",11153
"DDX56",54606
"ABHD15",116236
"ACP2",53
"CNDP1",84735
"EMILIN3",90187
"KCNH2",3757
"ITIH1",3697
"CORO6",84940
"COL13A1",1305
"CYTL1",54360
"TLE4",7091
"VPS26A",9559
"ZDHHC6",64429
"FLAD1",80308
"ARAP2",116984
"PRR5L",79899
"NOTCH1",4851
"AQR",9716
"CAPG",822
"SGSM1",129049
"GLIPR1",11010
"CACNA2D4",93589
"L3MBTL2",83746
"ADAL",161823
"KIAA0930",23313
"CYB5D1",124637
"KRR1",11103
"TENT4B",64282
"PLAA",9373
"CHD3",1107
"PLCB1",23236
"SLC6A12",6539
"CDRT1",374286
"STPG4",285051
"PKD2",5311
"RND1",27289
"SYCP2L",221711
"COPS3",8533
"WDPCP",51057
"SLAIN1",122060
"CALM2",805
"FBXL16",146330
"ARF3",377
"EFCAB5",374786
"GCM2",9247
"MRGPRD",116512
"CCSER1",401145
"WDR24",84219
"EMSY",56946
"CPLANE1",65250
"CHADL",150356
"MRGPRF",116535
"SIK3",23387
"MAK",4117
"ACER2",340485
"THRB",7068
"SPDYE5",442590
"LSM6",11157
"MRPL16",54948
"IL22RA1",58985
"NDUFS2",4720
"CCDC65",85478
"PLEKHF2",79666
"SEC11C",90701
"ARFGAP1",55738
"MAT1A",4143
"EGR4",1961
"C8orf37",157657
"BARX2",8538
"ALOX5AP",241
"SUPT16H",11198
"ADGRL2",23266
"FKBP11",51303
"CBLIF",2694
"LRRC40",55631
"TSPAN11",441631
"NR1H3",10062
"TVP23B",51030
"IFNLR1",163702
"GALM",130589
"LRRC7",57554
"TP53I13",90313
"PAWR",5074
"ZNF407",55628
"ZNF770",54989
"FXYD4",53828
"TRAF6",7189
"ADAMTS4",9507
"EML5",161436
"MDH1",4190
"TMEM14B",81853
"PPP1R12A",4659
"SNRPB2",6629
"NANOGP8",388112
"EFHD2",79180
"UPK3A",7380
"DCTN5",84516
"IFTAP",119710
"PRPSAP2",5636
"TTC28",23331
"HNRNPF",3185
"DENND6A",201627
"ONECUT1",3175
"HACD1",9200
"REELD1",345051
"ITIH3",3699
"MPZL3",196264
"GRAMD2A",196996
"TNFRSF19",55504
"UNC5D",137970
"PLCL2",23228
"KLF10",7071
"DPH6",89978
"NAA38",84316
"RAG2",5897
"SAT1",6303
"HELT",391723
"PRR23D2",100133251
"RAG1",5896
"TMEM211",255349
"NPIPA1",9284
"NPIPA1",642799
"GPAT3",84803
"NCOR2",9612
"DHX15",1665
"PPP3CC",5533
"SLC6A11",6538
"ZC3H14",79882
"SPANXN5",494197
"MZT2A",653784
"UQCRH",7388
"PITPNB",23760
"P2RY6",5031
"SLC10A7",84068
"BHMT",635
"GALNT9",50614
"YAE1",57002
"TUBA3D",113457
"AMELY",266
"DEFB107A",245910
"DEFB107A",503614
"AADAC",13
"ANK3",288
"DEFB105A",245908
"GDF6",392255
"NSUN4",387338
"ZG16B",124220
"DEFB106A",245909
"BHMT2",23743
"TBL1Y",90665
"OBP2A",29991
"DYNLL1",8655
"SUCNR1",56670
"KIF5B",3799
"METRN",79006
"APOA1",335
"TEAD4",7004
"COL7A1",1294
"CTIF",9811
"C1QTNF9B",387911
"SMCO4",56935
"NIPAL3",57185
"TCN1",6947
"YAP1",10413
"NIPA2",81614
"MIPEP",4285
"DMGDH",29958
"TMEM45B",120224
"FAAH",2166
"CDH12",1010
"ZDHHC19",131540
"OOSP4B",107987155
"CXorf58",254158
"CTSV",1515
"SULT1B1",27284
"APOO",79135
"MBOAT1",154141
"UBTD1",80019
"XAGE5",170627
"CCDC78",124093
"NAA35",60560
"SORBS3",10174
"TBL1XR1",79718
"BCL9",607
"NEBL",10529
"RHBG",57127
"XAGE3",170626
"MAPK14",1432
"STAT2",6773
"STPG1",90529
"SHCBP1",79801
"MIIP",60672
"ENG",2022
"MGAM2",93432
"CYFIP1",23191
"FAM156B",727866
"FAM72C",554282
"DIP2B",57609
"POLR1B",84172
"BCKDK",10295
"ABL1",25
"POLA2",23649
"MRPL35",51318
"GET4",51608
"FAM149B1",317662
"DUT",1854
"HES5",388585
"NRDC",4898
"POU4F2",5458
"DEFB104A",140596
"GPD2",2820
"GAREM2",150946
"ARHGEF17",9828
"KIAA1671",85379
"GRHL3",57822
"TNFRSF14",8764
"SKAP2",8935
"GRASP",160622
"MAP3K20",51776
"MPZL2",10205
"SLC25A13",10165
"PEX5",5830
"ZNF707",286075
"LRTM2",654429
"SUN1",23353
"STK32B",55351
"TBX6",6911
"MRPS16",51021
"CDC42EP2",10435
"PNPLA7",375775
"RCBTB1",55213
"SLC25A1",6576
"LRRC6",23639
"MTRNR2L3",100462983
"MORC3",23515
"ANGEL1",23357
"RAE1",8480
"ECD",11319
"CHAMP1",283489
"SATB1",6304
"ANTKMT",65990
"VASH1",22846
"GALC",2581
"TEX36",387718
"GRP",2922
"QRFP",347148
"CHAF1B",8208
"VEZT",55591
"ARL11",115761
"CTRC",11330
"SPAG11A",653423
"TBL2",26608
"PLRG1",5356
"EBPL",84650
"USP19",10869
"SCP2D1",140856
"HAGHL",84264
"C4orf3",401152
"NEIL2",252969
"TP53BP1",7158
"ZNF487",642819
"REL",5966
"DDX11",1663
"FAIM",55179
"ANKRD2",26287
"SLC5A1",6523
"PCDH19",57526
"CRYBB3",1417
"TM4SF19",116211
"PSMD13",5719
"FABP2",2169
"CRYBB2",1415
"PCCB",5096
"CIAO3",64428
"OTUD7B",56957
"TMEM59",9528
"TSPAN9",10867
"PLEKHG6",55200
"TEX26",122046
"EGFL7",51162
"CCDC166",100130274
"PCYT1A",5130
"LRFN4",78999
"ALG8",79053
"SMOX",54498
"PC",5091
"MEDAG",84935
"RBM38",55544
"TBC1D5",9779
"REEP1",65055
"RAX",30062
"DNAJC9",23234
"FUBP1",8880
"SUPV3L1",6832
"DEFB103A",55894
"DEFB103A",414325
"VPS45",11311
"RRP8",23378
"NUDT13",25961
"OTOR",56914
"LENEP",55891
"TAGLN2",8407
"DDX10",1662
"RTL1",388015
"TFAP2E",339488
"FAM156A",29057
"STAM",8027
"ILK",3611
"TRIB2",28951
"TMEM116",89894
"TNMD",64102
"FNDC11",79025
"NKX6-1",4825
"DYDC1",143241
"RBM48",84060
"LIPI",149998
"TPM2",7169
"OXSR1",9943
"SLC24A2",25769
"DYDC2",84332
"RIC8A",60626
"CCDC62",84660
"DEFB4A",1673
"DEFB4A",100289462
"PSMB2",5690
"ATP10A",57194
"PCSK2",5126
"SYN2",6854
"GULP1",51454
"TBC1D20",128637
"TCTEX1D2",255758
"CFAP70",118491
"SLC51A",200931
"NR4A1",3164
"GRID2",2895
"XKR3",150165
"BLID",414899
"SIRT3",23410
"CDS1",1040
"MRPL41",64975
"ATF1",466
"PATL2",197135
"ZSCAN29",146050
"LARP4B",23185
"EXOSC4",54512
"GABPB1",2553
"CKB",1152
"SNX12",29934
"FEM1B",10116
"FAM71F2",346653
"LSM14B",149986
"KCNV2",169522
"SULT1E1",6783
"TUBGCP4",27229
"MAEA",10296
"ANKRD29",147463
"PUM3",9933
"PAEP",5047
"CHD6",84181
"TIMP4",7079
"SLC25A4",291
"COQ5",84274
"ZNF705B",100132396
"NT5M",56953
"EDRF1",26098
"USP17L3",645836
"IMPA1",3612
"USP17L8",392188
"TMPRSS12",283471
"SLC3A2",6520
"PLEKHA2",59339
"KPNA3",3839
"SKA1",220134
"STMN2",11075
"TMEM236",653567
"RALA",5898
"C1orf216",127703
"ZBTB7B",51043
"PRSS22",64063
"PRMT8",56341
"FDPS",2224
"SOD3",6649
"DCST2",127579
"RNF10",9921
"PRPF8",10594
"RNPS1",10921
"MED9",55090
"LRRC4C",57689
"FDFT1",2222
"TPP1",1200
"CPLX4",339302
"PPIAL4E",730262
"CCDC149",91050
"FBRSL1",57666
"LRATD1",151354
"NFIB",4781
"FIBCD1",84929
"IGLL1",3543
"LRP5L",91355
"VTI1A",143187
"OOSP2",219990
"UEVLD",55293
"CFAP97",57587
"BTN3A1",11119
"FAM133B",257415
"RBM41",55285
"RBM11",54033
"LMAN1",3998
"UQCRB",7381
"AHCY",191
"SNX25",83891
"RASD1",51655
"CEP192",55125
"BIRC3",330
"PRR30",339779
"COPRS",55352
"FGGY",55277
"CRACR2A",84766
"TPM1",7168
"ASIP",434
"SLC18A1",6570
"POTEG",404785
"PEMT",10400
"PAPLN",89932
"FAM118A",55007
"MED17",9440
"FOLR2",2350
"HKDC1",80201
"REEP4",80346
"NUP62CL",54830
"PTPMT1",114971
"COLEC12",81035
"EVC2",132884
"NDUFS3",4722
"C1QTNF3",114899
"EPB41L5",57669
"FBXO33",254170
"LRP2BP",55805
"ZADH2",284273
"DICER1",23405
"NOMO1",23420
"ZNF680",340252
"TSHZ1",10194
"ABHD12B",145447
"AMACR",23600
"GAB4",128954
"AL354761.1",102723971
"MMP21",118856
"GLT6D1",360203
"IFI6",2537
"RUSC1",23623
"KCTD4",386618
"CBY1",25776
"VPS35",55737
"GTF2F2",2963
"RELT",84957
"SMC2",10592
"KBTBD4",55709
"ZNF644",84146
"LRRC36",55282
"SLITRK3",22865
"EDNRB",1910
"MUC22",100507679
"PYGL",5836
"E2F3",1871
"TSPAN6",7105
"CELF1",10658
"SMAD7",4092
"DHRS7C",201140
"SPRYD7",57213
"ZNF138",7697
"SEMA3F",6405
"LCN9",392399
"GSG1L2",644070
"CCDC180",100499483
"WDR13",64743
"HIP1",3092
"PRDM9",56979
"SEMA5A",9037
"SLC6A13",6540
"TNFRSF8",943
"RIF1",55183
"ADAMTS9",56999
"ZNF107",51427
"AGRN",375790
"OBI1",79596
"STAG1",10274
"LRCOL1",100507055
"C11orf54",28970
"UTP6",55813
"POU4F1",5457
"CDCA7",83879
"FYTTD1",84248
"CPNE9",151835
"PNOC",5368
"DTHD1",401124
"NOMO2",283820
"NOMO2",102723728
"MRC1",4360
"YPEL3",83719
"ASTN2",23245
"CETN1",1068
"ERN2",10595
"WNT10B",7480
"GALNT5",11227
"AGPAT2",10555
"TOMM22",56993
"GTF3C5",9328
"TCIRG1",10312
"LRFN5",145581
"ZC3H7B",23264
"GPR173",54328
"SOHLH1",402381
"POLD2",5425
"WDFY3",23001
"RANGAP1",5905
"MICAL2",9645
"MICAL2",84953
"RBM5",10181
"PIH1D3",139212
"RUBCN",9711
"TBX5",6910
"KCNT1",57582
"STK31",56164
"SMIM21",284274
"GMPPB",29925
"MTMR14",64419
"ADCY7",113
"PLK1",5347
"ATG4C",84938
"SMC1B",27127
"FASTKD1",79675
"NFRKB",4798
"TRMT61A",115708
"FCER1G",2207
"CHKA",1119
"EXOC5",10640
"MAPK13",5603
"HOXA1",3198
"MYO1E",4643
"DBX1",120237
"UBIAD1",29914
"IGSF9",57549
"TMEM71",137835
"RIBC2",26150
"SIGLEC15",284266
"SLC24A3",57419
"TAF10",6881
"NBPF15",284565
"RNF123",63891
"FOXO4",4303
"CARD11",84433
"ALMS1",7840
"IDO2",169355
"LGI2",55203
"RGL4",266747
"DYM",54808
"PRLHR",2834
"TMEM218",219854
"CELA2B",51032
"HOXA2",3199
"BAG5",9529
"IDO1",3620
"GLOD4",51031
"DGKI",9162
"PRSS58",136541
"SLC7A7",9056
"KLC1",3831
"CCNB2",9133
"TAF1D",79101
"PIK3CB",5291
"AP5M1",55745
"FLYWCH2",114984
"CELA2A",63036
"METTL7A",25840
"SIRPG",55423
"WNT1",7471
"ABCC9",10060
"CNN3",1266
"PHLDA1",22822
"EPC1",80314
"PPIAL4F",728945
"GHRH",2691
"CDK6",1021
"SRGAP2B",647135
"ANKRD50",57182
"CASP9",842
"ALDH18A1",5832
"PPIE",10450
"JOSD1",9929
"HTRA4",203100
"TTC29",83894
"FAM81A",145773
"PKM",5315
"GOLM1",51280
"TM2D2",83877
"CCL26",10344
"CACUL1",143384
"KMT2D",8085
"ALPL",249
"GDI2",2665
"OR56A3",390083
"MS4A3",932
"OR56A5",390084
"OR52L1",338751
"BRD7",29117
"GDPD3",79153
"FAM168A",23201
"OR56A4",120793
"RBM6",10180
"LDHAL6B",92483
"TMEM121B",27439
"TNFRSF1B",7133
"ZNF516",9658
"ITGA11",22801
"ERMN",57471
"POLQ",10721
"DRICH1",51233
"MAPRE1",22919
"IL17RA",23765
"GTF2I",2969
"CCL24",6369
"ANXA4",307
"BIRC2",329
"MRM3",55178
"C1QTNF9",338872
"DISP3",57540
"HDAC9",9734
"SRSF7",6432
"HTATIP2",10553
"TLCD2",727910
"SEMA4C",54910
"TRIM32",22954
"PRKAG1",5571
"SPATA13",221178
"TSPYL2",64061
"OR56A1",120796
"DPF2",5977
"CENPK",64105
"BCHE",590
"OR56B4",196335
"OR52B2",255725
"ZNF239",8187
"FRG2C",100288801
"CEP295",85459
"PLEKHG4B",153478
"ALG14",199857
"NWD2",57495
"SLC22A13",9390
"ST6GALNAC6",30815
"USP5",8078
"PDIA4",9601
"OR52W1",120787
"ADRA1D",146
"OXCT2",64064
"DIPK1B",138311
"BMP8B",656
"C11orf42",160298
"TMEM106B",54664
"PTGS1",5742
"C4orf19",55286
"AC243733.1",255027
"C22orf42",150297
"KCNU1",157855
"LAMC3",10319
"SEM1",7979
"RELL1",768211
"FRMPD3",84443
"ARGFX",503582
"ZNF485",220992
"FGB",2244
"JMY",133746
"HMBS",3145
"KYNU",8942
"CRAMP1",57585
"FAT4",79633
"TMED4",222068
"PDE5A",8654
"KLHL15",80311
"FAM76A",199870
"GRK3",157
"AAK1",22848
"SFTPC",6440
"NEB",4703
"C1orf61",10485
"FBXO16",157574
"CDYL",9425
"CHRM5",1133
"BRPF3",27154
"SDK1",221935
"P2RX6",9127
"AVEN",57099
"EDEM2",55741
"EDEM2",111089941
"CDKAL1",54901
"AMIGO3",386724
"RBFOX1",54715
"TCF23",150921
"CCBE1",147372
"BFSP1",631
"TBX3",6926
"MLLT3",4300
"TIGD3",220359
"JPT2",90861
"LRRC32",2615
"FLYWCH1",84256
"GPAA1",8733
"C11orf87",399947
"SEPSECS",51091
"HIGD1C",613227
"HOPX",84525
"ZNF32",7580
"ZNF395",55893
"SRSF11",9295
"RFPL2",10739
"ACP6",51205
"FAM178B",51252
"PHOX2A",401
"TMEM185B",79134
"LXN",56925
"HADHB",3032
"INPPL1",3636
"GTPBP4",23560
"CHCHD5",84269
"PROCR",10544
"GFM1",85476
"IL2RG",3561
"EIF2S3",1968
"EIF6",3692
"DDN",23109
"MANBAL",63905
"FBXO2",26232
"SLC25A45",283130
"LGI3",203190
"SLC39A12",221074
"DNAJC2",27000
"SAMD9",54809
"AK1",203
"METTL17",64745
"SLC7A4",6545
"UQCRC2",7385
"SIKE1",80143
"SMIM41",113523638
"NANOS1",340719
"ATG101",60673
"EIF3A",8661
"CXorf65",158830
"APOA2",336
"SAMD9L",219285
"FBXO40",51725
"THAP7",80764
"OLIG1",116448
"FBXO44",93611
"GIPC2",54810
"OLIG2",10215
"SPG21",51324
"SLC22A14",9389
"IDI2",91734
"FADS3",3995
"ZFX",7543
"ZSCAN25",221785
"IDI1",3422
"DNAJB4",11080
"DNAL4",10126
"TPPP3",51673
"MYL7",58498
"NLGN2",57555
"UQCRC1",7384
"PEX13",5194
"GTPBP1",9567
"NAT8",9027
"IMPA2",3613
"TCIM",56892
"LRRC14B",389257
"PRAG1",157285
"ZNF786",136051
"CCDC127",133957
"NPIPA2",642799
"SOX4",6659
"PRPS1",5631
"SKIDA1",387640
"PUS10",150962
"SIDT1",54847
"C9orf153",389766
"FBLN1",2192
"PARP11",57097
"MMP24OS",101410538
"OR13F1",138805
"MLLT10",8028
"KRT80",144501
"ZNF425",155054
"PMAIP1",5366
"OR13C3",138803
"FGF11",2256
"OR13C4",138804
"SUN2",25777
"EFCAB8",388795
"OR13C8",138802
"MMP24",10893
"RELN",5649
"AHRR",57491
"INTU",27152
"OR13C5",138799
"OR13C2",392376
"NPIPB11",728888
"OR13C9",286362
"CYC1",1537
"PI4K2B",55300
"HOMER1",9456
"SRPX2",27286
"TOP2B",7155
"C15orf41",84529
"EDNRA",1909
"SLC5A4",6527
"FGA",2243
"MBNL1",4154
"PRNP",5621
"ABCG2",9429
"SPEM2",201243
"CLDN23",137075
"NBAS",51594
"SPEM3",107983988
"EPG5",57724
"TMEM102",284114
"PPIH",10465
"FAM71F1",84691
"SLC35E2B",728661
"DNAJB9",4189
"ISCA1",81689
"CHRNB1",1140
"SYTL4",94121
"CMAS",55907
"EMC7",56851
"CRMP1",1400
"PNPLA8",50640
"HADHA",3030
"ST8SIA1",6489
"RFPL3",10738
"PDCD6",10016
"PTGFR",5737
"FIBP",9158
"HIP1R",9026
"PRND",23627
"KLF5",688
"USF3",205717
"HOOK1",51361
"OR13D1",286365
"CCDC74A",90557
"ZNF398",57541
"ANKRD13C",81573
"MEN1",4221
"C2CD5",9847
"SLAMF9",89886
"PGBD4",161779
"POLR3A",11128
"HELZ2",85441
"PPIG",9360
"SLC2A3",6515
"C11orf86",254439
"NLGN4X",57502
"SPEM1",374768
"HCLS1",3059
"PHF20L1",51105
"HHLA3",11147
"CDC123",8872
"CLDN14",23562
"CDK13",8621
"SLC26A5",375611
"TAS2R1",50834
"CHP2",63928
"SDHA",6389
"SLC25A30",253512
"OR4F21",441308
"CYP3A5",1577
"GLP2R",9340
"WDR81",124997
"CXCL12",6387
"SETD1B",23067
"ZNF596",169270
"TRPA1",8989
"SLC39A2",29986
"EVC",2121
"THAP5",168451
"TMEM184C",55751
"XRCC3",7517
"ZDHHC1",29800
"CTSW",1521
"TSKU",25987
"SIRPA",140885
"RARB",5915
"SUZ12",23512
"TTC12",54970
"PRMT9",90826
"DMBX1",127343
"TPT1",7178
"ZNF513",130557
"LIAS",11019
"C10orf62",414157
"NUDT5",11164
"ZNF273",10793
"SNX17",9784
"MORN4",118812
"CORO2B",10391
"LCN6",158062
"NAA50",80218
"HSPH1",10808
"PVALB",5816
"PI4K2A",55361
"FSCB",84075
"DSTN",11034
"KCNJ10",3766
"MSC",9242
"TMEM123",114908
"CREB3L2",64764
"SRC",6714
"SS18",6760
"PIGM",93183
"LCN10",414332
"HOGA1",112817
"PSMA7",5688
"SYT12",91683
"KAT8",84148
"MFHAS1",9258
"ATRAID",51374
"CLSPN",63967
"ERP29",10961
"DCBLD2",131566
"FAM72D",728833
"SH3BGR",6450
"IP6K3",117283
"CLUL1",27098
"FGF23",8074
"KLF12",11278
"ZNF117",51351
"ZNF117",109504726
"KNCN",148930
"TIGAR",57103
"COA8",84334
"VCX3A",51481
"ERV3-1",2086
"KCTD21",283219
"C14orf28",122525
"SH2D6",284948
"RALB",5899
"ATOH1",474
"CCND2",894
"TMEM275",105378696
"SLC10A5",347051
"MOB3C",148932
"ATP6V1B2",526
"LRRC74A",145497
"SIM2",6493
"BOLA2-SMG1P6",107282092
"FAHD2B",151313
"ARNT",405
"ZNF717",100131827
"HSD11B2",3291
"NCF4",4689
"MKNK1",8569
"GET1",7485
"PRXL2A",84293
"SEC61A2",55176
"PKNOX2",63876
"PRXL2B",127281
"ISCU",23479
"RIPK3",11035
"NPY",4852
"TRIB1",10221
"SLX1B",79008
"SLC5A6",8884
"AKAIN1",642597
"DLX6",1750
"ERI1",90459
"ST3GAL6",10402
"FAM189A2",9413
"CTH",1491
"TYMS",7298
"GJA5",2702
"CLTCL1",8218
"ADCY4",196883
"MEF2D",4209
"KCNJ9",3765
"SUN5",140732
"MMP7",4316
"C10orf90",118611
"NOCT",25819
"GJA8",2703
"EFCC1",79825
"SULT1A4",445329
"SERPINA2",390502
"PPIAL4D",645142
"IRF2BPL",64207
"ELF2",1998
"CEL",1056
"KIAA1257",57501
"CSTF2",1478
"OPN1SW",611
"AIF1L",83543
"DLX5",1749
"OR4C13",283092
"JAKMIP1",152789
"OR4C12",283093
"CALU",813
"SS18L1",26039
"YBX1",4904
"RHOD",29984
"MMEL1",79258
"DACT1",51339
"PDIA5",10954
"ZCCHC4",29063
"ENOSF1",55556
"ACAD9",28976
"PRSS8",5652
"MTFMT",123263
"KLHL28",54813
"GET1-SH3BGR",106865373
"ELOVL2",54898
"BOLA2",552900
"LCA5L",150082
"CHRM1",1128
"LAMB2",3913
"PARP4",143
"TOGARAM1",23116
"RHBDD2",57414
"FOXL2",668
"SEC22A",26984
"MLXIPL",51085
"RPP40",10799
"FOXL2NB",401089
"CCDC173",129881
"ATPSCKMT",134145
"MMP20",9313
"CSMD3",114788
"FOXD3",27022
"ZMAT4",79698
"TERB2",145645
"MRPS22",56945
"SLC39A4",55630
"NIPSNAP3A",25934
"CLDN19",149461
"AKR1D1",6718
"TPI1",7167
"PARVA",55742
"TTC34",100287898
"TPRKB",51002
"RARRES1",5918
"CNTNAP3B",728577
"SFT2D3",84826
"SDHAF3",57001
"GMEB2",26205
"WDR33",55339
"CDH10",1008
"SLC20A1",6574
"RASSF2",9770
"HEY1",23462
"PPWD1",23398
"FAM160A2",84067
"ATP6V1A",523
"FAM107B",83641
"ZDHHC22",283576
"RPS27",6232
"MFSD1",64747
"PRMT3",10196
"TMEM63C",57156
"NYNRIN",57523
"LEMD2",221496
"ADD3",120
"C4orf50",389197
"ORC6",23594
"ENO2",2026
"UVSSA",57654
"RNF223",401934
"PRR23C",389152
"PPP1R3B",79660
"HFM1",164045
"NIPSNAP3B",55335
"PRR23A",729627
"TRIM13",10206
"CBLN3",643866
"COPB2",9276
"TEK",7010
"FGF6",2251
"BLCAP",10904
"PGM2",55276
"CIPC",85457
"KHNYN",23351
"ZBTB14",7541
"MPP6",51678
"SHARPIN",81858
"GASK1B",51313
"P2RX2",22953
"NNAT",4826
"NUP188",23511
"RNASEH2B",79621
"SDR39U1",56948
"VWDE",221806
"GRSF1",2926
"SLC25A31",83447
"IGSF8",93185
"FZD3",7976
"SLC51B",123264
"TAC1",6863
"CNGA4",1262
"RAB3IP",117177
"RDX",5962
"RASL12",51285
"PPM1K",152926
"PLEKHO1",51177
"AZIN1",51582
"WDR97",340390
"PSMC2",5701
"TMEM144",55314
"PHOSPHO2",493911
"SPSB2",84727
"ARHGAP10",79658
"HOXA6",3203
"RPL17-C18orf32",100526842
"TCF7L2",6934
"NOX1",27035
"CHD8",57680
"CDK1",983
"LRRC23",10233
"PRR23B",389151
"MAF1",84232
"NR1I3",9970
"KLHL23",151230
"KLHL23",100526832
"HOXA3",3200
"KCNQ4",9132
"ANKRD62",342850
"PMPCB",9512
"RPL17",6139
"TMEM119",338773
"MC4R",4160
"BTN3A3",10384
"OR4C46",119749
"SPINK2",6691
"USP35",57558
"SH3GLB2",56904
"TMEM89",440955
"PPM1G",5496
"SBSPON",157869
"NKX1-1",54729
"HOXA5",3202
"HEPACAM2",253012
"CMTM1",113540
"HOXA7",3204
"TERF1",7013
"MBD1",4152
"ZNF282",8427
"HOXA4",3201
"RIN2",54453
"TEF",7008
"PUDP",8226
"EQTN",54586
"INHBB",3625
"FAM53A",152877
"TEAD1",7003
"ERVFRD-1",405754
"SMIM13",221710
"COL20A1",57642
"OR4A5",81318
"SELPLG",6404
"REST",5978
"MMP27",64066
"STMN3",50861
"SLC23A2",9962
"GLYR1",84656
"STS",412
"KCNB2",9312
"ARMH1",339541
"CCDC71",64925
"PTGER3",5733
"MTG2",26164
"GPBP1",65056
"NEDD9",4739
"TNFRSF1A",7132
"HLCS",3141
"MSL3",10943
"TRIM48",79097
"EXTL3",2137
"OR11H2",79334
"LZTS1",11178
"SMARCAD1",56916
"OR4N2",390429
"KLHDC8B",200942
"OR4Q3",441669
"OR4M1",441670
"BPIFB2",80341
"KATNBL1",79768
"TLR4",7099
"HPD",3242
"CNTN6",27255
"NCKIPSD",51517
"C3orf84",646498
"NOA1",84273
"SP3",6670
"WDR72",256764
"TCEANC2",127428
"MAPK3",5595
"CKLF",51192
"TRIT1",54802
"KDM2A",22992
"RCAN3",11123
"STIMATE",375346
"ZNF92",168374
"STX12",23673
"WAS",7454
"APOF",319
"PRR14L",253143
"PLA2G15",23659
"RAB3IL1",5866
"DOLK",22845
"LRRC74B",400891
"MUSTN1",389125
"TMEM245",23731
"RHOBTB1",9886
"PHYHD1",254295
"ITIH4",3700
"CYB5RL",606495
"PSTPIP2",9050
"CKLF-CMTM1",100529251
"CYP3A7-CYP3A51P",100861540
"SCIN",85477
"ATXN10",25814
"PDZD9",255762
"PDYN",5173
"CLPB",81570
"MYLK3",91807
"SREBF1",6720
"UBN1",29855
"KCNMB2",10242
"SMIM38",107984345
"CYP3A7",1551
"ULK2",9706
"MOSMO",730094
"XKRX",402415
"RASSF10",644943
"ZNF703",80139
"TPCN2",219931
"SSBP3",23648
"OCIAD2",132299
"CELSR3",1951
"ZC3H12C",85463
"C18orf32",497661
"CD3E",916
"AVPI1",60370
"TOB2",10766
"CNOT2",4848
"MPLKIP",136647
"CITED4",163732
"BPIFB6",128859
"SFRP1",6422
"ANKRD36",375248
"MARVELD1",83742
"ANKRD16",54522
"ERLIN2",11160
"CCNY",219771
"ANP32A",8125
"FBXO6",26270
"SPATA31A6",389730
"PPP1R8",5511
"KRT7",3855
"UBA1",7317
"PRL",5617
"CIDEA",1149
"POGZ",23126
"SH3TC1",54436
"RCVRN",5957
"FTH1",2495
"ANAPC4",29945
"MLN",4295
"SLC26A6",65010
"SUV39H1",6839
"HDGFL1",154150
"SLBP",7884
"MRPS35",60488
"KMT5B",51111
"NOX5",79400
"KRT86",3892
"STK35",140901
"ZRANB2",9406
"TMEM26",219623
"PTAR1",375743
"INSYN2A",642938
"SLC6A5",9152
"VPS37B",79720
"KRT81",3887
"MOB3B",79817
"DOCK1",1793
"BEST1",7439
"SLC22A6",9356
"REP15",387849
"IFNK",56832
"GLOD5",392465
"FKBP3",2287
"C9orf72",203228
"NAA30",122830
"STIMATE-MUSTN1",100526772
"RAI1",10743
"MS4A2",2206
"SPTY2D1OS",100506540
"EMC4",51234
"PRPF39",55015
"USP50",373509
"NT5DC4",284958
"CCKBR",887
"MMP8",4317
"SPTY2D1",144108
"FOCAD",54914
"BPIFB3",359710
"FGF10",2255
"NR3C2",4306
"MRPL37",51253
"CKAP2L",150468
"TCTN3",26123
"MANSC4",100287284
"BPIFB4",149954
"KBTBD13",390594
"CCDC198",55195
"USP8",9101
"UBAP1L",390595
"ZNF236",7776
"GCK",2645
"CCDC102A",92922
"SLC12A6",9990
"ZFYVE27",118813
"NAA20",51126
"P2RY1",5028
"MYO18B",84700
"IFI44L",10964
"CDCP2",200008
"NLRP6",171389
"SYCP1",6847
"VPS37D",155382
"SUGCT",79783
"TACC3",10460
"TNIP2",79155
"CHID1",66005
"POU5F1B",5462
"C2orf73",129852
"TGM3",7053
"TSPAN14",81619
"STX1A",6804
"CABCOCO1",219621
"ZBBX",79740
"LRATD2",157638
"ATG9B",285973
"NUP210L",91181
"HRH3",11255
"MTERF3",51001
"SPESP1",246777
"FOXK1",221937
"ZNF212",7988
"PGGHG",80162
"CTNNBL1",56259
"GRAMD1C",54762
"ADAM15",8751
"ACADVL",37
"ZDHHC21",340481
"FGG",2266
"NOS3",4846
"CCDC7",79741
"NGB",58157
"IL10RB",3588
"RAP2B",5912
"KLHL42",57542
"CER1",9350
"PPP1R3G",648791
"R3HDM2",22864
"CCDC36",339834
"PDK3",5165
"ZNF70",7621
"VPREB3",29802
"IFITM5",387733
"RTTN",25914
"TMEM129",92305
"IFNAR2",3455
"WNT7B",7477
"GPR65",8477
"NOM1",64434
"DLEU7",220107
"LDLRAD4",753
"KIAA1841",84542
"CYTIP",9595
"KDM5A",5927
"CYP3A4",1576
"FEZ1",9638
"GEMIN6",79833
"TIMELESS",8914
"KCNRG",283518
"DNAJC30",84277
"LYRM4",57128
"MRPL40",64976
"BUD23",114049
"DUSP11",8446
"RWDD3",25950
"ASNS",440
"MS4A6A",64231
"TDRD7",23424
"CDC7",8317
"HIRA",7290
"GINS4",84296
"GPR89B",51463
"TLCD4-RWDD3",100527978
"P3H1",64175
"TLCD4",148534
"MRPS30",10884
"TTC17",55761
"ZNF783",100289678
"ITCH",83737
"GOLGA7",51125
"ARL4A",10124
"BRINP1",1620
"RIPPLY3",53820
"LCN8",138307
"ARL13A",392509
"MMP11",4320
"DPH7",92715
"CHEK1",1111
"B3GLCT",145173
"UFSP2",55325
"CDK11A",728642
"CWH43",80157
"ADGRG5",221188
"GATA1",2623
"MNX1",3110
"RHOG",391
"C2orf74",339804
"STAC3",246329
"CREB3",10488
"CHCHD10",400916
"GFRA2",2675
"GOLGB1",2804
"LCN15",389812
"FRRS1L",23732
"API5",8539
"CCDC77",84318
"C22orf39",128977
"C22orf15",150248
"NAA25",80018
"IMMP2L",83943
"RNF227",284023
"RRBP1",6238
"OR4A16",81327
"OR4A15",81328
"GGCX",2677
"RASSF3",283349
"TOMM40L",84134
"GBA2",57704
"OR4C15",81309
"OR4C16",219428
"IFITM1",8519
"OR4C11",219429
"UFD1",7353
"OR4P4",81300
"LRRN3",54674
"ATP1A2",477
"OR4S2",219431
"OR4C6",219432
"IFITM2",10581
"NBEA",26960
"GPAT4",137964
"CNTROB",116840
"MRPS28",28957
"UNC13C",440279
"ACVR1C",130399
"ARID5B",84159
"IFITM3",10410
"ARHGAP15",55843
"ANKRD37",353322
"C9orf135",138255
"TMEM121",80757
"PRSS36",146547
"SFRP5",6425
"TPD52",7163
"CHMP4C",92421
"SLC11A2",4891
"CDC42BPG",55561
"TWIST1",7291
"ZFAND1",79752
"B4GALNT4",338707
"SLMAP",7871
"HK1",3098
"HOXA10",3206
"WDR7",23335
"TLN1",7094
"OR4K2",390431
"HOXA9",3205
"OR4K5",79317
"MYRFL",196446
"DDX19B",11269
"TSHB",7252
"C2orf78",388960
"OR4K1",79544
"IL1A",3552
"CDNF",441549
"CD3D",915
"C11orf24",53838
"ROBO2",6092
"PSMA8",143471
"HSPA14",51182
"CCDC183",84960
"THEMIS2",9473
"HDHD5",27440
"LRAT",9227
"MIS12",79003
"STIM1",6786
"MAT2A",4144
"POP5",51367
"SLC22A8",9376
"DERL2",51009
"C1orf159",54991
"DYNLRB1",83658
"IFI44",10561
"KDM3A",55818
"TRMT2B",79979
"NUP155",9631
"CSN1S1",1446
"DLG4",1742
"IQGAP3",128239
"RABL6",55684
"TRAPPC1",58485
"RFX3",5991
"NOL8",55035
"GJD4",219770
"HOXA11",3207
"AIMP1",9255
"SORD",6652
"FZD8",8325
"CAVIN3",112464
"MRPL52",122704
"DAAM1",23002
"KCNAB3",9196
"RXFP2",122042
"TEX29",121793
"FERD3L",222894
"SLC35E2A",9906
"TMEM35A",59353
"MAB21L1",4081
"NPIPB12",440353
"STT3A",3703
"ACTRT2",140625
"TWISTNB",221830
"PIGP",51227
"EPB41L4B",54566
"TXNL1",9352
"OR4K15",81127
"C16orf87",388272
"PKP3",11187
"OR4K14",122740
"PCYT1B",9468
"OR4K13",390433
"POLR2D",5433
"OR4L1",122742
"ANKRD30BL",554226
"OR4K17",390436
"ABCA1",19
"SPTBN1",6711
"OR4N5",390437
"BPIFA2",140683
"C12orf4",57102
"CABP1",9478
"TMEM196",256130
"ATP6V0D1",9114
"CDH9",1007
"NPTXR",23467
"TMEM141",85014
"GGT2",728441
"RTKN2",219790
"TSPAN2",10100
"ADCY5",111
"ZMAT3",64393
"TMEM230",29058
"SLC7A6",9057
"PRKCB",5579
"INHBA",3624
"CFAP61",26074
"NELL1",4745
"TLE1",7088
"VKORC1L1",154807
"FBXO25",26260
"DEPDC5",9681
"TBCK",93627
"INTS9",55756
"ANP32E",81611
"FARS2",10667
"ZBTB4",57659
"ADAM9",8754
"GSDME",1687
"HAUS1",115106
"PAFAH1B2",5049
"SLC35G6",643664
"AMMECR1L",83607
"EI24",9538
"PHF5A",84844
"UBXN7",26043
"NPS",594857
"ERMAP",114625
"MYEOV",26579
"CDH20",28316
"CCT5",22948
"SOX1",6656
"NARS2",79731
"CRTAC1",55118
"RBM46",166863
"NGF",4803
"FOXI2",399823
"ATP5F1A",498
"CLRN3",119467
"NKD1",85407
"SLC7A6OS",84138
"IL1B",3553
"ZNF777",27153
"NCMAP",400746
"MAD2L1",4085
"PTPN3",5774
"SVBP",374969
"C1orf50",79078
"LRP5",4041
"BRPF1",7862
"RNF152",220441
"HCN1",348980
"TMEM269",100129924
"PRDM10",56980
"SNX20",124460
"RNMT",8731
"CCDC136",64753
"TRIM9",114088
"GAB2",9846
"GOLGA7B",401647
"OR5D13",390142
"OR11G2",390439
"SH2D4B",387694
"QPRT",23475
"CRNKL1",51340
"OR11H6",122748
"ATP6V1C1",528
"TACR2",6865
"FBXW4",6468
"ZNF746",155061
"GAS7",8522
"GCNT3",9245
"HPGDS",27306
"SPN",6693
"GRM4",2914
"OR5D14",219436
"OR5L1",219437
"ARHGAP24",83478
"OR5D18",219438
"SPACA7",122258
"OR5L2",26338
"GTF2A2",2958
"HGH1",51236
"DDX19A",55308
"OR5D16",390144
"XYLB",9942
"RBM26",64062
"NRBP1",29959
"CBX6",23466
"DOK2",9046
"IQCB1",9657
"SLC6A1",6529
"C16orf54",283897
"SLC22A25",387601
"VANGL1",81839
"GPR39",2863
"SPRYD4",283377
"LYPD1",116372
"AC067752.1",22891
"TUBB6",84617
"MIP",4284
"ANKK1",255239
"BPIFA3",128861
"BNIP2",663
"GLS2",27165
"ZNF365",22891
"HACD2",201562
"SLC22A24",283238
"CA14",23632
"PTPN13",5783
"SLC22A10",387775
"OR11H4",390442
"VSTM2L",128434
"ZMYND19",116225
"CCND1",595
"SERPINI2",5276
"SLC34A2",10568
"EHD1",10938
"PIGV",55650
"FAM180B",399888
"HOXA13",3209
"RPS24",6229
"APOBEC3B",9582
"CD3G",917
"CACNG3",10368
"ZG16",653808
"HTRA3",94031
"ENTPD1",953
"FAM210A",125228
"FGF8",2253
"LTO1",220064
"ATP12A",479
"IL37",27178
"SLC35F4",341880
"PSMD9",5715
"TSPY4",728395
"CACNA1C",775
"NCBP2L",392517
"TSC22D3",1831
"OR1J4",26219
"OR1N1",138883
"KDM5C",8242
"IGSF22",283284
"OR1Q1",158131
"OR1B1",347169
"WDR49",151790
"OR1J2",26740
"SERPINF2",5345
"OR1J1",347168
"OR1N2",138882
"OR1L8",138881
"EVX1",2128
"TTI1",9675
"NPY2R",4887
"GP9",2815
"NEGR1",257194
"TMEM114",283953
"TRIM51",84767
"WDR66",144406
"INSM1",3642
"DENND10",404636
"ISY1-RAB43",100534599
"PTPN5",84867
"ACRV1",56
"SCNN1A",6337
"MAP9",79884
"MUC5B",727897
"POLR3H",171568
"OR1L1",26737
"OR1L3",26735
"MBP",4155
"CCNJ",54619
"IGFBP6",3489
"GNS",2799
"ISY1",57461
"TENT2",167153
"AFG3L2",10939
"FANCM",57697
"GLI3",2737
"MYLK",4638
"EHMT1",79813
"NDFIP2",54602
"MED12",9968
"MAGI1",9223
"IP6K1",9807
"OR5W2",390148
"OR5I1",10798
"BTN2A1",11120
"LINGO2",158038
"GRK2",156
"ACO2",50
"BMI1",648
"C1QTNF4",114900
"DUOX1",53905
"TTC24",164118
"ALG6",29929
"NRG3",10718
"PSMA2",5683
"HERC6",55008
"RNF168",165918
"RAB43",339122
"CORO1C",23603
"NRN1",51299
"CC2D2B",387707
"OLA1",29789
"TRAFD1",10906
"LTBR",4055
"CYP11A1",1583
"STAMBP",10617
"TMEM86A",144110
"DRD2",1813
"FZD6",8323
"OR10AG1",282770
"OR5F1",338674
"PTHLH",5744
"DCST1",149095
"OR5AS1",219447
"TUBGCP5",114791
"C7orf25",79020
"OR8I2",120586
"OR1L4",254973
"OR8H2",390151
"VCX",26609
"OR1L6",392390
"BPIFA1",51297
"MS4A4A",51338
"SOAT2",8435
"IQCM",285423
"COL3A1",1281
"ACER3",55331
"SRRM1",10250
"GABRB3",2562
"CHRNA4",1137
"BAALC",79870
"GUSB",2990
"COMMD3-BMI1",100532731
"ABCB9",23457
"CASQ2",845
"PSMA3",5684
"NCBP1",4686
"SPATA31D3",389762
"EMB",133418
"CENPM",79019
"SPATA31D4",389761
"IL36G",56300
"GPT2",84706
"TAF4B",6875
"SPATA31A5",727905
"PARP6",56965
"COMMD3",23412
"CCDC85B",11007
"MS4A4E",643680
"NHLH2",4808
"MYC",4609
"INCENP",3619
"IL36A",27179
"NDUFC1",4717
"H2AX",3014
"POLA1",5422
"CDHR4",389118
"CLMN",79789
"ZNF691",51058
"METTL25",84190
"POLE",5426
"PRDM5",11107
"FBN1",2200
"OR8H3",390152
"RIMBP3B",440804
"MMP14",4323
"TMOD1",7111
"TSPY8",728403
"PCNA",5111
"GHITM",27069
"CMYA5",202333
"CRTAM",56253
"COX19",90639
"RAP1GAP",5909
"RAB33B",83452
"SELENON",57190
"UBE3C",9690
"TMX1",81542
"CCDC59",29080
"EAF2",55840
"NAA15",80155
"ADAP1",11033
"TBC1D4",9882
"MID2",11043
"ITGB1",3688
"UBASH3B",84959
"TRPS1",7227
"INKA1",389119
"ADGRL4",64123
"HIC2",23119
"MTCH2",23788
"SFMBT1",51460
"TSTD2",158427
"PDCD7",10081
"GSTM1",2944
"AUNIP",79000
"PALM2AKAP2",445815
"OR8J3",81168
"LRP10",26020
"MTFR1L",56181
"USP4",7375
"USP4",107986084
"PTPRT",11122
"ADIPOQ",9370
"ARRDC1",92714
"DUOX2",50506
"SCGB1D1",10648
"MAPK10",5602
"GABRA5",2558
"FGFR3",2261
"RFT1",91869
"DCK",1633
"ATPAF1",64756
"IFT172",26160
"HSPA13",6782
"IL36B",27177
"METAP2",10988
"ACTR10",55860
"NLN",57486
"QTRT2",79691
"PIDD1",55367
"F13A1",2162
"KRT83",3889
"ATG2A",23130
"SMC5",23137
"PNPLA4",8228
"SHF",90525
"CACNA1B",774
"PTDSS1",9791
"MGARP",84709
"VCX2",51480
"UBA7",7318
"MOB1B",92597
"VCX3B",425054
"RBM23",55147
"TRIM23",373
"TRIM24",8805
"BTN1A1",696
"MMP1",4312
"NLRP1",22861
"C12orf57",113246
"OR5C1",392391
"MROH1",727957
"NPM3",10360
"PPARA",5465
"CCDC191",57577
"REM2",161253
"ATN1",1822
"AGRP",181
"DUOXA2",405753
"SLC25A22",79751
"MMP10",4319
"CTPS1",1503
"PDCL",5082
"TEX38",374973
"C12orf75",387882
"ARL6IP4",51329
"GSTM2",2946
"ACTBL2",345651
"SLC22A9",114571
"ARMH4",145407
"DUOXA1",90527
"SCGB1D2",10647
"FLNC",2318
"NCKAP5",344148
"OR1K1",392392
"SCGB2A1",4246
"AQP4",361
"RPA2",6118
"DHX57",90957
"KLF9",687
"ZDHHC23",254887
"SHLD3",112441434
"MAD2L2",10459
"MMP3",4314
"ZDHHC18",84243
"R3HCC1L",27291
"TRAPPC13",80006
"FOSL1",8061
"ACVR1",90
"RPS15A",6210
"APPL2",55198
"EML6",400954
"PTPRE",5791
"TMEM191C",645426
"MYOD1",4654
"HMGN4",10473
"MYBL2",4605
"CSN2",1447
"BBX",56987
"TGFBR3",7049
"GLI2",2736
"FRMD6",122786
"ECPAS",23392
"C3orf62",375341
"SFN",2810
"CHST9",83539
"ABT1",29777
"C8orf89",100130301
"GPN2",54707
"TTC5",91875
"AC055839.2",728392
"ANO5",203859
"GSTM4",2948
"MYCL",4610
"INHBC",3626
"DNAJA2",10294
"SPATA31A7",26165
"MS4A7",58475
"STATH",6779
"TUBGCP3",10426
"POMT2",29954
"KCTD1",284252
"CELF6",60677
"NSD3",54904
"CDS2",8760
"SGTB",54557
"SCGB2A2",4250
"FRY",10129
"MS4A14",84689
"NUDC",10726
"KRTCAP3",200634
"ARL6IP1",23204
"ZNF322",79692
"L3HYPDH",112849
"SERPINF1",5176
"WDR37",22884
"KCP",375616
"GPR135",64582
"MAPK8IP3",23162
"CCDC175",729665
"SSB",6741
"OGFOD2",79676
"BCL7A",605
"POLR2B",5431
"VWA3A",146177
"OR8K5",219453
"LETM1",3954
"JKAMP",51528
"NR0B2",8431
"CYP3A43",64816
"GPATCH3",63906
"DCTN2",10540
"HIBADH",11112
"CEP44",80817
"SNX16",64089
"ATP6AP2",10159
"MS4A6E",245802
"SOCS6",9306
"NBPF11",200030
"PROKR2",128674
"PDLIM3",27295
"METTL5",29081
"CCDC91",55297
"VPS28",51160
"HEXA",3073
"FREM1",158326
"KIF2C",11004
"TSPY3",728137
"PPARG",5468
"OR5J2",282775
"TNIK",23043
"ATP6V1FNB",100130705
"SUPT20H",55578
"ATP6V1F",9296
"C10orf99",387695
"WDR47",22911
"ABCA3",21
"FBXO8",26269
"TSPY1",7258
"PDLIM5",10611
"RBP1",5947
"RDH10",157506
"ADA2",51816
"RPL7",6129
"CCDC110",256309
"TMEM120A",83862
"XPO7",23039
"MARS1",4141
"NMNAT3",349565
"CLPX",10845
"ADAM32",203102
"DDHD2",23259
"PRMT5",10419
"MLEC",9761
"USP44",84101
"WDR70",55100
"SLC35G2",80723
"FDX1",2230
"IGFBP7",3490
"SEC14L5",9717
"SELENOI",85465
"POLR2A",5430
"IL20RB",53833
"TSPAN15",23555
"C16orf89",146556
"GOLGA6L1",283767
"C4orf47",441054
"METTL22",79091
"CILP",8483
"ADGRF3",165082
"CGN",57530
"NCK1",4690
"NME3",4832
"NAGPA",51172
"POR",5447
"RMND5A",64795
"ASH1L",55870
"SMCO1",255798
"IL36RN",26525
"NAXE",128240
"RBP2",5948
"CENPI",2491
"RPS8",6202
"PLPP5",84513
"RNF103",7844
"SLC22A15",55356
"KCNMB3",27094
"SCGB1D4",404552
"ANOS1",3730
"OCM2",4951
"FGF19",9965
"MAB21L3",126868
"ASRGL1",80150
"ATP1A4",480
"SPRY2",10253
"RNF103-CHMP3",100526767
"SEL1L3",23231
"SPATA31D1",389763
"C9orf152",401546
"SYNE3",161176
"CHMP3",51652
"IL1F10",84639
"DCLK1",9201
"PIK3CA",5290
"RIPOR1",79567
"MFSD2A",84879
"AKAP10",11216
"RPA1",6117
"COMMD6",170622
"PKMYT1",9088
"DDIT3",1649
"LOXL4",84171
"TMEM25",84866
"ADARB2",105
"USP34",9736
"ABCC8",6833
"UNC119B",84747
"PTBP2",58155
"MORN2",729967
"INHBE",83729
"FUS",2521
"LRCH3",84859
"MBD6",114785
"SMYD4",114826
"EEF2KMT",196483
"EFCAB14",9813
"B3GNT6",192134
"SMIM20",389203
"HTN3",3347
"ARHGEF40",55701
"ARHGEF33",100271715
"KCNH8",131096
"TPH1",7166
"FGF4",2249
"HERC5",51191
"SDC2",6383
"C18orf25",147339
"FGF3",2248
"RBBP6",5930
"HES1",3280
"TXN",7295
"ARHGAP9",64333
"KCNC1",3746
"CERS2",29956
"TOR2A",27433
"PNPLA1",285848
"KDF1",126695
"BPIFB1",92747
"PPL",5493
"PARP16",54956
"CNTNAP3C",100289279
"SERGEF",26297
"OSBPL2",9885
"CTHRC1",115908
"PARVG",64098
"MRPL32",64983
"TTC16",158248
"HACD4",401494
"ADO",84890
"NLGN3",54413
"RRM1",6240
"ABCB8",11194
"KRT85",3891
"TGM2",7052
"STXBP1",6812
"TMEM170B",100113407
"TMEM253",643382
"GLRX5",51218
"TFCP2L1",29842
"IFNB1",3456
"ALG1",56052
"SMG1",23049
"ZMIZ1",57178
"RNASE13",440163
"KREMEN2",79412
"MS4A5",64232
"SCGB1A1",7356
"TEX13B",56156
"ADTRP",84830
"NDRG2",57447
"PYROXD2",84795
"LRRC37B",114659
"RPRD1B",58490
"CAMK2G",818
"PANO1",101927423
"SAP130",79595
"RGP1",9827
"DPAGT1",1798
"TNKS",8658
"KRT84",3890
"DRP2",1821
"EGR2",1959
"LY86",9450
"KRT82",3888
"MSMP",692094
"SETDB1",9869
"IFNW1",3467
"MED13L",23389
"IFNA21",3452
"TRNP1",388610
"APOBEC3D",140564
"IFNA4",3441
"CPQ",10404
"TOLLIP",54472
"IFNA14",3448
"IFNA16",3449
"IFNA7",3444
"IFNA10",3446
"IFNA17",3451
"ANXA7",310
"PYURF",100996939
"ALG5",29880
"APOBEC3C",27350
"TENM4",26011
"UBE4A",9354
"SLC25A32",81034
"PIGY",84992
"KRT75",9119
"KIF22",3835
"NRBF2",29982
"CASQ1",844
"RIMS2",9699
"MIS18BP1",55320
"MS4A1",931
"MUC6",4588
"AC098582.1",8916
"PAQR4",124222
"NAP1L5",266812
"GLI1",2735
"B4GALNT3",283358
"EXOSC8",11340
"DAP3",7818
"C2CD2L",9854
"HERC3",8916
"RNF165",494470
"HMGA1",3159
"WDR53",348793
"TSPY10",100289087
"JHY",79864
"CPZ",8532
"CYP2J2",1573
"FBXO45",200933
"KRBA1",84626
"BEST4",266675
"ARCN1",372
"DENND3",22898
"APOBEC3F",200316
"PIGX",54965
"JAZF1",221895
"CMBL",134147
"PEA15",8682
"ST6GALNAC4",27090
"PLAAT5",117245
"HECW1",23072
"GTSF1L",149699
"LAMA3",3909
"GPR78",27201
"TCL1B",9623
"ROBO1",6091
"ACADS",35
"ARNTL",406
"TOX2",84969
"TENT5B",115572
"FRMD8",83786
"TAX1BP1",8887
"TAF7L",54457
"SAMSN1",64092
"SAMSN1",388813
"CBLN2",147381
"SLFNL1",200172
"ASIC3",9311
"CCDC117",150275
"NRROS",375387
"MRGPRX1",259249
"CEP19",84984
"MTX3",345778
"HTN1",3346
"IFT46",56912
"SCMH1",22955
"UTP23",84294
"IL5RA",3568
"UPP2",151531
"IFNAR1",3454
"CTTN",2017
"TNFSF12-TNFSF13",407977
"MEIS2",4212
"GTDC1",79712
"MS4A12",54860
"RALGAPA2",57186
"ARX",170302
"RAD21",5885
"GMCL1",64395
"NCF1",653361
"BNIP5",389384
"TNFSF12",8742
"TSPYL5",85453
"RC3H2",54542
"HECTD4",283450
"SLC15A2",6565
"SLC2A4RG",56731
"SEMA7A",8482
"TPM3",7170
"SOS1",6654
"LMTK2",22853
"EFHB",151651
"BSX",390259
"C11orf68",83638
"TNFSF13",8741
"ST6GAL1",6480
"SFXN4",119559
"MMP12",4321
"SEPTIN3",55964
"SP9",100131390
"RTEL1",51750
"MRGPRX2",117194
"NUP214",8021
"PP2D1",151649
"TXNDC8",255220
"RAB5A",5868
"DCAF13",25879
"CHRDL2",25884
"ERGIC2",51290
"STAU2",27067
"MSTO1",55154
"MKRN2",23609
"IL1RN",3557
"TONSL",4796
"MS4A13",503497
"OR52B4",143496
"DRAXIN",374946
"PPP2R5B",5526
"RPL22",6146
"TRIM21",6737
"KCNK10",54207
"PPFIA1",8500
"EPCAM",4072
"TIMM8A",1678
"ARHGEF9",23229
"OR52K2",119774
"SLC44A1",23446
"OR52K1",390036
"DPYD",1806
"NRSN1",140767
"GPATCH4",54865
"OR52M1",119772
"MKRN2OS",100129480
"TMTC2",160335
"GPHA2",170589
"CDK5RAP1",51654
"RAF1",5894
"NTN4",59277
"KMT2A",4297
"MAGEB18",286514
"RNF207",388591
"NDNF",79625
"RPS10-NUDT3",100529239
"WSCD1",23302
"EIF3H",8667
"FAR2",55711
"PPIF",10105
"JPH2",57158
"PLK3",1263
"PLEKHB1",58473
"C1orf54",79630
"GBGT1",26301
"TBC1D30",23329
"CHD5",26038
"OSER1",51526
"SMIM29",221491
"MKI67",4288
"IFNA5",3442
"KLHL9",55958
"ZCCHC24",219654
"CYLD",1540
"IFNA6",3443
"MXD1",4084
"KRT6B",3854
"WBP2NL",164684
"IFNA13",3447
"CNTN4",152330
"ATP1A1",476
"TCTEX1D4",343521
"CIR1",9541
"TRIM4",89122
"GIMD1",100507096
"OGA",10724
"YY1AP1",55249
"BOD1L2",284257
"DKK2",27123
"SLC9A1",6548
"AHNAK",79026
"VSIG1",340547
"NUDT3",11165
"APH1A",51107
"GPR139",124274
"RASEF",158158
"VAMP8",8673
"OR2AE1",81392
"NAGA",4668
"RPS10",6204
"IFNA2",3440
"MTDH",92140
"SNRNP27",11017
"COL5A2",1290
"AGBL2",79841
"RALGDS",5900
"SLA",6503
"ACTG2",72
"WDR54",84058
"CDPF1",150383
"MAJIN",283129
"SVOPL",136306
"MAGEB6",158809
"MAGEB5",347541
"TSEN2",80746
"BLNK",29760
"DCUN1D4",23142
"PSD4",23550
"PROM2",150696
"RBMS2",5939
"BATF2",116071
"PKDREJ",10343
"DDHD1",80821
"SLC17A6",57084
"NETO1",81832
"WIF1",11197
"KRT6C",286887
"DNAJB6",10049
"GPR149",344758
"MGAT5",4249
"ICMT",23463
"EIF5AL1",143244
"CCDC169",728591
"IFNA8",3445
"PGM1",5236
"TRAIP",10293
"ZAR1L",646799
"LGALS12",85329
"TTC36",143941
"ATP11A",23250
"NRP1",8829
"TNIP3",79931
"BRCA2",675
"IQCG",84223
"LIME1",54923
"MSS51",118490
"ATP5MG",10632
"PTRH1",138428
"CLIC4",25932
"NETO2",81831
"SHISAL1",85352
"EFCAB7",84455
"WFDC2",10406
"RSL24D1",51187
"BAZ2A",11176
"PRR27",401137
"ACVR2B",93
"CEP290",80184
"TNFRSF6B",8771
"ITGB3BP",23421
"HSCB",150274
"SLC25A18",83733
"TG",7038
"CFAP157",286207
"PLAAT4",5920
"XKR8",55113
"RTL6",84247
"OTOGL",283310
"WDTC1",23038
"PPP4R3C",139420
"ZGPAT",84619
"SMPDL3B",27293
"SCARB1",949
"RUNX3",864
"DCAF8L2",347442
"TMPRSS5",80975
"CHEK2",11200
"CTSB",1508
"CECR2",27443
"IFNA1",3439
"CD58",965
"IFNE",338376
"MAP1A",4130
"PMM1",5372
"KRT6A",3853
"RPL35A",6165
"FAM9A",171482
"SLITRK1",114798
"NOD2",64127
"CTTNBP2",83992
"MAGEB10",139422
"ATP7B",540
"MMP13",4322
"GBE1",2632
"SFTPA2",729238
"CCDC169-SOHLH2",100526761
"SDR42E2",100288072
"TAF13",6884
"ZNF467",168544
"SCN10A",6336
"CSDC2",27254
"SSH1",54434
"TMEM167B",56900
"CYP2W1",54905
"SOHLH2",54937
"ACOT11",26027
"MAZ",4150
"SCX",642658
"NEUROG3",50674
"TTC38",55020
"BOP1",23246
"TRPM7",54822
"SYF2",25949
"DRAP1",10589
"ZNF518A",9849
"GLCE",26035
"TUT1",64852
"SMPD3",55512
"ST8SIA3",51046
"YWHAH",7533
"VAMP5",10791
"ZBTB46",140685
"APOBEC3G",60489
"CNBP",7555
"ARFRP1",10139
"FAM151A",338094
"EEF1G",1937
"MGMT",4255
"TBC1D1",23216
"WNT2",7472
"LMO7",4008
"GDAP1L1",78997
"HIVEP1",3096
"FANCF",2188
"PLPBP",11212
"C12orf29",91298
"BTBD19",149478
"GAS2",2620
"SNX15",29907
"PRMT7",54496
"SVEP1",79987
"ZDHHC13",54503
"JMJD1C",221037
"ASZ1",136991
"LAPTM4B",55353
"HSPA4L",22824
"UBE2W",55284
"SLC45A4",57210
"NINJ2",4815
"ILDR1",286676
"CORO1A",11151
"PAGR1",79447
"SLITRK6",84189
"C12orf50",160419
"SPPL3",121665
"MVP",9961
"ERICH6B",220081
"RTN4RL1",146760
"PRKCD",5580
"FITM2",128486
"ARL2",402
"R3HDML",140902
"COG3",83548
"AFF3",3899
"CDKN2B",1030
"CFTR",1080
"NUBP2",10101
"MTAP",4507
"CYHR1",50626
"ATP11B",23200
"SPINT3",10816
"MFSD3",113655
"H2BC11",8970
"ARHGAP20",57569
"FAM241B",219738
"H2AC11",8969
"C1orf87",127795
"DENND5B",160518
"CDH6",1004
"DESI1",27351
"LACTB",114294
"SIDT2",51092
"PAK2",5062
"RAPGEF2",9693
"OR8K3",219473
"REEP3",221035
"RNF181",51255
"ADGRL3",23284
"PRRT2",112476
"RPS27L",51065
"LAMTOR4",389541
"HAPLN2",60484
"H4C9",8294
"TUT7",79670
"H2BC12",85236
"ZNF75A",7627
"PCBP1",5093
"RPL10L",140801
"H2AC12",85235
"ONECUT2",9480
"ASPRV1",151516
"EBF3",253738
"TECPR1",25851
"GTF2IRD2",84163
"APOBEC3H",164668
"DGUOK",1716
"WFDC6",140870
"SCRN3",79634
"MAP11",55262
"TIGD7",91151
"RSRP1",57035
"CDKN2A",1029
"EPPIN-WFDC6",100526773
"NRIP1",8204
"MIGA2",84895
"RTKN",6242
"GDNF",2668
"PHKB",5257
"ZNF263",10127
"CDK5RAP2",55755
"EPPIN",57119
"CMTM2",146225
"RPL39L",116832
"EME2",197342
"CPN2",1370
"GTSE1",51512
"HMBOX1",79618
"IGDCC3",9543
"BHLHA15",168620
"PTPRQ",374462
"PLK2",10769
"LBX2",85474
"IGFALS",3483
"BTK",695
"DRC1",92749
"PPP3CB",5532
"WNK2",65268
"RHD",6007
"SPSB3",90864
"LITAFD",101929989
"PIP5KL1",138429
"GJC3",349149
"KCNIP2",30819
"AZGP1",563
"FSTL5",56884
"DCAF8L1",139425
"PLAU",5328
"LRRC15",131578
"ZNF286A",57335
"GP5",2814
"RREB1",6239
"CAD",790
"TTC39B",158219
"GJB1",2705
"CYP4A22",284541
"GABRG3",2567
"ACACB",32
"PCSK7",9159
"FKTN",2218
"SLITRK5",26050
"KIF23",9493
"ANO1",55107
"DCDC2",51473
"NKX6-3",157848
"CD8A",925
"TRAK1",22906
"OR52I2",143502
"PCGF1",84759
"FAM181B",220382
"RTP1",132112
"NPM2",10361
"MRPS34",65993
"KAAG1",353219
"CYP4Z1",199974
"PTTG2",10744
"DPM2",8818
"SMPD1",6609
"USP54",159195
"CSRNP3",80034
"EXOC3",11336
"DPYS",1807
"CYP4B1",1580
"MDGA2",161357
"FAM102A",399665
"DNAJC1",64215
"PPIAL4G",644591
"PYCARD",29108
"PTGR1",22949
"FSD1L",83856
"DCSTAMP",81501
"C9orf129",445577
"TRIM72",493829
"TAGLN",6876
"ZBTB6",10773
"PYDC1",260434
"ZBTB26",57684
"GAPT",202309
"GPER1",2852
"YKT6",10652
"ITFG1",81533
"DCUN1D5",84259
"TBXAS1",6916
"FOXD4L5",653427
"OR52I1",390037
"RABGAP1",2844
"RABGAP1",23637
"LRP12",29967
"C7orf50",84310
"LRRC66",339977
"LOXHD1",125336
"RAB8B",51762
"TBC1D26",353149
"GSTZ1",2954
"PRUNE1",58497
"CBX7",23492
"ODAM",54959
"C12orf43",64897
"CDH2",1000
"ACOX3",8310
"UCHL3",7347
"B3GAT3",26229
"EDN1",1906
"VPS13D",55187
"GPR146",115330
"CD86",942
"KRT5",3852
"C10orf143",387723
"MYH13",8735
"BPI",671
"EEF2K",29904
"TMEM222",84065
"SNX7",51375
"NIFK",84365
"THBS4",7060
"DNASE1L3",1776
"TMEM186",25880
"TMEM163",81615
"PAXX",286257
"ABAT",18
"DEPP1",11067
"CCDC148",130940
"BANF2",140836
"HNF1A",6927
"TMEM72",643236
"FAM13A",10144
"XBP1",7494
"SPAG8",26206
"PLPPR5",163404
"RAB3C",115827
"KIAA1755",85449
"ZNF862",643641
"OFD1",8481
"FAM9B",171483
"RASSF4",83937
"CLASP1",23332
"HABP2",3026
"CCPG1",9236
"SLC25A26",115286
"CEP152",22995
"ZNF483",158399
"HDAC6",10013
"PXT1",222659
"PAQR5",54852
"MASP1",5648
"ZNF277",11179
"ETV7",51513
"NRAP",4892
"METTL3",56339
"HES3",390992
"OMP",4975
"SGCB",6443
"CAPN5",726
"N4BP2L1",90634
"HMX1",3166
"NPR2",4882
"KAT2B",8850
"CD8B",926
"UMPS",7372
"GPR153",387509
"TOM1L2",146691
"FBXO15",201456
"FECH",2235
"RTCB",51493
"DIO3",1735
"PDZK1IP1",10158
"NCAPD2",9918
"LRIG1",26018
"RAB2B",84932
"HPS1",3257
"AIFM2",84883
"PTPN6",5777
"ZFPM2",23414
"MACROH2A2",55506
"PIGB",9488
"TRMT44",152992
"N4BP2L2",10443
"HIPK2",28996
"TOX4",9878
"CDKL4",344387
"PLGLB1",5343
"SENP5",205564
"PIGBOS1",101928527
"FOXJ2",55810
"BMP4",652
"DNAAF4",161582
"ADRM1",11047
"KCTD20",222658
"UBL4B",164153
"EBLN1",340900
"TAL1",6886
"ARHGAP17",55114
"TCL1A",8115
"AMN1",196394
"PRR5",55615
"PAQR7",164091
"GLA",2717
"GUCY2D",3000
"RGPD1",400966
"AIPL1",23746
"PHETA2",150368
"CD27",939
"ABHD6",57406
"TYSND1",219743
"RAB27A",5873
"CLMP",79827
"OGDH",4967
"RAD51AP1",10635
"BCAN",63827
"PSMD10",5716
"LAMA5",3911
"CCNT2",905
"PLAAT2",54979
"LRRFIP2",9209
"CDK2",1017
"PLAAT3",11145
"HSPA8",3312
"VAMP1",6843
"HNF4A",3172
"CCNB1IP1",57820
"RPL36A-HNRNPH2",100529097
"PMM2",5373
"ATL3",25923
"ABCC2",1244
"TLX2",3196
"RPL36A",6173
"ANKRD36B",57730
"MRPL51",51258
"ETFBKMT",254013
"RTN4",57142
"ATP6V0E2",155066
"HNRNPH2",3188
"JAKMIP3",282973
"SESTD1",91404
"ACMSD",130013
"SFTPA1",653509
"SLC4A4",8671
"C15orf65",145788
"MTA2",9219
"TAPBPL",55080
"STK17A",9263
"CD47",961
"TUFT1",7286
"MYF6",4618
"CARHSP1",23589
"PLPPR4",9890
"USP17L15",100288520
"USP17L13",100287238
"MLXIP",22877
"RPP14",11102
"BAIAP2L1",55971
"USP17L20",100287441
"C1orf194",127003
"PRR5-ARHGAP8",553158
"HSF1",3297
"USP17L25",728373
"MUC5AC",4586
"COA1",55744
"FAM90A26",100287045
"BRI3",25798
"SLC6A17",388662
"USP17L29",728405
"PALMD",54873
"USP17L5",728386
"USP17L21",100287478
"HTD2",109703458
"GPLD1",2822
"PMEL",6490
"USP17L22",100287513
"PEX19",5824
"USP17L10",100287144
"TMSB4Y",9087
"TCTA",6988
"ADI1",55256
"USP17L24",728369
"KIAA1324",57535
"IL15",3600
"USP17L27",728393
"RHOA",387
"USP17L12",100287205
"RASGRP1",10125
"USP17L30",728419
"USP17L19",100287404
"STRBP",55342
"FNBP4",23360
"USP17L28",728400
"USP17L26",728379
"LSMEM1",286006
"ALOX15B",247
"DGAT1",8694
"USP17L18",100287364
"KCNK12",56660
"DCAF8",50717
"USP17L11",100287178
"ARHGAP8",23779
"IFRD1",3475
"MSH2",4436
"LETMD1",25875
"TRIM68",55128
"USP17L17",100287327
"SLC6A15",55117
"KRT71",112802
"NBPF20",100288142
"CACNG2",10369
"IGDCC4",57722
"NES",10763
"ZNRF3",84133
"RHOT1",55288
"OR51D1",390038
"SCN11A",11280
"CRABP2",1382
"AGTRAP",57085
"OVOL2",58495
"NUTM2B",729262
"ALDH5A1",7915
"NFIA",4774
"DCUN1D1",54165
"IFT57",55081
"SNX5",27131
"UBR3",130507
"AC139677.2",107984156
"PRKACB",5567
"C3AR1",719
"GALNT3",2591
"NCBP2",22916
"BPIFC",254240
"FAM120AOS",158293
"C22orf31",25770
"DSC3",1825
"AKAP6",9472
"UBC",7316
"FAM83C",128876
"UROS",7390
"STIL",6491
"FBXO7",25793
"CCDC14",64770
"FAM120A",23196
"CDK16",5127
"SAR1A",56681
"GPR155",151556
"CREB5",9586
"PRDX3",10935
"APH1B",83464
"OVCH1",341350
"ATP13A3",79572
"MRS2",57380
"OR51E1",143503
"ZKSCAN1",7586
"ANKRD30A",91074
"SAMD15",161394
"OR51E2",81285
"TMED8",283578
"CSRP3",8048
"ZNF385B",151126
"FGF17",8822
"NPTX2",4885
"KRT74",121391
"PDGFB",5155
"CLEC2D",29121
"MGME1",92667
"SNTA1",6640
"GNAO1",2775
"DNAJC16",23341
"KLC2",64837
"CCDC179",100500938
"SNAPC3",6619
"STMN1",3925
"ZSCAN21",7589
"SVIP",258010
"GAS1",2619
"MS4A8",83661
"RAB6A",5870
"RBPJ",3516
"WNK1",65125
"E2F8",79733
"RTN1",6252
"SEZ6L",23544
"GOLGA8F",100132565
"ZNF3",7551
"UGP2",7360
"RXFP1",59350
"BOLA2B",654483
"MAP1LC3A",84557
"NUAK1",9891
"SULT1A3",6818
"PTCH2",8643
"LMLN",89782
"SOX14",8403
"SPECC1",92521
"KREMEN1",83999
"SPATA18",132671
"NDRG4",65009
"FDCSP",260436
"TCP11L2",255394
"KLF3",51274
"IGSF3",3321
"TIMM21",29090
"PSIP1",11168
"MS4A18",728588
"SLX1A",548593
"PAPSS1",9061
"DSC2",1824
"DHX37",57647
"EPS8",2059
"GOLGA8S",653061
"CSN3",1448
"CYP2D6",1565
"CYP2D6",107987478
"CYP2D6",107987479
"OR2C1",4993
"CKAP4",10970
"SYTL1",84958
"AGMAT",79814
"WFDC8",90199
"ANKLE2",23141
"TP53INP2",58476
"CXorf21",80231
"MPDU1",9526
"DOLPP1",57171
"NCOA6",23054
"ZNF22",7570
"ISG20L2",81875
"NAA60",79903
"MS4A15",219995
"IFT27",11020
"EYA3",2140
"COX5B",1329
"RRNAD1",51093
"CMA1",1215
"KRT73",319101
"PGAM5",192111
"CLDN18",51208
"CTSG",1511
"KRT72",140807
"PHACTR1",221692
"CASTOR2",729438
"PXMP2",5827
"PAX8",7849
"UGDH",7358
"NOXRED1",122945
"DSC1",1823
"DPH5",51611
"C14orf132",56967
"OR52R1",119695
"OR51S1",119692
"EGFLAM",133584
"RCC1L",81554
"MMP26",56547
"ACTR1B",10120
"MS4A10",341116
"DOCK5",80005
"NCBP2AS2",152217
"FOXO6",100132074
"ARMCX4",100131755
"EDN2",1907
"PTGFRN",5738
"BDKRB2",624
"MEIOB",254528
"OR51G2",81282
"IQSEC2",23096
"OR51F1",256892
"TBC1D7",51256
"TBC1D7",107080638
"OR51A4",401666
"PIGU",128869
"ELN",2006
"BDKRB1",623
"OR51T1",401665
"OR51A2",401667
"PPT1",5538
"LCN2",3934
"OR51A7",119687
"TET3",200424
"OR51G1",79324
"OR51F2",119694
"TRIL",9865
"FRRS1",391059
"DNAJC5G",285126
"DEFB131A",644414
"PTGDR2",11251
"ZW10",9183
"PIMREG",54478
"CCDC86",79080
"CWC22",57703
"MTRNR2L7",100288485
"PHB2",11331
"ZFAND2A",90637
"GPR143",4935
"ZNF248",57209
"SLC30A3",7781
"CYP2U1",113612
"MYF5",4617
"CLECL1",160365
"FAHD1",81889
"TSGA10IP",254187
"CPVL",54504
"CLIC3",9022
"SGMS2",166929
"CABS1",85438
"HAGH",3029
"SMIM14",201895
"GUCY1A1",2982
"SMR3A",26952
"CYB5A",1528
"UHRF1BP1L",23074
"ABCA13",154664
"SALL1",6299
"ALOX12B",242
"TBL1X",6907
"PITPNM3",83394
"GLRX3",10539
"POC5",134359
"GZMB",3002
"YES1",7525
"TLR10",81793
"EIF2B3",8891
"PLK4",10733
"LRRC43",254050
"PTPN21",11099
"IL1RAPL1",11141
"APP",351
"KCNC4",3749
"RNF169",254225
"DHRS3",9249
"MUSK",4593
"FOXB1",27023
"SMR3B",10879
"WDR75",84128
"BRI3BP",140707
"XRRA1",143570
"GZMH",2999
"PTPN11",5781
"IL31",386653
"PIGZ",80235
"NPPA",4878
"ATP6V1E1",529
"WFDC9",259240
"CLDN25",644672
"ZEB2",9839
"VCY",9084
"WFDC10A",140832
"CLCN6",1185
"C18orf63",644041
"PRSS16",10279
"CARTPT",9607
"TLR6",10333
"CD68",968
"CCK",885
"GPM6B",2824
"TLR1",7096
"SYN3",8224
"OPRPN",58503
"SPATA7",55812
"MME",4311
"SMC1A",8243
"ZP1",22917
"SENP3",26168
"MAP3K6",9064
"TIMP3",7078
"AC004593.2",1124
"CHRNA1",1134
"DZIP1L",199221
"VCL",7414
"CHN2",1124
"DNTT",1791
"BMP1",649
"SERINC5",256987
"MCCC1",56922
"RPL6",6128
"FAM78A",286336
"PHPT1",29085
"UQCC1",55245
"CAP1",10487
"MAP1LC3B2",643246
"ANKDD1B",728780
"SHBG",6462
"KIFC2",90990
"DNMBP",23268
"HINT2",84681
"AJM1",389813
"POLR3E",55718
"MAMDC4",158056
"TPPP",11076
"ZNF174",7727
"RIBC1",158787
"ASL",435
"STK38",11329
"MTHFR",4524
"SCHIP1",29970
"TMTC1",83857
"FAM221B",392307
"PACSIN1",29993
"ZSCAN32",54925
"WIPF1",7456
"UBL7",84993
"ARHGEF10L",55160
"ZNF639",51193
"AP3M1",26985
"VCY1B",353513
"FOXH1",8928
"TMEM8B",51754
"KLF14",136259
"RBM15",64783
"PKP4",8502
"DIABLO",56616
"RECQL4",9401
"INO80B",83444
"PITRM1",10531
"IQCJ",654502
"WFDC11",259239
"ABCC4",10257
"ARMCX1",51309
"LRRC9",341883
"CLUAP1",23059
"NACA",4666
"IQCJ-SCHIP1",29970
"IQCJ-SCHIP1",100505385
"KRT2",3849
"WBP1",23559
"MAGEB2",4113
"SPDEF",25803
"MAGEB3",4114
"DIPK1C",125704
"MAGEB4",4115
"MAGEB1",4112
"MSLN",10232
"HIVEP3",59269
"MKLN1",4289
"CD2",914
"ARMCX6",54470
"CPNE4",131034
"WFDC10B",280664
"ARID4A",5926
"KRT1",3848
"NR0B1",190
"CD101",9398
"WFDC13",164237
"KIZ",55857
"CAMKV",79012
"LYZL4",131375
"MYH2",4620
"TMPPE",643853
"GLB1",2720
"APLP2",334
"C1orf167",284498
"ETV3",2117
"SPINT4",391253
"TSPAN19",144448
"LUZP2",338645
"PLPP7",84814
"PFKP",5214
"DQX1",165545
"C12orf49",79794
"PTPA",5524
"ST8SIA5",29906
"TCERG1L",256536
"OPCML",4978
"ATPAF2",91647
"MPC1L",347411
"ZDHHC11B",653082
"PTAFR",5724
"EIF4A1",1973
"LPAR1",1902
"NAF1",92345
"BHLHA9",727857
"MTRNR2L4",100463285
"CXorf38",159013
"A4GNT",51146
"C16orf90",646174
"H3-5",440093
"TRARG1",286753
"BLVRA",644
"ZNF597",146434
"WFDC3",140686
"ZFP90",146198
"DBR1",51163
"NLRC3",197358
"DOCK4",9732
"RNFT2",84900
"FASTK",10922
"WFS1",7466
"VPS33A",65082
"DRC3",83450
"SCYL1",57410
"AMT",275
"CBFA2T2",9139
"SNX27",81609
"DCP1B",196513
"TTLL7",79739
"MUC7",4589
"RIC8B",55188
"PRRC2B",84726
"RHNO1",83695
"MYH1",4619
"CRCP",27297
"ATG2B",55102
"FCN3",8547
"RAB34",83871
"ECM2",1842
"TEX52",101929469
"KRT77",374454
"HRH1",3269
"PARP2",10038
"ITFG2",55846
"HHLA2",11148
"DNAJC8",22826
"B3GNT4",79369
"CD69",969
"NUTM2E",283008
"SRSF3",6428
"ALOXE3",59344
"OSBPL3",26031
"TRMU",55687
"ASPN",54829
"POLR3B",55703
"MYH8",4626
"KCNQ2",3785
"DDI2",84301
"TMEM178A",130733
"ILRUN",64771
"SPZ1",84654
"LRR1",122769
"NPY1R",4886
"IPPK",64768
"ST3GAL2",6483
"RSC1A1",6248
"MAP4K3",8491
"FKBP4",2288
"GNRH1",2796
"NPY5R",4889
"HSD17B6",8630
"ZDHHC11",79844
"PARP8",79668
"EID1",23741
"ACTL8",81569
"SHC4",399694
"OGN",4969
"RPS29",6235
"CMTM3",123920
"USP7",7874
"PPID",5481
"NPAS3",64067
"CDKN1A",1026
"MYH4",4622
"TTC3",7267
"C4orf46",201725
"AADACL4",343066
"ETFDH",2110
"OR51L1",119682
"AADACL3",126767
"CCKAR",886
"NLGN4Y",22829
"BRD9",65980
"NRIP2",83714
"ADORA2B",136
"C1orf158",93190
"PRIM1",5557
"AMFR",267
"ATG4A",115201
"CENPP",401541
"YIF1A",10897
"EDF1",8721
"PRAMEF12",390999
"MRPS24",64951
"FOXM1",2305
"PRAMEF1",65121
"CTNNB1",1499
"OMD",4958
"URGCP",55665
"ZNF25",219749
"KIF13B",23303
"EMID1",129080
"ADCYAP1",116
"TMEM213",155006
"PRAMEF11",440560
"CIART",148523
"ATP6V0A4",50617
"RAI14",26064
"RFX4",5992
"ROPN1",54763
"LAMP3",27074
"ACSM4",341392
"SAT2",112483
"CASR",846
"URGCP-MRPS24",100534592
"FOXN2",3344
"FAM114A1",92689
"ZMIZ2",83637
"RAB1B",81876
"FADD",8772
"TULP3",7289
"BBS2",583
"LRRIQ1",84125
"GMPR2",51292
"FXR2",9513
"CNIH2",254263
"HNRNPCL1",343069
"HES7",84667
"PRAMEF2",65122
"LTBP3",4054
"GANAB",23193
"POM121L2",94026
"BOLA3",388962
"PRAMEF7",441871
"MRPS21",54460
"OR2K2",26248
"LSG1",55341
"PRAMEF4",400735
"USP48",84196
"SPART",23111
"PRAMEF6",440561
"UNCX",340260
"HRK",8739
"CSTA",1475
"PHF2",5253
"SOX15",6665
"DNM1",1759
"AP5Z1",9907
"USP28",57646
"NPIPB13",613037
"PRAMEF10",343071
"GALR1",2587
"TSN",7247
"ACOT7",11332
"ITGB5",3693
"MARCHF6",10299
"RESF1",55196
"GGT7",2686
"KIAA1549",57670
"TMEM44",93109
"NUDT21",11051
"MYH15",22989
"B3GALT5",10317
"C2orf92",728537
"ATP5IF1",93974
"OGFOD1",55239
"FBXW8",26259
"CRAT",1384
"RTP4",64108
"MAPKAP1",79109
"ACSS2",55902
"SLC40A1",30061
"SST",6750
"GC",2638
"GRK5",2869
"RTP2",344892
"MAP1B",4131
"KLRF1",51348
"C8orf82",414919
"BCL6",604
"MED14",9282
"LIN7A",8825
"MATN2",4147
"LRRC14",9684
"ALX1",8092
"AK4",205
"STXBP6",29091
"SART1",9092
"AACS",65985
"LRRC24",441381
"GPIHBP1",338328
"RAB44",401258
"PPFIA2",8499
"CDK5",1020
"TKTL2",84076
"BARX1",56033
"MELTF",4241
"MYO7A",4647
"USP11",8237
"VSTM5",387804
"VSTM4",196740
"GLI4",2738
"HEPHL1",341208
"DOK1",1796
"ARID3B",10620
"RTN3",10313
"CLEC4A",50856
"ZFP41",286128
"WDFY4",57705
"ANK1",286
"GK",2710
"IGSF5",150084
"SLC4A2",6522
"MYO3B",140469
"HTRA2",27429
"INPP4B",8821
"NKAIN3",286183
"TGM6",343641
"IL12A",3592
"BCL2L13",23786
"AGO4",192670
"ZNF391",346157
"MRPL24",79590
"RPL30",6156
"RGS10",6001
"USP46",64854
"HPSE2",60495
"C11orf53",341032
"ZNF184",7738
"USP25",29761
"COLCA2",120376
"DAPK1",1612
"SETD7",80854
"DDX1",1653
"DROSHA",29102
"NICN1",84276
"LOXL3",84695
"LRRC18",474354
"PRPF19",27339
"CDC14C",168448
"IGSF21",84966
"PLGLB2",5342
"ZCCHC13",389874
"ITGAM",3684
"ZNF705A",440077
"PYGO1",26108
"DYNC2H1",79659
"CTCF",10664
"C11orf95",65998
"KCTD9",54793
"DEFB136",613210
"NECAP1",25977
"DEFB135",613209
"NARS1",4677
"ZSCAN10",84891
"FLNB",2317
"DEFB134",613211
"PRAMEF27",101929983
"DRD5",1816
"RPS27A",6233
"SLC2A9",56606
"TMEM156",80008
"RGPD2",729857
"TMEM130",222865
"TTF2",8458
"MYH3",4621
"C1orf189",388701
"OPALIN",93377
"HNRNPCL3",649330
"HSD17B10",3028
"ZC3HAV1L",92092
"CLEC2B",9976
"ARMCX3",51566
"TIAL1",7073
"LIPG",9388
"VWC2",375567
"PANX1",24145
"SPATA48",100130988
"TMC7",79905
"ZPBP",11055
"CSRNP2",81566
"BTBD10",84280
"DSG4",147409
"CLHC1",130162
"FCRL5",83416
"HECTD3",79654
"ARIH1",25820
"CPNE5",57699
"BNIPL",149428
"SSR1",6745
"KLRF2",100431172
"ZNF33A",7581
"VIPAS39",63894
"AUP1",550
"KLHDC7A",127707
"CLEC2A",387836
"GP2",2813
"COQ7",10229
"CRTAP",10491
"NOTCH2NLB",100996763
"NBPF14",25832
"CIP2A",57650
"CMTM4",146223
"DSG1",1828
"LIFR",3977
"UROD",7389
"ASNSD1",54529
"RPL3",6122
"VPS50",55610
"ROR1",4919
"TMEM202",338949
"SUSD5",26032
"SLC16A2",6567
"APBB1",322
"ZMYM3",9203
"BRSK2",9024
"SNRPC",6631
"TMUB1",83590
"ASDURF",110599588
"RPLP1",6176
"MAML3",55534
"CLEC12B",387837
"PCP4",5121
"ATF2",1386
"AMER1",139285
"MGST2",4258
"DZIP3",9666
"VAMP2",6844
"CA12",771
"MICALL2",79778
"MUC13",56667
"CLEC1B",51266
"C9orf16",79095
"CDR2",1039
"NUP160",23279
"RAD1",5810
"CAGE1",285782
"PER1",5187
"FAM151B",167555
"CIZ1",25792
"TSNARE1",203062
"TMA16",55319
"PRTG",283659
"CLEC12A",160364
"PAPOLB",56903
"ZFYVE16",9765
"RADIL",55698
"AHSA1",10598
"RASSF9",9182
"BRIX1",55299
"GPT",2875
"RIIAD1",284485
"CPN1",1369
"DPYSL4",10570
"NPIPB5",100132247
"CELF3",11189
"CMPK1",51727
"ANK2",287
"UBE2K",3093
"EIF1AD",84285
"DNAJC6",9829
"ASB12",142689
"IL15RA",3601
"OTOF",9381
"MRPL47",57129
"LBP",3929
"PAX7",5081
"TTC21B",79809
"PPP1R16A",84988
"ERC1",23085
"ZNF157",7712
"LARGE1",9215
"MAP3K19",80122
"DYNC1H1",1778
"IZUMO1R",390243
"SAMD13",148418
"PLEK2",26499
"ACTL6A",86
"SLC15A3",51296
"STRIT1",100507537
"CRK",1398
"GPR83",10888
"PARP12",64761
"FRMD3",257019
"SHROOM2",357
"LIMCH1",22998
"PPP2R2D",55844
"MTMR8",55613
"TRIM45",80263
"C6orf89",221477
"DBX2",440097
"UGGT1",56886
"KLHDC7B",113730
"BANF1",8815
"HEG1",57493
"ASPHD2",57168
"UBE2E3",10477
"TMEM132A",54972
"ZAP70",7535
"ANO6",196527
"HPS4",89781
"TAB3",257397
"C16orf72",29035
"NCOR1",9611
"RAP1B",5908
"ZNF213",7760
"ARHGAP39",80728
"NTS",4922
"TMEM109",79073
"STYXL1",51657
"FTHL17",53940
"CLDN34",100288814
"PPIL1",51645
"PTPDC1",138639
"GGH",8836
"SLC5A10",125206
"GSKIP",51527
"WWC3",55841
"CCNA1",8900
"TESC",54997
"ANKAR",150709
"MCF2L",23263
"CCNF",899
"ZNF205",7755
"HADH",3033
"GLIS3",169792
"GDF5",8200
"STK32C",282974
"FBH1",84893
"ZFAND4",93550
"OSGEPL1",64172
"CD2BP2",10421
"QRFPR",84109
"ROPN1L",83853
"MRPL53",116540
"TMEM131",23505
"TTC31",64427
"KIAA1324L",222223
"CRB2",286204
"ZNF696",79943
"GRAP",10750
"SESN2",83667
"MARCHF1",55016
"POU2AF1",5450
"DENND1A",57706
"TAF11",6882
"CD163",9332
"LEMD3",23592
"ACSS3",79611
"BICD1",636
"NKAP",79576
"ITSN1",6453
"PIRT",644139
"UHRF1BP1",54887
"TMEM151A",256472
"GDPD4",220032
"TMEM220",388335
"FAM83G",644815
"UBE2U",148581
"CD248",57124
"ACP3",55
"MSRA",4482
"HSD17B12",51144
"BTG4",54766
"DPP8",54878
"SLC25A34",284723
"MOGS",7841
"PLEKHM2",23207
"NUDT4B",440672
"LEPROT",54741
"TKT",7086
"IDNK",414328
"ADPRM",56985
"GNG10",2790
"AKAP14",158798
"BAG3",9531
"ANKRD33B",651746
"CCDC142",84865
"DHRS7",51635
"SARS1",6301
"LEPR",3953
"SCO1",6341
"ZC3HAV1",56829
"DNAJC25-GNG10",552891
"CDH3",1001
"DNAJC25",548645
"C11orf88",399949
"CCDC58",131076
"KCNIP3",30818
"HINFP",25988
"SAC3D1",29901
"SERTM1",400120
"SECISBP2L",9728
"SYCE3",644186
"NAALADL1",10004
"MGAT4C",25834
"ITGAX",3687
"DNASE2B",58511
"TTPA",7274
"TTC39C",125488
"DEPDC4",120863
"PIGH",5283
"MYCN",4613
"PCNX4",64430
"C1orf56",54964
"TSNAXIP1",55815
"SLC12A8",84561
"CDC42SE1",56882
"BICD2",23299
"TMEM82",388595
"RHEBL1",121268
"ARMCX2",9823
"DAPL1",92196
"PLEKHH1",57475
"PPP6R3",55291
"CD163L1",283316
"PPIA",5478
"C4orf45",152940
"RAD52",5893
"FNIP2",57600
"ACTR6",64431
"FOXE3",2301
"FOXD2",2306
"MLLT11",10962
"SCOC",60592
"CLCN4",1183
"MED18",54797
"ERLIN1",10613
"S1PR1",1901
"BNIP3",664
"DNTTIP1",116092
"PITPNM2",57605
"NUMB",8650
"DEFB130B",100133267
"VTCN1",79679
"OR52J3",119679
"OR52E2",119678
"CACNB2",783
"UTP14C",9724
"RPS21",6227
"ALG11",440138
"RFXAP",5994
"TMEM229B",161145
"SMAD9",4093
"PRAMEF26",645359
"WASHC2C",253725
"ELOA2",51224
"KDM7A",80853
"DAP",1611
"RHBDD3",25807
"BMT2",154743
"GSTT2",2953
"KATNAL2",83473
"CBWD2",150472
"TMEM168",64418
"PRPF3",9129
"PRAMEF13",400736
"PRPH2",5961
"TFCP2",7024
"COL4A6",1288
"EWSR1",2130
"ZNF169",169841
"AK7",122481
"TOX3",27324
"FRAS1",80144
"MRPL48",51642
"AGAP3",116988
"PKNOX1",5316
"SALL3",27164
"SH2D3C",10044
"MROH7",374977
"PRAMEF15",653619
"EPB41L3",23136
"UMOD",7369
"KALRN",8997
"HS6ST1",9394
"PRAMEF14",729528
"SLC6A4",6532
"TLL2",7093
"MUC15",143662
"ELOA3D",100506888
"PIAS2",9063
"ZNF484",83744
"PDCD10",11235
"RIN1",9610
"ANO3",63982
"GABPB2",126626
"KLHL5",51088
"H2BC13",8340
"CACHD1",57685
"ZNF41",7592
"TRABD2B",388630
"CABLES2",81928
"BRMS1",25855
"BID",637
"H2AC13",8329
"HTR3B",9177
"INTS5",80789
"PAPOLA",10914
"RBBP8NL",140893
"C11orf98",102288414
"CENPT",80152
"ZSWIM7",125150
"UQCC3",790955
"POU6F1",5463
"CSKMT",751071
"H3C10",8357
"LBHD1",79081
"TBCC",6903
"SGO1",151648
"INPP5F",22876
"MLKL",197259
"DUX4",100288687
"PLD1",5337
"ZNF37A",7587
"GATA5",140628
"TANC1",85461
"LTF",4057
"CCDC171",203238
"TUBA3C",7278
"GOLGA6B",55889
"VIPR1",7433
"PPP1R21",129285
"BICRAL",23506
"NPDC1",56654
"RETNLB",84666
"TTC4",7268
"GEMIN8",54960
"NUTM2F",54754
"PRAMEF19",645414
"PRAMEF17",391004
"ANKS1A",23294
"PRAMEF20",645425
"SLC19A2",10560
"NOVA1",4857
"ABCA2",20
"LGALS9B",284194
"ZNF605",100289635
"ACAA2",10449
"CST6",1474
"FA2H",79152
"TIA1",7072
"DYNC1LI2",1783
"KCTD12",115207
"PCF11",51585
"NEK11",79858
"ACOD1",730249
"ADGRB1",575
"FAHD2A",51011
"GOLGA3",2802
"RPL7L1",285855
"TTC19",54902
"HS3ST2",9956
"SMAGP",57228
"TGFB1I1",7041
"VWA3B",200403
"HIGD2B",123346
"F5",2153
"BBS4",585
"MYO5B",4645
"TXNDC17",84817
"DAZAP2",9802
"IRF5",3663
"SMIM31",100505989
"PIGL",9487
"APELA",100506013
"OLFM3",118427
"CLGN",1047
"TMTC3",160418
"H3C11",8354
"ANKRD42",338699
"SCN9A",6335
"C8orf58",541565
"H2AC14",8331
"H3C12",8356
"KIAA0753",9851
"H2AC16",8332
"H4C11",8363
"H2AC17",8336
"DHH",50846
"H2AC15",8330
"H4C13",8368
"H4C12",8362
"PXK",54899
"H1-5",3009
"H2BC15",8341
"H2BC14",8342
"CYYR1",116159
"CTCFL",140690
"CATSPER1",117144
"SPAG6",9576
"CENPV",201161
"FAM166C",339778
"SYN1",6853
"PDLIM2",64236
"RAB5B",5869
"C6orf226",441150
"DNAJC13",23317
"FAM43A",131583
"ISM2",145501
"MED31",51003
"RHOXF2",84528
"PHACTR4",65979
"GNG5",2787
"NUTF2",10204
"RHOXF1",158800
"CHFR",55743
"LRRC38",126755
"RHOXF2B",727940
"CCDC90B",60492
"OXSM",54995
"SPATA1",100505741
"PLCH1",23007
"PTCRA",171558
"TERB1",283847
"CFP",5199
"OR52A5",390054
"OR52A1",23538
"C9orf92",100129385
"OR51V1",283111
"C2orf42",54980
"RAVER2",55225
"TMEM132B",114795
"THAP11",57215
"BNC2",54796
"NGLY1",55768
"MOB1A",55233
"CTBS",1486
"FCRL4",83417
"CNPY3",10695
"PAK1",5058
"ERICH5",203111
"OR13J1",392309
"NPFFR2",10886
"TIMP1",7076
"EMG1",10436
"TAL2",6887
"JAK1",3716
"HRCT1",646962
"ASTE1",28990
"XRN2",22803
"ARAF",369
"RPF1",80135
"OAZ3",51686
"USP38",84640
"ATRX",546
"NEK3",4752
"LPCAT3",10162
"SPPL2A",84888
"TBC1D10B",26000
"ADK",132
"GAD1",2571
"KIAA0319",9856
"ZNF34",80778
"ATP2C1",27032
"SLCO4A1",28231
"H2BC17",8348
"OR2B2",81697
"CACNA1D",776
"FCSK",197258
"OR2B6",26212
"ZNF705D",728957
"TMEM107",84314
"GPR34",2857
"FBXO21",23014
"FUT7",2529
"TRAT1",50852
"USP17L7",392197
"USP17L7",645402
"MAN1A2",10905
"USP17L2",377630
"USP17L2",401447
"LRRC27",80313
"SHISA6",388336
"CASK",8573
"TDRKH",11022
"HTR3A",3359
"HES2",54626
"FARSB",10056
"CIB4",130106
"TRAF2",7186
"MFSD14B",84641
"C1S",716
"NEK5",341676
"SCN1A",6323
"KCNK3",3777
"FAM86B1",85002
"C12orf65",91574
"PHYHIP",9796
"MRE11",4361
"MOGAT1",116255
"GAB1",2549
"PREX1",57580
"MPHOSPH9",10198
"MADD",8567
"WDR59",79726
"CCDC74B",91409
"CSNK2A1",1457
"USP31",57478
"GRIN2A",2903
"ANXA9",8416
"TTLL10",254173
"PPIP5K1",9677
"CAMK2B",816
"ABCG4",64137
"ERICH2",285141
"PDS5A",23244
"MINDY1",55793
"SP5",389058
"CELSR2",1952
"ZNRF1",84937
"GUCA1C",9626
"MDH2",4191
"PI16",221476
"TDP2",51567
"ERBIN",55914
"GAL3ST3",89792
"SNRPB",6628
"TRIM61",391712
"FBP2",8789
"UBQLN1",29979
"ZNF165",7718
"GSTT1",2952
"FBP1",2203
"HBB",3043
"ZSCAN16",80345
"LAMTOR5",10542
"DSCAM",1826
"SHANK2",22941
"CTNND2",1501
"DSG3",1830
"TMEM212",389177
"TMEM39B",55116
"MFN1",55669
"ZBTB33",10009
"MGAT4D",152586
"BORCS6",54785
"TRIM43B",653192
"CDK2AP1",8099
"HBD",3045
"B4GAT1",11041
"NSUN6",221078
"GNMT",27232
"GNMT",107080644
"ZNF343",79175
"RAB3GAP1",22930
"SLC16A4",9122
"UBE2C",11065
"TTC26",79989
"CADM2",253559
"C1orf43",25912
"NME9",347736
"PPP2R2C",5522
"PEX6",5190
"CEP250",11190
"SPDYE1",285955
"MRPL9",65005
"PDILT",204474
"FGFR2",2263
"KHDRBS1",10657
"CLDN9",9080
"UBE2D4",51619
"MMD2",221938
"DNAJC21",134218
"VPS54",51542
"ESPN",83715
"SELP",6403
"ATP9B",374868
"ANKRD34B",340120
"SPCS2",9789
"ULK4",54986
"ATP5F1B",506
"SPATA19",219938
"CLK3",1198
"ARMC8",25852
"MCF2L2",23101
"PLEKHG5",57449
"FOXD4L1",200350
"SYCP3",50511
"CDIPT",10423
"MXI1",4601
"CNNM1",26507
"ZC4H2",55906
"ZRANB3",84083
"CLDN6",9074
"C2orf66",401027
"TNFRSF12A",51330
"TMEM243",79161
"CETN3",1070
"DYRK4",8798
"FBXW5",54461
"CHPT1",56994
"LPP",4026
"PPP2R5C",5527
"OR51M1",390059
"OR51B5",282763
"DMTF1",9988
"GTF2IRD2B",389524
"TM2D1",83941
"GLRA2",2742
"ADAMTS3",9508
"SEMA6C",10500
"C8G",733
"OR52E5",390082
"OR52E4",390081
"OR52D1",390066
"TMEM255A",55026
"OR51B2",79345
"OR52N4",390072
"OR52E8",390079
"TRIM34",53840
"UBAP2L",9898
"GALNT8",3742
"GALNT8",26290
"SHOC1",158401
"PELI1",57162
"TRIM43",129868
"RPRD2",23248
"B3GNT5",84002
"NDUFA9",4704
"OR51I1",390063
"ZC3H12B",340554
"OR52E6",390078
"OR52N1",79473
"HBG2",3048
"CD164L2",388611
"ACAD11",84129
"OR51B4",79339
"OR52N5",390075
"RCC1",1104
"OR52B6",340980
"OR52H1",390067
"HBE1",3046
"GPR3",2827
"H2AZ2",94239
"ATP5PO",539
"AMTN",401138
"COL8A1",1295
"FOXN4",121643
"POLR3G",10622
"TRIM22",10346
"TENT5C",54855
"FBXL22",283807
"OSMR",9180
"EDC3",80153
"LCMT1",51451
"AKAP3",10566
"USP3",9960
"LCN12",286256
"CTSL",1514
"C17orf100",388327
"PWWP2B",170394
"ARC",23237
"TNFRSF18",8784
"TRIM60",166655
"SLC13A5",284111
"MBLAC2",153364
"MCMBP",79892
"COPS2",9318
"PET117",100303755
"LDHD",197257
"KAT14",57325
"ACKR4",51554
"KITLG",4254
"DONSON",29980
"AP4E1",23431
"UBA5",79876
"KIAA0586",9786
"CBS",875
"TRIM6",117854
"N4BP2",55728
"SRSF6",6431
"MAN2B2",23324
"RICTOR",253260
"IGSF9B",22997
"MNT",4335
"SGK2",10110
"ELMOD2",255520
"PMS1",5378
"RASA2",5922
"TMEM192",201931
"FCHO2",115548
"FBLIM1",54751
"JRK",8629
"KLHL2",11275
"NPHP3",27031
"PSCA",8000
"CYCS",54205
"PATJ",10207
"GDAP2",54834
"SEC23IP",11196
"CLDN10",9071
"OTUD7A",161725
"SALL2",6297
"CXXC1",30827
"DZIP1",22873
"ANKRD49",54851
"FAM227B",196951
"OR56B1",387748
"CELSR1",9620
"TRIM6-TRIM34",445372
"IFT80",57560
"ACSM5",54988
"GNB4",59345
"SON",6651
"RPL23A",6147
"PRSS55",203074
"ZNF200",7752
"SLC33A1",9197
"GBX1",2636
"OR51Q1",390061
"TRIM5",85363
"OR10G3",26533
"MRFAP1",93621
"ZNF148",7707
"C3orf33",285315
"POU3F2",5454
"L3MBTL1",26013
"ACSL3",2181
"NEK8",284086
"ZNF133",7692
"NDUFB5",4711
"GALK2",2585
"DCP1A",55802
"PPM1A",5494
"NEU3",10825
"LCNL1",401562
"C11orf97",643037
"MYO1C",4641
"TPRG1",285386
"PTGDS",5730
"FANCB",2187
"CYP4A11",1579
"TNFRSF25",8718
"CHDH",55349
"OR1F1",4992
"TLCD1",116238
"PIWIL4",143689
"TMC2",117532
"SLC5A12",159963
"RIDA",10247
"RBAK-RBAKDN",100533952
"CYP19A1",1588
"FCRL3",115352
"FBXL4",26235
"RBAK",57786
"OR2AT4",341152
"CHUK",1147
"SPAAR",158376
"TNNC2",7125
"OR2S2",56656
"PBX3",5090
"LAS1L",81887
"MT4",84560
"OR51B6",390058
"C7orf31",136895
"OR51I2",390064
"KLHL6",89857
"FUT4",2526
"POP1",10940
"HBG1",3047
"KCTD10",83892
"UBQLN3",50613
"AMOTL1",154810
"MT3",4504
"GLDN",342035
"KPNB1",3837
"UBQLNL",143630
"FGD3",89846
"SRRM3",222183
"OR52N2",390077
"OR10G2",26534
"TBC1D19",55296
"C3orf80",401097
"TNFRSF4",7293
"OR4E2",26686
"SMC4",10051
"OR4E1",26687
"RP1L1",94137
"RPH3A",22895
"FIBIN",387758
"C8orf74",203076
"COX18",285521
"MSRB3",253827
"WDSUB1",151525
"CBWD5",220869
"GOT1",2805
"SCNM1",79005
"SCNM1",100534012
"CHTF18",63922
"PURB",5814
"MYO1H",283446
"ASB10",136371
"C20orf173",140873
"ATG7",10533
"TMEM171",134285
"SPTLC2",9517
"NEDD4",4734
"MAGT1",84061
"L3MBTL4",91133
"ISX",91464
"GNG2",54331
"ROM1",6094
"ACOT13",55856
"CNOT11",55571
"TMOD4",29765
"ORMDL1",94101
"C6orf62",81688
"EML3",256364
"IQCA1L",392843
"GRAPL",400581
"UQCRHL",440567
"UGCG",7357
"CENPA",1058
"UCP1",7350
"SPEN",23013
"METTL16",79066
"ATP5MC3",518
"PLPP4",196051
"GRAMD1B",57476
"PCP4L1",654790
"SLCO2B1",11309
"RPL7A",6130
"LYSMD1",388695
"DUSP6",1848
"TNFAIP8L2",79626
"SLC35F6",54978
"ABHD11",83451
"ENTPD2",954
"TMEM174",134288
"DHFR",1719
"INPP5A",3632
"FGF7",2252
"RPUSD1",113000
"WDR11",55717
"COX7B",1349
"AQP8",343
"RHOH",399
"ALKBH1",8846
"TMEM200C",645369
"CCN4",8840
"CDY2B",203611
"DMXL2",23312
"AURKB",9212
"GPR176",11245
"MSH3",4437
"KCNE4",23704
"ANXA5",308
"FAXC",84553
"SERPINI1",5274
"VPS26B",112936
"FSIP1",161835
"TNFAIP8L3",388121
"SMYD2",56950
"SDF4",51150
"TIMM9",26520
"THBS1",7057
"NDRG1",10397
"SMURF1",57154
"GNG13",51764
"EXOG",9941
"SUOX",6821
"PARD3",56288
"NKX6-2",84504
"JAM3",83700
"MOSPD2",158747
"SLC28A2",9153
"H2BE1",114483833
"ABCF2",10061
"HMGXB4",10042
"TOMM20L",387990
"B3GALT6",126792
"C1QTNF12",388581
"ZFP1",162239
"BACE1",23621
"TRIM59",286827
"RNF149",284996
"TPBGL",100507050
"NKX2-4",644524
"LY6K",54742
"GRAMD4",23151
"DSG2",1829
"VGLL4",9686
"ABCF2",114483834
"TRRAP",8295
"GFOD1",54438
"UBN2",254048
"MSH6",2956
"P2RX7",5027
"EGLN3",112399
"FOXG1",2290
"GRK7",131890
"CNTNAP5",129684
"RNF7",9616
"CSNK1A1L",122011
"M1AP",130951
"SUSD3",203328
"SIX6",4990
"SCG2",7857
"GAPDH",2597
"C14orf39",317761
"ZKSCAN2",342357
"NCAPD3",23310
"RTP3",83597
"MYLPF",29895
"SPAG17",200162
"RNASEH1",246243
"RTRAF",51637
"SPTSSA",171546
"LEF1",51176
"GNPTAB",79158
"CDCA2",157313
"PAFAH1B1",5048
"TBC1D9",23158
"MPZ",4359
"EIF4EBP3",8637
"SNX4",8723
"ACOT8",10005
"ANKHD1-EIF4EBP3",404734
"USP9X",8239
"ZBTB16",7704
"TDGF1",6997
"NID2",22795
"MYO1G",64005
"SF3B2",10992
"NOP56",10528
"ACSM2A",123876
"TAS1R2",80834
"ATF7IP2",80063
"WDR3",10885
"FAM240A",100132146
"GKAP1",80318
"LRRC2",79442
"CSF2RB",1439
"ERAS",3266
"RBM7",10179
"SAPCD2",89958
"ATP1B4",23439
"HS3ST4",9951
"FBXO11",80204
"CREG2",200407
"ANKHD1",54882
"PCSK1N",27344
"SNX21",90203
"CLN5",1203
"CDY2A",9426
"CRYZL1",9946
"KIF27",55582
"AGXT2",64902
"F7",2155
"WASF2",10163
"WT1",7490
"ETNK1",55500
"DNAJC3",5611
"FOXD1",2297
"FAM170B",170370
"NNMT",4837
"GPR89A",653519
"EAPP",55837
"BBOX1",8424
"ASB9",140462
"ATP7A",538
"FBXL3",26224
"ADGRA2",25960
"MYOZ1",58529
"OSBPL11",114885
"RIOK1",83732
"RNASE8",122665
"REXO2",25996
"TPPP2",122664
"OSBPL1A",114876
"TMEM273",170371
"MYCBP2",23077
"TM9SF3",56889
"IPO8",10526
"POC1B-GALNT4",100528030
"TOM1",10043
"HSPB1",3315
"RFX8",731220
"POC1B",282809
"ZNF219",51222
"METTL18",92342
"MT2A",4502
"RABL2A",11159
"YWHAG",7532
"C1orf112",55732
"PGK1",5230
"TEDC2",80178
"CEP164",22897
"BRF2",55290
"MT1E",4493
"ZP3",7784
"TEX33",339669
"MOB2",81532
"NKX2-3",159296
"ATP1B3",483
"AGO1",26523
"THEM6",51337
"MT1M",4499
"SURF2",6835
"KLHL24",54800
"RNASE7",84659
"WDR1",9948
"PGAM4",441531
"SURF1",6834
"LNPK",80856
"SNX6",58533
"CLDN3",1365
"CLDN4",1364
"THUMPD2",80745
"GALNT4",8693
"SSC4D",136853
"SYNPO2L",79933
"ANKRD20A4P",728747
"C16orf82",162083
"AGAP5",729092
"SMARCD3",6604
"CHKB",1120
"PROK1",84432
"FGD4",121512
"GMNN",51053
"FAM90A1",55138
"C11orf71",54494
"METTL27",155368
"SLC25A28",81894
"HCFC1R1",54985
"C5orf22",55322
"YTHDF3",253943
"HDGF",3068
"RECK",8434
"MT1A",4489
"SELE",6401
"CHRNA9",55584
"NTSR1",4923
"CYP4X1",260293
"ASB11",140456
"TMEM270",135886
"AGL",178
"COL4A5",1287
"MT1B",4490
"SIRT5",23408
"PTGDR",5729
"AMBN",258
"BIN2",51411
"CABYR",26256
"PDPN",10630
"PRELID3A",10650
"MT1F",4494
"CUTC",51076
"XRCC6",2547
"BTF3",689
"RNF214",257160
"INTS1",26173
"ERGIC3",51614
"FMC1",154791
"FMC1-LUC7L2",100996928
"MT1G",4495
"ZKSCAN8",7745
"PRCC",5546
"LUC7L2",51631
"NKX2-2",4821
"C10orf71",118461
"COX15",1355
"SCYL3",57147
"VGLL3",389136
"MMP25",64386
"EBF2",64641
"FCRL2",79368
"PIP4K2A",5305
"NIPAL2",79815
"CHPF2",54480
"ENTPD7",57089
"WIPI2",26100
"ARMH2",101928603
"RLIM",51132
"RIPOR2",9750
"GMPS",8833
"UGGT2",55757
"BICDL2",146439
"MAPK8IP2",23542
"PTGES3",10728
"SUSD1",64420
"EVX2",344191
"CAMK1D",57118
"NOS1",4842
"NEXMIF",340533
"SELL",6402
"CD6",923
"USP13",8975
"SLURP1",57152
"MID1",4281
"SNW1",22938
"THOC6",79228
"ALDH4A1",8659
"LYPD2",137797
"SRA1",10011
"TLE3",7090
"CRBN",51185
"CARD19",84270
"ST14",6768
"FNDC3B",64778
"CALCR",799
"CTRB2",440387
"YEATS2",55689
"COQ3",51805
"CPT1B",1375
"POLR3D",661
"LYNX1-SLURP2",111188157
"PGAP1",80055
"ANKRD36C",400986
"LYNX1",66004
"CERS4",79603
"TTR",7276
"TTC23L",153657
"UAP1L1",91373
"CCDC3",83643
"PDE4D",5144
"SLURP2",432355
"MT1H",4496
"RNF150",57484
"OPTN",10133
"KCNA10",3744
"CERK",64781
"MT1X",4501
"SEMA4F",10505
"KDM8",79831
"GID4",79018
"SLIRP",81892
"MRPS27",23107
"ZNF18",7566
"DRAM1",55332
"DMD",1756
"AC131160.1",55486
"RPLP2",6181
"PARL",55486
"PAX1",5075
"NINJ1",4814
"MVB12B",89853
"CCDC34",91057
"ISL1",3670
"TRNT1",51095
"AMD1",262
"DNAH9",1770
"LY6D",8581
"CDC45",8318
"HSFY1",86614
"IKZF1",10320
"SIX1",6495
"S100P",6286
"MRFAP1L1",114932
"GML",2765
"OGFR",11054
"BLOC1S4",55330
"FILIP1L",11259
"CTSD",1509
"NPVF",64111
"KAT6A",7994
"EIF2AK4",440275
"SEPTIN1",1731
"CYP11B1",1584
"CFAP126",257177
"ELK1",2002
"ARFGEF2",10564
"SDHC",6391
"PINX1",54984
"ADGRV1",84059
"MSMO1",6307
"PTPN14",5784
"GPAT2",150763
"CMSS1",84319
"KDM3B",51780
"MRGBP",55257
"SOX7",83595
"MAP6D1",79929
"SPATA5L1",79029
"PTGER2",5732
"KIAA0232",9778
"RLF",6018
"TXNDC16",57544
"ZNF48",197407
"HS6ST3",266722
"CYP11B2",1585
"DHCR7",1717
"BAZ2B",29994
"KCNA2",3737
"AP1S3",130340
"RFX7",64864
"ZNF330",27309
"TAF7",6879
"GATM",2628
"SLC25A2",83884
"RDH11",51109
"PFAS",5198
"PTCD2",79810
"MAPRE3",22924
"CRYBG1",202
"WDFY1",57590
"C19orf38",255809
"HSF5",124535
"CASP7",840
"POMT1",10585
"TEX9",374618
"GPR137C",283554
"KCNMB4",27345
"GLIPR2",152007
"RGS7",6000
"PARP1",142
"DNAH5",1767
"SHFL",55337
"MTCH1",23787
"MEFV",4210
"AGAP4",119016
"IKZF4",64375
"SOX5",6660
"CTC1",80169
"ARG2",384
"MNS1",55329
"ANGPTL6",83854
"VTI1B",10490
"B4GALT6",9331
"NADK",65220
"SLC35D3",340146
"DPYSL5",56896
"IL20RA",53832
"IL2RA",3559
"GOLIM4",27333
"LUC7L3",51747
"EMP2",2013
"RPS26",6231
"CHD9",80205
"ARID2",196528
"CCNC",892
"DCHS1",8642
"CDK9",1025
"SPATA6L",55064
"ITGA2",3673
"PCDHGA6",56109
"UXT",8409
"PCDHGB6",56100
"PCDHGA7",56108
"CCIN",881
"SCN4A",6329
"TNPO3",23534
"ZBTB17",7709
"POSTN",10631
"MAFK",7975
"DRGX",644168
"UBE2J2",118424
"PCDHGA4",56111
"SLC25A52",147407
"SPATA31E1",286234
"TMEM184A",202915
"LGALSL",29094
"TST",7263
"CACNB4",785
"SCNN1G",6340
"ZSCAN9",7746
"SIX4",51804
"PCDHGA1",56114
"PCDHGA2",56113
"MPST",4357
"SLC8A1",6546
"C11orf1",64776
"AJUBA",84962
"PCDHGC5",56097
"TMCO2",127391
"CNTLN",54875
"PCDHGB7",56099
"FDXACB1",91893
"TMEM263",90488
"UBE2V2",7336
"ADAMTS1",9510
"LYSMD3",116068
"C19orf44",84167
"PCDHGB5",56101
"ALG9",79796
"SDF2",6388
"SLC1A1",6505
"NXNL1",115861
"PCDHGA3",56112
"ERCC6",2074
"PCDHGA12",26025
"TMEM221",100130519
"HAUS4",54930
"EOMES",8320
"MTERF2",80298
"METTL4",64863
"CELA1",1990
"CTRB1",1504
"PCDHGC4",56098
"PDZD2",23037
"KCNS2",3788
"MTMR4",9110
"ZMPSTE24",10269
"STK3",6788
"CDRT15L2",256223
"UCK1",83549
"FBXO30",84085
"BCAR1",9564
"PSRC1",84722
"SPIRE1",56907
"ADAMTS5",11096
"TIMM23",100287932
"KLF6",1316
"INSRR",3645
"SHPRH",257218
"PCDHGA10",56106
"PCDHGA5",56110
"PCDHGA11",56105
"PLPP6",403313
"SH3GL2",6456
"CYRIA",81553
"XXYLT1",152002
"SH2D2A",9047
"CLEC9A",283420
"ANXA3",306
"PCDHGC3",5098
"CHMP2B",25978
"CNGA3",1261
"IFFO2",126917
"ZKSCAN4",387032
"AC270227.2",285679
"AC256236.2",728888
"C8orf49",606553
"AC270286.1",640
"AC270273.3",85002
"AC270289.2",57604
"AC270289.3",10395
"AC147067.5",152877
"FO681492.2",102724488
"AP002336.5",8500
"AC275673.1",100287399
"POTEB",102724631
"MG910336.1",389831
"AC275614.1",100996331
"MG910338.3",102723360
"AC254952.1",1139
"CYP2D7",1564
"KU645196.2",112268354
"KU645196.6",112268355
"KIR2DL5B",3808
"KU645196.3",112267881
"KP420443.1",3812
"KIR2DS5",3810
"KIR2DS5",57292
"AC245128.25",9437
"AC243837.1",107987545
"AC243837.4",112268384
"KP420440.5",102725023
"AC226593.1",932
