external_id,study,sra.study_title,sra.library_layout,sra.platform_model,recount_project.organism,study.1,sra.study_title.1,sra.library_layout.1,sra.platform_model.1,recount_project.organism.1,cell_line,cell_line_assubmitted,sra,study_title,abstract,sample_title,platform,full_attributes,attributes,geo,label,cell_state,cell_substate,Induction_details,time_after_treatment,genetic_manipulations,immortalised,cell_type,tissue,cancer_cell_line,cq_test,immortalisation_evidence
SRR2095296,SRP060598,Mitotic stress is an integral part of the oncogene-induced senescence program that promotes multinucleation and cell cycle arrest,paired,NextSeq 500,Homo sapiens,SRP060598,Mitotic stress is an integral part of the oncogene-induced senescence program that promotes multinucleation and cell cycle arrest,paired,NextSeq 500,Homo sapiens,IMR90,IMR-90,SRP060598,Mitotic stress is an integral part of the oncogene-induced senescence program that promotes multinucleation and cell cycle arrest,"Oncogene-induced senescence (OIS) is a tumor suppression mechanism that blocks cell proliferation in response to oncogenic signalling. OIS is frequently accompanied by multinucleation; however, the origin of this is unknown. Here we show that multinucleate OIS cells originated mostly from failed mitosis. Prior to senescence, mutant RasV12 activation in primary human fibroblasts compromised mitosis, associated with abnormal expression of mitotic genes that enter M-phase.  Simultaneously, RasV12 activation enhanced survival of damaged mitoses, culminating in extended mitotic arrest and aberrant exit from mitosis via mitotic slippage. ERK-dependent transcriptional up-regulation of Mcl1 was responsible for enhanced slippage of cells with mitotic defects and subsequent cell survival. Importantly, mitotic slippage and oncogene signalling synergistically induced senescence and key senescence regulators p21 and p16. We propose that activated Ras induces transcriptional changes that predispose cells undergoing OIS to mitotic stress and multinucleation. Overall design: We used RNA-seq of IMR90 cells with inducible expression of oncogenic RasV12 that were synchronised in mitosis, to characterise the nature of mitotic defects that lead to multinucleation of oncogene-induced senescent cells",GSM1816172: DD1_ERRAS_uninduced; Homo sapiens; RNA-Seq,NextSeq 500,cell line;;IMR90|source_name;;Fibroblasts,GEO Accession;;GSM1816172,GSM1816172,DD1_ERRAS_uninduced,Proliferating,Proliferating,,,HRASG12V,no,Fibroblast,Lung,no,Proliferating,no hTERT/immortal/SV40/telomerase mention in GEO sample or series record
SRR2095297,SRP060598,Mitotic stress is an integral part of the oncogene-induced senescence program that promotes multinucleation and cell cycle arrest,paired,NextSeq 500,Homo sapiens,SRP060598,Mitotic stress is an integral part of the oncogene-induced senescence program that promotes multinucleation and cell cycle arrest,paired,NextSeq 500,Homo sapiens,IMR90,IMR-90,SRP060598,Mitotic stress is an integral part of the oncogene-induced senescence program that promotes multinucleation and cell cycle arrest,"Oncogene-induced senescence (OIS) is a tumor suppression mechanism that blocks cell proliferation in response to oncogenic signalling. OIS is frequently accompanied by multinucleation; however, the origin of this is unknown. Here we show that multinucleate OIS cells originated mostly from failed mitosis. Prior to senescence, mutant RasV12 activation in primary human fibroblasts compromised mitosis, associated with abnormal expression of mitotic genes that enter M-phase.  Simultaneously, RasV12 activation enhanced survival of damaged mitoses, culminating in extended mitotic arrest and aberrant exit from mitosis via mitotic slippage. ERK-dependent transcriptional up-regulation of Mcl1 was responsible for enhanced slippage of cells with mitotic defects and subsequent cell survival. Importantly, mitotic slippage and oncogene signalling synergistically induced senescence and key senescence regulators p21 and p16. We propose that activated Ras induces transcriptional changes that predispose cells undergoing OIS to mitotic stress and multinucleation. Overall design: We used RNA-seq of IMR90 cells with inducible expression of oncogenic RasV12 that were synchronised in mitosis, to characterise the nature of mitotic defects that lead to multinucleation of oncogene-induced senescent cells",GSM1816173: DD2_ERRAS_uninduced; Homo sapiens; RNA-Seq,NextSeq 500,cell line;;IMR90|source_name;;Fibroblasts,GEO Accession;;GSM1816173,GSM1816173,DD2_ERRAS_uninduced,Proliferating,Proliferating,,,HRASG12V,no,Fibroblast,Lung,no,Proliferating,no hTERT/immortal/SV40/telomerase mention in GEO sample or series record
SRR2095298,SRP060598,Mitotic stress is an integral part of the oncogene-induced senescence program that promotes multinucleation and cell cycle arrest,paired,NextSeq 500,Homo sapiens,SRP060598,Mitotic stress is an integral part of the oncogene-induced senescence program that promotes multinucleation and cell cycle arrest,paired,NextSeq 500,Homo sapiens,IMR90,IMR-90,SRP060598,Mitotic stress is an integral part of the oncogene-induced senescence program that promotes multinucleation and cell cycle arrest,"Oncogene-induced senescence (OIS) is a tumor suppression mechanism that blocks cell proliferation in response to oncogenic signalling. OIS is frequently accompanied by multinucleation; however, the origin of this is unknown. Here we show that multinucleate OIS cells originated mostly from failed mitosis. Prior to senescence, mutant RasV12 activation in primary human fibroblasts compromised mitosis, associated with abnormal expression of mitotic genes that enter M-phase.  Simultaneously, RasV12 activation enhanced survival of damaged mitoses, culminating in extended mitotic arrest and aberrant exit from mitosis via mitotic slippage. ERK-dependent transcriptional up-regulation of Mcl1 was responsible for enhanced slippage of cells with mitotic defects and subsequent cell survival. Importantly, mitotic slippage and oncogene signalling synergistically induced senescence and key senescence regulators p21 and p16. We propose that activated Ras induces transcriptional changes that predispose cells undergoing OIS to mitotic stress and multinucleation. Overall design: We used RNA-seq of IMR90 cells with inducible expression of oncogenic RasV12 that were synchronised in mitosis, to characterise the nature of mitotic defects that lead to multinucleation of oncogene-induced senescent cells",GSM1816174: DD3_ERRAS_uninduced; Homo sapiens; RNA-Seq,NextSeq 500,cell line;;IMR90|source_name;;Fibroblasts,GEO Accession;;GSM1816174,GSM1816174,DD3_ERRAS_uninduced,Proliferating,Proliferating,,,HRASG12V,no,Fibroblast,Lung,no,Proliferating,no hTERT/immortal/SV40/telomerase mention in GEO sample or series record
SRR2095299,SRP060598,Mitotic stress is an integral part of the oncogene-induced senescence program that promotes multinucleation and cell cycle arrest,paired,NextSeq 500,Homo sapiens,SRP060598,Mitotic stress is an integral part of the oncogene-induced senescence program that promotes multinucleation and cell cycle arrest,paired,NextSeq 500,Homo sapiens,IMR90,IMR-90,SRP060598,Mitotic stress is an integral part of the oncogene-induced senescence program that promotes multinucleation and cell cycle arrest,"Oncogene-induced senescence (OIS) is a tumor suppression mechanism that blocks cell proliferation in response to oncogenic signalling. OIS is frequently accompanied by multinucleation; however, the origin of this is unknown. Here we show that multinucleate OIS cells originated mostly from failed mitosis. Prior to senescence, mutant RasV12 activation in primary human fibroblasts compromised mitosis, associated with abnormal expression of mitotic genes that enter M-phase.  Simultaneously, RasV12 activation enhanced survival of damaged mitoses, culminating in extended mitotic arrest and aberrant exit from mitosis via mitotic slippage. ERK-dependent transcriptional up-regulation of Mcl1 was responsible for enhanced slippage of cells with mitotic defects and subsequent cell survival. Importantly, mitotic slippage and oncogene signalling synergistically induced senescence and key senescence regulators p21 and p16. We propose that activated Ras induces transcriptional changes that predispose cells undergoing OIS to mitotic stress and multinucleation. Overall design: We used RNA-seq of IMR90 cells with inducible expression of oncogenic RasV12 that were synchronised in mitosis, to characterise the nature of mitotic defects that lead to multinucleation of oncogene-induced senescent cells",GSM1816175: DD4_ERRAS_4days-induced; Homo sapiens; RNA-Seq,NextSeq 500,cell line;;IMR90|source_name;;Fibroblasts,GEO Accession;;GSM1816175,GSM1816175,DD4_ERRAS_4days-induced,CS,Oncogene-induced CS,Tamoxifen,4 days,HRASG12V,no,Fibroblast,Lung,no,Oncogene-induced CS,no hTERT/immortal/SV40/telomerase mention in GEO sample or series record
SRR2095300,SRP060598,Mitotic stress is an integral part of the oncogene-induced senescence program that promotes multinucleation and cell cycle arrest,paired,NextSeq 500,Homo sapiens,SRP060598,Mitotic stress is an integral part of the oncogene-induced senescence program that promotes multinucleation and cell cycle arrest,paired,NextSeq 500,Homo sapiens,IMR90,IMR-90,SRP060598,Mitotic stress is an integral part of the oncogene-induced senescence program that promotes multinucleation and cell cycle arrest,"Oncogene-induced senescence (OIS) is a tumor suppression mechanism that blocks cell proliferation in response to oncogenic signalling. OIS is frequently accompanied by multinucleation; however, the origin of this is unknown. Here we show that multinucleate OIS cells originated mostly from failed mitosis. Prior to senescence, mutant RasV12 activation in primary human fibroblasts compromised mitosis, associated with abnormal expression of mitotic genes that enter M-phase.  Simultaneously, RasV12 activation enhanced survival of damaged mitoses, culminating in extended mitotic arrest and aberrant exit from mitosis via mitotic slippage. ERK-dependent transcriptional up-regulation of Mcl1 was responsible for enhanced slippage of cells with mitotic defects and subsequent cell survival. Importantly, mitotic slippage and oncogene signalling synergistically induced senescence and key senescence regulators p21 and p16. We propose that activated Ras induces transcriptional changes that predispose cells undergoing OIS to mitotic stress and multinucleation. Overall design: We used RNA-seq of IMR90 cells with inducible expression of oncogenic RasV12 that were synchronised in mitosis, to characterise the nature of mitotic defects that lead to multinucleation of oncogene-induced senescent cells",GSM1816176: DD5_ERRAS_4days-induced; Homo sapiens; RNA-Seq,NextSeq 500,cell line;;IMR90|source_name;;Fibroblasts,GEO Accession;;GSM1816176,GSM1816176,DD5_ERRAS_4days-induced,CS,Oncogene-induced CS,Tamoxifen,4 days,HRASG12V,no,Fibroblast,Lung,no,Oncogene-induced CS,no hTERT/immortal/SV40/telomerase mention in GEO sample or series record
SRR2095301,SRP060598,Mitotic stress is an integral part of the oncogene-induced senescence program that promotes multinucleation and cell cycle arrest,paired,NextSeq 500,Homo sapiens,SRP060598,Mitotic stress is an integral part of the oncogene-induced senescence program that promotes multinucleation and cell cycle arrest,paired,NextSeq 500,Homo sapiens,IMR90,IMR-90,SRP060598,Mitotic stress is an integral part of the oncogene-induced senescence program that promotes multinucleation and cell cycle arrest,"Oncogene-induced senescence (OIS) is a tumor suppression mechanism that blocks cell proliferation in response to oncogenic signalling. OIS is frequently accompanied by multinucleation; however, the origin of this is unknown. Here we show that multinucleate OIS cells originated mostly from failed mitosis. Prior to senescence, mutant RasV12 activation in primary human fibroblasts compromised mitosis, associated with abnormal expression of mitotic genes that enter M-phase.  Simultaneously, RasV12 activation enhanced survival of damaged mitoses, culminating in extended mitotic arrest and aberrant exit from mitosis via mitotic slippage. ERK-dependent transcriptional up-regulation of Mcl1 was responsible for enhanced slippage of cells with mitotic defects and subsequent cell survival. Importantly, mitotic slippage and oncogene signalling synergistically induced senescence and key senescence regulators p21 and p16. We propose that activated Ras induces transcriptional changes that predispose cells undergoing OIS to mitotic stress and multinucleation. Overall design: We used RNA-seq of IMR90 cells with inducible expression of oncogenic RasV12 that were synchronised in mitosis, to characterise the nature of mitotic defects that lead to multinucleation of oncogene-induced senescent cells",GSM1816177: DD6_ERRAS_4days-induced; Homo sapiens; RNA-Seq,NextSeq 500,cell line;;IMR90|source_name;;Fibroblasts,GEO Accession;;GSM1816177,GSM1816177,DD6_ERRAS_4days-induced,CS,Oncogene-induced CS,Tamoxifen,4 days,HRASG12V,no,Fibroblast,Lung,no,Oncogene-induced CS,no hTERT/immortal/SV40/telomerase mention in GEO sample or series record
SRR4241042,SRP089801,Expression level comparison under dividing and quiescent states in human primary fibroblasts,single,Illumina HiSeq 2500,Homo sapiens,SRP089801,Expression level comparison under dividing and quiescent states in human primary fibroblasts,single,Illumina HiSeq 2500,Homo sapiens,HCA2-hTERT,Primary,SRP089801,Expression level comparison under dividing and quiescent states in human primary fibroblasts,"To identify genes with different expression levels in dividing and quiescent cells, mRNA-sequencing was done in both conditions for human primary fibroblasts (HCA2-hTert). Overall design: mRNA profiles of dividing and quiescent cells were generated by deep sequencing, in triplicate, using Illumina highseq 2500.",GSM2309729: WT_Qui_1; Homo sapiens; RNA-Seq,Illumina HiSeq 2500,cell type;;HCA2-hTert|source_name;;Human primary fibroblasts|tissue;;primary fibroblasts,GEO Accession;;GSM2309729,GSM2309729,WT_Qui_1,CQ,Contact_inhibited CQ,,8 days,,yes,Fibroblast,Skin,no,CQ,Sample_characteristics: 'cell type: HCA2-hTert'
SRR4241043,SRP089801,Expression level comparison under dividing and quiescent states in human primary fibroblasts,single,Illumina HiSeq 2500,Homo sapiens,SRP089801,Expression level comparison under dividing and quiescent states in human primary fibroblasts,single,Illumina HiSeq 2500,Homo sapiens,HCA2-hTERT,Primary,SRP089801,Expression level comparison under dividing and quiescent states in human primary fibroblasts,"To identify genes with different expression levels in dividing and quiescent cells, mRNA-sequencing was done in both conditions for human primary fibroblasts (HCA2-hTert). Overall design: mRNA profiles of dividing and quiescent cells were generated by deep sequencing, in triplicate, using Illumina highseq 2500.",GSM2309730: WT_Qui_2; Homo sapiens; RNA-Seq,Illumina HiSeq 2500,cell type;;HCA2-hTert|source_name;;Human primary fibroblasts|tissue;;primary fibroblasts,GEO Accession;;GSM2309730,GSM2309730,WT_Qui_2,CQ,Contact_inhibited CQ,,8 days,,yes,Fibroblast,Skin,no,CQ,Sample_characteristics: 'cell type: HCA2-hTert'
SRR4241044,SRP089801,Expression level comparison under dividing and quiescent states in human primary fibroblasts,single,Illumina HiSeq 2500,Homo sapiens,SRP089801,Expression level comparison under dividing and quiescent states in human primary fibroblasts,single,Illumina HiSeq 2500,Homo sapiens,HCA2-hTERT,Primary,SRP089801,Expression level comparison under dividing and quiescent states in human primary fibroblasts,"To identify genes with different expression levels in dividing and quiescent cells, mRNA-sequencing was done in both conditions for human primary fibroblasts (HCA2-hTert). Overall design: mRNA profiles of dividing and quiescent cells were generated by deep sequencing, in triplicate, using Illumina highseq 2500.",GSM2309731: WT_Qui_3; Homo sapiens; RNA-Seq,Illumina HiSeq 2500,cell type;;HCA2-hTert|source_name;;Human primary fibroblasts|tissue;;primary fibroblasts,GEO Accession;;GSM2309731,GSM2309731,WT_Qui_3,CQ,Contact_inhibited CQ,,8 days,,yes,Fibroblast,Skin,no,CQ,Sample_characteristics: 'cell type: HCA2-hTert'
SRR4241039,SRP089801,Expression level comparison under dividing and quiescent states in human primary fibroblasts,single,Illumina HiSeq 2500,Homo sapiens,SRP089801,Expression level comparison under dividing and quiescent states in human primary fibroblasts,single,Illumina HiSeq 2500,Homo sapiens,HCA2-hTERT,Primary,SRP089801,Expression level comparison under dividing and quiescent states in human primary fibroblasts,"To identify genes with different expression levels in dividing and quiescent cells, mRNA-sequencing was done in both conditions for human primary fibroblasts (HCA2-hTert). Overall design: mRNA profiles of dividing and quiescent cells were generated by deep sequencing, in triplicate, using Illumina highseq 2500.",GSM2309726: WT_Div_1; Homo sapiens; RNA-Seq,Illumina HiSeq 2500,cell type;;HCA2-hTert|source_name;;Human primary fibroblasts|tissue;;primary fibroblasts,GEO Accession;;GSM2309726,GSM2309726,WT_Div_1,Proliferating,Proliferating,,,,yes,Fibroblast,Skin,no,Proliferating,Sample_characteristics: 'cell type: HCA2-hTert'
SRR4241040,SRP089801,Expression level comparison under dividing and quiescent states in human primary fibroblasts,single,Illumina HiSeq 2500,Homo sapiens,SRP089801,Expression level comparison under dividing and quiescent states in human primary fibroblasts,single,Illumina HiSeq 2500,Homo sapiens,HCA2-hTERT,Primary,SRP089801,Expression level comparison under dividing and quiescent states in human primary fibroblasts,"To identify genes with different expression levels in dividing and quiescent cells, mRNA-sequencing was done in both conditions for human primary fibroblasts (HCA2-hTert). Overall design: mRNA profiles of dividing and quiescent cells were generated by deep sequencing, in triplicate, using Illumina highseq 2500.",GSM2309727: WT_Div_2; Homo sapiens; RNA-Seq,Illumina HiSeq 2500,cell type;;HCA2-hTert|source_name;;Human primary fibroblasts|tissue;;primary fibroblasts,GEO Accession;;GSM2309727,GSM2309727,WT_Div_2,Proliferating,Proliferating,,,,yes,Fibroblast,Skin,no,Proliferating,Sample_characteristics: 'cell type: HCA2-hTert'
SRR4241041,SRP089801,Expression level comparison under dividing and quiescent states in human primary fibroblasts,single,Illumina HiSeq 2500,Homo sapiens,SRP089801,Expression level comparison under dividing and quiescent states in human primary fibroblasts,single,Illumina HiSeq 2500,Homo sapiens,HCA2-hTERT,Primary,SRP089801,Expression level comparison under dividing and quiescent states in human primary fibroblasts,"To identify genes with different expression levels in dividing and quiescent cells, mRNA-sequencing was done in both conditions for human primary fibroblasts (HCA2-hTert). Overall design: mRNA profiles of dividing and quiescent cells were generated by deep sequencing, in triplicate, using Illumina highseq 2500.",GSM2309728: WT_Div_3; Homo sapiens; RNA-Seq,Illumina HiSeq 2500,cell type;;HCA2-hTert|source_name;;Human primary fibroblasts|tissue;;primary fibroblasts,GEO Accession;;GSM2309728,GSM2309728,WT_Div_3,Proliferating,Proliferating,,,,yes,Fibroblast,Skin,no,Proliferating,Sample_characteristics: 'cell type: HCA2-hTert'
SRR1197244,SRP040243,Histone H3.3 and its proteolytically processed form drive a cellular senescence program,single,Illumina HiSeq 2500,Homo sapiens,SRP040243,Histone H3.3 and its proteolytically processed form drive a cellular senescence program,single,Illumina HiSeq 2500,Homo sapiens,IMR90,IMR-90,SRP040243,Histone H3.3 and its proteolytically processed form drive a cellular senescence program,"In this study, we have uncovered novel proteolytic processing of the histone H3 tail in senescence models in primary fibroblasts and melanocytes. Cleavage of H3 tail occurs at two distinct residues and is mediated by Cathepsin L. We show that variant H3.3 is preferentially cleaved, and that cleaved histones are associated with chromatin and incorporated into nucleosomes.  We also found that the histone chaperone ASF1a is required for chromatin incorporation of the cleaved histone species. Further, we show that overexpression of cleaved H3.3 induces a senescence program in fibroblasts in the absensence of oncogenic signaling. Overall design: For the RNA-seq studies, growing IMR90 fibroblasts were compared to cells induced to senesce via oncogene activation or cleaved H3.3 overexpression. Growing controls consist of IMR90 cells infected with empty retroviral construct pBabe and grown under normal conditions for 13 days prior to RNA isolation. For oncogene-induced senescence samples, IMR90s carrying a tamoxifen-inducible H-RasV12 retroviral construct were induced to senesce by addition of 10nM tamoxifen to the media for 8 days. Finally, IMR90s were infected with a retroviral construct expressing the cleaved form of H3.3 with a C-terminal Flag tag. RNA samples form this group were isolated at days 3 (early) and 13 (late) post-infection. In all cases, total RNA samples were isolated using RNeasy kit (Qiagen) and prepared at the Icahn School of Medicine at Mount Sinai Genomics Core Facility for poly A library construction and sequencing on IlluminaHiSeq 2500.",GSM1348980: Growing; Homo sapiens; RNA-Seq,Illumina HiSeq 2500,cell line;;IMR90|passage;;16|source_name;;Primary fibroblast|tissue;;Lung,GEO Accession;;GSM1348980,GSM1348980,Growing,Proliferating,Proliferating,,,,no,Fibroblast,Lung,no,Proliferating,no hTERT/immortal/SV40/telomerase mention in GEO sample or series record
SRR1197245,SRP040243,Histone H3.3 and its proteolytically processed form drive a cellular senescence program,single,Illumina HiSeq 2500,Homo sapiens,SRP040243,Histone H3.3 and its proteolytically processed form drive a cellular senescence program,single,Illumina HiSeq 2500,Homo sapiens,IMR90,IMR-90,SRP040243,Histone H3.3 and its proteolytically processed form drive a cellular senescence program,"In this study, we have uncovered novel proteolytic processing of the histone H3 tail in senescence models in primary fibroblasts and melanocytes. Cleavage of H3 tail occurs at two distinct residues and is mediated by Cathepsin L. We show that variant H3.3 is preferentially cleaved, and that cleaved histones are associated with chromatin and incorporated into nucleosomes.  We also found that the histone chaperone ASF1a is required for chromatin incorporation of the cleaved histone species. Further, we show that overexpression of cleaved H3.3 induces a senescence program in fibroblasts in the absensence of oncogenic signaling. Overall design: For the RNA-seq studies, growing IMR90 fibroblasts were compared to cells induced to senesce via oncogene activation or cleaved H3.3 overexpression. Growing controls consist of IMR90 cells infected with empty retroviral construct pBabe and grown under normal conditions for 13 days prior to RNA isolation. For oncogene-induced senescence samples, IMR90s carrying a tamoxifen-inducible H-RasV12 retroviral construct were induced to senesce by addition of 10nM tamoxifen to the media for 8 days. Finally, IMR90s were infected with a retroviral construct expressing the cleaved form of H3.3 with a C-terminal Flag tag. RNA samples form this group were isolated at days 3 (early) and 13 (late) post-infection. In all cases, total RNA samples were isolated using RNeasy kit (Qiagen) and prepared at the Icahn School of Medicine at Mount Sinai Genomics Core Facility for poly A library construction and sequencing on IlluminaHiSeq 2500.",GSM1348981: Oncogene-induced senescence; Homo sapiens; RNA-Seq,Illumina HiSeq 2500,cell line;;IMR90|passage;;16|source_name;;Primary fibroblast|tissue;;Lung,GEO Accession;;GSM1348981,GSM1348981,Oncogene-induced senescence,CS,Oncogene-induced CS,100 nM 4-hydroxytamoxifen,,HRASG12V,no,Fibroblast,Lung,no,Oncogene-induced CS,no hTERT/immortal/SV40/telomerase mention in GEO sample or series record
SRR2932856,SRP065206,BRD4 connects enhancer remodeling to senescence immune surveillance (RNA-seq),paired,Illumina HiSeq 2500,Homo sapiens,SRP065206,BRD4 connects enhancer remodeling to senescence immune surveillance (RNA-seq),paired,Illumina HiSeq 2500,Homo sapiens,IMR90,IMR-90,SRP065206,BRD4 connects enhancer remodeling to senescence immune surveillance (RNA-seq),"Cellular senescence is a homeostatic program associated with tumor suppression, wound healing, and certain age related pathologies. Senescent cells display a repressive chromatin configuration thought to stably silence proliferation-promoting genes, while at the same time activate an unusual form of immune surveillance involving a secretory program referred to as the senescence-associated secretory phenotype (SASP). Here we demonstrate that senescence also involves a global remodeling of the enhancer landscape with recruitment of the chromatin reader BRD4 to newly activated super-enhancers adjacent to key SASP genes. Transcriptional profiling and functional studies indicate that BRD4 is required for the SASP and downstream paracrine signaling. Consequently, BRD4 inhibition disrupts immune cell-mediated targeting and elimination of premalignant senescent cells in vitro and in vivo. Our results identify a critical role for BRD4-bound super-enhancers in senescence immune surveillance and in the proper execution of a tumor-suppressive program. Overall design: Analysis of RNA isolated from human fibroblasts (IMR90) in proliferating, quiescent or senescent (HrasV12) conditions upon knockdown of Brd4, p65, p53, p53/RB, p16/21 or Vehicle and JQ1 treatment",GSM1917083: Proliferating IMR90 shRen_1; Homo sapiens; RNA-Seq,Illumina HiSeq 2500,cell condition;;proliferating|cell line;;IMR90|cell type;;fetal lung fibroblasts|source_name;;IMR90 human fibrobasts|treatment;;no treatment|viral transduction;;cotransduced with pWZL-Hygro and shRen,GEO Accession;;GSM1917083,GSM1917083,Proliferating IMR90 shRen_1,Proliferating,Proliferating,,,control shRNA,no,Fibroblast,Lung,no,Proliferating,no hTERT/immortal/SV40/telomerase mention in GEO sample or series record
SRR2932857,SRP065206,BRD4 connects enhancer remodeling to senescence immune surveillance (RNA-seq),paired,Illumina HiSeq 2500,Homo sapiens,SRP065206,BRD4 connects enhancer remodeling to senescence immune surveillance (RNA-seq),paired,Illumina HiSeq 2500,Homo sapiens,IMR90,IMR-90,SRP065206,BRD4 connects enhancer remodeling to senescence immune surveillance (RNA-seq),"Cellular senescence is a homeostatic program associated with tumor suppression, wound healing, and certain age related pathologies. Senescent cells display a repressive chromatin configuration thought to stably silence proliferation-promoting genes, while at the same time activate an unusual form of immune surveillance involving a secretory program referred to as the senescence-associated secretory phenotype (SASP). Here we demonstrate that senescence also involves a global remodeling of the enhancer landscape with recruitment of the chromatin reader BRD4 to newly activated super-enhancers adjacent to key SASP genes. Transcriptional profiling and functional studies indicate that BRD4 is required for the SASP and downstream paracrine signaling. Consequently, BRD4 inhibition disrupts immune cell-mediated targeting and elimination of premalignant senescent cells in vitro and in vivo. Our results identify a critical role for BRD4-bound super-enhancers in senescence immune surveillance and in the proper execution of a tumor-suppressive program. Overall design: Analysis of RNA isolated from human fibroblasts (IMR90) in proliferating, quiescent or senescent (HrasV12) conditions upon knockdown of Brd4, p65, p53, p53/RB, p16/21 or Vehicle and JQ1 treatment",GSM1917084: Proliferating IMR90 shRen_2; Homo sapiens; RNA-Seq,Illumina HiSeq 2500,cell condition;;proliferating|cell line;;IMR90|cell type;;fetal lung fibroblasts|source_name;;IMR90 human fibrobasts|treatment;;no treatment|viral transduction;;cotransduced with pWZL-Hygro and shRen,GEO Accession;;GSM1917084,GSM1917084,Proliferating IMR90 shRen_2,Proliferating,Proliferating,,,control shRNA,no,Fibroblast,Lung,no,Proliferating,no hTERT/immortal/SV40/telomerase mention in GEO sample or series record
SRR2932858,SRP065206,BRD4 connects enhancer remodeling to senescence immune surveillance (RNA-seq),paired,Illumina HiSeq 2500,Homo sapiens,SRP065206,BRD4 connects enhancer remodeling to senescence immune surveillance (RNA-seq),paired,Illumina HiSeq 2500,Homo sapiens,IMR90,IMR-90,SRP065206,BRD4 connects enhancer remodeling to senescence immune surveillance (RNA-seq),"Cellular senescence is a homeostatic program associated with tumor suppression, wound healing, and certain age related pathologies. Senescent cells display a repressive chromatin configuration thought to stably silence proliferation-promoting genes, while at the same time activate an unusual form of immune surveillance involving a secretory program referred to as the senescence-associated secretory phenotype (SASP). Here we demonstrate that senescence also involves a global remodeling of the enhancer landscape with recruitment of the chromatin reader BRD4 to newly activated super-enhancers adjacent to key SASP genes. Transcriptional profiling and functional studies indicate that BRD4 is required for the SASP and downstream paracrine signaling. Consequently, BRD4 inhibition disrupts immune cell-mediated targeting and elimination of premalignant senescent cells in vitro and in vivo. Our results identify a critical role for BRD4-bound super-enhancers in senescence immune surveillance and in the proper execution of a tumor-suppressive program. Overall design: Analysis of RNA isolated from human fibroblasts (IMR90) in proliferating, quiescent or senescent (HrasV12) conditions upon knockdown of Brd4, p65, p53, p53/RB, p16/21 or Vehicle and JQ1 treatment",GSM1917085: Proliferating IMR90 shRen_3; Homo sapiens; RNA-Seq,Illumina HiSeq 2500,cell condition;;proliferating|cell line;;IMR90|cell type;;fetal lung fibroblasts|source_name;;IMR90 human fibrobasts|treatment;;no treatment|viral transduction;;cotransduced with pWZL-Hygro and shRen,GEO Accession;;GSM1917085,GSM1917085,Proliferating IMR90 shRen_3,Proliferating,Proliferating,,,control shRNA,no,Fibroblast,Lung,no,Proliferating,no hTERT/immortal/SV40/telomerase mention in GEO sample or series record
SRR2932859,SRP065206,BRD4 connects enhancer remodeling to senescence immune surveillance (RNA-seq),paired,Illumina HiSeq 2500,Homo sapiens,SRP065206,BRD4 connects enhancer remodeling to senescence immune surveillance (RNA-seq),paired,Illumina HiSeq 2500,Homo sapiens,IMR90,IMR-90,SRP065206,BRD4 connects enhancer remodeling to senescence immune surveillance (RNA-seq),"Cellular senescence is a homeostatic program associated with tumor suppression, wound healing, and certain age related pathologies. Senescent cells display a repressive chromatin configuration thought to stably silence proliferation-promoting genes, while at the same time activate an unusual form of immune surveillance involving a secretory program referred to as the senescence-associated secretory phenotype (SASP). Here we demonstrate that senescence also involves a global remodeling of the enhancer landscape with recruitment of the chromatin reader BRD4 to newly activated super-enhancers adjacent to key SASP genes. Transcriptional profiling and functional studies indicate that BRD4 is required for the SASP and downstream paracrine signaling. Consequently, BRD4 inhibition disrupts immune cell-mediated targeting and elimination of premalignant senescent cells in vitro and in vivo. Our results identify a critical role for BRD4-bound super-enhancers in senescence immune surveillance and in the proper execution of a tumor-suppressive program. Overall design: Analysis of RNA isolated from human fibroblasts (IMR90) in proliferating, quiescent or senescent (HrasV12) conditions upon knockdown of Brd4, p65, p53, p53/RB, p16/21 or Vehicle and JQ1 treatment",GSM1917086: Quiescent IMR90 shRen_1; Homo sapiens; RNA-Seq,Illumina HiSeq 2500,cell condition;;quiescent|cell line;;IMR90|cell type;;fetal lung fibroblasts|source_name;;IMR90 human fibrobasts|treatment;;no treatment|viral transduction;;cotransduced with pWZL-Hygro and shRen,GEO Accession;;GSM1917086,GSM1917086,Quiescent IMR90 shRen_1,CQ,Serum_starved CQ,serum-starved;0.1 % FBS,4 days,control shRNA,no,Fibroblast,Lung,no,CQ,no hTERT/immortal/SV40/telomerase mention in GEO sample or series record
SRR2932860,SRP065206,BRD4 connects enhancer remodeling to senescence immune surveillance (RNA-seq),paired,Illumina HiSeq 2500,Homo sapiens,SRP065206,BRD4 connects enhancer remodeling to senescence immune surveillance (RNA-seq),paired,Illumina HiSeq 2500,Homo sapiens,IMR90,IMR-90,SRP065206,BRD4 connects enhancer remodeling to senescence immune surveillance (RNA-seq),"Cellular senescence is a homeostatic program associated with tumor suppression, wound healing, and certain age related pathologies. Senescent cells display a repressive chromatin configuration thought to stably silence proliferation-promoting genes, while at the same time activate an unusual form of immune surveillance involving a secretory program referred to as the senescence-associated secretory phenotype (SASP). Here we demonstrate that senescence also involves a global remodeling of the enhancer landscape with recruitment of the chromatin reader BRD4 to newly activated super-enhancers adjacent to key SASP genes. Transcriptional profiling and functional studies indicate that BRD4 is required for the SASP and downstream paracrine signaling. Consequently, BRD4 inhibition disrupts immune cell-mediated targeting and elimination of premalignant senescent cells in vitro and in vivo. Our results identify a critical role for BRD4-bound super-enhancers in senescence immune surveillance and in the proper execution of a tumor-suppressive program. Overall design: Analysis of RNA isolated from human fibroblasts (IMR90) in proliferating, quiescent or senescent (HrasV12) conditions upon knockdown of Brd4, p65, p53, p53/RB, p16/21 or Vehicle and JQ1 treatment",GSM1917087: Quiescent IMR90 shRen_2; Homo sapiens; RNA-Seq,Illumina HiSeq 2500,cell condition;;quiescent|cell line;;IMR90|cell type;;fetal lung fibroblasts|source_name;;IMR90 human fibrobasts|treatment;;no treatment|viral transduction;;cotransduced with pWZL-Hygro and shRen,GEO Accession;;GSM1917087,GSM1917087,Quiescent IMR90 shRen_2,CQ,Serum_starved CQ,serum-starved;0.1 % FBS,4 days,control shRNA,no,Fibroblast,Lung,no,CQ,no hTERT/immortal/SV40/telomerase mention in GEO sample or series record
SRR2932861,SRP065206,BRD4 connects enhancer remodeling to senescence immune surveillance (RNA-seq),paired,Illumina HiSeq 2500,Homo sapiens,SRP065206,BRD4 connects enhancer remodeling to senescence immune surveillance (RNA-seq),paired,Illumina HiSeq 2500,Homo sapiens,IMR90,IMR-90,SRP065206,BRD4 connects enhancer remodeling to senescence immune surveillance (RNA-seq),"Cellular senescence is a homeostatic program associated with tumor suppression, wound healing, and certain age related pathologies. Senescent cells display a repressive chromatin configuration thought to stably silence proliferation-promoting genes, while at the same time activate an unusual form of immune surveillance involving a secretory program referred to as the senescence-associated secretory phenotype (SASP). Here we demonstrate that senescence also involves a global remodeling of the enhancer landscape with recruitment of the chromatin reader BRD4 to newly activated super-enhancers adjacent to key SASP genes. Transcriptional profiling and functional studies indicate that BRD4 is required for the SASP and downstream paracrine signaling. Consequently, BRD4 inhibition disrupts immune cell-mediated targeting and elimination of premalignant senescent cells in vitro and in vivo. Our results identify a critical role for BRD4-bound super-enhancers in senescence immune surveillance and in the proper execution of a tumor-suppressive program. Overall design: Analysis of RNA isolated from human fibroblasts (IMR90) in proliferating, quiescent or senescent (HrasV12) conditions upon knockdown of Brd4, p65, p53, p53/RB, p16/21 or Vehicle and JQ1 treatment",GSM1917088: Quiescent IMR90 shRen_3; Homo sapiens; RNA-Seq,Illumina HiSeq 2500,cell condition;;quiescent|cell line;;IMR90|cell type;;fetal lung fibroblasts|source_name;;IMR90 human fibrobasts|treatment;;no treatment|viral transduction;;cotransduced with pWZL-Hygro and shRen,GEO Accession;;GSM1917088,GSM1917088,Quiescent IMR90 shRen_3,CQ,Serum_starved CQ,serum-starved;0.1 % FBS,4 days,control shRNA,no,Fibroblast,Lung,no,CQ,no hTERT/immortal/SV40/telomerase mention in GEO sample or series record
SRR2932862,SRP065206,BRD4 connects enhancer remodeling to senescence immune surveillance (RNA-seq),paired,Illumina HiSeq 2500,Homo sapiens,SRP065206,BRD4 connects enhancer remodeling to senescence immune surveillance (RNA-seq),paired,Illumina HiSeq 2500,Homo sapiens,IMR90,IMR-90,SRP065206,BRD4 connects enhancer remodeling to senescence immune surveillance (RNA-seq),"Cellular senescence is a homeostatic program associated with tumor suppression, wound healing, and certain age related pathologies. Senescent cells display a repressive chromatin configuration thought to stably silence proliferation-promoting genes, while at the same time activate an unusual form of immune surveillance involving a secretory program referred to as the senescence-associated secretory phenotype (SASP). Here we demonstrate that senescence also involves a global remodeling of the enhancer landscape with recruitment of the chromatin reader BRD4 to newly activated super-enhancers adjacent to key SASP genes. Transcriptional profiling and functional studies indicate that BRD4 is required for the SASP and downstream paracrine signaling. Consequently, BRD4 inhibition disrupts immune cell-mediated targeting and elimination of premalignant senescent cells in vitro and in vivo. Our results identify a critical role for BRD4-bound super-enhancers in senescence immune surveillance and in the proper execution of a tumor-suppressive program. Overall design: Analysis of RNA isolated from human fibroblasts (IMR90) in proliferating, quiescent or senescent (HrasV12) conditions upon knockdown of Brd4, p65, p53, p53/RB, p16/21 or Vehicle and JQ1 treatment",GSM1917089: Senescent IMR90 shRen_1; Homo sapiens; RNA-Seq,Illumina HiSeq 2500,cell condition;;senescent|cell line;;IMR90|cell type;;fetal lung fibroblasts|source_name;;IMR90 human fibrobasts|treatment;;no treatment|viral transduction;;cotransduced with pWZL HRASV12 and shRen,GEO Accession;;GSM1917089,GSM1917089,Senescent IMR90 shRen_1,CS,Oncogene-induced CS,,12 days,HRASG12V + shRen,no,Fibroblast,Lung,no,Oncogene-induced CS,no hTERT/immortal/SV40/telomerase mention in GEO sample or series record
SRR2932863,SRP065206,BRD4 connects enhancer remodeling to senescence immune surveillance (RNA-seq),paired,Illumina HiSeq 2500,Homo sapiens,SRP065206,BRD4 connects enhancer remodeling to senescence immune surveillance (RNA-seq),paired,Illumina HiSeq 2500,Homo sapiens,IMR90,IMR-90,SRP065206,BRD4 connects enhancer remodeling to senescence immune surveillance (RNA-seq),"Cellular senescence is a homeostatic program associated with tumor suppression, wound healing, and certain age related pathologies. Senescent cells display a repressive chromatin configuration thought to stably silence proliferation-promoting genes, while at the same time activate an unusual form of immune surveillance involving a secretory program referred to as the senescence-associated secretory phenotype (SASP). Here we demonstrate that senescence also involves a global remodeling of the enhancer landscape with recruitment of the chromatin reader BRD4 to newly activated super-enhancers adjacent to key SASP genes. Transcriptional profiling and functional studies indicate that BRD4 is required for the SASP and downstream paracrine signaling. Consequently, BRD4 inhibition disrupts immune cell-mediated targeting and elimination of premalignant senescent cells in vitro and in vivo. Our results identify a critical role for BRD4-bound super-enhancers in senescence immune surveillance and in the proper execution of a tumor-suppressive program. Overall design: Analysis of RNA isolated from human fibroblasts (IMR90) in proliferating, quiescent or senescent (HrasV12) conditions upon knockdown of Brd4, p65, p53, p53/RB, p16/21 or Vehicle and JQ1 treatment",GSM1917090: Senescent IMR90 shRen_2; Homo sapiens; RNA-Seq,Illumina HiSeq 2500,cell condition;;senescent|cell line;;IMR90|cell type;;fetal lung fibroblasts|source_name;;IMR90 human fibrobasts|treatment;;no treatment|viral transduction;;cotransduced with pWZL HRASV12 and shRen,GEO Accession;;GSM1917090,GSM1917090,Senescent IMR90 shRen_2,CS,Oncogene-induced CS,,12 days,HRASG12V + shRen,no,Fibroblast,Lung,no,Oncogene-induced CS,no hTERT/immortal/SV40/telomerase mention in GEO sample or series record
SRR2932864,SRP065206,BRD4 connects enhancer remodeling to senescence immune surveillance (RNA-seq),paired,Illumina HiSeq 2500,Homo sapiens,SRP065206,BRD4 connects enhancer remodeling to senescence immune surveillance (RNA-seq),paired,Illumina HiSeq 2500,Homo sapiens,IMR90,IMR-90,SRP065206,BRD4 connects enhancer remodeling to senescence immune surveillance (RNA-seq),"Cellular senescence is a homeostatic program associated with tumor suppression, wound healing, and certain age related pathologies. Senescent cells display a repressive chromatin configuration thought to stably silence proliferation-promoting genes, while at the same time activate an unusual form of immune surveillance involving a secretory program referred to as the senescence-associated secretory phenotype (SASP). Here we demonstrate that senescence also involves a global remodeling of the enhancer landscape with recruitment of the chromatin reader BRD4 to newly activated super-enhancers adjacent to key SASP genes. Transcriptional profiling and functional studies indicate that BRD4 is required for the SASP and downstream paracrine signaling. Consequently, BRD4 inhibition disrupts immune cell-mediated targeting and elimination of premalignant senescent cells in vitro and in vivo. Our results identify a critical role for BRD4-bound super-enhancers in senescence immune surveillance and in the proper execution of a tumor-suppressive program. Overall design: Analysis of RNA isolated from human fibroblasts (IMR90) in proliferating, quiescent or senescent (HrasV12) conditions upon knockdown of Brd4, p65, p53, p53/RB, p16/21 or Vehicle and JQ1 treatment",GSM1917091: Senescent IMR90 shRen_3; Homo sapiens; RNA-Seq,Illumina HiSeq 2500,cell condition;;senescent|cell line;;IMR90|cell type;;fetal lung fibroblasts|source_name;;IMR90 human fibrobasts|treatment;;no treatment|viral transduction;;cotransduced with pWZL HRASV12 and shRen,GEO Accession;;GSM1917091,GSM1917091,Senescent IMR90 shRen_3,CS,Oncogene-induced CS,,12 days,HRASG12V + shRen,no,Fibroblast,Lung,no,Oncogene-induced CS,no hTERT/immortal/SV40/telomerase mention in GEO sample or series record
SRR2932910,SRP065206,BRD4 connects enhancer remodeling to senescence immune surveillance (RNA-seq),paired,Illumina HiSeq 2500,Homo sapiens,SRP065206,BRD4 connects enhancer remodeling to senescence immune surveillance (RNA-seq),paired,Illumina HiSeq 2500,Homo sapiens,IMR90,IMR-90,SRP065206,BRD4 connects enhancer remodeling to senescence immune surveillance (RNA-seq),"Cellular senescence is a homeostatic program associated with tumor suppression, wound healing, and certain age related pathologies. Senescent cells display a repressive chromatin configuration thought to stably silence proliferation-promoting genes, while at the same time activate an unusual form of immune surveillance involving a secretory program referred to as the senescence-associated secretory phenotype (SASP). Here we demonstrate that senescence also involves a global remodeling of the enhancer landscape with recruitment of the chromatin reader BRD4 to newly activated super-enhancers adjacent to key SASP genes. Transcriptional profiling and functional studies indicate that BRD4 is required for the SASP and downstream paracrine signaling. Consequently, BRD4 inhibition disrupts immune cell-mediated targeting and elimination of premalignant senescent cells in vitro and in vivo. Our results identify a critical role for BRD4-bound super-enhancers in senescence immune surveillance and in the proper execution of a tumor-suppressive program. Overall design: Analysis of RNA isolated from human fibroblasts (IMR90) in proliferating, quiescent or senescent (HrasV12) conditions upon knockdown of Brd4, p65, p53, p53/RB, p16/21 or Vehicle and JQ1 treatment",GSM1917137: Proliferating IMR90 DMSO_1; Homo sapiens; RNA-Seq,Illumina HiSeq 2500,cell condition;;proliferating|cell line;;IMR90|cell type;;fetal lung fibroblasts|source_name;;IMR90 human fibrobasts|treatment;;DMSO 48h|viral transduction;;cotransduced with pWZL-Hygro and shRen,GEO Accession;;GSM1917137,GSM1917137,Proliferating IMR90 DMSO_1,Proliferating,Proliferating,DMSO,,DMSO,no,Fibroblast,Lung,no,Proliferating,no hTERT/immortal/SV40/telomerase mention in GEO sample or series record
SRR2932911,SRP065206,BRD4 connects enhancer remodeling to senescence immune surveillance (RNA-seq),paired,Illumina HiSeq 2500,Homo sapiens,SRP065206,BRD4 connects enhancer remodeling to senescence immune surveillance (RNA-seq),paired,Illumina HiSeq 2500,Homo sapiens,IMR90,IMR-90,SRP065206,BRD4 connects enhancer remodeling to senescence immune surveillance (RNA-seq),"Cellular senescence is a homeostatic program associated with tumor suppression, wound healing, and certain age related pathologies. Senescent cells display a repressive chromatin configuration thought to stably silence proliferation-promoting genes, while at the same time activate an unusual form of immune surveillance involving a secretory program referred to as the senescence-associated secretory phenotype (SASP). Here we demonstrate that senescence also involves a global remodeling of the enhancer landscape with recruitment of the chromatin reader BRD4 to newly activated super-enhancers adjacent to key SASP genes. Transcriptional profiling and functional studies indicate that BRD4 is required for the SASP and downstream paracrine signaling. Consequently, BRD4 inhibition disrupts immune cell-mediated targeting and elimination of premalignant senescent cells in vitro and in vivo. Our results identify a critical role for BRD4-bound super-enhancers in senescence immune surveillance and in the proper execution of a tumor-suppressive program. Overall design: Analysis of RNA isolated from human fibroblasts (IMR90) in proliferating, quiescent or senescent (HrasV12) conditions upon knockdown of Brd4, p65, p53, p53/RB, p16/21 or Vehicle and JQ1 treatment",GSM1917138: Proliferating IMR90 DMSO_2; Homo sapiens; RNA-Seq,Illumina HiSeq 2500,cell condition;;proliferating|cell line;;IMR90|cell type;;fetal lung fibroblasts|source_name;;IMR90 human fibrobasts|treatment;;DMSO 48h|viral transduction;;cotransduced with pWZL-Hygro and shRen,GEO Accession;;GSM1917138,GSM1917138,Proliferating IMR90 DMSO_2,Proliferating,Proliferating,DMSO,,DMSO,no,Fibroblast,Lung,no,Proliferating,no hTERT/immortal/SV40/telomerase mention in GEO sample or series record
SRR2932912,SRP065206,BRD4 connects enhancer remodeling to senescence immune surveillance (RNA-seq),paired,Illumina HiSeq 2500,Homo sapiens,SRP065206,BRD4 connects enhancer remodeling to senescence immune surveillance (RNA-seq),paired,Illumina HiSeq 2500,Homo sapiens,IMR90,IMR-90,SRP065206,BRD4 connects enhancer remodeling to senescence immune surveillance (RNA-seq),"Cellular senescence is a homeostatic program associated with tumor suppression, wound healing, and certain age related pathologies. Senescent cells display a repressive chromatin configuration thought to stably silence proliferation-promoting genes, while at the same time activate an unusual form of immune surveillance involving a secretory program referred to as the senescence-associated secretory phenotype (SASP). Here we demonstrate that senescence also involves a global remodeling of the enhancer landscape with recruitment of the chromatin reader BRD4 to newly activated super-enhancers adjacent to key SASP genes. Transcriptional profiling and functional studies indicate that BRD4 is required for the SASP and downstream paracrine signaling. Consequently, BRD4 inhibition disrupts immune cell-mediated targeting and elimination of premalignant senescent cells in vitro and in vivo. Our results identify a critical role for BRD4-bound super-enhancers in senescence immune surveillance and in the proper execution of a tumor-suppressive program. Overall design: Analysis of RNA isolated from human fibroblasts (IMR90) in proliferating, quiescent or senescent (HrasV12) conditions upon knockdown of Brd4, p65, p53, p53/RB, p16/21 or Vehicle and JQ1 treatment",GSM1917139: Proliferating IMR90 DMSO_3; Homo sapiens; RNA-Seq,Illumina HiSeq 2500,cell condition;;proliferating|cell line;;IMR90|cell type;;fetal lung fibroblasts|source_name;;IMR90 human fibrobasts|treatment;;DMSO 48h|viral transduction;;cotransduced with pWZL-Hygro and shRen,GEO Accession;;GSM1917139,GSM1917139,Proliferating IMR90 DMSO_3,Proliferating,Proliferating,DMSO,,DMSO,no,Fibroblast,Lung,no,Proliferating,no hTERT/immortal/SV40/telomerase mention in GEO sample or series record
SRR2932913,SRP065206,BRD4 connects enhancer remodeling to senescence immune surveillance (RNA-seq),paired,Illumina HiSeq 2500,Homo sapiens,SRP065206,BRD4 connects enhancer remodeling to senescence immune surveillance (RNA-seq),paired,Illumina HiSeq 2500,Homo sapiens,IMR90,IMR-90,SRP065206,BRD4 connects enhancer remodeling to senescence immune surveillance (RNA-seq),"Cellular senescence is a homeostatic program associated with tumor suppression, wound healing, and certain age related pathologies. Senescent cells display a repressive chromatin configuration thought to stably silence proliferation-promoting genes, while at the same time activate an unusual form of immune surveillance involving a secretory program referred to as the senescence-associated secretory phenotype (SASP). Here we demonstrate that senescence also involves a global remodeling of the enhancer landscape with recruitment of the chromatin reader BRD4 to newly activated super-enhancers adjacent to key SASP genes. Transcriptional profiling and functional studies indicate that BRD4 is required for the SASP and downstream paracrine signaling. Consequently, BRD4 inhibition disrupts immune cell-mediated targeting and elimination of premalignant senescent cells in vitro and in vivo. Our results identify a critical role for BRD4-bound super-enhancers in senescence immune surveillance and in the proper execution of a tumor-suppressive program. Overall design: Analysis of RNA isolated from human fibroblasts (IMR90) in proliferating, quiescent or senescent (HrasV12) conditions upon knockdown of Brd4, p65, p53, p53/RB, p16/21 or Vehicle and JQ1 treatment",GSM1917140: Quiescent IMR90 DMSO_1; Homo sapiens; RNA-Seq,Illumina HiSeq 2500,cell condition;;quiescent|cell line;;IMR90|cell type;;fetal lung fibroblasts|source_name;;IMR90 human fibrobasts|treatment;;DMSO 48h|viral transduction;;cotransduced with pWZL-Hygro and shRen,GEO Accession;;GSM1917140,GSM1917140,Quiescent IMR90 DMSO_1,CQ,Serum_starved CQ,serum-starved;0.1 % FBS;DMSO,4 days,DMSO,no,Fibroblast,Lung,no,CQ,no hTERT/immortal/SV40/telomerase mention in GEO sample or series record
SRR2932914,SRP065206,BRD4 connects enhancer remodeling to senescence immune surveillance (RNA-seq),paired,Illumina HiSeq 2500,Homo sapiens,SRP065206,BRD4 connects enhancer remodeling to senescence immune surveillance (RNA-seq),paired,Illumina HiSeq 2500,Homo sapiens,IMR90,IMR-90,SRP065206,BRD4 connects enhancer remodeling to senescence immune surveillance (RNA-seq),"Cellular senescence is a homeostatic program associated with tumor suppression, wound healing, and certain age related pathologies. Senescent cells display a repressive chromatin configuration thought to stably silence proliferation-promoting genes, while at the same time activate an unusual form of immune surveillance involving a secretory program referred to as the senescence-associated secretory phenotype (SASP). Here we demonstrate that senescence also involves a global remodeling of the enhancer landscape with recruitment of the chromatin reader BRD4 to newly activated super-enhancers adjacent to key SASP genes. Transcriptional profiling and functional studies indicate that BRD4 is required for the SASP and downstream paracrine signaling. Consequently, BRD4 inhibition disrupts immune cell-mediated targeting and elimination of premalignant senescent cells in vitro and in vivo. Our results identify a critical role for BRD4-bound super-enhancers in senescence immune surveillance and in the proper execution of a tumor-suppressive program. Overall design: Analysis of RNA isolated from human fibroblasts (IMR90) in proliferating, quiescent or senescent (HrasV12) conditions upon knockdown of Brd4, p65, p53, p53/RB, p16/21 or Vehicle and JQ1 treatment",GSM1917141: Quiescent IMR90 DMSO_2; Homo sapiens; RNA-Seq,Illumina HiSeq 2500,cell condition;;quiescent|cell line;;IMR90|cell type;;fetal lung fibroblasts|source_name;;IMR90 human fibrobasts|treatment;;DMSO 48h|viral transduction;;cotransduced with pWZL-Hygro and shRen,GEO Accession;;GSM1917141,GSM1917141,Quiescent IMR90 DMSO_2,CQ,Serum_starved CQ,serum-starved;0.1 % FBS;DMSO,4 days,DMSO,no,Fibroblast,Lung,no,CQ,no hTERT/immortal/SV40/telomerase mention in GEO sample or series record
SRR2932915,SRP065206,BRD4 connects enhancer remodeling to senescence immune surveillance (RNA-seq),paired,Illumina HiSeq 2500,Homo sapiens,SRP065206,BRD4 connects enhancer remodeling to senescence immune surveillance (RNA-seq),paired,Illumina HiSeq 2500,Homo sapiens,IMR90,IMR-90,SRP065206,BRD4 connects enhancer remodeling to senescence immune surveillance (RNA-seq),"Cellular senescence is a homeostatic program associated with tumor suppression, wound healing, and certain age related pathologies. Senescent cells display a repressive chromatin configuration thought to stably silence proliferation-promoting genes, while at the same time activate an unusual form of immune surveillance involving a secretory program referred to as the senescence-associated secretory phenotype (SASP). Here we demonstrate that senescence also involves a global remodeling of the enhancer landscape with recruitment of the chromatin reader BRD4 to newly activated super-enhancers adjacent to key SASP genes. Transcriptional profiling and functional studies indicate that BRD4 is required for the SASP and downstream paracrine signaling. Consequently, BRD4 inhibition disrupts immune cell-mediated targeting and elimination of premalignant senescent cells in vitro and in vivo. Our results identify a critical role for BRD4-bound super-enhancers in senescence immune surveillance and in the proper execution of a tumor-suppressive program. Overall design: Analysis of RNA isolated from human fibroblasts (IMR90) in proliferating, quiescent or senescent (HrasV12) conditions upon knockdown of Brd4, p65, p53, p53/RB, p16/21 or Vehicle and JQ1 treatment",GSM1917142: Quiescent IMR90 DMSO_3; Homo sapiens; RNA-Seq,Illumina HiSeq 2500,cell condition;;quiescent|cell line;;IMR90|cell type;;fetal lung fibroblasts|source_name;;IMR90 human fibrobasts|treatment;;DMSO 48h|viral transduction;;cotransduced with pWZL-Hygro and shRen,GEO Accession;;GSM1917142,GSM1917142,Quiescent IMR90 DMSO_3,CQ,Serum_starved CQ,serum-starved;0.1 % FBS;DMSO,4 days,DMSO,no,Fibroblast,Lung,no,CQ,no hTERT/immortal/SV40/telomerase mention in GEO sample or series record
SRR1768044,SRP052706,Rapamycin induces chromosome reorganization and increases cytokine production in normal human fibroblasts,paired,Illumina Genome Analyzer IIx,Homo sapiens,SRP052706,Rapamycin induces chromosome reorganization and increases cytokine production in normal human fibroblasts,paired,Illumina Genome Analyzer IIx,Homo sapiens,foreskin 2DD,Primary,SRP052706,Rapamycin induces chromosome reorganization and increases cytokine production in normal human fibroblasts,"We report the effects of Rapamycin treatment on the transcriptome of normal human dermal fibroblasts isolated from foreskin (designated 2DD). We sequenced mRNA from 2 replicates of proliferative (PRO) quiescent (QUI, serum starved) or treated with 500nM Rapamycin for 5 days (RAP). Comparative analyses with PRO transcripts a baseline indicate that genes that changed expression from Rapamycin treated fibroblasts are significantly different from those of quiescence cells. Rapamycin treated cells showed a significant enrichment for cytokines from the Il-6 cascade. Overall design: Examination of mRNAs from proliferative, quiescent (serum starvation) and Rapamycin (5oonM, 5days) treated 2DD normal human dermal/foreskin fibroblasts.",GSM1588051: proliferative fibroblast 1; Homo sapiens; RNA-Seq,Illumina Genome Analyzer IIx,cell type;;proliferative fibroblast|source;;foreskin 2DD|source_name;;normal foreskin fibroblast,GEO Accession;;GSM1588051,GSM1588051,proliferative fibroblast 1,Proliferating,Proliferating,,,,no,Fibroblast,Foreskin,no,Proliferating,no hTERT/immortal/SV40/telomerase mention in GEO sample or series record
SRR1768045,SRP052706,Rapamycin induces chromosome reorganization and increases cytokine production in normal human fibroblasts,paired,Illumina Genome Analyzer IIx,Homo sapiens,SRP052706,Rapamycin induces chromosome reorganization and increases cytokine production in normal human fibroblasts,paired,Illumina Genome Analyzer IIx,Homo sapiens,foreskin 2DD,Primary,SRP052706,Rapamycin induces chromosome reorganization and increases cytokine production in normal human fibroblasts,"We report the effects of Rapamycin treatment on the transcriptome of normal human dermal fibroblasts isolated from foreskin (designated 2DD). We sequenced mRNA from 2 replicates of proliferative (PRO) quiescent (QUI, serum starved) or treated with 500nM Rapamycin for 5 days (RAP). Comparative analyses with PRO transcripts a baseline indicate that genes that changed expression from Rapamycin treated fibroblasts are significantly different from those of quiescence cells. Rapamycin treated cells showed a significant enrichment for cytokines from the Il-6 cascade. Overall design: Examination of mRNAs from proliferative, quiescent (serum starvation) and Rapamycin (5oonM, 5days) treated 2DD normal human dermal/foreskin fibroblasts.",GSM1588052: proliferative fibroblast 2; Homo sapiens; RNA-Seq,Illumina Genome Analyzer IIx,cell type;;proliferative fibroblast|source;;foreskin 2DD|source_name;;normal foreskin fibroblast,GEO Accession;;GSM1588052,GSM1588052,proliferative fibroblast 2,Proliferating,Proliferating,,,,no,Fibroblast,Foreskin,no,Proliferating,no hTERT/immortal/SV40/telomerase mention in GEO sample or series record
SRR1768046,SRP052706,Rapamycin induces chromosome reorganization and increases cytokine production in normal human fibroblasts,paired,Illumina Genome Analyzer IIx,Homo sapiens,SRP052706,Rapamycin induces chromosome reorganization and increases cytokine production in normal human fibroblasts,paired,Illumina Genome Analyzer IIx,Homo sapiens,foreskin 2DD,Primary,SRP052706,Rapamycin induces chromosome reorganization and increases cytokine production in normal human fibroblasts,"We report the effects of Rapamycin treatment on the transcriptome of normal human dermal fibroblasts isolated from foreskin (designated 2DD). We sequenced mRNA from 2 replicates of proliferative (PRO) quiescent (QUI, serum starved) or treated with 500nM Rapamycin for 5 days (RAP). Comparative analyses with PRO transcripts a baseline indicate that genes that changed expression from Rapamycin treated fibroblasts are significantly different from those of quiescence cells. Rapamycin treated cells showed a significant enrichment for cytokines from the Il-6 cascade. Overall design: Examination of mRNAs from proliferative, quiescent (serum starvation) and Rapamycin (5oonM, 5days) treated 2DD normal human dermal/foreskin fibroblasts.",GSM1588053: queiscent fibroblast 1; Homo sapiens; RNA-Seq,Illumina Genome Analyzer IIx,cell type;;queiscent fibroblast|source;;foreskin 2DD|source_name;;normal foreskin fibroblast,GEO Accession;;GSM1588053,GSM1588053,queiscent fibroblast 1,CQ,Serum_starved CQ,serum-starved;0.5 % FBS;DMSO,7 days,,no,Fibroblast,Foreskin,no,CQ,no hTERT/immortal/SV40/telomerase mention in GEO sample or series record
SRR1768047,SRP052706,Rapamycin induces chromosome reorganization and increases cytokine production in normal human fibroblasts,paired,Illumina Genome Analyzer IIx,Homo sapiens,SRP052706,Rapamycin induces chromosome reorganization and increases cytokine production in normal human fibroblasts,paired,Illumina Genome Analyzer IIx,Homo sapiens,foreskin 2DD,Primary,SRP052706,Rapamycin induces chromosome reorganization and increases cytokine production in normal human fibroblasts,"We report the effects of Rapamycin treatment on the transcriptome of normal human dermal fibroblasts isolated from foreskin (designated 2DD). We sequenced mRNA from 2 replicates of proliferative (PRO) quiescent (QUI, serum starved) or treated with 500nM Rapamycin for 5 days (RAP). Comparative analyses with PRO transcripts a baseline indicate that genes that changed expression from Rapamycin treated fibroblasts are significantly different from those of quiescence cells. Rapamycin treated cells showed a significant enrichment for cytokines from the Il-6 cascade. Overall design: Examination of mRNAs from proliferative, quiescent (serum starvation) and Rapamycin (5oonM, 5days) treated 2DD normal human dermal/foreskin fibroblasts.",GSM1588054: queiscent fibroblast 2; Homo sapiens; RNA-Seq,Illumina Genome Analyzer IIx,cell type;;queiscent fibroblast|source;;foreskin 2DD|source_name;;normal foreskin fibroblast,GEO Accession;;GSM1588054,GSM1588054,queiscent fibroblast 2,CQ,Serum_starved CQ,serum-starved;0.5 % FBS;DMSO,7 days,,no,Fibroblast,Foreskin,no,CQ,no hTERT/immortal/SV40/telomerase mention in GEO sample or series record
SRR8284460,SRP172671,Overexpression of Claspin and Timeless protects cancer cells from replication stress in a checkpoint-independent manner,paired,NextSeq 500,Homo sapiens,SRP172671,Overexpression of Claspin and Timeless protects cancer cells from replication stress in a checkpoint-independent manner,paired,NextSeq 500,Homo sapiens,BJ-hTERT,BJ,SRP172671,Overexpression of Claspin and Timeless protects cancer cells from replication stress in a checkpoint-independent manner,RNA-seq analysis of BJ cells overexpressing RasV12 and escaping senescence Overall design: Immortalized BJ-hTERT cells expressing an oncogenic version of Ras under the control of a doxycyclin-inducible promoter were grown for 60 days in the presence of Dox to induce oncogene-induced senescence (OIS). Three individual clones escaping senescence were isolated and were analyzed by RNA-seq.,GSM3502427: A_BJ; Homo sapiens; RNA-Seq,NextSeq 500,cell type;;Immortalized BJ-hTERT cells|source_name;;BJ RNA-seq,GEO Accession;;GSM3502427,GSM3502427,A_BJ,Proliferating,Proliferating,,,,yes,Fibroblast,Foreskin,no,Proliferating,Sample_characteristics: 'cell type: Immortalized BJ-hTERT cells'
SRR8284461,SRP172671,Overexpression of Claspin and Timeless protects cancer cells from replication stress in a checkpoint-independent manner,paired,NextSeq 500,Homo sapiens,SRP172671,Overexpression of Claspin and Timeless protects cancer cells from replication stress in a checkpoint-independent manner,paired,NextSeq 500,Homo sapiens,BJ-hTERT,BJ,SRP172671,Overexpression of Claspin and Timeless protects cancer cells from replication stress in a checkpoint-independent manner,RNA-seq analysis of BJ cells overexpressing RasV12 and escaping senescence Overall design: Immortalized BJ-hTERT cells expressing an oncogenic version of Ras under the control of a doxycyclin-inducible promoter were grown for 60 days in the presence of Dox to induce oncogene-induced senescence (OIS). Three individual clones escaping senescence were isolated and were analyzed by RNA-seq.,GSM3502428: B_BJ; Homo sapiens; RNA-Seq,NextSeq 500,cell type;;Immortalized BJ-hTERT cells|source_name;;BJ RNA-seq,GEO Accession;;GSM3502428,GSM3502428,B_BJ,Proliferating,Proliferating,,,,yes,Fibroblast,Foreskin,no,Proliferating,Sample_characteristics: 'cell type: Immortalized BJ-hTERT cells'
SRR8284462,SRP172671,Overexpression of Claspin and Timeless protects cancer cells from replication stress in a checkpoint-independent manner,paired,NextSeq 500,Homo sapiens,SRP172671,Overexpression of Claspin and Timeless protects cancer cells from replication stress in a checkpoint-independent manner,paired,NextSeq 500,Homo sapiens,BJ-hTERT,BJ,SRP172671,Overexpression of Claspin and Timeless protects cancer cells from replication stress in a checkpoint-independent manner,RNA-seq analysis of BJ cells overexpressing RasV12 and escaping senescence Overall design: Immortalized BJ-hTERT cells expressing an oncogenic version of Ras under the control of a doxycyclin-inducible promoter were grown for 60 days in the presence of Dox to induce oncogene-induced senescence (OIS). Three individual clones escaping senescence were isolated and were analyzed by RNA-seq.,GSM3502429: A_BJ_ras; Homo sapiens; RNA-Seq,NextSeq 500,cell type;;Immortalized BJ-hTERT cells|source_name;;BJ Ras RNA-seq,GEO Accession;;GSM3502429,GSM3502429,A_BJ_ras,CS,Oncogene-induced CS,,,,yes,Fibroblast,Foreskin,no,Oncogene-induced CS,Sample_characteristics: 'cell type: Immortalized BJ-hTERT cells'
SRR8284463,SRP172671,Overexpression of Claspin and Timeless protects cancer cells from replication stress in a checkpoint-independent manner,paired,NextSeq 500,Homo sapiens,SRP172671,Overexpression of Claspin and Timeless protects cancer cells from replication stress in a checkpoint-independent manner,paired,NextSeq 500,Homo sapiens,BJ-hTERT,BJ,SRP172671,Overexpression of Claspin and Timeless protects cancer cells from replication stress in a checkpoint-independent manner,RNA-seq analysis of BJ cells overexpressing RasV12 and escaping senescence Overall design: Immortalized BJ-hTERT cells expressing an oncogenic version of Ras under the control of a doxycyclin-inducible promoter were grown for 60 days in the presence of Dox to induce oncogene-induced senescence (OIS). Three individual clones escaping senescence were isolated and were analyzed by RNA-seq.,GSM3502430: B_BJ_ras; Homo sapiens; RNA-Seq,NextSeq 500,cell type;;Immortalized BJ-hTERT cells|source_name;;BJ Ras RNA-seq,GEO Accession;;GSM3502430,GSM3502430,B_BJ_ras,CS,Oncogene-induced CS,,,,yes,Fibroblast,Foreskin,no,Oncogene-induced CS,Sample_characteristics: 'cell type: Immortalized BJ-hTERT cells'
SRR6869103,SRP136071,Study of dynamic transcriptome profiling in DNA damage-induced cellular senescence and transient cell-cycle arrest,paired,Illumina HiSeq 2500,Homo sapiens,SRP136071,Study of dynamic transcriptome profiling in DNA damage-induced cellular senescence and transient cell-cycle arrest,paired,Illumina HiSeq 2500,Homo sapiens,IMR90,IMR-90,SRP136071,Study of dynamic transcriptome profiling in DNA damage-induced cellular senescence and transient cell-cycle arrest,"For studing dynamic transcriptome profiling in DNA damage-induced cellular senescence and transient cell-cycle arrest, samples were treated with the DNA-damaging agent bleomycin at 0 ug/ml, 2 ug/ml and 40 ug/ml for 2 h. High-resolution time course analysis of gene expression in DNA damage-induced cellular senescence and transient cell-cycle arrest was used to explore the transcriptomic differences between different cell fates after DNA damage response. Overall design: Examination of IMR90 cells with different levels of DNA damage.",GSM3056966: IMR-90 0_0d; Homo sapiens; RNA-Seq,Illumina HiSeq 2500,age;;16 weeks gestation|agent;;control|cell line;;IMR-90|cell type;;fibroblast|dose;;0 ug/ml|source_name;;lung|time;;0 day,GEO Accession;;GSM3056966,GSM3056966,IMR-90 0_0d,Proliferating,Proliferating,,,,no,Fibroblast,Lung,no,Proliferating,no hTERT/immortal/SV40/telomerase mention in GEO sample or series record
SRR6869105,SRP136071,Study of dynamic transcriptome profiling in DNA damage-induced cellular senescence and transient cell-cycle arrest,paired,Illumina HiSeq 2500,Homo sapiens,SRP136071,Study of dynamic transcriptome profiling in DNA damage-induced cellular senescence and transient cell-cycle arrest,paired,Illumina HiSeq 2500,Homo sapiens,IMR90,IMR-90,SRP136071,Study of dynamic transcriptome profiling in DNA damage-induced cellular senescence and transient cell-cycle arrest,"For studing dynamic transcriptome profiling in DNA damage-induced cellular senescence and transient cell-cycle arrest, samples were treated with the DNA-damaging agent bleomycin at 0 ug/ml, 2 ug/ml and 40 ug/ml for 2 h. High-resolution time course analysis of gene expression in DNA damage-induced cellular senescence and transient cell-cycle arrest was used to explore the transcriptomic differences between different cell fates after DNA damage response. Overall design: Examination of IMR90 cells with different levels of DNA damage.",GSM3056967: IMR-90 0_4d; Homo sapiens; RNA-Seq,Illumina HiSeq 2500,age;;16 weeks gestation|agent;;control|cell line;;IMR-90|cell type;;fibroblast|dose;;0 ug/ml|source_name;;lung|time;;4 days,GEO Accession;;GSM3056967,GSM3056967,IMR-90 0_4d,Proliferating,Proliferating,,,,no,Fibroblast,Lung,no,Proliferating,no hTERT/immortal/SV40/telomerase mention in GEO sample or series record
SRR6869106,SRP136071,Study of dynamic transcriptome profiling in DNA damage-induced cellular senescence and transient cell-cycle arrest,paired,Illumina HiSeq 2500,Homo sapiens,SRP136071,Study of dynamic transcriptome profiling in DNA damage-induced cellular senescence and transient cell-cycle arrest,paired,Illumina HiSeq 2500,Homo sapiens,IMR90,IMR-90,SRP136071,Study of dynamic transcriptome profiling in DNA damage-induced cellular senescence and transient cell-cycle arrest,"For studing dynamic transcriptome profiling in DNA damage-induced cellular senescence and transient cell-cycle arrest, samples were treated with the DNA-damaging agent bleomycin at 0 ug/ml, 2 ug/ml and 40 ug/ml for 2 h. High-resolution time course analysis of gene expression in DNA damage-induced cellular senescence and transient cell-cycle arrest was used to explore the transcriptomic differences between different cell fates after DNA damage response. Overall design: Examination of IMR90 cells with different levels of DNA damage.",GSM3056968: IMR-90 0_8d; Homo sapiens; RNA-Seq,Illumina HiSeq 2500,age;;16 weeks gestation|agent;;control|cell line;;IMR-90|cell type;;fibroblast|dose;;0 ug/ml|source_name;;lung|time;;8 days,GEO Accession;;GSM3056968,GSM3056968,IMR-90 0_8d,Proliferating,Proliferating,,,,no,Fibroblast,Lung,no,Proliferating,no hTERT/immortal/SV40/telomerase mention in GEO sample or series record
SRR6869117,SRP136071,Study of dynamic transcriptome profiling in DNA damage-induced cellular senescence and transient cell-cycle arrest,paired,Illumina HiSeq 2500,Homo sapiens,SRP136071,Study of dynamic transcriptome profiling in DNA damage-induced cellular senescence and transient cell-cycle arrest,paired,Illumina HiSeq 2500,Homo sapiens,IMR90,IMR-90,SRP136071,Study of dynamic transcriptome profiling in DNA damage-induced cellular senescence and transient cell-cycle arrest,"For studing dynamic transcriptome profiling in DNA damage-induced cellular senescence and transient cell-cycle arrest, samples were treated with the DNA-damaging agent bleomycin at 0 ug/ml, 2 ug/ml and 40 ug/ml for 2 h. High-resolution time course analysis of gene expression in DNA damage-induced cellular senescence and transient cell-cycle arrest was used to explore the transcriptomic differences between different cell fates after DNA damage response. Overall design: Examination of IMR90 cells with different levels of DNA damage.",GSM3056979: IMR-90 40_2d; Homo sapiens; RNA-Seq,Illumina HiSeq 2500,age;;16 weeks gestation|agent;;bleomycin|cell line;;IMR-90|cell type;;fibroblast|dose;;40 ug/ml|source_name;;lung|time;;2 days,GEO Accession;;GSM3056979,GSM3056979,IMR-90 40_2d,CS,Stress-induced CS,40 μg/ml bleomycin 2 hours,2 days,,no,Fibroblast,Lung,no,Stress-induced CS,no hTERT/immortal/SV40/telomerase mention in GEO sample or series record
SRR6869119,SRP136071,Study of dynamic transcriptome profiling in DNA damage-induced cellular senescence and transient cell-cycle arrest,paired,Illumina HiSeq 2500,Homo sapiens,SRP136071,Study of dynamic transcriptome profiling in DNA damage-induced cellular senescence and transient cell-cycle arrest,paired,Illumina HiSeq 2500,Homo sapiens,IMR90,IMR-90,SRP136071,Study of dynamic transcriptome profiling in DNA damage-induced cellular senescence and transient cell-cycle arrest,"For studing dynamic transcriptome profiling in DNA damage-induced cellular senescence and transient cell-cycle arrest, samples were treated with the DNA-damaging agent bleomycin at 0 ug/ml, 2 ug/ml and 40 ug/ml for 2 h. High-resolution time course analysis of gene expression in DNA damage-induced cellular senescence and transient cell-cycle arrest was used to explore the transcriptomic differences between different cell fates after DNA damage response. Overall design: Examination of IMR90 cells with different levels of DNA damage.",GSM3056981: IMR-90 40_4d; Homo sapiens; RNA-Seq,Illumina HiSeq 2500,age;;16 weeks gestation|agent;;bleomycin|cell line;;IMR-90|cell type;;fibroblast|dose;;40 ug/ml|source_name;;lung|time;;4 days,GEO Accession;;GSM3056981,GSM3056981,IMR-90 40_4d,CS,Stress-induced CS,40 μg/ml bleomycin 2 hours,4 days,,no,Fibroblast,Lung,no,Stress-induced CS,no hTERT/immortal/SV40/telomerase mention in GEO sample or series record
SRR6869121,SRP136071,Study of dynamic transcriptome profiling in DNA damage-induced cellular senescence and transient cell-cycle arrest,paired,Illumina HiSeq 2500,Homo sapiens,SRP136071,Study of dynamic transcriptome profiling in DNA damage-induced cellular senescence and transient cell-cycle arrest,paired,Illumina HiSeq 2500,Homo sapiens,IMR90,IMR-90,SRP136071,Study of dynamic transcriptome profiling in DNA damage-induced cellular senescence and transient cell-cycle arrest,"For studing dynamic transcriptome profiling in DNA damage-induced cellular senescence and transient cell-cycle arrest, samples were treated with the DNA-damaging agent bleomycin at 0 ug/ml, 2 ug/ml and 40 ug/ml for 2 h. High-resolution time course analysis of gene expression in DNA damage-induced cellular senescence and transient cell-cycle arrest was used to explore the transcriptomic differences between different cell fates after DNA damage response. Overall design: Examination of IMR90 cells with different levels of DNA damage.",GSM3056983: IMR-90 40_6d; Homo sapiens; RNA-Seq,Illumina HiSeq 2500,age;;16 weeks gestation|agent;;bleomycin|cell line;;IMR-90|cell type;;fibroblast|dose;;40 ug/ml|source_name;;lung|time;;6 days,GEO Accession;;GSM3056983,GSM3056983,IMR-90 40_6d,CS,Stress-induced CS,40 μg/ml bleomycin 2 hours,6 days,,no,Fibroblast,Lung,no,Stress-induced CS,no hTERT/immortal/SV40/telomerase mention in GEO sample or series record
SRR6869122,SRP136071,Study of dynamic transcriptome profiling in DNA damage-induced cellular senescence and transient cell-cycle arrest,paired,Illumina HiSeq 2500,Homo sapiens,SRP136071,Study of dynamic transcriptome profiling in DNA damage-induced cellular senescence and transient cell-cycle arrest,paired,Illumina HiSeq 2500,Homo sapiens,IMR90,IMR-90,SRP136071,Study of dynamic transcriptome profiling in DNA damage-induced cellular senescence and transient cell-cycle arrest,"For studing dynamic transcriptome profiling in DNA damage-induced cellular senescence and transient cell-cycle arrest, samples were treated with the DNA-damaging agent bleomycin at 0 ug/ml, 2 ug/ml and 40 ug/ml for 2 h. High-resolution time course analysis of gene expression in DNA damage-induced cellular senescence and transient cell-cycle arrest was used to explore the transcriptomic differences between different cell fates after DNA damage response. Overall design: Examination of IMR90 cells with different levels of DNA damage.",GSM3056984: IMR-90 40_8d; Homo sapiens; RNA-Seq,Illumina HiSeq 2500,age;;16 weeks gestation|agent;;bleomycin|cell line;;IMR-90|cell type;;fibroblast|dose;;40 ug/ml|source_name;;lung|time;;8 days,GEO Accession;;GSM3056984,GSM3056984,IMR-90 40_8d,CS,Stress-induced CS,40 μg/ml bleomycin 2 hours,8 days,,no,Fibroblast,Lung,no,Stress-induced CS,no hTERT/immortal/SV40/telomerase mention in GEO sample or series record
SRR6869123,SRP136071,Study of dynamic transcriptome profiling in DNA damage-induced cellular senescence and transient cell-cycle arrest,paired,Illumina HiSeq 2500,Homo sapiens,SRP136071,Study of dynamic transcriptome profiling in DNA damage-induced cellular senescence and transient cell-cycle arrest,paired,Illumina HiSeq 2500,Homo sapiens,IMR90,IMR-90,SRP136071,Study of dynamic transcriptome profiling in DNA damage-induced cellular senescence and transient cell-cycle arrest,"For studing dynamic transcriptome profiling in DNA damage-induced cellular senescence and transient cell-cycle arrest, samples were treated with the DNA-damaging agent bleomycin at 0 ug/ml, 2 ug/ml and 40 ug/ml for 2 h. High-resolution time course analysis of gene expression in DNA damage-induced cellular senescence and transient cell-cycle arrest was used to explore the transcriptomic differences between different cell fates after DNA damage response. Overall design: Examination of IMR90 cells with different levels of DNA damage.",GSM3056985: IMR-90 40_8h; Homo sapiens; RNA-Seq,Illumina HiSeq 2500,age;;16 weeks gestation|agent;;bleomycin|cell line;;IMR-90|cell type;;fibroblast|dose;;40 ug/ml|source_name;;lung|time;;8 h,GEO Accession;;GSM3056985,GSM3056985,IMR-90 40_8h,CS,Stress-induced CS,40 μg/ml bleomycin 2 hours,1/3 days,,no,Fibroblast,Lung,no,Stress-induced CS,no hTERT/immortal/SV40/telomerase mention in GEO sample or series record
SRR6869124,SRP136071,Study of dynamic transcriptome profiling in DNA damage-induced cellular senescence and transient cell-cycle arrest,paired,Illumina HiSeq 2500,Homo sapiens,SRP136071,Study of dynamic transcriptome profiling in DNA damage-induced cellular senescence and transient cell-cycle arrest,paired,Illumina HiSeq 2500,Homo sapiens,IMR90,IMR-90,SRP136071,Study of dynamic transcriptome profiling in DNA damage-induced cellular senescence and transient cell-cycle arrest,"For studing dynamic transcriptome profiling in DNA damage-induced cellular senescence and transient cell-cycle arrest, samples were treated with the DNA-damaging agent bleomycin at 0 ug/ml, 2 ug/ml and 40 ug/ml for 2 h. High-resolution time course analysis of gene expression in DNA damage-induced cellular senescence and transient cell-cycle arrest was used to explore the transcriptomic differences between different cell fates after DNA damage response. Overall design: Examination of IMR90 cells with different levels of DNA damage.",GSM3056986: IMR-90 40_12h; Homo sapiens; RNA-Seq,Illumina HiSeq 2500,age;;16 weeks gestation|agent;;bleomycin|cell line;;IMR-90|cell type;;fibroblast|dose;;40 ug/ml|source_name;;lung|time;;12 h,GEO Accession;;GSM3056986,GSM3056986,IMR-90 40_12h,CS,Stress-induced CS,40 μg/ml bleomycin 2 hours,1/2 days,,no,Fibroblast,Lung,no,Stress-induced CS,no hTERT/immortal/SV40/telomerase mention in GEO sample or series record
SRR6869125,SRP136071,Study of dynamic transcriptome profiling in DNA damage-induced cellular senescence and transient cell-cycle arrest,paired,Illumina HiSeq 2500,Homo sapiens,SRP136071,Study of dynamic transcriptome profiling in DNA damage-induced cellular senescence and transient cell-cycle arrest,paired,Illumina HiSeq 2500,Homo sapiens,IMR90,IMR-90,SRP136071,Study of dynamic transcriptome profiling in DNA damage-induced cellular senescence and transient cell-cycle arrest,"For studing dynamic transcriptome profiling in DNA damage-induced cellular senescence and transient cell-cycle arrest, samples were treated with the DNA-damaging agent bleomycin at 0 ug/ml, 2 ug/ml and 40 ug/ml for 2 h. High-resolution time course analysis of gene expression in DNA damage-induced cellular senescence and transient cell-cycle arrest was used to explore the transcriptomic differences between different cell fates after DNA damage response. Overall design: Examination of IMR90 cells with different levels of DNA damage.",GSM3056987: IMR-90 40_24h; Homo sapiens; RNA-Seq,Illumina HiSeq 2500,age;;16 weeks gestation|agent;;bleomycin|cell line;;IMR-90|cell type;;fibroblast|dose;;40 ug/ml|source_name;;lung|time;;24 h,GEO Accession;;GSM3056987,GSM3056987,IMR-90 40_24h,CS,Stress-induced CS,40 μg/ml bleomycin 2 hours,1 days,,no,Fibroblast,Lung,no,Stress-induced CS,no hTERT/immortal/SV40/telomerase mention in GEO sample or series record
SRR6910824,SRP136727,Functional CRISPR Screen Identifies AP1-associated Enhancer regulating FOXF1 to modulate Oncogene-Induced Senescence,single,Illumina HiSeq 2500,Homo sapiens,SRP136727,Functional CRISPR Screen Identifies AP1-associated Enhancer regulating FOXF1 to modulate Oncogene-Induced Senescence,single,Illumina HiSeq 2500,Homo sapiens,BJ-hTERT,BJ,SRP136727,Functional CRISPR Screen Identifies AP1-associated Enhancer regulating FOXF1 to modulate Oncogene-Induced Senescence,"We carried out CRISPR-Cas9 functional screen focused on AP-1 bound enhancers that are activated upon oncogenic stress. The screen discovered Enh.AP1.OIS1 - an enhancer bound by AP1 that is required for activation of oncogene-induced senescence (OIS) response. We applied RNA-seq analysis to RASG12V-activated BJ cells transduced with either sgRNAs targeting AP-1 bound enhancer (sgRNA-69 or sgRNA71), or sgRNA targeting the target gene FOXF1 or non-targeting control sgRNA (sgNT) Overall design: RNA-seq was applied to oncogenic RASG12V-induced BJ cells genetically manipulated using CRISPR-Cas9",GSM3070415: BJ_sgNT_Ras; Homo sapiens; RNA-Seq,Illumina HiSeq 2500,cell line;;BJ cells|condition;;RASG12V-induced BJ cells transduced with a control non targeting sgRNA|source_name;;Immortalized primary fibroblasts,GEO Accession;;GSM3070415,GSM3070415,BJ_sgNT_Ras,CS,Oncogene-induced CS,100 nM 4-OHT for 14 days,14 days,non-targeting sgRN,yes,Fibroblast,Foreskin,no,Oncogene-induced CS,Sample_growth_protocol: 'Immortalized human BJ primary fibroblast cells (by hTERT expression)'
SRR3151885,SRP069768,Senescence-associated lncRNAs: senescence-associated long noncoding RNAs.,single,Illumina Genome Analyzer II,Homo sapiens,SRP069768,Senescence-associated lncRNAs: senescence-associated long noncoding RNAs.,single,Illumina Genome Analyzer II,Homo sapiens,WI-38,WI-38,SRP069768,Senescence-associated lncRNAs: senescence-associated long noncoding RNAs.,"Noncoding RNAs include small transcripts, such as microRNAs and piwi-interacting RNAs, and a wide range of long noncoding RNAs (lncRNAs). Although many lncRNAs have been identified, only a small number of lncRNAs have been characterized functionally. Here, we sought to identify lncRNAs differentially expressed during replicative senescence. We compared lncRNAs expressed in proliferating, early-passage, ''young'' human diploid WI-38 fibroblasts [population doubling (PDL) 20] with those expressed in senescent, late-passage, ''old'' fibroblasts (PDL 52) by RNA sequencing (RNA-Seq). Numerous transcripts in all lncRNA groups (antisense lncRNAs, pseudogene-encoded lncRNAs, previously described lncRNAs and novel lncRNAs) were validated using reverse transcription (RT) and real-time, quantitative (q)PCR. Among the novel senescence-associated lncRNAs (SAL-RNAs) showing lower abundance in senescent cells, SAL-RNA1 (XLOC_023166) was found to delay senescence, because reducing SAL-RNA1 levels enhanced the appearance of phenotypic traits of senescence, including an enlarged morphology, positive ß-galactosidase activity, and heightened p53 levels. Our results reveal that the expression of known and novel lncRNAs changes with senescence and suggests that SAL-RNAs play direct regulatory roles in this important cellular process. Overall design: RNA was extracted from both young and senescent WI-38 cells and used for total RNA-Seq.",GSM2055960: Young; Homo sapiens; RNA-Seq,Illumina Genome Analyzer II,cell line;;WI-38|passage;;PDL20|source_name;;Lung diploid fibroblasts,GEO Accession;;GSM2055960,GSM2055960,Young,Proliferating,Proliferating,,,,no,Fibroblast,Lung,no,Proliferating,no hTERT/immortal/SV40/telomerase mention in GEO sample or series record
SRR3151886,SRP069768,Senescence-associated lncRNAs: senescence-associated long noncoding RNAs.,single,Illumina Genome Analyzer II,Homo sapiens,SRP069768,Senescence-associated lncRNAs: senescence-associated long noncoding RNAs.,single,Illumina Genome Analyzer II,Homo sapiens,WI-38,WI-38,SRP069768,Senescence-associated lncRNAs: senescence-associated long noncoding RNAs.,"Noncoding RNAs include small transcripts, such as microRNAs and piwi-interacting RNAs, and a wide range of long noncoding RNAs (lncRNAs). Although many lncRNAs have been identified, only a small number of lncRNAs have been characterized functionally. Here, we sought to identify lncRNAs differentially expressed during replicative senescence. We compared lncRNAs expressed in proliferating, early-passage, ''young'' human diploid WI-38 fibroblasts [population doubling (PDL) 20] with those expressed in senescent, late-passage, ''old'' fibroblasts (PDL 52) by RNA sequencing (RNA-Seq). Numerous transcripts in all lncRNA groups (antisense lncRNAs, pseudogene-encoded lncRNAs, previously described lncRNAs and novel lncRNAs) were validated using reverse transcription (RT) and real-time, quantitative (q)PCR. Among the novel senescence-associated lncRNAs (SAL-RNAs) showing lower abundance in senescent cells, SAL-RNA1 (XLOC_023166) was found to delay senescence, because reducing SAL-RNA1 levels enhanced the appearance of phenotypic traits of senescence, including an enlarged morphology, positive ß-galactosidase activity, and heightened p53 levels. Our results reveal that the expression of known and novel lncRNAs changes with senescence and suggests that SAL-RNAs play direct regulatory roles in this important cellular process. Overall design: RNA was extracted from both young and senescent WI-38 cells and used for total RNA-Seq.",GSM2055961: Senescent; Homo sapiens; RNA-Seq,Illumina Genome Analyzer II,cell line;;WI-38|passage;;PDL52|source_name;;Lung diploid fibroblasts,GEO Accession;;GSM2055961,GSM2055961,Senescent,CS,Replicative CS,,,,no,Fibroblast,Lung,no,Replicative CS,no hTERT/immortal/SV40/telomerase mention in GEO sample or series record
SRR7537847,SRP154382,Global mapping of polyadenylation site use in proliferating and quiescent (contact-inhibited and serum-starved) cells,single,Illumina HiSeq 2000,Homo sapiens,SRP154382,Global mapping of polyadenylation site use in proliferating and quiescent (contact-inhibited and serum-starved) cells,single,Illumina HiSeq 2000,Homo sapiens,HDF 10-2,Primary,SRP154382,Global mapping of polyadenylation site use in proliferating and quiescent (contact-inhibited and serum-starved) cells,"Purpose: To determine genes that undergo alternative polyadenylation in proliferating versus quiescent fibroblasts. Methods: Three different biological replicates (fibroblast strains, 10-1, 12-1, and 12-2) were used for generating proliferating and quiescent (7-day contact inhibited and 7-day serum-starved) cells. RNA extracted from these cells were used for library preparation. cDNA fragments were enriched for the junction between the poly(A) site and the end of the 3'' UTR using a modified high throughput sequencing protocol (GnomeGen). cDNA libraries were created according to Gnome-Gen RNA-seq library preparation kit for RNA profiling except Amgen Ampure XP beads were used instead of the Gnome-gen size selector product to remove ligation reaction products before proceeding to the reverse transcription step.  The libraries were sequenced on an Illumina HiSeq 2000 instrument. The sequencing reaction wasa run for 147 cycles. Reads from pol(A) enriched cDNA libraries were aligned to the genome using the STAR alignment algorithm after the computational removal of untemplated adenosines. Results: Polyadenylation site selection was significantly altered in approximately 10% of genes in quiescent compared with proliferating fibroblasts.  Contact inhibited and serum starved fibroblasts had similar polyadenylation site selection profiles. Conclusions: Quiescence is associated with changes in polyadenylation site selection. Overall design: Three samples of proliferating fibroblasts, three samples of contact inhibited fibroblasts and three samples of 7-day serum starved fibroblasts were analyzed with polyadenylation site-enriched RNA-Seq.",GSM3291218: P_10-2; Homo sapiens; RNA-Seq,Illumina HiSeq 2000,cell growth conditions;;proliferating cells|cell type;;human dermal fibroblasts (foreskin)|source_name;;proliferating fibroblasts|strain;;10-2,GEO Accession;;GSM3291218,GSM3291218,P_10-2,Proliferating,Proliferating,,,,no,Fibroblast,Foreskin,no,Proliferating,no hTERT/immortal/SV40/telomerase mention in GEO sample or series record
SRR7537848,SRP154382,Global mapping of polyadenylation site use in proliferating and quiescent (contact-inhibited and serum-starved) cells,single,Illumina HiSeq 2000,Homo sapiens,SRP154382,Global mapping of polyadenylation site use in proliferating and quiescent (contact-inhibited and serum-starved) cells,single,Illumina HiSeq 2000,Homo sapiens,HDF 10-2,Primary,SRP154382,Global mapping of polyadenylation site use in proliferating and quiescent (contact-inhibited and serum-starved) cells,"Purpose: To determine genes that undergo alternative polyadenylation in proliferating versus quiescent fibroblasts. Methods: Three different biological replicates (fibroblast strains, 10-1, 12-1, and 12-2) were used for generating proliferating and quiescent (7-day contact inhibited and 7-day serum-starved) cells. RNA extracted from these cells were used for library preparation. cDNA fragments were enriched for the junction between the poly(A) site and the end of the 3'' UTR using a modified high throughput sequencing protocol (GnomeGen). cDNA libraries were created according to Gnome-Gen RNA-seq library preparation kit for RNA profiling except Amgen Ampure XP beads were used instead of the Gnome-gen size selector product to remove ligation reaction products before proceeding to the reverse transcription step.  The libraries were sequenced on an Illumina HiSeq 2000 instrument. The sequencing reaction wasa run for 147 cycles. Reads from pol(A) enriched cDNA libraries were aligned to the genome using the STAR alignment algorithm after the computational removal of untemplated adenosines. Results: Polyadenylation site selection was significantly altered in approximately 10% of genes in quiescent compared with proliferating fibroblasts.  Contact inhibited and serum starved fibroblasts had similar polyadenylation site selection profiles. Conclusions: Quiescence is associated with changes in polyadenylation site selection. Overall design: Three samples of proliferating fibroblasts, three samples of contact inhibited fibroblasts and three samples of 7-day serum starved fibroblasts were analyzed with polyadenylation site-enriched RNA-Seq.",GSM3291219: P_12-1; Homo sapiens; RNA-Seq,Illumina HiSeq 2000,cell growth conditions;;proliferating cells|cell type;;human dermal fibroblasts (foreskin)|source_name;;proliferating fibroblasts|strain;;12-1,GEO Accession;;GSM3291219,GSM3291219,P_12-1,Proliferating,Proliferating,,,,no,Fibroblast,Foreskin,no,Proliferating,no hTERT/immortal/SV40/telomerase mention in GEO sample or series record
SRR7537849,SRP154382,Global mapping of polyadenylation site use in proliferating and quiescent (contact-inhibited and serum-starved) cells,single,Illumina HiSeq 2000,Homo sapiens,SRP154382,Global mapping of polyadenylation site use in proliferating and quiescent (contact-inhibited and serum-starved) cells,single,Illumina HiSeq 2000,Homo sapiens,HDF 10-2,Primary,SRP154382,Global mapping of polyadenylation site use in proliferating and quiescent (contact-inhibited and serum-starved) cells,"Purpose: To determine genes that undergo alternative polyadenylation in proliferating versus quiescent fibroblasts. Methods: Three different biological replicates (fibroblast strains, 10-1, 12-1, and 12-2) were used for generating proliferating and quiescent (7-day contact inhibited and 7-day serum-starved) cells. RNA extracted from these cells were used for library preparation. cDNA fragments were enriched for the junction between the poly(A) site and the end of the 3'' UTR using a modified high throughput sequencing protocol (GnomeGen). cDNA libraries were created according to Gnome-Gen RNA-seq library preparation kit for RNA profiling except Amgen Ampure XP beads were used instead of the Gnome-gen size selector product to remove ligation reaction products before proceeding to the reverse transcription step.  The libraries were sequenced on an Illumina HiSeq 2000 instrument. The sequencing reaction wasa run for 147 cycles. Reads from pol(A) enriched cDNA libraries were aligned to the genome using the STAR alignment algorithm after the computational removal of untemplated adenosines. Results: Polyadenylation site selection was significantly altered in approximately 10% of genes in quiescent compared with proliferating fibroblasts.  Contact inhibited and serum starved fibroblasts had similar polyadenylation site selection profiles. Conclusions: Quiescence is associated with changes in polyadenylation site selection. Overall design: Three samples of proliferating fibroblasts, three samples of contact inhibited fibroblasts and three samples of 7-day serum starved fibroblasts were analyzed with polyadenylation site-enriched RNA-Seq.",GSM3291220: P_12-2; Homo sapiens; RNA-Seq,Illumina HiSeq 2000,cell growth conditions;;proliferating cells|cell type;;human dermal fibroblasts (foreskin)|source_name;;proliferating fibroblasts|strain;;12-2,GEO Accession;;GSM3291220,GSM3291220,P_12-2,Proliferating,Proliferating,,,,no,Fibroblast,Foreskin,no,Proliferating,no hTERT/immortal/SV40/telomerase mention in GEO sample or series record
SRR7537850,SRP154382,Global mapping of polyadenylation site use in proliferating and quiescent (contact-inhibited and serum-starved) cells,single,Illumina HiSeq 2000,Homo sapiens,SRP154382,Global mapping of polyadenylation site use in proliferating and quiescent (contact-inhibited and serum-starved) cells,single,Illumina HiSeq 2000,Homo sapiens,HDF 10-2,Primary,SRP154382,Global mapping of polyadenylation site use in proliferating and quiescent (contact-inhibited and serum-starved) cells,"Purpose: To determine genes that undergo alternative polyadenylation in proliferating versus quiescent fibroblasts. Methods: Three different biological replicates (fibroblast strains, 10-1, 12-1, and 12-2) were used for generating proliferating and quiescent (7-day contact inhibited and 7-day serum-starved) cells. RNA extracted from these cells were used for library preparation. cDNA fragments were enriched for the junction between the poly(A) site and the end of the 3'' UTR using a modified high throughput sequencing protocol (GnomeGen). cDNA libraries were created according to Gnome-Gen RNA-seq library preparation kit for RNA profiling except Amgen Ampure XP beads were used instead of the Gnome-gen size selector product to remove ligation reaction products before proceeding to the reverse transcription step.  The libraries were sequenced on an Illumina HiSeq 2000 instrument. The sequencing reaction wasa run for 147 cycles. Reads from pol(A) enriched cDNA libraries were aligned to the genome using the STAR alignment algorithm after the computational removal of untemplated adenosines. Results: Polyadenylation site selection was significantly altered in approximately 10% of genes in quiescent compared with proliferating fibroblasts.  Contact inhibited and serum starved fibroblasts had similar polyadenylation site selection profiles. Conclusions: Quiescence is associated with changes in polyadenylation site selection. Overall design: Three samples of proliferating fibroblasts, three samples of contact inhibited fibroblasts and three samples of 7-day serum starved fibroblasts were analyzed with polyadenylation site-enriched RNA-Seq.",GSM3291221: 7dCI_10-2; Homo sapiens; RNA-Seq,Illumina HiSeq 2000,cell growth conditions;;7 day contact inhibited cells (quiescent)|cell type;;human dermal fibroblasts (foreskin)|source_name;;7-day contact inhibited_fibroblasts|strain;;10-2,GEO Accession;;GSM3291221,GSM3291221,7dCI_10-2,CQ,Contact_inhibited CQ,7 days,,,no,Fibroblast,Foreskin,no,CQ,no hTERT/immortal/SV40/telomerase mention in GEO sample or series record
SRR7537851,SRP154382,Global mapping of polyadenylation site use in proliferating and quiescent (contact-inhibited and serum-starved) cells,single,Illumina HiSeq 2000,Homo sapiens,SRP154382,Global mapping of polyadenylation site use in proliferating and quiescent (contact-inhibited and serum-starved) cells,single,Illumina HiSeq 2000,Homo sapiens,HDF 10-2,Primary,SRP154382,Global mapping of polyadenylation site use in proliferating and quiescent (contact-inhibited and serum-starved) cells,"Purpose: To determine genes that undergo alternative polyadenylation in proliferating versus quiescent fibroblasts. Methods: Three different biological replicates (fibroblast strains, 10-1, 12-1, and 12-2) were used for generating proliferating and quiescent (7-day contact inhibited and 7-day serum-starved) cells. RNA extracted from these cells were used for library preparation. cDNA fragments were enriched for the junction between the poly(A) site and the end of the 3'' UTR using a modified high throughput sequencing protocol (GnomeGen). cDNA libraries were created according to Gnome-Gen RNA-seq library preparation kit for RNA profiling except Amgen Ampure XP beads were used instead of the Gnome-gen size selector product to remove ligation reaction products before proceeding to the reverse transcription step.  The libraries were sequenced on an Illumina HiSeq 2000 instrument. The sequencing reaction wasa run for 147 cycles. Reads from pol(A) enriched cDNA libraries were aligned to the genome using the STAR alignment algorithm after the computational removal of untemplated adenosines. Results: Polyadenylation site selection was significantly altered in approximately 10% of genes in quiescent compared with proliferating fibroblasts.  Contact inhibited and serum starved fibroblasts had similar polyadenylation site selection profiles. Conclusions: Quiescence is associated with changes in polyadenylation site selection. Overall design: Three samples of proliferating fibroblasts, three samples of contact inhibited fibroblasts and three samples of 7-day serum starved fibroblasts were analyzed with polyadenylation site-enriched RNA-Seq.",GSM3291222: 7dCI_12-1; Homo sapiens; RNA-Seq,Illumina HiSeq 2000,cell growth conditions;;7 day contact inhibited cells (quiescent)|cell type;;human dermal fibroblasts (foreskin)|source_name;;7-day contact inhibited_fibroblasts|strain;;12-1,GEO Accession;;GSM3291222,GSM3291222,7dCI_12-1,CQ,Contact_inhibited CQ,7 days,,,no,Fibroblast,Foreskin,no,CQ,no hTERT/immortal/SV40/telomerase mention in GEO sample or series record
SRR7537852,SRP154382,Global mapping of polyadenylation site use in proliferating and quiescent (contact-inhibited and serum-starved) cells,single,Illumina HiSeq 2000,Homo sapiens,SRP154382,Global mapping of polyadenylation site use in proliferating and quiescent (contact-inhibited and serum-starved) cells,single,Illumina HiSeq 2000,Homo sapiens,HDF 10-2,Primary,SRP154382,Global mapping of polyadenylation site use in proliferating and quiescent (contact-inhibited and serum-starved) cells,"Purpose: To determine genes that undergo alternative polyadenylation in proliferating versus quiescent fibroblasts. Methods: Three different biological replicates (fibroblast strains, 10-1, 12-1, and 12-2) were used for generating proliferating and quiescent (7-day contact inhibited and 7-day serum-starved) cells. RNA extracted from these cells were used for library preparation. cDNA fragments were enriched for the junction between the poly(A) site and the end of the 3'' UTR using a modified high throughput sequencing protocol (GnomeGen). cDNA libraries were created according to Gnome-Gen RNA-seq library preparation kit for RNA profiling except Amgen Ampure XP beads were used instead of the Gnome-gen size selector product to remove ligation reaction products before proceeding to the reverse transcription step.  The libraries were sequenced on an Illumina HiSeq 2000 instrument. The sequencing reaction wasa run for 147 cycles. Reads from pol(A) enriched cDNA libraries were aligned to the genome using the STAR alignment algorithm after the computational removal of untemplated adenosines. Results: Polyadenylation site selection was significantly altered in approximately 10% of genes in quiescent compared with proliferating fibroblasts.  Contact inhibited and serum starved fibroblasts had similar polyadenylation site selection profiles. Conclusions: Quiescence is associated with changes in polyadenylation site selection. Overall design: Three samples of proliferating fibroblasts, three samples of contact inhibited fibroblasts and three samples of 7-day serum starved fibroblasts were analyzed with polyadenylation site-enriched RNA-Seq.",GSM3291223: 7dCI_12-2; Homo sapiens; RNA-Seq,Illumina HiSeq 2000,cell growth conditions;;7 day contact inhibited cells (quiescent)|cell type;;human dermal fibroblasts (foreskin)|source_name;;7-day contact inhibited_fibroblasts|strain;;12-2,GEO Accession;;GSM3291223,GSM3291223,7dCI_12-2,CQ,Contact_inhibited CQ,7 days,,,no,Fibroblast,Foreskin,no,CQ,no hTERT/immortal/SV40/telomerase mention in GEO sample or series record
SRR7537853,SRP154382,Global mapping of polyadenylation site use in proliferating and quiescent (contact-inhibited and serum-starved) cells,single,Illumina HiSeq 2000,Homo sapiens,SRP154382,Global mapping of polyadenylation site use in proliferating and quiescent (contact-inhibited and serum-starved) cells,single,Illumina HiSeq 2000,Homo sapiens,HDF 10-2,Primary,SRP154382,Global mapping of polyadenylation site use in proliferating and quiescent (contact-inhibited and serum-starved) cells,"Purpose: To determine genes that undergo alternative polyadenylation in proliferating versus quiescent fibroblasts. Methods: Three different biological replicates (fibroblast strains, 10-1, 12-1, and 12-2) were used for generating proliferating and quiescent (7-day contact inhibited and 7-day serum-starved) cells. RNA extracted from these cells were used for library preparation. cDNA fragments were enriched for the junction between the poly(A) site and the end of the 3'' UTR using a modified high throughput sequencing protocol (GnomeGen). cDNA libraries were created according to Gnome-Gen RNA-seq library preparation kit for RNA profiling except Amgen Ampure XP beads were used instead of the Gnome-gen size selector product to remove ligation reaction products before proceeding to the reverse transcription step.  The libraries were sequenced on an Illumina HiSeq 2000 instrument. The sequencing reaction wasa run for 147 cycles. Reads from pol(A) enriched cDNA libraries were aligned to the genome using the STAR alignment algorithm after the computational removal of untemplated adenosines. Results: Polyadenylation site selection was significantly altered in approximately 10% of genes in quiescent compared with proliferating fibroblasts.  Contact inhibited and serum starved fibroblasts had similar polyadenylation site selection profiles. Conclusions: Quiescence is associated with changes in polyadenylation site selection. Overall design: Three samples of proliferating fibroblasts, three samples of contact inhibited fibroblasts and three samples of 7-day serum starved fibroblasts were analyzed with polyadenylation site-enriched RNA-Seq.",GSM3291224: 7dSS_10-2; Homo sapiens; RNA-Seq,Illumina HiSeq 2000,cell growth conditions;;7 day serum starved cells (quiescent)|cell type;;human dermal fibroblasts (foreskin)|source_name;;7-day serum-starved_fibroblasts|strain;;10-2,GEO Accession;;GSM3291224,GSM3291224,7dSS_10-2,CQ,Serum_starved CQ,7 days,,,no,Fibroblast,Foreskin,no,CQ,no hTERT/immortal/SV40/telomerase mention in GEO sample or series record
SRR7537854,SRP154382,Global mapping of polyadenylation site use in proliferating and quiescent (contact-inhibited and serum-starved) cells,single,Illumina HiSeq 2000,Homo sapiens,SRP154382,Global mapping of polyadenylation site use in proliferating and quiescent (contact-inhibited and serum-starved) cells,single,Illumina HiSeq 2000,Homo sapiens,HDF 10-2,Primary,SRP154382,Global mapping of polyadenylation site use in proliferating and quiescent (contact-inhibited and serum-starved) cells,"Purpose: To determine genes that undergo alternative polyadenylation in proliferating versus quiescent fibroblasts. Methods: Three different biological replicates (fibroblast strains, 10-1, 12-1, and 12-2) were used for generating proliferating and quiescent (7-day contact inhibited and 7-day serum-starved) cells. RNA extracted from these cells were used for library preparation. cDNA fragments were enriched for the junction between the poly(A) site and the end of the 3'' UTR using a modified high throughput sequencing protocol (GnomeGen). cDNA libraries were created according to Gnome-Gen RNA-seq library preparation kit for RNA profiling except Amgen Ampure XP beads were used instead of the Gnome-gen size selector product to remove ligation reaction products before proceeding to the reverse transcription step.  The libraries were sequenced on an Illumina HiSeq 2000 instrument. The sequencing reaction wasa run for 147 cycles. Reads from pol(A) enriched cDNA libraries were aligned to the genome using the STAR alignment algorithm after the computational removal of untemplated adenosines. Results: Polyadenylation site selection was significantly altered in approximately 10% of genes in quiescent compared with proliferating fibroblasts.  Contact inhibited and serum starved fibroblasts had similar polyadenylation site selection profiles. Conclusions: Quiescence is associated with changes in polyadenylation site selection. Overall design: Three samples of proliferating fibroblasts, three samples of contact inhibited fibroblasts and three samples of 7-day serum starved fibroblasts were analyzed with polyadenylation site-enriched RNA-Seq.",GSM3291225: 7dSS_12-1; Homo sapiens; RNA-Seq,Illumina HiSeq 2000,cell growth conditions;;7 day serum starved cells (quiescent)|cell type;;human dermal fibroblasts (foreskin)|source_name;;7-day serum-starved_fibroblasts|strain;;12-1,GEO Accession;;GSM3291225,GSM3291225,7dSS_12-1,CQ,Serum_starved CQ,7 days,,,no,Fibroblast,Foreskin,no,CQ,no hTERT/immortal/SV40/telomerase mention in GEO sample or series record
SRR7537855,SRP154382,Global mapping of polyadenylation site use in proliferating and quiescent (contact-inhibited and serum-starved) cells,single,Illumina HiSeq 2000,Homo sapiens,SRP154382,Global mapping of polyadenylation site use in proliferating and quiescent (contact-inhibited and serum-starved) cells,single,Illumina HiSeq 2000,Homo sapiens,HDF 10-2,Primary,SRP154382,Global mapping of polyadenylation site use in proliferating and quiescent (contact-inhibited and serum-starved) cells,"Purpose: To determine genes that undergo alternative polyadenylation in proliferating versus quiescent fibroblasts. Methods: Three different biological replicates (fibroblast strains, 10-1, 12-1, and 12-2) were used for generating proliferating and quiescent (7-day contact inhibited and 7-day serum-starved) cells. RNA extracted from these cells were used for library preparation. cDNA fragments were enriched for the junction between the poly(A) site and the end of the 3'' UTR using a modified high throughput sequencing protocol (GnomeGen). cDNA libraries were created according to Gnome-Gen RNA-seq library preparation kit for RNA profiling except Amgen Ampure XP beads were used instead of the Gnome-gen size selector product to remove ligation reaction products before proceeding to the reverse transcription step.  The libraries were sequenced on an Illumina HiSeq 2000 instrument. The sequencing reaction wasa run for 147 cycles. Reads from pol(A) enriched cDNA libraries were aligned to the genome using the STAR alignment algorithm after the computational removal of untemplated adenosines. Results: Polyadenylation site selection was significantly altered in approximately 10% of genes in quiescent compared with proliferating fibroblasts.  Contact inhibited and serum starved fibroblasts had similar polyadenylation site selection profiles. Conclusions: Quiescence is associated with changes in polyadenylation site selection. Overall design: Three samples of proliferating fibroblasts, three samples of contact inhibited fibroblasts and three samples of 7-day serum starved fibroblasts were analyzed with polyadenylation site-enriched RNA-Seq.",GSM3291226: 7dSS_12-2; Homo sapiens; RNA-Seq,Illumina HiSeq 2000,cell growth conditions;;7 day serum starved cells (quiescent)|cell type;;human dermal fibroblasts (foreskin)|source_name;;7-day serum-starved_fibroblasts|strain;;12-2,GEO Accession;;GSM3291226,GSM3291226,7dSS_12-2,CQ,Serum_starved CQ,7 days,,,no,Fibroblast,Foreskin,no,CQ,no hTERT/immortal/SV40/telomerase mention in GEO sample or series record
SRR5859295,SRP113329,Transcriptomic analysis of senescent cells upon EXOC7 knockdown.,single,Illumina HiSeq 2500,Homo sapiens,SRP113329,Transcriptomic analysis of senescent cells upon EXOC7 knockdown.,single,Illumina HiSeq 2500,Homo sapiens,IMR90 ER:RAS,IMR-90,SRP113329,Transcriptomic analysis of senescent cells upon EXOC7 knockdown.,"IMR90 ER:RAS cells were transfected with scramble siRNA or 2 deconvoluted siRNAs targeting EXOC7 or an siRNA targeting PTBP1. The next day the cells were treated with 4OHT to induce senescence. 5 days later the cells were collected for total mRNA analysis. Our previous experiments had shown that alternative splicing of EXOC7 depends on PTBP1 and PTBP1 is a target for suppressing pro-inflammatory factors in senescence. By performing RNA-seq we confirmed that the pro-inflammatory factors whose expression depends on PTBP1 equally depends on EXOC7. Overall design: 5 conditions were examined: proliferating cells (si_Scramble), senescent cells (si_Scramble + 4OHT), senescent cells transfected with an siRNA targeting EXOC7 (si_EXOC7_3 + 4OHT), senescent cells transfected with a different siRNA targeting EXOC7 (si_EXOC7_4 + 4OHT) and senescent cells transfected with an siRNA targeting PTBP1 (si_PTBP1_5 + 4OHT).",GSM2714553: si_Scramble + 4OHT Replicate 1; Homo sapiens; RNA-Seq,Illumina HiSeq 2500,days after 4oht induction;;5|imr90 passage;;14|source_name;;IMR90 ER:RAS|state;;senescent|transfection;;scramble siRNA,GEO Accession;;GSM2714553,GSM2714553,si_Scramble + 4OHT Replicate 1,CS,Oncogene-induced CS,100 nM 4OHT,8 days,scramble siRNA + HRASG12V,no,Fibroblast,Lung,no,Oncogene-induced CS,no hTERT/immortal/SV40/telomerase mention in GEO sample or series record
SRR5859300,SRP113329,Transcriptomic analysis of senescent cells upon EXOC7 knockdown.,single,Illumina HiSeq 2500,Homo sapiens,SRP113329,Transcriptomic analysis of senescent cells upon EXOC7 knockdown.,single,Illumina HiSeq 2500,Homo sapiens,IMR90 ER:RAS,IMR-90,SRP113329,Transcriptomic analysis of senescent cells upon EXOC7 knockdown.,"IMR90 ER:RAS cells were transfected with scramble siRNA or 2 deconvoluted siRNAs targeting EXOC7 or an siRNA targeting PTBP1. The next day the cells were treated with 4OHT to induce senescence. 5 days later the cells were collected for total mRNA analysis. Our previous experiments had shown that alternative splicing of EXOC7 depends on PTBP1 and PTBP1 is a target for suppressing pro-inflammatory factors in senescence. By performing RNA-seq we confirmed that the pro-inflammatory factors whose expression depends on PTBP1 equally depends on EXOC7. Overall design: 5 conditions were examined: proliferating cells (si_Scramble), senescent cells (si_Scramble + 4OHT), senescent cells transfected with an siRNA targeting EXOC7 (si_EXOC7_3 + 4OHT), senescent cells transfected with a different siRNA targeting EXOC7 (si_EXOC7_4 + 4OHT) and senescent cells transfected with an siRNA targeting PTBP1 (si_PTBP1_5 + 4OHT).",GSM2714558: si_Scramble + 4OHT Replicate 2; Homo sapiens; RNA-Seq,Illumina HiSeq 2500,days after 4oht induction;;5|imr90 passage;;14|source_name;;IMR90 ER:RAS|state;;senescent|transfection;;scramble siRNA,GEO Accession;;GSM2714558,GSM2714558,si_Scramble + 4OHT Replicate 2,CS,Oncogene-induced CS,100 nM 4OHT,8 days,scramble siRNA + HRASG12V,no,Fibroblast,Lung,no,Oncogene-induced CS,no hTERT/immortal/SV40/telomerase mention in GEO sample or series record
SRR5859304,SRP113329,Transcriptomic analysis of senescent cells upon EXOC7 knockdown.,single,Illumina HiSeq 2500,Homo sapiens,SRP113329,Transcriptomic analysis of senescent cells upon EXOC7 knockdown.,single,Illumina HiSeq 2500,Homo sapiens,IMR90 ER:RAS,IMR-90,SRP113329,Transcriptomic analysis of senescent cells upon EXOC7 knockdown.,"IMR90 ER:RAS cells were transfected with scramble siRNA or 2 deconvoluted siRNAs targeting EXOC7 or an siRNA targeting PTBP1. The next day the cells were treated with 4OHT to induce senescence. 5 days later the cells were collected for total mRNA analysis. Our previous experiments had shown that alternative splicing of EXOC7 depends on PTBP1 and PTBP1 is a target for suppressing pro-inflammatory factors in senescence. By performing RNA-seq we confirmed that the pro-inflammatory factors whose expression depends on PTBP1 equally depends on EXOC7. Overall design: 5 conditions were examined: proliferating cells (si_Scramble), senescent cells (si_Scramble + 4OHT), senescent cells transfected with an siRNA targeting EXOC7 (si_EXOC7_3 + 4OHT), senescent cells transfected with a different siRNA targeting EXOC7 (si_EXOC7_4 + 4OHT) and senescent cells transfected with an siRNA targeting PTBP1 (si_PTBP1_5 + 4OHT).",GSM2714562: si_Scramble Replicate 3; Homo sapiens; RNA-Seq,Illumina HiSeq 2500,days after 4oht induction;;5|imr90 passage;;14|source_name;;IMR90 ER:RAS|state;;proliferating|transfection;;scramble siRNA,GEO Accession;;GSM2714562,GSM2714562,si_Scramble Replicate 3,Proliferating,Proliferating,,,scramble siRNA + HRASG12V,no,Fibroblast,Lung,no,Proliferating,no hTERT/immortal/SV40/telomerase mention in GEO sample or series record
SRR5859294,SRP113329,Transcriptomic analysis of senescent cells upon EXOC7 knockdown.,single,Illumina HiSeq 2500,Homo sapiens,SRP113329,Transcriptomic analysis of senescent cells upon EXOC7 knockdown.,single,Illumina HiSeq 2500,Homo sapiens,IMR90 ER:RAS,IMR-90,SRP113329,Transcriptomic analysis of senescent cells upon EXOC7 knockdown.,"IMR90 ER:RAS cells were transfected with scramble siRNA or 2 deconvoluted siRNAs targeting EXOC7 or an siRNA targeting PTBP1. The next day the cells were treated with 4OHT to induce senescence. 5 days later the cells were collected for total mRNA analysis. Our previous experiments had shown that alternative splicing of EXOC7 depends on PTBP1 and PTBP1 is a target for suppressing pro-inflammatory factors in senescence. By performing RNA-seq we confirmed that the pro-inflammatory factors whose expression depends on PTBP1 equally depends on EXOC7. Overall design: 5 conditions were examined: proliferating cells (si_Scramble), senescent cells (si_Scramble + 4OHT), senescent cells transfected with an siRNA targeting EXOC7 (si_EXOC7_3 + 4OHT), senescent cells transfected with a different siRNA targeting EXOC7 (si_EXOC7_4 + 4OHT) and senescent cells transfected with an siRNA targeting PTBP1 (si_PTBP1_5 + 4OHT).",GSM2714552: si_Scramble Replicate 1; Homo sapiens; RNA-Seq,Illumina HiSeq 2500,days after 4oht induction;;5|imr90 passage;;14|source_name;;IMR90 ER:RAS|state;;proliferating|transfection;;scramble siRNA,GEO Accession;;GSM2714552,GSM2714552,si_Scramble Replicate 1,Proliferating,Proliferating,,,scramble siRNA + HRASG12V,no,Fibroblast,Lung,no,Proliferating,no hTERT/immortal/SV40/telomerase mention in GEO sample or series record
SRR5859299,SRP113329,Transcriptomic analysis of senescent cells upon EXOC7 knockdown.,single,Illumina HiSeq 2500,Homo sapiens,SRP113329,Transcriptomic analysis of senescent cells upon EXOC7 knockdown.,single,Illumina HiSeq 2500,Homo sapiens,IMR90 ER:RAS,IMR-90,SRP113329,Transcriptomic analysis of senescent cells upon EXOC7 knockdown.,"IMR90 ER:RAS cells were transfected with scramble siRNA or 2 deconvoluted siRNAs targeting EXOC7 or an siRNA targeting PTBP1. The next day the cells were treated with 4OHT to induce senescence. 5 days later the cells were collected for total mRNA analysis. Our previous experiments had shown that alternative splicing of EXOC7 depends on PTBP1 and PTBP1 is a target for suppressing pro-inflammatory factors in senescence. By performing RNA-seq we confirmed that the pro-inflammatory factors whose expression depends on PTBP1 equally depends on EXOC7. Overall design: 5 conditions were examined: proliferating cells (si_Scramble), senescent cells (si_Scramble + 4OHT), senescent cells transfected with an siRNA targeting EXOC7 (si_EXOC7_3 + 4OHT), senescent cells transfected with a different siRNA targeting EXOC7 (si_EXOC7_4 + 4OHT) and senescent cells transfected with an siRNA targeting PTBP1 (si_PTBP1_5 + 4OHT).",GSM2714557: si_Scramble Replicate 2; Homo sapiens; RNA-Seq,Illumina HiSeq 2500,days after 4oht induction;;5|imr90 passage;;14|source_name;;IMR90 ER:RAS|state;;proliferating|transfection;;scramble siRNA,GEO Accession;;GSM2714557,GSM2714557,si_Scramble Replicate 2,Proliferating,Proliferating,,,scramble siRNA + HRASG12V,no,Fibroblast,Lung,no,Proliferating,no hTERT/immortal/SV40/telomerase mention in GEO sample or series record
SRR5859305,SRP113329,Transcriptomic analysis of senescent cells upon EXOC7 knockdown.,single,Illumina HiSeq 2500,Homo sapiens,SRP113329,Transcriptomic analysis of senescent cells upon EXOC7 knockdown.,single,Illumina HiSeq 2500,Homo sapiens,IMR90 ER:RAS,IMR-90,SRP113329,Transcriptomic analysis of senescent cells upon EXOC7 knockdown.,"IMR90 ER:RAS cells were transfected with scramble siRNA or 2 deconvoluted siRNAs targeting EXOC7 or an siRNA targeting PTBP1. The next day the cells were treated with 4OHT to induce senescence. 5 days later the cells were collected for total mRNA analysis. Our previous experiments had shown that alternative splicing of EXOC7 depends on PTBP1 and PTBP1 is a target for suppressing pro-inflammatory factors in senescence. By performing RNA-seq we confirmed that the pro-inflammatory factors whose expression depends on PTBP1 equally depends on EXOC7. Overall design: 5 conditions were examined: proliferating cells (si_Scramble), senescent cells (si_Scramble + 4OHT), senescent cells transfected with an siRNA targeting EXOC7 (si_EXOC7_3 + 4OHT), senescent cells transfected with a different siRNA targeting EXOC7 (si_EXOC7_4 + 4OHT) and senescent cells transfected with an siRNA targeting PTBP1 (si_PTBP1_5 + 4OHT).",GSM2714563: si_Scramble + 4OHT Replicate 3; Homo sapiens; RNA-Seq,Illumina HiSeq 2500,days after 4oht induction;;5|imr90 passage;;14|source_name;;IMR90 ER:RAS|state;;senescent|transfection;;scramble siRNA,GEO Accession;;GSM2714563,GSM2714563,si_Scramble + 4OHT Replicate 3,CS,Oncogene-induced CS,100 nM 4OHT,8 days,scramble siRNA + HRASG12V,no,Fibroblast,Lung,no,Oncogene-induced CS,no hTERT/immortal/SV40/telomerase mention in GEO sample or series record
SRR5169351,SRP096629,RNAseq of quiescent (Q) and stress induced premature senescent (SIPS) fibroblasts treated with plant extract (1201) from Solidago vigaurea subspecies alpestris,single,Illumina HiSeq 2500,Homo sapiens,SRP096629,RNAseq of quiescent (Q) and stress induced premature senescent (SIPS) fibroblasts treated with plant extract (1201) from Solidago vigaurea subspecies alpestris,single,Illumina HiSeq 2500,Homo sapiens,HDF161,Primary,SRP096629,RNAseq of quiescent (Q) and stress induced premature senescent (SIPS) fibroblasts treated with plant extract (1201) from Solidago vigaurea subspecies alpestris,"Quiescent (Q) and stress induced premature senescent (SIPS) fibroblasts were treated for the duration of 4 days with growth medium supplemented with a plant extract (1201) from Solidago vigaurea subspecies alpestris. Rna was isolated with Trizol and sent to GATC for next generation sequencing with Ilumina technology. The plant extract proofed to block the negative effects of senescence in human skin fibroblasts in various experiments by delaying the acquisition of a senescent phenotype/favouring a papillary-like phenotype and attenuating the senescence associated secretory phenotype. The RNAseq was performed to understand the underlying molecular mechanism of the observed effects. SIPS was induced by chronic oxidative stress treatment (9 days with 1 h 100 µM H2O2 per day). Overall design: 12 samples in total. Quiescent cells (Q), quiescent cells treated with 1201 for 4 days (Q1201), stress induced premature senescent cells (SIPS) and stress induced premature senescent cells treated with 1201 for 4 days (SIPS1201), all conditions in triplicates. Quiescent cells are considered the appropiate control for senescent cells.",GSM2454318: Q_1; Homo sapiens; RNA-Seq,Illumina HiSeq 2500,cell line;;HDF161|cells type;;human dermal fibroblasts|population doubling;;15|source_name;;dermis from human abdominoplasty,GEO Accession;;GSM2454318,GSM2454318,Q_1,CQ,Contact_inhibited CQ,contact-inhibited,,,no,Fibroblast,Skin,no,CQ,no hTERT/immortal/SV40/telomerase mention in GEO sample or series record
SRR5169352,SRP096629,RNAseq of quiescent (Q) and stress induced premature senescent (SIPS) fibroblasts treated with plant extract (1201) from Solidago vigaurea subspecies alpestris,single,Illumina HiSeq 2500,Homo sapiens,SRP096629,RNAseq of quiescent (Q) and stress induced premature senescent (SIPS) fibroblasts treated with plant extract (1201) from Solidago vigaurea subspecies alpestris,single,Illumina HiSeq 2500,Homo sapiens,HDF161,Primary,SRP096629,RNAseq of quiescent (Q) and stress induced premature senescent (SIPS) fibroblasts treated with plant extract (1201) from Solidago vigaurea subspecies alpestris,"Quiescent (Q) and stress induced premature senescent (SIPS) fibroblasts were treated for the duration of 4 days with growth medium supplemented with a plant extract (1201) from Solidago vigaurea subspecies alpestris. Rna was isolated with Trizol and sent to GATC for next generation sequencing with Ilumina technology. The plant extract proofed to block the negative effects of senescence in human skin fibroblasts in various experiments by delaying the acquisition of a senescent phenotype/favouring a papillary-like phenotype and attenuating the senescence associated secretory phenotype. The RNAseq was performed to understand the underlying molecular mechanism of the observed effects. SIPS was induced by chronic oxidative stress treatment (9 days with 1 h 100 µM H2O2 per day). Overall design: 12 samples in total. Quiescent cells (Q), quiescent cells treated with 1201 for 4 days (Q1201), stress induced premature senescent cells (SIPS) and stress induced premature senescent cells treated with 1201 for 4 days (SIPS1201), all conditions in triplicates. Quiescent cells are considered the appropiate control for senescent cells.",GSM2454319: Q_2; Homo sapiens; RNA-Seq,Illumina HiSeq 2500,cell line;;HDF161|cells type;;human dermal fibroblasts|population doubling;;15|source_name;;dermis from human abdominoplasty,GEO Accession;;GSM2454319,GSM2454319,Q_2,CQ,Contact_inhibited CQ,contact-inhibited,,,no,Fibroblast,Skin,no,CQ,no hTERT/immortal/SV40/telomerase mention in GEO sample or series record
SRR5169354,SRP096629,RNAseq of quiescent (Q) and stress induced premature senescent (SIPS) fibroblasts treated with plant extract (1201) from Solidago vigaurea subspecies alpestris,single,Illumina HiSeq 2500,Homo sapiens,SRP096629,RNAseq of quiescent (Q) and stress induced premature senescent (SIPS) fibroblasts treated with plant extract (1201) from Solidago vigaurea subspecies alpestris,single,Illumina HiSeq 2500,Homo sapiens,HDF161,Primary,SRP096629,RNAseq of quiescent (Q) and stress induced premature senescent (SIPS) fibroblasts treated with plant extract (1201) from Solidago vigaurea subspecies alpestris,"Quiescent (Q) and stress induced premature senescent (SIPS) fibroblasts were treated for the duration of 4 days with growth medium supplemented with a plant extract (1201) from Solidago vigaurea subspecies alpestris. Rna was isolated with Trizol and sent to GATC for next generation sequencing with Ilumina technology. The plant extract proofed to block the negative effects of senescence in human skin fibroblasts in various experiments by delaying the acquisition of a senescent phenotype/favouring a papillary-like phenotype and attenuating the senescence associated secretory phenotype. The RNAseq was performed to understand the underlying molecular mechanism of the observed effects. SIPS was induced by chronic oxidative stress treatment (9 days with 1 h 100 µM H2O2 per day). Overall design: 12 samples in total. Quiescent cells (Q), quiescent cells treated with 1201 for 4 days (Q1201), stress induced premature senescent cells (SIPS) and stress induced premature senescent cells treated with 1201 for 4 days (SIPS1201), all conditions in triplicates. Quiescent cells are considered the appropiate control for senescent cells.",GSM2454320: Q_3; Homo sapiens; RNA-Seq,Illumina HiSeq 2500,cell line;;HDF161|cells type;;human dermal fibroblasts|population doubling;;15|source_name;;dermis from human abdominoplasty,GEO Accession;;GSM2454320,GSM2454320,Q_3,CQ,Contact_inhibited CQ,contact-inhibited,,,no,Fibroblast,Skin,no,CQ,no hTERT/immortal/SV40/telomerase mention in GEO sample or series record
SRR5169358,SRP096629,RNAseq of quiescent (Q) and stress induced premature senescent (SIPS) fibroblasts treated with plant extract (1201) from Solidago vigaurea subspecies alpestris,single,Illumina HiSeq 2500,Homo sapiens,SRP096629,RNAseq of quiescent (Q) and stress induced premature senescent (SIPS) fibroblasts treated with plant extract (1201) from Solidago vigaurea subspecies alpestris,single,Illumina HiSeq 2500,Homo sapiens,HDF161,Primary,SRP096629,RNAseq of quiescent (Q) and stress induced premature senescent (SIPS) fibroblasts treated with plant extract (1201) from Solidago vigaurea subspecies alpestris,"Quiescent (Q) and stress induced premature senescent (SIPS) fibroblasts were treated for the duration of 4 days with growth medium supplemented with a plant extract (1201) from Solidago vigaurea subspecies alpestris. Rna was isolated with Trizol and sent to GATC for next generation sequencing with Ilumina technology. The plant extract proofed to block the negative effects of senescence in human skin fibroblasts in various experiments by delaying the acquisition of a senescent phenotype/favouring a papillary-like phenotype and attenuating the senescence associated secretory phenotype. The RNAseq was performed to understand the underlying molecular mechanism of the observed effects. SIPS was induced by chronic oxidative stress treatment (9 days with 1 h 100 µM H2O2 per day). Overall design: 12 samples in total. Quiescent cells (Q), quiescent cells treated with 1201 for 4 days (Q1201), stress induced premature senescent cells (SIPS) and stress induced premature senescent cells treated with 1201 for 4 days (SIPS1201), all conditions in triplicates. Quiescent cells are considered the appropiate control for senescent cells.",GSM2454324: SIPS_1; Homo sapiens; RNA-Seq,Illumina HiSeq 2500,cell line;;HDF161|cells type;;human dermal fibroblasts|population doubling;;15|source_name;;dermis from human abdominoplasty,GEO Accession;;GSM2454324,GSM2454324,SIPS_1,CS,Stress-induced CS,100 µM H2O2 for 1 hour 9 times,4 days,,no,Fibroblast,Skin,no,Stress-induced CS,no hTERT/immortal/SV40/telomerase mention in GEO sample or series record
SRR5169359,SRP096629,RNAseq of quiescent (Q) and stress induced premature senescent (SIPS) fibroblasts treated with plant extract (1201) from Solidago vigaurea subspecies alpestris,single,Illumina HiSeq 2500,Homo sapiens,SRP096629,RNAseq of quiescent (Q) and stress induced premature senescent (SIPS) fibroblasts treated with plant extract (1201) from Solidago vigaurea subspecies alpestris,single,Illumina HiSeq 2500,Homo sapiens,HDF161,Primary,SRP096629,RNAseq of quiescent (Q) and stress induced premature senescent (SIPS) fibroblasts treated with plant extract (1201) from Solidago vigaurea subspecies alpestris,"Quiescent (Q) and stress induced premature senescent (SIPS) fibroblasts were treated for the duration of 4 days with growth medium supplemented with a plant extract (1201) from Solidago vigaurea subspecies alpestris. Rna was isolated with Trizol and sent to GATC for next generation sequencing with Ilumina technology. The plant extract proofed to block the negative effects of senescence in human skin fibroblasts in various experiments by delaying the acquisition of a senescent phenotype/favouring a papillary-like phenotype and attenuating the senescence associated secretory phenotype. The RNAseq was performed to understand the underlying molecular mechanism of the observed effects. SIPS was induced by chronic oxidative stress treatment (9 days with 1 h 100 µM H2O2 per day). Overall design: 12 samples in total. Quiescent cells (Q), quiescent cells treated with 1201 for 4 days (Q1201), stress induced premature senescent cells (SIPS) and stress induced premature senescent cells treated with 1201 for 4 days (SIPS1201), all conditions in triplicates. Quiescent cells are considered the appropiate control for senescent cells.",GSM2454325: SIPS_2; Homo sapiens; RNA-Seq,Illumina HiSeq 2500,cell line;;HDF161|cells type;;human dermal fibroblasts|population doubling;;15|source_name;;dermis from human abdominoplasty,GEO Accession;;GSM2454325,GSM2454325,SIPS_2,CS,Stress-induced CS,100 µM H2O2 for 1 hour 9 times,4 days,,no,Fibroblast,Skin,no,Stress-induced CS,no hTERT/immortal/SV40/telomerase mention in GEO sample or series record
SRR5169360,SRP096629,RNAseq of quiescent (Q) and stress induced premature senescent (SIPS) fibroblasts treated with plant extract (1201) from Solidago vigaurea subspecies alpestris,single,Illumina HiSeq 2500,Homo sapiens,SRP096629,RNAseq of quiescent (Q) and stress induced premature senescent (SIPS) fibroblasts treated with plant extract (1201) from Solidago vigaurea subspecies alpestris,single,Illumina HiSeq 2500,Homo sapiens,HDF161,Primary,SRP096629,RNAseq of quiescent (Q) and stress induced premature senescent (SIPS) fibroblasts treated with plant extract (1201) from Solidago vigaurea subspecies alpestris,"Quiescent (Q) and stress induced premature senescent (SIPS) fibroblasts were treated for the duration of 4 days with growth medium supplemented with a plant extract (1201) from Solidago vigaurea subspecies alpestris. Rna was isolated with Trizol and sent to GATC for next generation sequencing with Ilumina technology. The plant extract proofed to block the negative effects of senescence in human skin fibroblasts in various experiments by delaying the acquisition of a senescent phenotype/favouring a papillary-like phenotype and attenuating the senescence associated secretory phenotype. The RNAseq was performed to understand the underlying molecular mechanism of the observed effects. SIPS was induced by chronic oxidative stress treatment (9 days with 1 h 100 µM H2O2 per day). Overall design: 12 samples in total. Quiescent cells (Q), quiescent cells treated with 1201 for 4 days (Q1201), stress induced premature senescent cells (SIPS) and stress induced premature senescent cells treated with 1201 for 4 days (SIPS1201), all conditions in triplicates. Quiescent cells are considered the appropiate control for senescent cells.",GSM2454326: SIPS_3; Homo sapiens; RNA-Seq,Illumina HiSeq 2500,cell line;;HDF161|cells type;;human dermal fibroblasts|population doubling;;15|source_name;;dermis from human abdominoplasty,GEO Accession;;GSM2454326,GSM2454326,SIPS_3,CS,Stress-induced CS,100 µM H2O2 for 1 hour 9 times,4 days,,no,Fibroblast,Skin,no,Stress-induced CS,no hTERT/immortal/SV40/telomerase mention in GEO sample or series record
SRR1567487,SRP046254,Analysis of the senescent transcriptome upon expression of a ZFP36L1 phosphomutant,paired,Illumina HiSeq 2500,Homo sapiens,SRP046254,Analysis of the senescent transcriptome upon expression of a ZFP36L1 phosphomutant,paired,Illumina HiSeq 2500,Homo sapiens,IMR90 ER:RAS,IMR-90,SRP046254,Analysis of the senescent transcriptome upon expression of a ZFP36L1 phosphomutant,"We expressed either a wt or a phosphomutant version of ZFP36L1 in IMR90 ER:RAS cells. 7 days upon RAS induction (when the cells reach a fully senescent phenotype) we collected the RNA. ZFP36L1 is a RNA binding protein that binds to AU-rich elements in the 3’UTR of mRNAs and triggers their degradation. Our previous experiments showed that the activity of ZFP36L1 was key in the regulation of the senescent phenotype.By performing RNAseq we have uncovered the effect of expressing a constitutively active mutant of ZFP36L1 within the senescent transcriptome. Overall design: 4 samples examined: Non-senescent cells (EV - 4OHT), Senescent cells (EV + 4OHT), Senescent cells expressing ZFP36L1wt and Senescent cells expressing ZFP36L1mut",GSM1498119: EV - 4OHT Rep1; Homo sapiens; RNA-Seq,Illumina HiSeq 2500,cell line;;IRM90|cell type;;Non-senescent cells|days after 4oht induction;;7|passage;;p15|source_name;;IRM90 ER:RAS,GEO Accession;;GSM1498119,GSM1498119,EV - 4OHT Rep1,Proliferating,Proliferating,,,HRASG12V,no,Fibroblast,Lung,no,Proliferating,no hTERT/immortal/SV40/telomerase mention in GEO sample or series record
SRR1567488,SRP046254,Analysis of the senescent transcriptome upon expression of a ZFP36L1 phosphomutant,paired,Illumina HiSeq 2500,Homo sapiens,SRP046254,Analysis of the senescent transcriptome upon expression of a ZFP36L1 phosphomutant,paired,Illumina HiSeq 2500,Homo sapiens,IMR90 ER:RAS,IMR-90,SRP046254,Analysis of the senescent transcriptome upon expression of a ZFP36L1 phosphomutant,"We expressed either a wt or a phosphomutant version of ZFP36L1 in IMR90 ER:RAS cells. 7 days upon RAS induction (when the cells reach a fully senescent phenotype) we collected the RNA. ZFP36L1 is a RNA binding protein that binds to AU-rich elements in the 3’UTR of mRNAs and triggers their degradation. Our previous experiments showed that the activity of ZFP36L1 was key in the regulation of the senescent phenotype.By performing RNAseq we have uncovered the effect of expressing a constitutively active mutant of ZFP36L1 within the senescent transcriptome. Overall design: 4 samples examined: Non-senescent cells (EV - 4OHT), Senescent cells (EV + 4OHT), Senescent cells expressing ZFP36L1wt and Senescent cells expressing ZFP36L1mut",GSM1498120: EV + 4OHT Rep1; Homo sapiens; RNA-Seq,Illumina HiSeq 2500,cell line;;IRM90|cell type;;senescent cells|days after 4oht induction;;7|passage;;p15|source_name;;IRM90 ER:RAS,GEO Accession;;GSM1498120,GSM1498120,EV + 4OHT Rep1,CS,Oncogene-induced CS,125 nM 4OHT,7 days,HRASG12V,no,Fibroblast,Lung,no,Oncogene-induced CS,no hTERT/immortal/SV40/telomerase mention in GEO sample or series record
SRR1567491,SRP046254,Analysis of the senescent transcriptome upon expression of a ZFP36L1 phosphomutant,paired,Illumina HiSeq 2500,Homo sapiens,SRP046254,Analysis of the senescent transcriptome upon expression of a ZFP36L1 phosphomutant,paired,Illumina HiSeq 2500,Homo sapiens,IMR90 ER:RAS,IMR-90,SRP046254,Analysis of the senescent transcriptome upon expression of a ZFP36L1 phosphomutant,"We expressed either a wt or a phosphomutant version of ZFP36L1 in IMR90 ER:RAS cells. 7 days upon RAS induction (when the cells reach a fully senescent phenotype) we collected the RNA. ZFP36L1 is a RNA binding protein that binds to AU-rich elements in the 3’UTR of mRNAs and triggers their degradation. Our previous experiments showed that the activity of ZFP36L1 was key in the regulation of the senescent phenotype.By performing RNAseq we have uncovered the effect of expressing a constitutively active mutant of ZFP36L1 within the senescent transcriptome. Overall design: 4 samples examined: Non-senescent cells (EV - 4OHT), Senescent cells (EV + 4OHT), Senescent cells expressing ZFP36L1wt and Senescent cells expressing ZFP36L1mut",GSM1498123: EV - 4OHT Rep2; Homo sapiens; RNA-Seq,Illumina HiSeq 2500,cell line;;IRM90|cell type;;Non-senescent cells|days after 4oht induction;;7|passage;;p15|source_name;;IRM90 ER:RAS,GEO Accession;;GSM1498123,GSM1498123,EV - 4OHT Rep2,Proliferating,Proliferating,,,HRASG12V,no,Fibroblast,Lung,no,Proliferating,no hTERT/immortal/SV40/telomerase mention in GEO sample or series record
SRR1567495,SRP046254,Analysis of the senescent transcriptome upon expression of a ZFP36L1 phosphomutant,paired,Illumina HiSeq 2500,Homo sapiens,SRP046254,Analysis of the senescent transcriptome upon expression of a ZFP36L1 phosphomutant,paired,Illumina HiSeq 2500,Homo sapiens,IMR90 ER:RAS,IMR-90,SRP046254,Analysis of the senescent transcriptome upon expression of a ZFP36L1 phosphomutant,"We expressed either a wt or a phosphomutant version of ZFP36L1 in IMR90 ER:RAS cells. 7 days upon RAS induction (when the cells reach a fully senescent phenotype) we collected the RNA. ZFP36L1 is a RNA binding protein that binds to AU-rich elements in the 3’UTR of mRNAs and triggers their degradation. Our previous experiments showed that the activity of ZFP36L1 was key in the regulation of the senescent phenotype.By performing RNAseq we have uncovered the effect of expressing a constitutively active mutant of ZFP36L1 within the senescent transcriptome. Overall design: 4 samples examined: Non-senescent cells (EV - 4OHT), Senescent cells (EV + 4OHT), Senescent cells expressing ZFP36L1wt and Senescent cells expressing ZFP36L1mut",GSM1498127: EV - 4OHT Rep3; Homo sapiens; RNA-Seq,Illumina HiSeq 2500,cell line;;IRM90|cell type;;Non-senescent cells|days after 4oht induction;;7|passage;;p15|source_name;;IRM90 ER:RAS,GEO Accession;;GSM1498127,GSM1498127,EV - 4OHT Rep3,Proliferating,Proliferating,,,HRASG12V,no,Fibroblast,Lung,no,Proliferating,no hTERT/immortal/SV40/telomerase mention in GEO sample or series record
SRR1567496,SRP046254,Analysis of the senescent transcriptome upon expression of a ZFP36L1 phosphomutant,paired,Illumina HiSeq 2500,Homo sapiens,SRP046254,Analysis of the senescent transcriptome upon expression of a ZFP36L1 phosphomutant,paired,Illumina HiSeq 2500,Homo sapiens,IMR90 ER:RAS,IMR-90,SRP046254,Analysis of the senescent transcriptome upon expression of a ZFP36L1 phosphomutant,"We expressed either a wt or a phosphomutant version of ZFP36L1 in IMR90 ER:RAS cells. 7 days upon RAS induction (when the cells reach a fully senescent phenotype) we collected the RNA. ZFP36L1 is a RNA binding protein that binds to AU-rich elements in the 3’UTR of mRNAs and triggers their degradation. Our previous experiments showed that the activity of ZFP36L1 was key in the regulation of the senescent phenotype.By performing RNAseq we have uncovered the effect of expressing a constitutively active mutant of ZFP36L1 within the senescent transcriptome. Overall design: 4 samples examined: Non-senescent cells (EV - 4OHT), Senescent cells (EV + 4OHT), Senescent cells expressing ZFP36L1wt and Senescent cells expressing ZFP36L1mut",GSM1498128: EV + 4OHT Rep3; Homo sapiens; RNA-Seq,Illumina HiSeq 2500,cell line;;IRM90|cell type;;senescent cells|days after 4oht induction;;7|passage;;p15|source_name;;IRM90 ER:RAS,GEO Accession;;GSM1498128,GSM1498128,EV + 4OHT Rep3,CS,Oncogene-induced CS,125 nM 4OHT,7 days,HRASG12V,no,Fibroblast,Lung,no,Oncogene-induced CS,no hTERT/immortal/SV40/telomerase mention in GEO sample or series record
SRR1567492,SRP046254,Analysis of the senescent transcriptome upon expression of a ZFP36L1 phosphomutant,paired,Illumina HiSeq 2500,Homo sapiens,SRP046254,Analysis of the senescent transcriptome upon expression of a ZFP36L1 phosphomutant,paired,Illumina HiSeq 2500,Homo sapiens,IMR90 ER:RAS,IMR-90,SRP046254,Analysis of the senescent transcriptome upon expression of a ZFP36L1 phosphomutant,"We expressed either a wt or a phosphomutant version of ZFP36L1 in IMR90 ER:RAS cells. 7 days upon RAS induction (when the cells reach a fully senescent phenotype) we collected the RNA. ZFP36L1 is a RNA binding protein that binds to AU-rich elements in the 3’UTR of mRNAs and triggers their degradation. Our previous experiments showed that the activity of ZFP36L1 was key in the regulation of the senescent phenotype.By performing RNAseq we have uncovered the effect of expressing a constitutively active mutant of ZFP36L1 within the senescent transcriptome. Overall design: 4 samples examined: Non-senescent cells (EV - 4OHT), Senescent cells (EV + 4OHT), Senescent cells expressing ZFP36L1wt and Senescent cells expressing ZFP36L1mut",GSM1498124: EV + 4OHT Rep2; Homo sapiens; RNA-Seq,Illumina HiSeq 2500,cell line;;IRM90|cell type;;senescent cells|days after 4oht induction;;7|passage;;p15|source_name;;IRM90 ER:RAS,GEO Accession;;GSM1498124,GSM1498124,EV + 4OHT Rep2,CS,Oncogene-induced CS,125 nM 4OHT,7 days,HRASG12V,no,Fibroblast,Lung,no,Oncogene-induced CS,no hTERT/immortal/SV40/telomerase mention in GEO sample or series record
SRR2970873,SRP066947,Massive reshaping of genome - nuclear lamina interactions during oncogene induced senescence,single,Illumina HiSeq 2000,Homo sapiens,SRP066947,Massive reshaping of genome - nuclear lamina interactions during oncogene induced senescence,single,Illumina HiSeq 2000,Homo sapiens,Tig3ET,TIG-3,SRP066947,Massive reshaping of genome - nuclear lamina interactions during oncogene induced senescence,"Background. Cellular senescence is a mechanism that virtually irreversibly suppresses the proliferative capacity of cells in response to various stress signals. This includes the expression of activated oncogenes, which cause Oncogene-Induced Senescence (OIS). A body of evidence points to the involvement of chromatin reorganization, including the formation of senescence-associated heterochromatic foci (SAHF). The nuclear lamina (NL) is an important contributor to genome organization and has been involved in cellular senescence and organismal aging. It interacts with multiple regions of the genome called lamina-associated domains (LADs). Some LADs are cell type-specific, while others are conserved between cell types and are referred to as constitutive LADs. Here, we used DamID to investigate the changes in genome-NL interactions in a model of OIS triggered by the expression of the BRAFV600E oncogene.Results. We found that OIS cells lose most of their constitutive LADs (cLADS), suggesting the loss of a specific mechanism that targets cLADs to the NL. In addition, multiple genes relocated to the NL. Unexpectedly, they were not repressed, implying the abrogation of the repressive activity of the NL during OIS. Finally, OIS cells displayed an increased association of telomeres with the NL.Conclusions. Our study reveals that senescent cells acquire a new type of LAD organization and suggest the existence of as yet unknown mechanisms that tether cLADs to the NL and repress gene expression at the NL.",GSM1961158: Cycling Day 4 Rep 1; Homo sapiens; RNA-Seq,Illumina HiSeq 2000,cell line;;Tig3|cell type;;diploid embryonic lung fibroblasts|day treament;;4|source_name;;Cycling Day 4|time point;;4days after transduction|transduced with;;empty vector (cycling),GEO Accession;;GSM1961158,GSM1961158,Cycling Day 4 Rep 1,Proliferating,Proliferating,,,Empty vector,yes,Fibroblast,Lung,no,Proliferating,"Sample_treatment_protocol: 'Human diploid fibroblast Tig3 cells expressing the ecotropic receptor, hTERT'; Genome Res 27:1634 calls it 'hTERT-immortalized Tig3 fibroblasts (Tig3ET)'"
SRR2970874,SRP066947,Massive reshaping of genome - nuclear lamina interactions during oncogene induced senescence,single,Illumina HiSeq 2000,Homo sapiens,SRP066947,Massive reshaping of genome - nuclear lamina interactions during oncogene induced senescence,single,Illumina HiSeq 2000,Homo sapiens,Tig3ET,TIG-3,SRP066947,Massive reshaping of genome - nuclear lamina interactions during oncogene induced senescence,"Background. Cellular senescence is a mechanism that virtually irreversibly suppresses the proliferative capacity of cells in response to various stress signals. This includes the expression of activated oncogenes, which cause Oncogene-Induced Senescence (OIS). A body of evidence points to the involvement of chromatin reorganization, including the formation of senescence-associated heterochromatic foci (SAHF). The nuclear lamina (NL) is an important contributor to genome organization and has been involved in cellular senescence and organismal aging. It interacts with multiple regions of the genome called lamina-associated domains (LADs). Some LADs are cell type-specific, while others are conserved between cell types and are referred to as constitutive LADs. Here, we used DamID to investigate the changes in genome-NL interactions in a model of OIS triggered by the expression of the BRAFV600E oncogene.Results. We found that OIS cells lose most of their constitutive LADs (cLADS), suggesting the loss of a specific mechanism that targets cLADs to the NL. In addition, multiple genes relocated to the NL. Unexpectedly, they were not repressed, implying the abrogation of the repressive activity of the NL during OIS. Finally, OIS cells displayed an increased association of telomeres with the NL.Conclusions. Our study reveals that senescent cells acquire a new type of LAD organization and suggest the existence of as yet unknown mechanisms that tether cLADs to the NL and repress gene expression at the NL.",GSM1961159: BRAF OIS Day 4 Rep 1; Homo sapiens; RNA-Seq,Illumina HiSeq 2000,cell line;;Tig3|cell type;;diploid embryonic lung fibroblasts|day treament;;4|source_name;;BRAF OIS Day 4|time point;;4days after transduction|transduced with;;pBabe-puro-BRAFE600 (OIS),GEO Accession;;GSM1961159,GSM1961159,BRAF OIS Day 4 Rep 1,CS,Oncogene-induced CS,,4 days,BRAFV600E,yes,Fibroblast,Lung,no,Oncogene-induced CS,"Sample_treatment_protocol: 'Human diploid fibroblast Tig3 cells expressing the ecotropic receptor, hTERT'; Genome Res 27:1634 calls it 'hTERT-immortalized Tig3 fibroblasts (Tig3ET)'"
SRR2970876,SRP066947,Massive reshaping of genome - nuclear lamina interactions during oncogene induced senescence,single,Illumina HiSeq 2000,Homo sapiens,SRP066947,Massive reshaping of genome - nuclear lamina interactions during oncogene induced senescence,single,Illumina HiSeq 2000,Homo sapiens,Tig3ET,TIG-3,SRP066947,Massive reshaping of genome - nuclear lamina interactions during oncogene induced senescence,"Background. Cellular senescence is a mechanism that virtually irreversibly suppresses the proliferative capacity of cells in response to various stress signals. This includes the expression of activated oncogenes, which cause Oncogene-Induced Senescence (OIS). A body of evidence points to the involvement of chromatin reorganization, including the formation of senescence-associated heterochromatic foci (SAHF). The nuclear lamina (NL) is an important contributor to genome organization and has been involved in cellular senescence and organismal aging. It interacts with multiple regions of the genome called lamina-associated domains (LADs). Some LADs are cell type-specific, while others are conserved between cell types and are referred to as constitutive LADs. Here, we used DamID to investigate the changes in genome-NL interactions in a model of OIS triggered by the expression of the BRAFV600E oncogene.Results. We found that OIS cells lose most of their constitutive LADs (cLADS), suggesting the loss of a specific mechanism that targets cLADs to the NL. In addition, multiple genes relocated to the NL. Unexpectedly, they were not repressed, implying the abrogation of the repressive activity of the NL during OIS. Finally, OIS cells displayed an increased association of telomeres with the NL.Conclusions. Our study reveals that senescent cells acquire a new type of LAD organization and suggest the existence of as yet unknown mechanisms that tether cLADs to the NL and repress gene expression at the NL.",GSM1961161: Cycling Day 10 Rep 1; Homo sapiens; RNA-Seq,Illumina HiSeq 2000,cell line;;Tig3|cell type;;diploid embryonic lung fibroblasts|day treament;;10|source_name;;Cycling Day 10|time point;;10days after transduction|transduced with;;empty vector (cycling),GEO Accession;;GSM1961161,GSM1961161,Cycling Day 10 Rep 1,Proliferating,Proliferating,,,Empty vector,yes,Fibroblast,Lung,no,Proliferating,"Sample_treatment_protocol: 'Human diploid fibroblast Tig3 cells expressing the ecotropic receptor, hTERT'; Genome Res 27:1634 calls it 'hTERT-immortalized Tig3 fibroblasts (Tig3ET)'"
SRR2970877,SRP066947,Massive reshaping of genome - nuclear lamina interactions during oncogene induced senescence,single,Illumina HiSeq 2000,Homo sapiens,SRP066947,Massive reshaping of genome - nuclear lamina interactions during oncogene induced senescence,single,Illumina HiSeq 2000,Homo sapiens,Tig3ET,TIG-3,SRP066947,Massive reshaping of genome - nuclear lamina interactions during oncogene induced senescence,"Background. Cellular senescence is a mechanism that virtually irreversibly suppresses the proliferative capacity of cells in response to various stress signals. This includes the expression of activated oncogenes, which cause Oncogene-Induced Senescence (OIS). A body of evidence points to the involvement of chromatin reorganization, including the formation of senescence-associated heterochromatic foci (SAHF). The nuclear lamina (NL) is an important contributor to genome organization and has been involved in cellular senescence and organismal aging. It interacts with multiple regions of the genome called lamina-associated domains (LADs). Some LADs are cell type-specific, while others are conserved between cell types and are referred to as constitutive LADs. Here, we used DamID to investigate the changes in genome-NL interactions in a model of OIS triggered by the expression of the BRAFV600E oncogene.Results. We found that OIS cells lose most of their constitutive LADs (cLADS), suggesting the loss of a specific mechanism that targets cLADs to the NL. In addition, multiple genes relocated to the NL. Unexpectedly, they were not repressed, implying the abrogation of the repressive activity of the NL during OIS. Finally, OIS cells displayed an increased association of telomeres with the NL.Conclusions. Our study reveals that senescent cells acquire a new type of LAD organization and suggest the existence of as yet unknown mechanisms that tether cLADs to the NL and repress gene expression at the NL.",GSM1961162: BRAF OIS Day 10 Rep 1; Homo sapiens; RNA-Seq,Illumina HiSeq 2000,cell line;;Tig3|cell type;;diploid embryonic lung fibroblasts|day treament;;10|source_name;;BRAF OIS Day 10|time point;;10days after transduction|transduced with;;pBabe-puro-BRAFE600 (OIS),GEO Accession;;GSM1961162,GSM1961162,BRAF OIS Day 10 Rep 1,CS,Oncogene-induced CS,,10 days,BRAFV600E,yes,Fibroblast,Lung,no,Oncogene-induced CS,"Sample_treatment_protocol: 'Human diploid fibroblast Tig3 cells expressing the ecotropic receptor, hTERT'; Genome Res 27:1634 calls it 'hTERT-immortalized Tig3 fibroblasts (Tig3ET)'"
SRR2970879,SRP066947,Massive reshaping of genome - nuclear lamina interactions during oncogene induced senescence,single,Illumina HiSeq 2000,Homo sapiens,SRP066947,Massive reshaping of genome - nuclear lamina interactions during oncogene induced senescence,single,Illumina HiSeq 2000,Homo sapiens,Tig3ET,TIG-3,SRP066947,Massive reshaping of genome - nuclear lamina interactions during oncogene induced senescence,"Background. Cellular senescence is a mechanism that virtually irreversibly suppresses the proliferative capacity of cells in response to various stress signals. This includes the expression of activated oncogenes, which cause Oncogene-Induced Senescence (OIS). A body of evidence points to the involvement of chromatin reorganization, including the formation of senescence-associated heterochromatic foci (SAHF). The nuclear lamina (NL) is an important contributor to genome organization and has been involved in cellular senescence and organismal aging. It interacts with multiple regions of the genome called lamina-associated domains (LADs). Some LADs are cell type-specific, while others are conserved between cell types and are referred to as constitutive LADs. Here, we used DamID to investigate the changes in genome-NL interactions in a model of OIS triggered by the expression of the BRAFV600E oncogene.Results. We found that OIS cells lose most of their constitutive LADs (cLADS), suggesting the loss of a specific mechanism that targets cLADs to the NL. In addition, multiple genes relocated to the NL. Unexpectedly, they were not repressed, implying the abrogation of the repressive activity of the NL during OIS. Finally, OIS cells displayed an increased association of telomeres with the NL.Conclusions. Our study reveals that senescent cells acquire a new type of LAD organization and suggest the existence of as yet unknown mechanisms that tether cLADs to the NL and repress gene expression at the NL.",GSM1961164: Cycling Day 4 Rep 2; Homo sapiens; RNA-Seq,Illumina HiSeq 2000,cell line;;Tig3|cell type;;diploid embryonic lung fibroblasts|day treament;;4|source_name;;Cycling Day 4|time point;;4days after transduction|transduced with;;empty vector (cycling),GEO Accession;;GSM1961164,GSM1961164,Cycling Day 4 Rep 2,Proliferating,Proliferating,,,Empty vector,yes,Fibroblast,Lung,no,Proliferating,"Sample_treatment_protocol: 'Human diploid fibroblast Tig3 cells expressing the ecotropic receptor, hTERT'; Genome Res 27:1634 calls it 'hTERT-immortalized Tig3 fibroblasts (Tig3ET)'"
SRR2970880,SRP066947,Massive reshaping of genome - nuclear lamina interactions during oncogene induced senescence,single,Illumina HiSeq 2000,Homo sapiens,SRP066947,Massive reshaping of genome - nuclear lamina interactions during oncogene induced senescence,single,Illumina HiSeq 2000,Homo sapiens,Tig3ET,TIG-3,SRP066947,Massive reshaping of genome - nuclear lamina interactions during oncogene induced senescence,"Background. Cellular senescence is a mechanism that virtually irreversibly suppresses the proliferative capacity of cells in response to various stress signals. This includes the expression of activated oncogenes, which cause Oncogene-Induced Senescence (OIS). A body of evidence points to the involvement of chromatin reorganization, including the formation of senescence-associated heterochromatic foci (SAHF). The nuclear lamina (NL) is an important contributor to genome organization and has been involved in cellular senescence and organismal aging. It interacts with multiple regions of the genome called lamina-associated domains (LADs). Some LADs are cell type-specific, while others are conserved between cell types and are referred to as constitutive LADs. Here, we used DamID to investigate the changes in genome-NL interactions in a model of OIS triggered by the expression of the BRAFV600E oncogene.Results. We found that OIS cells lose most of their constitutive LADs (cLADS), suggesting the loss of a specific mechanism that targets cLADs to the NL. In addition, multiple genes relocated to the NL. Unexpectedly, they were not repressed, implying the abrogation of the repressive activity of the NL during OIS. Finally, OIS cells displayed an increased association of telomeres with the NL.Conclusions. Our study reveals that senescent cells acquire a new type of LAD organization and suggest the existence of as yet unknown mechanisms that tether cLADs to the NL and repress gene expression at the NL.",GSM1961165: BRAF OIS Day 4 Rep 2; Homo sapiens; RNA-Seq,Illumina HiSeq 2000,cell line;;Tig3|cell type;;diploid embryonic lung fibroblasts|day treament;;4|source_name;;BRAF OIS Day 4|time point;;4days after transduction|transduced with;;pBabe-puro-BRAFE600 (OIS),GEO Accession;;GSM1961165,GSM1961165,BRAF OIS Day 4 Rep 2,CS,Oncogene-induced CS,,4 days,BRAFV600E,yes,Fibroblast,Lung,no,Oncogene-induced CS,"Sample_treatment_protocol: 'Human diploid fibroblast Tig3 cells expressing the ecotropic receptor, hTERT'; Genome Res 27:1634 calls it 'hTERT-immortalized Tig3 fibroblasts (Tig3ET)'"
SRR2970882,SRP066947,Massive reshaping of genome - nuclear lamina interactions during oncogene induced senescence,single,Illumina HiSeq 2000,Homo sapiens,SRP066947,Massive reshaping of genome - nuclear lamina interactions during oncogene induced senescence,single,Illumina HiSeq 2000,Homo sapiens,Tig3ET,TIG-3,SRP066947,Massive reshaping of genome - nuclear lamina interactions during oncogene induced senescence,"Background. Cellular senescence is a mechanism that virtually irreversibly suppresses the proliferative capacity of cells in response to various stress signals. This includes the expression of activated oncogenes, which cause Oncogene-Induced Senescence (OIS). A body of evidence points to the involvement of chromatin reorganization, including the formation of senescence-associated heterochromatic foci (SAHF). The nuclear lamina (NL) is an important contributor to genome organization and has been involved in cellular senescence and organismal aging. It interacts with multiple regions of the genome called lamina-associated domains (LADs). Some LADs are cell type-specific, while others are conserved between cell types and are referred to as constitutive LADs. Here, we used DamID to investigate the changes in genome-NL interactions in a model of OIS triggered by the expression of the BRAFV600E oncogene.Results. We found that OIS cells lose most of their constitutive LADs (cLADS), suggesting the loss of a specific mechanism that targets cLADs to the NL. In addition, multiple genes relocated to the NL. Unexpectedly, they were not repressed, implying the abrogation of the repressive activity of the NL during OIS. Finally, OIS cells displayed an increased association of telomeres with the NL.Conclusions. Our study reveals that senescent cells acquire a new type of LAD organization and suggest the existence of as yet unknown mechanisms that tether cLADs to the NL and repress gene expression at the NL.",GSM1961167: Cycling Day 10 Rep 2; Homo sapiens; RNA-Seq,Illumina HiSeq 2000,cell line;;Tig3|cell type;;diploid embryonic lung fibroblasts|day treament;;10|source_name;;Cycling Day 10|time point;;10days after transduction|transduced with;;empty vector (cycling),GEO Accession;;GSM1961167,GSM1961167,Cycling Day 10 Rep 2,Proliferating,Proliferating,,,Empty vector,yes,Fibroblast,Lung,no,Proliferating,"Sample_treatment_protocol: 'Human diploid fibroblast Tig3 cells expressing the ecotropic receptor, hTERT'; Genome Res 27:1634 calls it 'hTERT-immortalized Tig3 fibroblasts (Tig3ET)'"
SRR2970883,SRP066947,Massive reshaping of genome - nuclear lamina interactions during oncogene induced senescence,single,Illumina HiSeq 2000,Homo sapiens,SRP066947,Massive reshaping of genome - nuclear lamina interactions during oncogene induced senescence,single,Illumina HiSeq 2000,Homo sapiens,Tig3ET,TIG-3,SRP066947,Massive reshaping of genome - nuclear lamina interactions during oncogene induced senescence,"Background. Cellular senescence is a mechanism that virtually irreversibly suppresses the proliferative capacity of cells in response to various stress signals. This includes the expression of activated oncogenes, which cause Oncogene-Induced Senescence (OIS). A body of evidence points to the involvement of chromatin reorganization, including the formation of senescence-associated heterochromatic foci (SAHF). The nuclear lamina (NL) is an important contributor to genome organization and has been involved in cellular senescence and organismal aging. It interacts with multiple regions of the genome called lamina-associated domains (LADs). Some LADs are cell type-specific, while others are conserved between cell types and are referred to as constitutive LADs. Here, we used DamID to investigate the changes in genome-NL interactions in a model of OIS triggered by the expression of the BRAFV600E oncogene.Results. We found that OIS cells lose most of their constitutive LADs (cLADS), suggesting the loss of a specific mechanism that targets cLADs to the NL. In addition, multiple genes relocated to the NL. Unexpectedly, they were not repressed, implying the abrogation of the repressive activity of the NL during OIS. Finally, OIS cells displayed an increased association of telomeres with the NL.Conclusions. Our study reveals that senescent cells acquire a new type of LAD organization and suggest the existence of as yet unknown mechanisms that tether cLADs to the NL and repress gene expression at the NL.",GSM1961168: BRAF OIS Day 10 Rep 2; Homo sapiens; RNA-Seq,Illumina HiSeq 2000,cell line;;Tig3|cell type;;diploid embryonic lung fibroblasts|day treament;;10|source_name;;BRAF OIS Day 10|time point;;10days after transduction|transduced with;;pBabe-puro-BRAFE600 (OIS),GEO Accession;;GSM1961168,GSM1961168,BRAF OIS Day 10 Rep 2,CS,Oncogene-induced CS,,10 days,BRAFV600E,yes,Fibroblast,Lung,no,Oncogene-induced CS,"Sample_treatment_protocol: 'Human diploid fibroblast Tig3 cells expressing the ecotropic receptor, hTERT'; Genome Res 27:1634 calls it 'hTERT-immortalized Tig3 fibroblasts (Tig3ET)'"
SRR2970885,SRP066947,Massive reshaping of genome - nuclear lamina interactions during oncogene induced senescence,single,Illumina HiSeq 2000,Homo sapiens,SRP066947,Massive reshaping of genome - nuclear lamina interactions during oncogene induced senescence,single,Illumina HiSeq 2000,Homo sapiens,Tig3ET,TIG-3,SRP066947,Massive reshaping of genome - nuclear lamina interactions during oncogene induced senescence,"Background. Cellular senescence is a mechanism that virtually irreversibly suppresses the proliferative capacity of cells in response to various stress signals. This includes the expression of activated oncogenes, which cause Oncogene-Induced Senescence (OIS). A body of evidence points to the involvement of chromatin reorganization, including the formation of senescence-associated heterochromatic foci (SAHF). The nuclear lamina (NL) is an important contributor to genome organization and has been involved in cellular senescence and organismal aging. It interacts with multiple regions of the genome called lamina-associated domains (LADs). Some LADs are cell type-specific, while others are conserved between cell types and are referred to as constitutive LADs. Here, we used DamID to investigate the changes in genome-NL interactions in a model of OIS triggered by the expression of the BRAFV600E oncogene.Results. We found that OIS cells lose most of their constitutive LADs (cLADS), suggesting the loss of a specific mechanism that targets cLADs to the NL. In addition, multiple genes relocated to the NL. Unexpectedly, they were not repressed, implying the abrogation of the repressive activity of the NL during OIS. Finally, OIS cells displayed an increased association of telomeres with the NL.Conclusions. Our study reveals that senescent cells acquire a new type of LAD organization and suggest the existence of as yet unknown mechanisms that tether cLADs to the NL and repress gene expression at the NL.",GSM1961170: Cycling Day 4 Rep 3; Homo sapiens; RNA-Seq,Illumina HiSeq 2000,cell line;;Tig3|cell type;;diploid embryonic lung fibroblasts|day treament;;4|source_name;;Cycling Day 4|time point;;4days after transduction|transduced with;;empty vector (cycling),GEO Accession;;GSM1961170,GSM1961170,Cycling Day 4 Rep 3,Proliferating,Proliferating,,,Empty vector,yes,Fibroblast,Lung,no,Proliferating,"Sample_treatment_protocol: 'Human diploid fibroblast Tig3 cells expressing the ecotropic receptor, hTERT'; Genome Res 27:1634 calls it 'hTERT-immortalized Tig3 fibroblasts (Tig3ET)'"
SRR2970886,SRP066947,Massive reshaping of genome - nuclear lamina interactions during oncogene induced senescence,single,Illumina HiSeq 2000,Homo sapiens,SRP066947,Massive reshaping of genome - nuclear lamina interactions during oncogene induced senescence,single,Illumina HiSeq 2000,Homo sapiens,Tig3ET,TIG-3,SRP066947,Massive reshaping of genome - nuclear lamina interactions during oncogene induced senescence,"Background. Cellular senescence is a mechanism that virtually irreversibly suppresses the proliferative capacity of cells in response to various stress signals. This includes the expression of activated oncogenes, which cause Oncogene-Induced Senescence (OIS). A body of evidence points to the involvement of chromatin reorganization, including the formation of senescence-associated heterochromatic foci (SAHF). The nuclear lamina (NL) is an important contributor to genome organization and has been involved in cellular senescence and organismal aging. It interacts with multiple regions of the genome called lamina-associated domains (LADs). Some LADs are cell type-specific, while others are conserved between cell types and are referred to as constitutive LADs. Here, we used DamID to investigate the changes in genome-NL interactions in a model of OIS triggered by the expression of the BRAFV600E oncogene.Results. We found that OIS cells lose most of their constitutive LADs (cLADS), suggesting the loss of a specific mechanism that targets cLADs to the NL. In addition, multiple genes relocated to the NL. Unexpectedly, they were not repressed, implying the abrogation of the repressive activity of the NL during OIS. Finally, OIS cells displayed an increased association of telomeres with the NL.Conclusions. Our study reveals that senescent cells acquire a new type of LAD organization and suggest the existence of as yet unknown mechanisms that tether cLADs to the NL and repress gene expression at the NL.",GSM1961171: BRAF OIS Day 4 Rep 3; Homo sapiens; RNA-Seq,Illumina HiSeq 2000,cell line;;Tig3|cell type;;diploid embryonic lung fibroblasts|day treament;;4|source_name;;BRAF OIS Day 4|time point;;4days after transduction|transduced with;;pBabe-puro-BRAFE600 (OIS),GEO Accession;;GSM1961171,GSM1961171,BRAF OIS Day 4 Rep 3,CS,Oncogene-induced CS,,4 days,BRAFV600E,yes,Fibroblast,Lung,no,Oncogene-induced CS,"Sample_treatment_protocol: 'Human diploid fibroblast Tig3 cells expressing the ecotropic receptor, hTERT'; Genome Res 27:1634 calls it 'hTERT-immortalized Tig3 fibroblasts (Tig3ET)'"
SRR2970888,SRP066947,Massive reshaping of genome - nuclear lamina interactions during oncogene induced senescence,single,Illumina HiSeq 2000,Homo sapiens,SRP066947,Massive reshaping of genome - nuclear lamina interactions during oncogene induced senescence,single,Illumina HiSeq 2000,Homo sapiens,Tig3ET,TIG-3,SRP066947,Massive reshaping of genome - nuclear lamina interactions during oncogene induced senescence,"Background. Cellular senescence is a mechanism that virtually irreversibly suppresses the proliferative capacity of cells in response to various stress signals. This includes the expression of activated oncogenes, which cause Oncogene-Induced Senescence (OIS). A body of evidence points to the involvement of chromatin reorganization, including the formation of senescence-associated heterochromatic foci (SAHF). The nuclear lamina (NL) is an important contributor to genome organization and has been involved in cellular senescence and organismal aging. It interacts with multiple regions of the genome called lamina-associated domains (LADs). Some LADs are cell type-specific, while others are conserved between cell types and are referred to as constitutive LADs. Here, we used DamID to investigate the changes in genome-NL interactions in a model of OIS triggered by the expression of the BRAFV600E oncogene.Results. We found that OIS cells lose most of their constitutive LADs (cLADS), suggesting the loss of a specific mechanism that targets cLADs to the NL. In addition, multiple genes relocated to the NL. Unexpectedly, they were not repressed, implying the abrogation of the repressive activity of the NL during OIS. Finally, OIS cells displayed an increased association of telomeres with the NL.Conclusions. Our study reveals that senescent cells acquire a new type of LAD organization and suggest the existence of as yet unknown mechanisms that tether cLADs to the NL and repress gene expression at the NL.",GSM1961173: Cycling Day 10 Rep 3; Homo sapiens; RNA-Seq,Illumina HiSeq 2000,cell line;;Tig3|cell type;;diploid embryonic lung fibroblasts|day treament;;10|source_name;;Cycling Day 10|time point;;10days after transduction|transduced with;;empty vector (cycling),GEO Accession;;GSM1961173,GSM1961173,Cycling Day 10 Rep 3,Proliferating,Proliferating,,,Empty vector,yes,Fibroblast,Lung,no,Proliferating,"Sample_treatment_protocol: 'Human diploid fibroblast Tig3 cells expressing the ecotropic receptor, hTERT'; Genome Res 27:1634 calls it 'hTERT-immortalized Tig3 fibroblasts (Tig3ET)'"
SRR2970889,SRP066947,Massive reshaping of genome - nuclear lamina interactions during oncogene induced senescence,single,Illumina HiSeq 2000,Homo sapiens,SRP066947,Massive reshaping of genome - nuclear lamina interactions during oncogene induced senescence,single,Illumina HiSeq 2000,Homo sapiens,Tig3ET,TIG-3,SRP066947,Massive reshaping of genome - nuclear lamina interactions during oncogene induced senescence,"Background. Cellular senescence is a mechanism that virtually irreversibly suppresses the proliferative capacity of cells in response to various stress signals. This includes the expression of activated oncogenes, which cause Oncogene-Induced Senescence (OIS). A body of evidence points to the involvement of chromatin reorganization, including the formation of senescence-associated heterochromatic foci (SAHF). The nuclear lamina (NL) is an important contributor to genome organization and has been involved in cellular senescence and organismal aging. It interacts with multiple regions of the genome called lamina-associated domains (LADs). Some LADs are cell type-specific, while others are conserved between cell types and are referred to as constitutive LADs. Here, we used DamID to investigate the changes in genome-NL interactions in a model of OIS triggered by the expression of the BRAFV600E oncogene.Results. We found that OIS cells lose most of their constitutive LADs (cLADS), suggesting the loss of a specific mechanism that targets cLADs to the NL. In addition, multiple genes relocated to the NL. Unexpectedly, they were not repressed, implying the abrogation of the repressive activity of the NL during OIS. Finally, OIS cells displayed an increased association of telomeres with the NL.Conclusions. Our study reveals that senescent cells acquire a new type of LAD organization and suggest the existence of as yet unknown mechanisms that tether cLADs to the NL and repress gene expression at the NL.",GSM1961174: BRAF OIS Day 10 Rep 3; Homo sapiens; RNA-Seq,Illumina HiSeq 2000,cell line;;Tig3|cell type;;diploid embryonic lung fibroblasts|day treament;;10|source_name;;BRAF OIS Day 10|time point;;10days after transduction|transduced with;;pBabe-puro-BRAFE600 (OIS),GEO Accession;;GSM1961174,GSM1961174,BRAF OIS Day 10 Rep 3,CS,Oncogene-induced CS,,10 days,BRAFV600E,yes,Fibroblast,Lung,no,Oncogene-induced CS,"Sample_treatment_protocol: 'Human diploid fibroblast Tig3 cells expressing the ecotropic receptor, hTERT'; Genome Res 27:1634 calls it 'hTERT-immortalized Tig3 fibroblasts (Tig3ET)'"
SRR2970891,SRP066947,Massive reshaping of genome - nuclear lamina interactions during oncogene induced senescence,single,Illumina HiSeq 2000,Homo sapiens,SRP066947,Massive reshaping of genome - nuclear lamina interactions during oncogene induced senescence,single,Illumina HiSeq 2000,Homo sapiens,Tig3ET,TIG-3,SRP066947,Massive reshaping of genome - nuclear lamina interactions during oncogene induced senescence,"Background. Cellular senescence is a mechanism that virtually irreversibly suppresses the proliferative capacity of cells in response to various stress signals. This includes the expression of activated oncogenes, which cause Oncogene-Induced Senescence (OIS). A body of evidence points to the involvement of chromatin reorganization, including the formation of senescence-associated heterochromatic foci (SAHF). The nuclear lamina (NL) is an important contributor to genome organization and has been involved in cellular senescence and organismal aging. It interacts with multiple regions of the genome called lamina-associated domains (LADs). Some LADs are cell type-specific, while others are conserved between cell types and are referred to as constitutive LADs. Here, we used DamID to investigate the changes in genome-NL interactions in a model of OIS triggered by the expression of the BRAFV600E oncogene.Results. We found that OIS cells lose most of their constitutive LADs (cLADS), suggesting the loss of a specific mechanism that targets cLADs to the NL. In addition, multiple genes relocated to the NL. Unexpectedly, they were not repressed, implying the abrogation of the repressive activity of the NL during OIS. Finally, OIS cells displayed an increased association of telomeres with the NL.Conclusions. Our study reveals that senescent cells acquire a new type of LAD organization and suggest the existence of as yet unknown mechanisms that tether cLADs to the NL and repress gene expression at the NL.",GSM1961176: Cycling Control Serum 1; Homo sapiens; RNA-Seq,Illumina HiSeq 2000,cell line;;Tig3|cell type;;diploid embryonic lung fibroblasts|cultured in;;9% FBS DMEM medium for 10 days (cycling)|day treament;;10|source_name;;Cycling Control Serum,GEO Accession;;GSM1961176,GSM1961176,Cycling Control Serum 1,Proliferating,Proliferating,,,,yes,Fibroblast,Lung,no,Proliferating,"Sample_treatment_protocol: 'Human diploid fibroblast Tig3 cells expressing the ecotropic receptor, hTERT'; Genome Res 27:1634 calls it 'hTERT-immortalized Tig3 fibroblasts (Tig3ET)'"
SRR2970892,SRP066947,Massive reshaping of genome - nuclear lamina interactions during oncogene induced senescence,single,Illumina HiSeq 2000,Homo sapiens,SRP066947,Massive reshaping of genome - nuclear lamina interactions during oncogene induced senescence,single,Illumina HiSeq 2000,Homo sapiens,Tig3ET,TIG-3,SRP066947,Massive reshaping of genome - nuclear lamina interactions during oncogene induced senescence,"Background. Cellular senescence is a mechanism that virtually irreversibly suppresses the proliferative capacity of cells in response to various stress signals. This includes the expression of activated oncogenes, which cause Oncogene-Induced Senescence (OIS). A body of evidence points to the involvement of chromatin reorganization, including the formation of senescence-associated heterochromatic foci (SAHF). The nuclear lamina (NL) is an important contributor to genome organization and has been involved in cellular senescence and organismal aging. It interacts with multiple regions of the genome called lamina-associated domains (LADs). Some LADs are cell type-specific, while others are conserved between cell types and are referred to as constitutive LADs. Here, we used DamID to investigate the changes in genome-NL interactions in a model of OIS triggered by the expression of the BRAFV600E oncogene.Results. We found that OIS cells lose most of their constitutive LADs (cLADS), suggesting the loss of a specific mechanism that targets cLADs to the NL. In addition, multiple genes relocated to the NL. Unexpectedly, they were not repressed, implying the abrogation of the repressive activity of the NL during OIS. Finally, OIS cells displayed an increased association of telomeres with the NL.Conclusions. Our study reveals that senescent cells acquire a new type of LAD organization and suggest the existence of as yet unknown mechanisms that tether cLADs to the NL and repress gene expression at the NL.",GSM1961177: Quiescent Serum Starvation 1; Homo sapiens; RNA-Seq,Illumina HiSeq 2000,cell line;;Tig3|cell type;;diploid embryonic lung fibroblasts|cultured in;;0% FBS DMEM medium for 10 days (quiescent)|day treament;;10|source_name;;Quiescent Serum Starvation,GEO Accession;;GSM1961177,GSM1961177,Quiescent Serum Starvation 1,CQ,Serum_starved CQ,serum-starved;0 % FBS,10 days,,yes,Fibroblast,Lung,no,CQ,"Sample_treatment_protocol: 'Human diploid fibroblast Tig3 cells expressing the ecotropic receptor, hTERT'; Genome Res 27:1634 calls it 'hTERT-immortalized Tig3 fibroblasts (Tig3ET)'"
SRR2970893,SRP066947,Massive reshaping of genome - nuclear lamina interactions during oncogene induced senescence,single,Illumina HiSeq 2000,Homo sapiens,SRP066947,Massive reshaping of genome - nuclear lamina interactions during oncogene induced senescence,single,Illumina HiSeq 2000,Homo sapiens,Tig3ET,TIG-3,SRP066947,Massive reshaping of genome - nuclear lamina interactions during oncogene induced senescence,"Background. Cellular senescence is a mechanism that virtually irreversibly suppresses the proliferative capacity of cells in response to various stress signals. This includes the expression of activated oncogenes, which cause Oncogene-Induced Senescence (OIS). A body of evidence points to the involvement of chromatin reorganization, including the formation of senescence-associated heterochromatic foci (SAHF). The nuclear lamina (NL) is an important contributor to genome organization and has been involved in cellular senescence and organismal aging. It interacts with multiple regions of the genome called lamina-associated domains (LADs). Some LADs are cell type-specific, while others are conserved between cell types and are referred to as constitutive LADs. Here, we used DamID to investigate the changes in genome-NL interactions in a model of OIS triggered by the expression of the BRAFV600E oncogene.Results. We found that OIS cells lose most of their constitutive LADs (cLADS), suggesting the loss of a specific mechanism that targets cLADs to the NL. In addition, multiple genes relocated to the NL. Unexpectedly, they were not repressed, implying the abrogation of the repressive activity of the NL during OIS. Finally, OIS cells displayed an increased association of telomeres with the NL.Conclusions. Our study reveals that senescent cells acquire a new type of LAD organization and suggest the existence of as yet unknown mechanisms that tether cLADs to the NL and repress gene expression at the NL.",GSM1961178: Cycling Control Serum 2; Homo sapiens; RNA-Seq,Illumina HiSeq 2000,cell line;;Tig3|cell type;;diploid embryonic lung fibroblasts|cultured in;;9% FBS DMEM medium for 10 days (cycling)|day treament;;10|source_name;;Cycling Control Serum,GEO Accession;;GSM1961178,GSM1961178,Cycling Control Serum 2,Proliferating,Proliferating,,,,yes,Fibroblast,Lung,no,Proliferating,"Sample_treatment_protocol: 'Human diploid fibroblast Tig3 cells expressing the ecotropic receptor, hTERT'; Genome Res 27:1634 calls it 'hTERT-immortalized Tig3 fibroblasts (Tig3ET)'"
SRR2970894,SRP066947,Massive reshaping of genome - nuclear lamina interactions during oncogene induced senescence,single,Illumina HiSeq 2000,Homo sapiens,SRP066947,Massive reshaping of genome - nuclear lamina interactions during oncogene induced senescence,single,Illumina HiSeq 2000,Homo sapiens,Tig3ET,TIG-3,SRP066947,Massive reshaping of genome - nuclear lamina interactions during oncogene induced senescence,"Background. Cellular senescence is a mechanism that virtually irreversibly suppresses the proliferative capacity of cells in response to various stress signals. This includes the expression of activated oncogenes, which cause Oncogene-Induced Senescence (OIS). A body of evidence points to the involvement of chromatin reorganization, including the formation of senescence-associated heterochromatic foci (SAHF). The nuclear lamina (NL) is an important contributor to genome organization and has been involved in cellular senescence and organismal aging. It interacts with multiple regions of the genome called lamina-associated domains (LADs). Some LADs are cell type-specific, while others are conserved between cell types and are referred to as constitutive LADs. Here, we used DamID to investigate the changes in genome-NL interactions in a model of OIS triggered by the expression of the BRAFV600E oncogene.Results. We found that OIS cells lose most of their constitutive LADs (cLADS), suggesting the loss of a specific mechanism that targets cLADs to the NL. In addition, multiple genes relocated to the NL. Unexpectedly, they were not repressed, implying the abrogation of the repressive activity of the NL during OIS. Finally, OIS cells displayed an increased association of telomeres with the NL.Conclusions. Our study reveals that senescent cells acquire a new type of LAD organization and suggest the existence of as yet unknown mechanisms that tether cLADs to the NL and repress gene expression at the NL.",GSM1961179: Quiescent Serum Starvation 2; Homo sapiens; RNA-Seq,Illumina HiSeq 2000,cell line;;Tig3|cell type;;diploid embryonic lung fibroblasts|cultured in;;0% FBS DMEM medium for 10 days (quiescent)|day treament;;10|source_name;;Quiescent Serum Starvation,GEO Accession;;GSM1961179,GSM1961179,Quiescent Serum Starvation 2,CQ,Serum_starved CQ,serum-starved;0 % FBS,10 days,,yes,Fibroblast,Lung,no,CQ,"Sample_treatment_protocol: 'Human diploid fibroblast Tig3 cells expressing the ecotropic receptor, hTERT'; Genome Res 27:1634 calls it 'hTERT-immortalized Tig3 fibroblasts (Tig3ET)'"
SRR2970895,SRP066947,Massive reshaping of genome - nuclear lamina interactions during oncogene induced senescence,single,Illumina HiSeq 2000,Homo sapiens,SRP066947,Massive reshaping of genome - nuclear lamina interactions during oncogene induced senescence,single,Illumina HiSeq 2000,Homo sapiens,Tig3ET,TIG-3,SRP066947,Massive reshaping of genome - nuclear lamina interactions during oncogene induced senescence,"Background. Cellular senescence is a mechanism that virtually irreversibly suppresses the proliferative capacity of cells in response to various stress signals. This includes the expression of activated oncogenes, which cause Oncogene-Induced Senescence (OIS). A body of evidence points to the involvement of chromatin reorganization, including the formation of senescence-associated heterochromatic foci (SAHF). The nuclear lamina (NL) is an important contributor to genome organization and has been involved in cellular senescence and organismal aging. It interacts with multiple regions of the genome called lamina-associated domains (LADs). Some LADs are cell type-specific, while others are conserved between cell types and are referred to as constitutive LADs. Here, we used DamID to investigate the changes in genome-NL interactions in a model of OIS triggered by the expression of the BRAFV600E oncogene.Results. We found that OIS cells lose most of their constitutive LADs (cLADS), suggesting the loss of a specific mechanism that targets cLADs to the NL. In addition, multiple genes relocated to the NL. Unexpectedly, they were not repressed, implying the abrogation of the repressive activity of the NL during OIS. Finally, OIS cells displayed an increased association of telomeres with the NL.Conclusions. Our study reveals that senescent cells acquire a new type of LAD organization and suggest the existence of as yet unknown mechanisms that tether cLADs to the NL and repress gene expression at the NL.",GSM1961180: Cycling Control Serum 3; Homo sapiens; RNA-Seq,Illumina HiSeq 2000,cell line;;Tig3|cell type;;diploid embryonic lung fibroblasts|cultured in;;9% FBS DMEM medium for 10 days (cycling)|day treament;;10|source_name;;Cycling Control Serum,GEO Accession;;GSM1961180,GSM1961180,Cycling Control Serum 3,Proliferating,Proliferating,,,,yes,Fibroblast,Lung,no,Proliferating,"Sample_treatment_protocol: 'Human diploid fibroblast Tig3 cells expressing the ecotropic receptor, hTERT'; Genome Res 27:1634 calls it 'hTERT-immortalized Tig3 fibroblasts (Tig3ET)'"
SRR2970896,SRP066947,Massive reshaping of genome - nuclear lamina interactions during oncogene induced senescence,single,Illumina HiSeq 2000,Homo sapiens,SRP066947,Massive reshaping of genome - nuclear lamina interactions during oncogene induced senescence,single,Illumina HiSeq 2000,Homo sapiens,Tig3ET,TIG-3,SRP066947,Massive reshaping of genome - nuclear lamina interactions during oncogene induced senescence,"Background. Cellular senescence is a mechanism that virtually irreversibly suppresses the proliferative capacity of cells in response to various stress signals. This includes the expression of activated oncogenes, which cause Oncogene-Induced Senescence (OIS). A body of evidence points to the involvement of chromatin reorganization, including the formation of senescence-associated heterochromatic foci (SAHF). The nuclear lamina (NL) is an important contributor to genome organization and has been involved in cellular senescence and organismal aging. It interacts with multiple regions of the genome called lamina-associated domains (LADs). Some LADs are cell type-specific, while others are conserved between cell types and are referred to as constitutive LADs. Here, we used DamID to investigate the changes in genome-NL interactions in a model of OIS triggered by the expression of the BRAFV600E oncogene.Results. We found that OIS cells lose most of their constitutive LADs (cLADS), suggesting the loss of a specific mechanism that targets cLADs to the NL. In addition, multiple genes relocated to the NL. Unexpectedly, they were not repressed, implying the abrogation of the repressive activity of the NL during OIS. Finally, OIS cells displayed an increased association of telomeres with the NL.Conclusions. Our study reveals that senescent cells acquire a new type of LAD organization and suggest the existence of as yet unknown mechanisms that tether cLADs to the NL and repress gene expression at the NL.",GSM1961181: Quiescent Serum Starvation 3; Homo sapiens; RNA-Seq,Illumina HiSeq 2000,cell line;;Tig3|cell type;;diploid embryonic lung fibroblasts|cultured in;;0% FBS DMEM medium for 10 days (quiescent)|day treament;;10|source_name;;Quiescent Serum Starvation,GEO Accession;;GSM1961181,GSM1961181,Quiescent Serum Starvation 3,CQ,Serum_starved CQ,serum-starved;0 % FBS,10 days,,yes,Fibroblast,Lung,no,CQ,"Sample_treatment_protocol: 'Human diploid fibroblast Tig3 cells expressing the ecotropic receptor, hTERT'; Genome Res 27:1634 calls it 'hTERT-immortalized Tig3 fibroblasts (Tig3ET)'"
SRR6389404,SRP127037,Transcriptional profiling of growing and senescent WT and IL-1R-depleted IMR90 cells,paired,Illumina HiSeq 2500,Homo sapiens,SRP127037,Transcriptional profiling of growing and senescent WT and IL-1R-depleted IMR90 cells,paired,Illumina HiSeq 2500,Homo sapiens,IMR90-hTERT,IMR-90,SRP127037,Transcriptional profiling of growing and senescent WT and IL-1R-depleted IMR90 cells,"Senescent cells no longer divide, but remain metabolically active and secrete an array of cytokines, growth factors, and proteases termed the senescence-associated secretory phenotype (SASP). Previous studies have indicated that the SASP factor IL-1a may be an upstream regular of the SASP. We show here that knockdown of the IL-1a receptor IL-1R results in a sizable reduction of SASP expression late in senescence induction. Our results suggest that targeting the IL-1 signaling pathway is a reliable method to dissociate the SASP from cell-cycle exit. Overall design: Cells were induced to senesce via activation of oncogene Ras. Samples were collected at day 0 (growing phase), day 4 (beginning of SASP induction) and day 10 (senescent phase) of Ras induction. Samples were collected from control cells expressing a scramble shRNA and samples expressing 1 of 2 independent shRNAs against IL-1R. Two replicates were collected per condition per timepoint for a total of 12 samples.",GSM2894511: shScr #1 d0; Homo sapiens; RNA-Seq,Illumina HiSeq 2500,cell line;;IMR90 hTERT|cell type;;lung fibroblast|developmental stage;;control growing cells|genotype;;WT|source_name;;IMR90 hTERT|time;;day 0,GEO Accession;;GSM2894511,GSM2894511,shScr #1 d0,Proliferating,Proliferating,,,HRASG12V,yes,Fibroblast,Lung,no,Proliferating,Sample_characteristics: 'cell line: IMR90 hTERT'
SRR6389405,SRP127037,Transcriptional profiling of growing and senescent WT and IL-1R-depleted IMR90 cells,paired,Illumina HiSeq 2500,Homo sapiens,SRP127037,Transcriptional profiling of growing and senescent WT and IL-1R-depleted IMR90 cells,paired,Illumina HiSeq 2500,Homo sapiens,IMR90-hTERT,IMR-90,SRP127037,Transcriptional profiling of growing and senescent WT and IL-1R-depleted IMR90 cells,"Senescent cells no longer divide, but remain metabolically active and secrete an array of cytokines, growth factors, and proteases termed the senescence-associated secretory phenotype (SASP). Previous studies have indicated that the SASP factor IL-1a may be an upstream regular of the SASP. We show here that knockdown of the IL-1a receptor IL-1R results in a sizable reduction of SASP expression late in senescence induction. Our results suggest that targeting the IL-1 signaling pathway is a reliable method to dissociate the SASP from cell-cycle exit. Overall design: Cells were induced to senesce via activation of oncogene Ras. Samples were collected at day 0 (growing phase), day 4 (beginning of SASP induction) and day 10 (senescent phase) of Ras induction. Samples were collected from control cells expressing a scramble shRNA and samples expressing 1 of 2 independent shRNAs against IL-1R. Two replicates were collected per condition per timepoint for a total of 12 samples.",GSM2894512: shScr #2 d0; Homo sapiens; RNA-Seq,Illumina HiSeq 2500,cell line;;IMR90 hTERT|cell type;;lung fibroblast|developmental stage;;control growing cells|genotype;;WT|source_name;;IMR90 hTERT|time;;day 0,GEO Accession;;GSM2894512,GSM2894512,shScr #2 d0,Proliferating,Proliferating,,,HRASG12V,yes,Fibroblast,Lung,no,Proliferating,Sample_characteristics: 'cell line: IMR90 hTERT'
SRR6389408,SRP127037,Transcriptional profiling of growing and senescent WT and IL-1R-depleted IMR90 cells,paired,Illumina HiSeq 2500,Homo sapiens,SRP127037,Transcriptional profiling of growing and senescent WT and IL-1R-depleted IMR90 cells,paired,Illumina HiSeq 2500,Homo sapiens,IMR90-hTERT,IMR-90,SRP127037,Transcriptional profiling of growing and senescent WT and IL-1R-depleted IMR90 cells,"Senescent cells no longer divide, but remain metabolically active and secrete an array of cytokines, growth factors, and proteases termed the senescence-associated secretory phenotype (SASP). Previous studies have indicated that the SASP factor IL-1a may be an upstream regular of the SASP. We show here that knockdown of the IL-1a receptor IL-1R results in a sizable reduction of SASP expression late in senescence induction. Our results suggest that targeting the IL-1 signaling pathway is a reliable method to dissociate the SASP from cell-cycle exit. Overall design: Cells were induced to senesce via activation of oncogene Ras. Samples were collected at day 0 (growing phase), day 4 (beginning of SASP induction) and day 10 (senescent phase) of Ras induction. Samples were collected from control cells expressing a scramble shRNA and samples expressing 1 of 2 independent shRNAs against IL-1R. Two replicates were collected per condition per timepoint for a total of 12 samples.",GSM2894515: shScr #1 d4; Homo sapiens; RNA-Seq,Illumina HiSeq 2500,cell line;;IMR90 hTERT|cell type;;lung fibroblast|developmental stage;;control cells beginning to senesce|genotype;;WT|source_name;;IMR90 hTERT|time;;day 4,GEO Accession;;GSM2894515,GSM2894515,shScr #1 d4,CS,Oncogene-induced CS,200 nM tamoxifen for 10 days,day 4,HRASG12V,yes,Fibroblast,Lung,no,Oncogene-induced CS,Sample_characteristics: 'cell line: IMR90 hTERT'
SRR6389409,SRP127037,Transcriptional profiling of growing and senescent WT and IL-1R-depleted IMR90 cells,paired,Illumina HiSeq 2500,Homo sapiens,SRP127037,Transcriptional profiling of growing and senescent WT and IL-1R-depleted IMR90 cells,paired,Illumina HiSeq 2500,Homo sapiens,IMR90-hTERT,IMR-90,SRP127037,Transcriptional profiling of growing and senescent WT and IL-1R-depleted IMR90 cells,"Senescent cells no longer divide, but remain metabolically active and secrete an array of cytokines, growth factors, and proteases termed the senescence-associated secretory phenotype (SASP). Previous studies have indicated that the SASP factor IL-1a may be an upstream regular of the SASP. We show here that knockdown of the IL-1a receptor IL-1R results in a sizable reduction of SASP expression late in senescence induction. Our results suggest that targeting the IL-1 signaling pathway is a reliable method to dissociate the SASP from cell-cycle exit. Overall design: Cells were induced to senesce via activation of oncogene Ras. Samples were collected at day 0 (growing phase), day 4 (beginning of SASP induction) and day 10 (senescent phase) of Ras induction. Samples were collected from control cells expressing a scramble shRNA and samples expressing 1 of 2 independent shRNAs against IL-1R. Two replicates were collected per condition per timepoint for a total of 12 samples.",GSM2894516: shScr #2 d4; Homo sapiens; RNA-Seq,Illumina HiSeq 2500,cell line;;IMR90 hTERT|cell type;;lung fibroblast|developmental stage;;control cells beginning to senesce|genotype;;WT|source_name;;IMR90 hTERT|time;;day 4,GEO Accession;;GSM2894516,GSM2894516,shScr #2 d4,CS,Oncogene-induced CS,200 nM tamoxifen for 10 days,day 4,HRASG12V,yes,Fibroblast,Lung,no,Oncogene-induced CS,Sample_characteristics: 'cell line: IMR90 hTERT'
SRR6389412,SRP127037,Transcriptional profiling of growing and senescent WT and IL-1R-depleted IMR90 cells,paired,Illumina HiSeq 2500,Homo sapiens,SRP127037,Transcriptional profiling of growing and senescent WT and IL-1R-depleted IMR90 cells,paired,Illumina HiSeq 2500,Homo sapiens,IMR90-hTERT,IMR-90,SRP127037,Transcriptional profiling of growing and senescent WT and IL-1R-depleted IMR90 cells,"Senescent cells no longer divide, but remain metabolically active and secrete an array of cytokines, growth factors, and proteases termed the senescence-associated secretory phenotype (SASP). Previous studies have indicated that the SASP factor IL-1a may be an upstream regular of the SASP. We show here that knockdown of the IL-1a receptor IL-1R results in a sizable reduction of SASP expression late in senescence induction. Our results suggest that targeting the IL-1 signaling pathway is a reliable method to dissociate the SASP from cell-cycle exit. Overall design: Cells were induced to senesce via activation of oncogene Ras. Samples were collected at day 0 (growing phase), day 4 (beginning of SASP induction) and day 10 (senescent phase) of Ras induction. Samples were collected from control cells expressing a scramble shRNA and samples expressing 1 of 2 independent shRNAs against IL-1R. Two replicates were collected per condition per timepoint for a total of 12 samples.",GSM2894519: shScr #1 d10; Homo sapiens; RNA-Seq,Illumina HiSeq 2500,cell line;;IMR90 hTERT|cell type;;lung fibroblast|developmental stage;;control senescent cells|genotype;;WT|source_name;;IMR90 hTERT|time;;day 10,GEO Accession;;GSM2894519,GSM2894519,shScr #1 d10,CS,Oncogene-induced CS,200 nM tamoxifen for 10 days,day 10,HRASG12V,yes,Fibroblast,Lung,no,Oncogene-induced CS,Sample_characteristics: 'cell line: IMR90 hTERT'
SRR6389413,SRP127037,Transcriptional profiling of growing and senescent WT and IL-1R-depleted IMR90 cells,paired,Illumina HiSeq 2500,Homo sapiens,SRP127037,Transcriptional profiling of growing and senescent WT and IL-1R-depleted IMR90 cells,paired,Illumina HiSeq 2500,Homo sapiens,IMR90-hTERT,IMR-90,SRP127037,Transcriptional profiling of growing and senescent WT and IL-1R-depleted IMR90 cells,"Senescent cells no longer divide, but remain metabolically active and secrete an array of cytokines, growth factors, and proteases termed the senescence-associated secretory phenotype (SASP). Previous studies have indicated that the SASP factor IL-1a may be an upstream regular of the SASP. We show here that knockdown of the IL-1a receptor IL-1R results in a sizable reduction of SASP expression late in senescence induction. Our results suggest that targeting the IL-1 signaling pathway is a reliable method to dissociate the SASP from cell-cycle exit. Overall design: Cells were induced to senesce via activation of oncogene Ras. Samples were collected at day 0 (growing phase), day 4 (beginning of SASP induction) and day 10 (senescent phase) of Ras induction. Samples were collected from control cells expressing a scramble shRNA and samples expressing 1 of 2 independent shRNAs against IL-1R. Two replicates were collected per condition per timepoint for a total of 12 samples.",GSM2894520: shScr #2 d10; Homo sapiens; RNA-Seq,Illumina HiSeq 2500,cell line;;IMR90 hTERT|cell type;;lung fibroblast|developmental stage;;control senescent cells|genotype;;WT|source_name;;IMR90 hTERT|time;;day 10,GEO Accession;;GSM2894520,GSM2894520,shScr #2 d10,CS,Oncogene-induced CS,200 nM tamoxifen for 10 days,day 10,HRASG12V,yes,Fibroblast,Lung,no,Oncogene-induced CS,Sample_characteristics: 'cell line: IMR90 hTERT'
ERR1805205,ERP021140,Identification of heterogeneous senescence-associated transcriptional programs,paired,Illumina HiSeq 2500,Homo sapiens,ERP021140,Identification of heterogeneous senescence-associated transcriptional programs,paired,Illumina HiSeq 2500,Homo sapiens,HCA2/BJ (primary),Primary,ERP021140,Identification of heterogeneous senescence-associated transcriptional programs,We set out to characterize the transcriptional heterogeneity of the senescence program using a large number of whole-transcriptome sequencing datasets generated by us or publicly available.  We identify a number of senescence transcriptional signatures associated to specific stresses or cell types. We also merge all the studies to identify and validate the genes that are universally differentially regulated during senescence.,Illumina HiSeq 2500 paired end sequencing; Identification of heterogeneous senescence-associated transcriptional programs,Illumina HiSeq 2500,"Alias;;E-MTAB-5403:H3|Broker name;;ArrayExpress|cell_type;;Primary foreskin fibroblasts|Description;;Protocols: Human foreskin fibroblasts HCA2 were obtained from O. Pereira-Smith (University of Texas Health Science Center, San Antonio); human foreskin fibroblasts BJ were purchased from ATCC (Cat: CRL-2522); MEFs were produced from 13.5 day embryos as previously described (Demaria 2010); mouse primary skin microvascular endothelial cells were purchased from Cellbiologics (Cat: C57-6064). All cells were cultured in 5% oxygen for at least 4 doublings prior to use. Fibroblasts were cultured in DMEM (Thermo Fisher Scientific) enriched with 10% fetal bovine serum (FBS, GE Healthcare Life Sciences) and 1% penicillin/streptomycin (Lonza). Endothelial cells were grown in an endothelial cell growth media (ATCC). Cells were prepared for RNA extraction via an RNAeasy mini kit (Invitrogen). Samples were treated with Qiasol lysis buffer and extracted for total RNA on a Qiacube robot per the manufacturer's instructions (Invitrogen). The extracted RNA was quantitated using a NanoDrop and RNA quality was measured via BioAnalyzer chip (Agilent). Purified RNA samples were then sent to the University of Minnesota BioMedical Genomics Center for Illumina HiSeq RNA sequencing, where RNA-Seq library preparation was carried out according to the manufactuers protocols (Illumina).|ENA checklist;;ERC000011|INSDC center name;;European Research Institute for the Biology of Ageing, University of Groningen, UMC Groningen, The Netherlands|INSDC first public;;2017-11-22T17:02:48Z|INSDC last update;;2017-01-24T12:47:06Z|INSDC status;;public|organism;;Homo sapiens|Sample Name;;ERS1510144|SRA accession;;ERS1510144|Title;;H3",Experimental Factor: Primary foreskin fibroblasts;;cell type|Experimental Factor: Quiescence;;irradiate,SAMEA54022168,E-MTAB-5403:H3,CQ,Serum_starved CQ,,,,no,Fibroblast,Foreskin,no,CQ,no hTERT/immortal/SV40/telomerase mention in GEO sample or series record
ERR1805212,ERP021140,Identification of heterogeneous senescence-associated transcriptional programs,paired,Illumina HiSeq 2500,Homo sapiens,ERP021140,Identification of heterogeneous senescence-associated transcriptional programs,paired,Illumina HiSeq 2500,Homo sapiens,HCA2/BJ (primary),Primary,ERP021140,Identification of heterogeneous senescence-associated transcriptional programs,We set out to characterize the transcriptional heterogeneity of the senescence program using a large number of whole-transcriptome sequencing datasets generated by us or publicly available.  We identify a number of senescence transcriptional signatures associated to specific stresses or cell types. We also merge all the studies to identify and validate the genes that are universally differentially regulated during senescence.,Illumina HiSeq 2500 paired end sequencing; Identification of heterogeneous senescence-associated transcriptional programs,Illumina HiSeq 2500,"Alias;;E-MTAB-5403:I10-1|Broker name;;ArrayExpress|cell_type;;Primary foreskin fibroblasts|Description;;Protocols: Human foreskin fibroblasts HCA2 were obtained from O. Pereira-Smith (University of Texas Health Science Center, San Antonio); human foreskin fibroblasts BJ were purchased from ATCC (Cat: CRL-2522); MEFs were produced from 13.5 day embryos as previously described (Demaria 2010); mouse primary skin microvascular endothelial cells were purchased from Cellbiologics (Cat: C57-6064). All cells were cultured in 5% oxygen for at least 4 doublings prior to use. Fibroblasts were cultured in DMEM (Thermo Fisher Scientific) enriched with 10% fetal bovine serum (FBS, GE Healthcare Life Sciences) and 1% penicillin/streptomycin (Lonza). Endothelial cells were grown in an endothelial cell growth media (ATCC). Cells were prepared for RNA extraction via an RNAeasy mini kit (Invitrogen). Samples were treated with Qiasol lysis buffer and extracted for total RNA on a Qiacube robot per the manufacturer's instructions (Invitrogen). The extracted RNA was quantitated using a NanoDrop and RNA quality was measured via BioAnalyzer chip (Agilent). Purified RNA samples were then sent to the University of Minnesota BioMedical Genomics Center for Illumina HiSeq RNA sequencing, where RNA-Seq library preparation was carried out according to the manufactuers protocols (Illumina).|ENA checklist;;ERC000011|INSDC center name;;European Research Institute for the Biology of Ageing, University of Groningen, UMC Groningen, The Netherlands|INSDC first public;;2017-11-22T17:02:48Z|INSDC last update;;2017-01-24T12:47:06Z|INSDC status;;public|organism;;Homo sapiens|Sample Name;;ERS1510151|SRA accession;;ERS1510151|Title;;I10-1","Experimental Factor: Irradiation, day 10;;irradiate|Experimental Factor: Primary foreskin fibroblasts;;cell type",SAMEA54027418,E-MTAB-5403:I10-1,CS,Stress-induced CS,10 Gy,10 days,,no,Fibroblast,Foreskin,no,Stress-induced CS,no hTERT/immortal/SV40/telomerase mention in GEO sample or series record
ERR1805188,ERP021140,Identification of heterogeneous senescence-associated transcriptional programs,paired,Illumina HiSeq 2500,Homo sapiens,ERP021140,Identification of heterogeneous senescence-associated transcriptional programs,paired,Illumina HiSeq 2500,Homo sapiens,HCA2/BJ (primary),Primary,ERP021140,Identification of heterogeneous senescence-associated transcriptional programs,We set out to characterize the transcriptional heterogeneity of the senescence program using a large number of whole-transcriptome sequencing datasets generated by us or publicly available.  We identify a number of senescence transcriptional signatures associated to specific stresses or cell types. We also merge all the studies to identify and validate the genes that are universally differentially regulated during senescence.,Illumina HiSeq 2500 paired end sequencing; Identification of heterogeneous senescence-associated transcriptional programs,Illumina HiSeq 2500,"Alias;;E-MTAB-5403:C1|Broker name;;ArrayExpress|cell_type;;Primary foreskin fibroblasts|Description;;Protocols: Human foreskin fibroblasts HCA2 were obtained from O. Pereira-Smith (University of Texas Health Science Center, San Antonio); human foreskin fibroblasts BJ were purchased from ATCC (Cat: CRL-2522); MEFs were produced from 13.5 day embryos as previously described (Demaria 2010); mouse primary skin microvascular endothelial cells were purchased from Cellbiologics (Cat: C57-6064). All cells were cultured in 5% oxygen for at least 4 doublings prior to use. Fibroblasts were cultured in DMEM (Thermo Fisher Scientific) enriched with 10% fetal bovine serum (FBS, GE Healthcare Life Sciences) and 1% penicillin/streptomycin (Lonza). Endothelial cells were grown in an endothelial cell growth media (ATCC). Cells were prepared for RNA extraction via an RNAeasy mini kit (Invitrogen). Samples were treated with Qiasol lysis buffer and extracted for total RNA on a Qiacube robot per the manufacturer's instructions (Invitrogen). The extracted RNA was quantitated using a NanoDrop and RNA quality was measured via BioAnalyzer chip (Agilent). Purified RNA samples were then sent to the University of Minnesota BioMedical Genomics Center for Illumina HiSeq RNA sequencing, where RNA-Seq library preparation was carried out according to the manufactuers protocols (Illumina).|ENA checklist;;ERC000011|INSDC center name;;European Research Institute for the Biology of Ageing, University of Groningen, UMC Groningen, The Netherlands|INSDC first public;;2017-11-22T17:02:48Z|INSDC last update;;2017-01-24T12:47:05Z|INSDC status;;public|organism;;Homo sapiens|Sample Name;;ERS1510127|SRA accession;;ERS1510127|Title;;C1",Experimental Factor: Primary foreskin fibroblasts;;cell type|Experimental Factor: Proliferation;;irradiate,SAMEA54009418,E-MTAB-5403:C1,Proliferating,Proliferating,,,,no,Fibroblast,Foreskin,no,Proliferating,no hTERT/immortal/SV40/telomerase mention in GEO sample or series record
ERR1805189,ERP021140,Identification of heterogeneous senescence-associated transcriptional programs,paired,Illumina HiSeq 2500,Homo sapiens,ERP021140,Identification of heterogeneous senescence-associated transcriptional programs,paired,Illumina HiSeq 2500,Homo sapiens,HCA2/BJ (primary),Primary,ERP021140,Identification of heterogeneous senescence-associated transcriptional programs,We set out to characterize the transcriptional heterogeneity of the senescence program using a large number of whole-transcriptome sequencing datasets generated by us or publicly available.  We identify a number of senescence transcriptional signatures associated to specific stresses or cell types. We also merge all the studies to identify and validate the genes that are universally differentially regulated during senescence.,Illumina HiSeq 2500 paired end sequencing; Identification of heterogeneous senescence-associated transcriptional programs,Illumina HiSeq 2500,"Alias;;E-MTAB-5403:C2|Broker name;;ArrayExpress|cell_type;;Primary foreskin fibroblasts|Description;;Protocols: Human foreskin fibroblasts HCA2 were obtained from O. Pereira-Smith (University of Texas Health Science Center, San Antonio); human foreskin fibroblasts BJ were purchased from ATCC (Cat: CRL-2522); MEFs were produced from 13.5 day embryos as previously described (Demaria 2010); mouse primary skin microvascular endothelial cells were purchased from Cellbiologics (Cat: C57-6064). All cells were cultured in 5% oxygen for at least 4 doublings prior to use. Fibroblasts were cultured in DMEM (Thermo Fisher Scientific) enriched with 10% fetal bovine serum (FBS, GE Healthcare Life Sciences) and 1% penicillin/streptomycin (Lonza). Endothelial cells were grown in an endothelial cell growth media (ATCC). Cells were prepared for RNA extraction via an RNAeasy mini kit (Invitrogen). Samples were treated with Qiasol lysis buffer and extracted for total RNA on a Qiacube robot per the manufacturer's instructions (Invitrogen). The extracted RNA was quantitated using a NanoDrop and RNA quality was measured via BioAnalyzer chip (Agilent). Purified RNA samples were then sent to the University of Minnesota BioMedical Genomics Center for Illumina HiSeq RNA sequencing, where RNA-Seq library preparation was carried out according to the manufactuers protocols (Illumina).|ENA checklist;;ERC000011|INSDC center name;;European Research Institute for the Biology of Ageing, University of Groningen, UMC Groningen, The Netherlands|INSDC first public;;2017-11-22T17:02:48Z|INSDC last update;;2017-01-24T12:47:05Z|INSDC status;;public|organism;;Homo sapiens|Sample Name;;ERS1510128|SRA accession;;ERS1510128|Title;;C2",Experimental Factor: Primary foreskin fibroblasts;;cell type|Experimental Factor: Proliferation;;irradiate,SAMEA54010168,E-MTAB-5403:C2,Proliferating,Proliferating,,,,no,Fibroblast,Foreskin,no,Proliferating,no hTERT/immortal/SV40/telomerase mention in GEO sample or series record
ERR1805190,ERP021140,Identification of heterogeneous senescence-associated transcriptional programs,paired,Illumina HiSeq 2500,Homo sapiens,ERP021140,Identification of heterogeneous senescence-associated transcriptional programs,paired,Illumina HiSeq 2500,Homo sapiens,HCA2/BJ (primary),Primary,ERP021140,Identification of heterogeneous senescence-associated transcriptional programs,We set out to characterize the transcriptional heterogeneity of the senescence program using a large number of whole-transcriptome sequencing datasets generated by us or publicly available.  We identify a number of senescence transcriptional signatures associated to specific stresses or cell types. We also merge all the studies to identify and validate the genes that are universally differentially regulated during senescence.,Illumina HiSeq 2500 paired end sequencing; Identification of heterogeneous senescence-associated transcriptional programs,Illumina HiSeq 2500,"alias;;E-MTAB-5403:C3|broker name;;ArrayExpress|cell type;;Primary foreskin fibroblasts|ENA checklist;;ERC000011|INSDC center name;;European Research Institute for the Biology of Ageing, University of Groningen, UMC Groningen, The Netherlands|INSDC first public;;2017-11-22T17:02:48Z|INSDC last update;;2017-01-24T12:47:05Z|INSDC status;;public|organism;;Homo sapiens|Sample Name;;ERS1510129|SRA accession;;ERS1510129|title;;C3",Experimental Factor: Primary foreskin fibroblasts;;cell type|Experimental Factor: Proliferation;;irradiate,SAMEA54010918,E-MTAB-5403:C3,Proliferating,Proliferating,,,,no,Fibroblast,Foreskin,no,Proliferating,no hTERT/immortal/SV40/telomerase mention in GEO sample or series record
ERR1805191,ERP021140,Identification of heterogeneous senescence-associated transcriptional programs,paired,Illumina HiSeq 2500,Homo sapiens,ERP021140,Identification of heterogeneous senescence-associated transcriptional programs,paired,Illumina HiSeq 2500,Homo sapiens,HCA2/BJ (primary),Primary,ERP021140,Identification of heterogeneous senescence-associated transcriptional programs,We set out to characterize the transcriptional heterogeneity of the senescence program using a large number of whole-transcriptome sequencing datasets generated by us or publicly available.  We identify a number of senescence transcriptional signatures associated to specific stresses or cell types. We also merge all the studies to identify and validate the genes that are universally differentially regulated during senescence.,Illumina HiSeq 2500 paired end sequencing; Identification of heterogeneous senescence-associated transcriptional programs,Illumina HiSeq 2500,"alias;;E-MTAB-5403:H1|broker name;;ArrayExpress|cell type;;Primary foreskin fibroblasts|ENA checklist;;ERC000011|INSDC center name;;European Research Institute for the Biology of Ageing, University of Groningen, UMC Groningen, The Netherlands|INSDC first public;;2017-11-22T17:02:48Z|INSDC last update;;2017-01-24T12:47:05Z|INSDC status;;public|organism;;Homo sapiens|Sample Name;;ERS1510130|SRA accession;;ERS1510130|title;;H1",Experimental Factor: Primary foreskin fibroblasts;;cell type|Experimental Factor: Quiescence;;irradiate,SAMEA54011668,E-MTAB-5403:H1,CQ,Serum_starved CQ,,,,no,Fibroblast,Foreskin,no,CQ,no hTERT/immortal/SV40/telomerase mention in GEO sample or series record
ERR1805192,ERP021140,Identification of heterogeneous senescence-associated transcriptional programs,paired,Illumina HiSeq 2500,Homo sapiens,ERP021140,Identification of heterogeneous senescence-associated transcriptional programs,paired,Illumina HiSeq 2500,Homo sapiens,HCA2/BJ (primary),Primary,ERP021140,Identification of heterogeneous senescence-associated transcriptional programs,We set out to characterize the transcriptional heterogeneity of the senescence program using a large number of whole-transcriptome sequencing datasets generated by us or publicly available.  We identify a number of senescence transcriptional signatures associated to specific stresses or cell types. We also merge all the studies to identify and validate the genes that are universally differentially regulated during senescence.,Illumina HiSeq 2500 paired end sequencing; Identification of heterogeneous senescence-associated transcriptional programs,Illumina HiSeq 2500,"alias;;E-MTAB-5403:H16|broker name;;ArrayExpress|cell type;;Primary foreskin fibroblasts|ENA checklist;;ERC000011|INSDC center name;;European Research Institute for the Biology of Ageing, University of Groningen, UMC Groningen, The Netherlands|INSDC first public;;2017-11-22T17:02:48Z|INSDC last update;;2017-01-24T12:47:06Z|INSDC status;;public|organism;;Homo sapiens|Sample Name;;ERS1510131|SRA accession;;ERS1510131|title;;H16","Experimental Factor: Irradiation, day 4;;irradiate|Experimental Factor: Primary foreskin fibroblasts;;cell type",SAMEA54012418,E-MTAB-5403:H16,CS,Stress-induced CS,10 Gy,4 days,,no,Fibroblast,Foreskin,no,Stress-induced CS,no hTERT/immortal/SV40/telomerase mention in GEO sample or series record
ERR1805193,ERP021140,Identification of heterogeneous senescence-associated transcriptional programs,paired,Illumina HiSeq 2500,Homo sapiens,ERP021140,Identification of heterogeneous senescence-associated transcriptional programs,paired,Illumina HiSeq 2500,Homo sapiens,HCA2/BJ (primary),Primary,ERP021140,Identification of heterogeneous senescence-associated transcriptional programs,We set out to characterize the transcriptional heterogeneity of the senescence program using a large number of whole-transcriptome sequencing datasets generated by us or publicly available.  We identify a number of senescence transcriptional signatures associated to specific stresses or cell types. We also merge all the studies to identify and validate the genes that are universally differentially regulated during senescence.,Illumina HiSeq 2500 paired end sequencing; Identification of heterogeneous senescence-associated transcriptional programs,Illumina HiSeq 2500,"alias;;E-MTAB-5403:H17|broker name;;ArrayExpress|cell type;;Primary foreskin fibroblasts|ENA checklist;;ERC000011|INSDC center name;;European Research Institute for the Biology of Ageing, University of Groningen, UMC Groningen, The Netherlands|INSDC first public;;2017-11-22T17:02:48Z|INSDC last update;;2017-01-24T12:47:06Z|INSDC status;;public|organism;;Homo sapiens|Sample Name;;ERS1510132|SRA accession;;ERS1510132|title;;H17","Experimental Factor: Irradiation, day 4;;irradiate|Experimental Factor: Primary foreskin fibroblasts;;cell type",SAMEA54013168,E-MTAB-5403:H17,CS,Stress-induced CS,10 Gy,4 days,,no,Fibroblast,Foreskin,no,Stress-induced CS,no hTERT/immortal/SV40/telomerase mention in GEO sample or series record
ERR1805194,ERP021140,Identification of heterogeneous senescence-associated transcriptional programs,paired,Illumina HiSeq 2500,Homo sapiens,ERP021140,Identification of heterogeneous senescence-associated transcriptional programs,paired,Illumina HiSeq 2500,Homo sapiens,HCA2/BJ (primary),Primary,ERP021140,Identification of heterogeneous senescence-associated transcriptional programs,We set out to characterize the transcriptional heterogeneity of the senescence program using a large number of whole-transcriptome sequencing datasets generated by us or publicly available.  We identify a number of senescence transcriptional signatures associated to specific stresses or cell types. We also merge all the studies to identify and validate the genes that are universally differentially regulated during senescence.,Illumina HiSeq 2500 paired end sequencing; Identification of heterogeneous senescence-associated transcriptional programs,Illumina HiSeq 2500,"Alias;;E-MTAB-5403:H18|Broker name;;ArrayExpress|cell_type;;Primary foreskin fibroblasts|Description;;Protocols: Human foreskin fibroblasts HCA2 were obtained from O. Pereira-Smith (University of Texas Health Science Center, San Antonio); human foreskin fibroblasts BJ were purchased from ATCC (Cat: CRL-2522); MEFs were produced from 13.5 day embryos as previously described (Demaria 2010); mouse primary skin microvascular endothelial cells were purchased from Cellbiologics (Cat: C57-6064). All cells were cultured in 5% oxygen for at least 4 doublings prior to use. Fibroblasts were cultured in DMEM (Thermo Fisher Scientific) enriched with 10% fetal bovine serum (FBS, GE Healthcare Life Sciences) and 1% penicillin/streptomycin (Lonza). Endothelial cells were grown in an endothelial cell growth media (ATCC). Cells were prepared for RNA extraction via an RNAeasy mini kit (Invitrogen). Samples were treated with Qiasol lysis buffer and extracted for total RNA on a Qiacube robot per the manufacturer's instructions (Invitrogen). The extracted RNA was quantitated using a NanoDrop and RNA quality was measured via BioAnalyzer chip (Agilent). Purified RNA samples were then sent to the University of Minnesota BioMedical Genomics Center for Illumina HiSeq RNA sequencing, where RNA-Seq library preparation was carried out according to the manufactuers protocols (Illumina).|ENA checklist;;ERC000011|INSDC center name;;European Research Institute for the Biology of Ageing, University of Groningen, UMC Groningen, The Netherlands|INSDC first public;;2017-11-22T17:02:48Z|INSDC last update;;2017-01-24T12:47:06Z|INSDC status;;public|organism;;Homo sapiens|Sample Name;;ERS1510133|SRA accession;;ERS1510133|Title;;H18","Experimental Factor: Irradiation, day 4;;irradiate|Experimental Factor: Primary foreskin fibroblasts;;cell type",SAMEA54013918,E-MTAB-5403:H18,CS,Stress-induced CS,10 Gy,4 days,,no,Fibroblast,Foreskin,no,Stress-induced CS,no hTERT/immortal/SV40/telomerase mention in GEO sample or series record
ERR1805195,ERP021140,Identification of heterogeneous senescence-associated transcriptional programs,paired,Illumina HiSeq 2500,Homo sapiens,ERP021140,Identification of heterogeneous senescence-associated transcriptional programs,paired,Illumina HiSeq 2500,Homo sapiens,HCA2/BJ (primary),Primary,ERP021140,Identification of heterogeneous senescence-associated transcriptional programs,We set out to characterize the transcriptional heterogeneity of the senescence program using a large number of whole-transcriptome sequencing datasets generated by us or publicly available.  We identify a number of senescence transcriptional signatures associated to specific stresses or cell types. We also merge all the studies to identify and validate the genes that are universally differentially regulated during senescence.,Illumina HiSeq 2500 paired end sequencing; Identification of heterogeneous senescence-associated transcriptional programs,Illumina HiSeq 2500,"Alias;;E-MTAB-5403:H19|Broker name;;ArrayExpress|cell_type;;Primary foreskin fibroblasts|Description;;Protocols: Human foreskin fibroblasts HCA2 were obtained from O. Pereira-Smith (University of Texas Health Science Center, San Antonio); human foreskin fibroblasts BJ were purchased from ATCC (Cat: CRL-2522); MEFs were produced from 13.5 day embryos as previously described (Demaria 2010); mouse primary skin microvascular endothelial cells were purchased from Cellbiologics (Cat: C57-6064). All cells were cultured in 5% oxygen for at least 4 doublings prior to use. Fibroblasts were cultured in DMEM (Thermo Fisher Scientific) enriched with 10% fetal bovine serum (FBS, GE Healthcare Life Sciences) and 1% penicillin/streptomycin (Lonza). Endothelial cells were grown in an endothelial cell growth media (ATCC). Cells were prepared for RNA extraction via an RNAeasy mini kit (Invitrogen). Samples were treated with Qiasol lysis buffer and extracted for total RNA on a Qiacube robot per the manufacturer's instructions (Invitrogen). The extracted RNA was quantitated using a NanoDrop and RNA quality was measured via BioAnalyzer chip (Agilent). Purified RNA samples were then sent to the University of Minnesota BioMedical Genomics Center for Illumina HiSeq RNA sequencing, where RNA-Seq library preparation was carried out according to the manufactuers protocols (Illumina).|ENA checklist;;ERC000011|INSDC center name;;European Research Institute for the Biology of Ageing, University of Groningen, UMC Groningen, The Netherlands|INSDC first public;;2017-11-22T17:02:48Z|INSDC last update;;2017-01-24T12:47:06Z|INSDC status;;public|organism;;Homo sapiens|Sample Name;;ERS1510134|SRA accession;;ERS1510134|Title;;H19","Experimental Factor: Irradiation, day 10;;irradiate|Experimental Factor: Primary foreskin fibroblasts;;cell type",SAMEA54014668,E-MTAB-5403:H19,CS,Stress-induced CS,10 Gy,10 days,,no,Fibroblast,Foreskin,no,Stress-induced CS,no hTERT/immortal/SV40/telomerase mention in GEO sample or series record
ERR1805196,ERP021140,Identification of heterogeneous senescence-associated transcriptional programs,paired,Illumina HiSeq 2500,Homo sapiens,ERP021140,Identification of heterogeneous senescence-associated transcriptional programs,paired,Illumina HiSeq 2500,Homo sapiens,HCA2/BJ (primary),Primary,ERP021140,Identification of heterogeneous senescence-associated transcriptional programs,We set out to characterize the transcriptional heterogeneity of the senescence program using a large number of whole-transcriptome sequencing datasets generated by us or publicly available.  We identify a number of senescence transcriptional signatures associated to specific stresses or cell types. We also merge all the studies to identify and validate the genes that are universally differentially regulated during senescence.,Illumina HiSeq 2500 paired end sequencing; Identification of heterogeneous senescence-associated transcriptional programs,Illumina HiSeq 2500,"Alias;;E-MTAB-5403:H2|Broker name;;ArrayExpress|cell_type;;Primary foreskin fibroblasts|Description;;Protocols: Human foreskin fibroblasts HCA2 were obtained from O. Pereira-Smith (University of Texas Health Science Center, San Antonio); human foreskin fibroblasts BJ were purchased from ATCC (Cat: CRL-2522); MEFs were produced from 13.5 day embryos as previously described (Demaria 2010); mouse primary skin microvascular endothelial cells were purchased from Cellbiologics (Cat: C57-6064). All cells were cultured in 5% oxygen for at least 4 doublings prior to use. Fibroblasts were cultured in DMEM (Thermo Fisher Scientific) enriched with 10% fetal bovine serum (FBS, GE Healthcare Life Sciences) and 1% penicillin/streptomycin (Lonza). Endothelial cells were grown in an endothelial cell growth media (ATCC). Cells were prepared for RNA extraction via an RNAeasy mini kit (Invitrogen). Samples were treated with Qiasol lysis buffer and extracted for total RNA on a Qiacube robot per the manufacturer's instructions (Invitrogen). The extracted RNA was quantitated using a NanoDrop and RNA quality was measured via BioAnalyzer chip (Agilent). Purified RNA samples were then sent to the University of Minnesota BioMedical Genomics Center for Illumina HiSeq RNA sequencing, where RNA-Seq library preparation was carried out according to the manufactuers protocols (Illumina).|ENA checklist;;ERC000011|INSDC center name;;European Research Institute for the Biology of Ageing, University of Groningen, UMC Groningen, The Netherlands|INSDC first public;;2017-11-22T17:02:48Z|INSDC last update;;2017-01-24T12:47:06Z|INSDC status;;public|organism;;Homo sapiens|Sample Name;;ERS1510135|SRA accession;;ERS1510135|Title;;H2",Experimental Factor: Primary foreskin fibroblasts;;cell type|Experimental Factor: Quiescence;;irradiate,SAMEA54015418,E-MTAB-5403:H2,CQ,Serum_starved CQ,,,,no,Fibroblast,Foreskin,no,CQ,no hTERT/immortal/SV40/telomerase mention in GEO sample or series record
ERR1805197,ERP021140,Identification of heterogeneous senescence-associated transcriptional programs,paired,Illumina HiSeq 2500,Homo sapiens,ERP021140,Identification of heterogeneous senescence-associated transcriptional programs,paired,Illumina HiSeq 2500,Homo sapiens,HCA2/BJ (primary),Primary,ERP021140,Identification of heterogeneous senescence-associated transcriptional programs,We set out to characterize the transcriptional heterogeneity of the senescence program using a large number of whole-transcriptome sequencing datasets generated by us or publicly available.  We identify a number of senescence transcriptional signatures associated to specific stresses or cell types. We also merge all the studies to identify and validate the genes that are universally differentially regulated during senescence.,Illumina HiSeq 2500 paired end sequencing; Identification of heterogeneous senescence-associated transcriptional programs,Illumina HiSeq 2500,"Alias;;E-MTAB-5403:H20|Broker name;;ArrayExpress|cell_type;;Primary foreskin fibroblasts|Description;;Protocols: Human foreskin fibroblasts HCA2 were obtained from O. Pereira-Smith (University of Texas Health Science Center, San Antonio); human foreskin fibroblasts BJ were purchased from ATCC (Cat: CRL-2522); MEFs were produced from 13.5 day embryos as previously described (Demaria 2010); mouse primary skin microvascular endothelial cells were purchased from Cellbiologics (Cat: C57-6064). All cells were cultured in 5% oxygen for at least 4 doublings prior to use. Fibroblasts were cultured in DMEM (Thermo Fisher Scientific) enriched with 10% fetal bovine serum (FBS, GE Healthcare Life Sciences) and 1% penicillin/streptomycin (Lonza). Endothelial cells were grown in an endothelial cell growth media (ATCC). Cells were prepared for RNA extraction via an RNAeasy mini kit (Invitrogen). Samples were treated with Qiasol lysis buffer and extracted for total RNA on a Qiacube robot per the manufacturer's instructions (Invitrogen). The extracted RNA was quantitated using a NanoDrop and RNA quality was measured via BioAnalyzer chip (Agilent). Purified RNA samples were then sent to the University of Minnesota BioMedical Genomics Center for Illumina HiSeq RNA sequencing, where RNA-Seq library preparation was carried out according to the manufactuers protocols (Illumina).|ENA checklist;;ERC000011|INSDC center name;;European Research Institute for the Biology of Ageing, University of Groningen, UMC Groningen, The Netherlands|INSDC first public;;2017-11-22T17:02:48Z|INSDC last update;;2017-01-24T12:47:06Z|INSDC status;;public|organism;;Homo sapiens|Sample Name;;ERS1510136|SRA accession;;ERS1510136|Title;;H20","Experimental Factor: Irradiation, day 10;;irradiate|Experimental Factor: Primary foreskin fibroblasts;;cell type",SAMEA54016168,E-MTAB-5403:H20,CS,Stress-induced CS,10 Gy,10 days,,no,Fibroblast,Foreskin,no,Stress-induced CS,no hTERT/immortal/SV40/telomerase mention in GEO sample or series record
ERR1805198,ERP021140,Identification of heterogeneous senescence-associated transcriptional programs,paired,Illumina HiSeq 2500,Homo sapiens,ERP021140,Identification of heterogeneous senescence-associated transcriptional programs,paired,Illumina HiSeq 2500,Homo sapiens,HCA2/BJ (primary),Primary,ERP021140,Identification of heterogeneous senescence-associated transcriptional programs,We set out to characterize the transcriptional heterogeneity of the senescence program using a large number of whole-transcriptome sequencing datasets generated by us or publicly available.  We identify a number of senescence transcriptional signatures associated to specific stresses or cell types. We also merge all the studies to identify and validate the genes that are universally differentially regulated during senescence.,Illumina HiSeq 2500 paired end sequencing; Identification of heterogeneous senescence-associated transcriptional programs,Illumina HiSeq 2500,"Alias;;E-MTAB-5403:H21|Broker name;;ArrayExpress|cell_type;;Primary foreskin fibroblasts|Description;;Protocols: Human foreskin fibroblasts HCA2 were obtained from O. Pereira-Smith (University of Texas Health Science Center, San Antonio); human foreskin fibroblasts BJ were purchased from ATCC (Cat: CRL-2522); MEFs were produced from 13.5 day embryos as previously described (Demaria 2010); mouse primary skin microvascular endothelial cells were purchased from Cellbiologics (Cat: C57-6064). All cells were cultured in 5% oxygen for at least 4 doublings prior to use. Fibroblasts were cultured in DMEM (Thermo Fisher Scientific) enriched with 10% fetal bovine serum (FBS, GE Healthcare Life Sciences) and 1% penicillin/streptomycin (Lonza). Endothelial cells were grown in an endothelial cell growth media (ATCC). Cells were prepared for RNA extraction via an RNAeasy mini kit (Invitrogen). Samples were treated with Qiasol lysis buffer and extracted for total RNA on a Qiacube robot per the manufacturer's instructions (Invitrogen). The extracted RNA was quantitated using a NanoDrop and RNA quality was measured via BioAnalyzer chip (Agilent). Purified RNA samples were then sent to the University of Minnesota BioMedical Genomics Center for Illumina HiSeq RNA sequencing, where RNA-Seq library preparation was carried out according to the manufactuers protocols (Illumina).|ENA checklist;;ERC000011|INSDC center name;;European Research Institute for the Biology of Ageing, University of Groningen, UMC Groningen, The Netherlands|INSDC first public;;2017-11-22T17:02:48Z|INSDC last update;;2017-01-24T12:47:06Z|INSDC status;;public|organism;;Homo sapiens|Sample Name;;ERS1510137|SRA accession;;ERS1510137|Title;;H21","Experimental Factor: Irradiation, day 10;;irradiate|Experimental Factor: Primary foreskin fibroblasts;;cell type",SAMEA54016918,E-MTAB-5403:H21,CS,Stress-induced CS,10 Gy,10 days,,no,Fibroblast,Foreskin,no,Stress-induced CS,no hTERT/immortal/SV40/telomerase mention in GEO sample or series record
ERR1805199,ERP021140,Identification of heterogeneous senescence-associated transcriptional programs,paired,Illumina HiSeq 2500,Homo sapiens,ERP021140,Identification of heterogeneous senescence-associated transcriptional programs,paired,Illumina HiSeq 2500,Homo sapiens,HCA2/BJ (primary),Primary,ERP021140,Identification of heterogeneous senescence-associated transcriptional programs,We set out to characterize the transcriptional heterogeneity of the senescence program using a large number of whole-transcriptome sequencing datasets generated by us or publicly available.  We identify a number of senescence transcriptional signatures associated to specific stresses or cell types. We also merge all the studies to identify and validate the genes that are universally differentially regulated during senescence.,Illumina HiSeq 2500 paired end sequencing; Identification of heterogeneous senescence-associated transcriptional programs,Illumina HiSeq 2500,"alias;;E-MTAB-5403:H22|broker name;;ArrayExpress|cell type;;Primary foreskin fibroblasts|ENA checklist;;ERC000011|INSDC center name;;European Research Institute for the Biology of Ageing, University of Groningen, UMC Groningen, The Netherlands|INSDC first public;;2017-11-22T17:02:48Z|INSDC last update;;2017-01-24T12:47:06Z|INSDC status;;public|organism;;Homo sapiens|Sample Name;;ERS1510138|SRA accession;;ERS1510138|title;;H22","Experimental Factor: Irradiation, day 20;;irradiate|Experimental Factor: Primary foreskin fibroblasts;;cell type",SAMEA54017668,E-MTAB-5403:H22,CS,Stress-induced CS,10 Gy,20 days,,no,Fibroblast,Foreskin,no,Stress-induced CS,no hTERT/immortal/SV40/telomerase mention in GEO sample or series record
ERR1805200,ERP021140,Identification of heterogeneous senescence-associated transcriptional programs,paired,Illumina HiSeq 2500,Homo sapiens,ERP021140,Identification of heterogeneous senescence-associated transcriptional programs,paired,Illumina HiSeq 2500,Homo sapiens,HCA2/BJ (primary),Primary,ERP021140,Identification of heterogeneous senescence-associated transcriptional programs,We set out to characterize the transcriptional heterogeneity of the senescence program using a large number of whole-transcriptome sequencing datasets generated by us or publicly available.  We identify a number of senescence transcriptional signatures associated to specific stresses or cell types. We also merge all the studies to identify and validate the genes that are universally differentially regulated during senescence.,Illumina HiSeq 2500 paired end sequencing; Identification of heterogeneous senescence-associated transcriptional programs,Illumina HiSeq 2500,"Alias;;E-MTAB-5403:H23|Broker name;;ArrayExpress|cell_type;;Primary foreskin fibroblasts|Description;;Protocols: Human foreskin fibroblasts HCA2 were obtained from O. Pereira-Smith (University of Texas Health Science Center, San Antonio); human foreskin fibroblasts BJ were purchased from ATCC (Cat: CRL-2522); MEFs were produced from 13.5 day embryos as previously described (Demaria 2010); mouse primary skin microvascular endothelial cells were purchased from Cellbiologics (Cat: C57-6064). All cells were cultured in 5% oxygen for at least 4 doublings prior to use. Fibroblasts were cultured in DMEM (Thermo Fisher Scientific) enriched with 10% fetal bovine serum (FBS, GE Healthcare Life Sciences) and 1% penicillin/streptomycin (Lonza). Endothelial cells were grown in an endothelial cell growth media (ATCC). Cells were prepared for RNA extraction via an RNAeasy mini kit (Invitrogen). Samples were treated with Qiasol lysis buffer and extracted for total RNA on a Qiacube robot per the manufacturer's instructions (Invitrogen). The extracted RNA was quantitated using a NanoDrop and RNA quality was measured via BioAnalyzer chip (Agilent). Purified RNA samples were then sent to the University of Minnesota BioMedical Genomics Center for Illumina HiSeq RNA sequencing, where RNA-Seq library preparation was carried out according to the manufactuers protocols (Illumina).|ENA checklist;;ERC000011|INSDC center name;;European Research Institute for the Biology of Ageing, University of Groningen, UMC Groningen, The Netherlands|INSDC first public;;2017-11-22T17:02:48Z|INSDC last update;;2017-01-24T12:47:06Z|INSDC status;;public|organism;;Homo sapiens|Sample Name;;ERS1510139|SRA accession;;ERS1510139|Title;;H23","Experimental Factor: Irradiation, day 20;;irradiate|Experimental Factor: Primary foreskin fibroblasts;;cell type",SAMEA54018418,E-MTAB-5403:H23,CS,Stress-induced CS,10 Gy,20 days,,no,Fibroblast,Foreskin,no,Stress-induced CS,no hTERT/immortal/SV40/telomerase mention in GEO sample or series record
ERR1805201,ERP021140,Identification of heterogeneous senescence-associated transcriptional programs,paired,Illumina HiSeq 2500,Homo sapiens,ERP021140,Identification of heterogeneous senescence-associated transcriptional programs,paired,Illumina HiSeq 2500,Homo sapiens,HCA2/BJ (primary),Primary,ERP021140,Identification of heterogeneous senescence-associated transcriptional programs,We set out to characterize the transcriptional heterogeneity of the senescence program using a large number of whole-transcriptome sequencing datasets generated by us or publicly available.  We identify a number of senescence transcriptional signatures associated to specific stresses or cell types. We also merge all the studies to identify and validate the genes that are universally differentially regulated during senescence.,Illumina HiSeq 2500 paired end sequencing; Identification of heterogeneous senescence-associated transcriptional programs,Illumina HiSeq 2500,"Alias;;E-MTAB-5403:H24|Broker name;;ArrayExpress|cell_type;;Primary foreskin fibroblasts|Description;;Protocols: Human foreskin fibroblasts HCA2 were obtained from O. Pereira-Smith (University of Texas Health Science Center, San Antonio); human foreskin fibroblasts BJ were purchased from ATCC (Cat: CRL-2522); MEFs were produced from 13.5 day embryos as previously described (Demaria 2010); mouse primary skin microvascular endothelial cells were purchased from Cellbiologics (Cat: C57-6064). All cells were cultured in 5% oxygen for at least 4 doublings prior to use. Fibroblasts were cultured in DMEM (Thermo Fisher Scientific) enriched with 10% fetal bovine serum (FBS, GE Healthcare Life Sciences) and 1% penicillin/streptomycin (Lonza). Endothelial cells were grown in an endothelial cell growth media (ATCC). Cells were prepared for RNA extraction via an RNAeasy mini kit (Invitrogen). Samples were treated with Qiasol lysis buffer and extracted for total RNA on a Qiacube robot per the manufacturer's instructions (Invitrogen). The extracted RNA was quantitated using a NanoDrop and RNA quality was measured via BioAnalyzer chip (Agilent). Purified RNA samples were then sent to the University of Minnesota BioMedical Genomics Center for Illumina HiSeq RNA sequencing, where RNA-Seq library preparation was carried out according to the manufactuers protocols (Illumina).|ENA checklist;;ERC000011|INSDC center name;;European Research Institute for the Biology of Ageing, University of Groningen, UMC Groningen, The Netherlands|INSDC first public;;2017-11-22T17:02:48Z|INSDC last update;;2017-01-24T12:47:06Z|INSDC status;;public|organism;;Homo sapiens|Sample Name;;ERS1510140|SRA accession;;ERS1510140|Title;;H24","Experimental Factor: Irradiation, day 20;;irradiate|Experimental Factor: Primary foreskin fibroblasts;;cell type",SAMEA54019168,E-MTAB-5403:H24,CS,Stress-induced CS,10 Gy,20 days,,no,Fibroblast,Foreskin,no,Stress-induced CS,no hTERT/immortal/SV40/telomerase mention in GEO sample or series record
ERR1805202,ERP021140,Identification of heterogeneous senescence-associated transcriptional programs,paired,Illumina HiSeq 2500,Homo sapiens,ERP021140,Identification of heterogeneous senescence-associated transcriptional programs,paired,Illumina HiSeq 2500,Homo sapiens,HCA2/BJ (primary),Primary,ERP021140,Identification of heterogeneous senescence-associated transcriptional programs,We set out to characterize the transcriptional heterogeneity of the senescence program using a large number of whole-transcriptome sequencing datasets generated by us or publicly available.  We identify a number of senescence transcriptional signatures associated to specific stresses or cell types. We also merge all the studies to identify and validate the genes that are universally differentially regulated during senescence.,Illumina HiSeq 2500 paired end sequencing; Identification of heterogeneous senescence-associated transcriptional programs,Illumina HiSeq 2500,"alias;;E-MTAB-5403:H25|broker name;;ArrayExpress|cell type;;Primary foreskin fibroblasts|ENA checklist;;ERC000011|INSDC center name;;European Research Institute for the Biology of Ageing, University of Groningen, UMC Groningen, The Netherlands|INSDC first public;;2017-11-22T17:02:48Z|INSDC last update;;2017-01-24T12:47:06Z|INSDC status;;public|organism;;Homo sapiens|Sample Name;;ERS1510141|SRA accession;;ERS1510141|title;;H25","Experimental Factor: Irradiation, day 20;;irradiate|Experimental Factor: Primary foreskin fibroblasts;;cell type",SAMEA54019918,E-MTAB-5403:H25,CS,Stress-induced CS,10 Gy,20 days,,no,Fibroblast,Foreskin,no,Stress-induced CS,no hTERT/immortal/SV40/telomerase mention in GEO sample or series record
ERR1805203,ERP021140,Identification of heterogeneous senescence-associated transcriptional programs,paired,Illumina HiSeq 2500,Homo sapiens,ERP021140,Identification of heterogeneous senescence-associated transcriptional programs,paired,Illumina HiSeq 2500,Homo sapiens,HCA2/BJ (primary),Primary,ERP021140,Identification of heterogeneous senescence-associated transcriptional programs,We set out to characterize the transcriptional heterogeneity of the senescence program using a large number of whole-transcriptome sequencing datasets generated by us or publicly available.  We identify a number of senescence transcriptional signatures associated to specific stresses or cell types. We also merge all the studies to identify and validate the genes that are universally differentially regulated during senescence.,Illumina HiSeq 2500 paired end sequencing; Identification of heterogeneous senescence-associated transcriptional programs,Illumina HiSeq 2500,"alias;;E-MTAB-5403:H26|broker name;;ArrayExpress|cell type;;Primary foreskin fibroblasts|ENA checklist;;ERC000011|INSDC center name;;European Research Institute for the Biology of Ageing, University of Groningen, UMC Groningen, The Netherlands|INSDC first public;;2017-11-22T17:02:48Z|INSDC last update;;2017-01-24T12:47:06Z|INSDC status;;public|organism;;Homo sapiens|Sample Name;;ERS1510142|SRA accession;;ERS1510142|title;;H26","Experimental Factor: Irradiation, day 20;;irradiate|Experimental Factor: Primary foreskin fibroblasts;;cell type",SAMEA54020668,E-MTAB-5403:H26,CS,Stress-induced CS,10 Gy,20 days,,no,Fibroblast,Foreskin,no,Stress-induced CS,no hTERT/immortal/SV40/telomerase mention in GEO sample or series record
ERR1805204,ERP021140,Identification of heterogeneous senescence-associated transcriptional programs,paired,Illumina HiSeq 2500,Homo sapiens,ERP021140,Identification of heterogeneous senescence-associated transcriptional programs,paired,Illumina HiSeq 2500,Homo sapiens,HCA2/BJ (primary),Primary,ERP021140,Identification of heterogeneous senescence-associated transcriptional programs,We set out to characterize the transcriptional heterogeneity of the senescence program using a large number of whole-transcriptome sequencing datasets generated by us or publicly available.  We identify a number of senescence transcriptional signatures associated to specific stresses or cell types. We also merge all the studies to identify and validate the genes that are universally differentially regulated during senescence.,Illumina HiSeq 2500 paired end sequencing; Identification of heterogeneous senescence-associated transcriptional programs,Illumina HiSeq 2500,"alias;;E-MTAB-5403:H27|broker name;;ArrayExpress|cell type;;Primary foreskin fibroblasts|ENA checklist;;ERC000011|INSDC center name;;European Research Institute for the Biology of Ageing, University of Groningen, UMC Groningen, The Netherlands|INSDC first public;;2017-11-22T17:02:48Z|INSDC last update;;2017-01-24T12:47:06Z|INSDC status;;public|organism;;Homo sapiens|Sample Name;;ERS1510143|SRA accession;;ERS1510143|title;;H27","Experimental Factor: Irradiation, day 20;;irradiate|Experimental Factor: Primary foreskin fibroblasts;;cell type",SAMEA54021418,E-MTAB-5403:H27,CS,Stress-induced CS,10 Gy,20 days,,no,Fibroblast,Foreskin,no,Stress-induced CS,no hTERT/immortal/SV40/telomerase mention in GEO sample or series record
ERR1805206,ERP021140,Identification of heterogeneous senescence-associated transcriptional programs,paired,Illumina HiSeq 2500,Homo sapiens,ERP021140,Identification of heterogeneous senescence-associated transcriptional programs,paired,Illumina HiSeq 2500,Homo sapiens,HCA2/BJ (primary),Primary,ERP021140,Identification of heterogeneous senescence-associated transcriptional programs,We set out to characterize the transcriptional heterogeneity of the senescence program using a large number of whole-transcriptome sequencing datasets generated by us or publicly available.  We identify a number of senescence transcriptional signatures associated to specific stresses or cell types. We also merge all the studies to identify and validate the genes that are universally differentially regulated during senescence.,Illumina HiSeq 2500 paired end sequencing; Identification of heterogeneous senescence-associated transcriptional programs,Illumina HiSeq 2500,"Alias;;E-MTAB-5403:H4|Broker name;;ArrayExpress|cell_type;;Primary foreskin fibroblasts|Description;;Protocols: Human foreskin fibroblasts HCA2 were obtained from O. Pereira-Smith (University of Texas Health Science Center, San Antonio); human foreskin fibroblasts BJ were purchased from ATCC (Cat: CRL-2522); MEFs were produced from 13.5 day embryos as previously described (Demaria 2010); mouse primary skin microvascular endothelial cells were purchased from Cellbiologics (Cat: C57-6064). All cells were cultured in 5% oxygen for at least 4 doublings prior to use. Fibroblasts were cultured in DMEM (Thermo Fisher Scientific) enriched with 10% fetal bovine serum (FBS, GE Healthcare Life Sciences) and 1% penicillin/streptomycin (Lonza). Endothelial cells were grown in an endothelial cell growth media (ATCC). Cells were prepared for RNA extraction via an RNAeasy mini kit (Invitrogen). Samples were treated with Qiasol lysis buffer and extracted for total RNA on a Qiacube robot per the manufacturer's instructions (Invitrogen). The extracted RNA was quantitated using a NanoDrop and RNA quality was measured via BioAnalyzer chip (Agilent). Purified RNA samples were then sent to the University of Minnesota BioMedical Genomics Center for Illumina HiSeq RNA sequencing, where RNA-Seq library preparation was carried out according to the manufactuers protocols (Illumina).|ENA checklist;;ERC000011|INSDC center name;;European Research Institute for the Biology of Ageing, University of Groningen, UMC Groningen, The Netherlands|INSDC first public;;2017-11-22T17:02:48Z|INSDC last update;;2017-01-24T12:47:06Z|INSDC status;;public|organism;;Homo sapiens|Sample Name;;ERS1510145|SRA accession;;ERS1510145|Title;;H4",Experimental Factor: Primary foreskin fibroblasts;;cell type|Experimental Factor: Quiescence;;irradiate,SAMEA54022918,E-MTAB-5403:H4,CQ,Serum_starved CQ,,,,no,Fibroblast,Foreskin,no,CQ,no hTERT/immortal/SV40/telomerase mention in GEO sample or series record
ERR1805207,ERP021140,Identification of heterogeneous senescence-associated transcriptional programs,paired,Illumina HiSeq 2500,Homo sapiens,ERP021140,Identification of heterogeneous senescence-associated transcriptional programs,paired,Illumina HiSeq 2500,Homo sapiens,HCA2/BJ (primary),Primary,ERP021140,Identification of heterogeneous senescence-associated transcriptional programs,We set out to characterize the transcriptional heterogeneity of the senescence program using a large number of whole-transcriptome sequencing datasets generated by us or publicly available.  We identify a number of senescence transcriptional signatures associated to specific stresses or cell types. We also merge all the studies to identify and validate the genes that are universally differentially regulated during senescence.,Illumina HiSeq 2500 paired end sequencing; Identification of heterogeneous senescence-associated transcriptional programs,Illumina HiSeq 2500,"alias;;E-MTAB-5403:H5|broker name;;ArrayExpress|cell type;;Primary foreskin fibroblasts|ENA checklist;;ERC000011|INSDC center name;;European Research Institute for the Biology of Ageing, University of Groningen, UMC Groningen, The Netherlands|INSDC first public;;2017-11-22T17:02:48Z|INSDC last update;;2017-01-24T12:47:06Z|INSDC status;;public|organism;;Homo sapiens|Sample Name;;ERS1510146|SRA accession;;ERS1510146|title;;H5",Experimental Factor: Primary foreskin fibroblasts;;cell type|Experimental Factor: Quiescence;;irradiate,SAMEA54023668,E-MTAB-5403:H5,CQ,Serum_starved CQ,,,,no,Fibroblast,Foreskin,no,CQ,no hTERT/immortal/SV40/telomerase mention in GEO sample or series record
ERR1805208,ERP021140,Identification of heterogeneous senescence-associated transcriptional programs,paired,Illumina HiSeq 2500,Homo sapiens,ERP021140,Identification of heterogeneous senescence-associated transcriptional programs,paired,Illumina HiSeq 2500,Homo sapiens,HCA2/BJ (primary),Primary,ERP021140,Identification of heterogeneous senescence-associated transcriptional programs,We set out to characterize the transcriptional heterogeneity of the senescence program using a large number of whole-transcriptome sequencing datasets generated by us or publicly available.  We identify a number of senescence transcriptional signatures associated to specific stresses or cell types. We also merge all the studies to identify and validate the genes that are universally differentially regulated during senescence.,Illumina HiSeq 2500 paired end sequencing; Identification of heterogeneous senescence-associated transcriptional programs,Illumina HiSeq 2500,"Alias;;E-MTAB-5403:H6|Broker name;;ArrayExpress|cell_type;;Primary foreskin fibroblasts|Description;;Protocols: Human foreskin fibroblasts HCA2 were obtained from O. Pereira-Smith (University of Texas Health Science Center, San Antonio); human foreskin fibroblasts BJ were purchased from ATCC (Cat: CRL-2522); MEFs were produced from 13.5 day embryos as previously described (Demaria 2010); mouse primary skin microvascular endothelial cells were purchased from Cellbiologics (Cat: C57-6064). All cells were cultured in 5% oxygen for at least 4 doublings prior to use. Fibroblasts were cultured in DMEM (Thermo Fisher Scientific) enriched with 10% fetal bovine serum (FBS, GE Healthcare Life Sciences) and 1% penicillin/streptomycin (Lonza). Endothelial cells were grown in an endothelial cell growth media (ATCC). Cells were prepared for RNA extraction via an RNAeasy mini kit (Invitrogen). Samples were treated with Qiasol lysis buffer and extracted for total RNA on a Qiacube robot per the manufacturer's instructions (Invitrogen). The extracted RNA was quantitated using a NanoDrop and RNA quality was measured via BioAnalyzer chip (Agilent). Purified RNA samples were then sent to the University of Minnesota BioMedical Genomics Center for Illumina HiSeq RNA sequencing, where RNA-Seq library preparation was carried out according to the manufactuers protocols (Illumina).|ENA checklist;;ERC000011|INSDC center name;;European Research Institute for the Biology of Ageing, University of Groningen, UMC Groningen, The Netherlands|INSDC first public;;2017-11-22T17:02:48Z|INSDC last update;;2017-01-24T12:47:06Z|INSDC status;;public|organism;;Homo sapiens|Sample Name;;ERS1510147|SRA accession;;ERS1510147|Title;;H6",Experimental Factor: Primary foreskin fibroblasts;;cell type|Experimental Factor: Quiescence;;irradiate,SAMEA54024418,E-MTAB-5403:H6,CQ,Serum_starved CQ,,,,no,Fibroblast,Foreskin,no,CQ,no hTERT/immortal/SV40/telomerase mention in GEO sample or series record
ERR1805209,ERP021140,Identification of heterogeneous senescence-associated transcriptional programs,paired,Illumina HiSeq 2500,Homo sapiens,ERP021140,Identification of heterogeneous senescence-associated transcriptional programs,paired,Illumina HiSeq 2500,Homo sapiens,HCA2/BJ (primary),Primary,ERP021140,Identification of heterogeneous senescence-associated transcriptional programs,We set out to characterize the transcriptional heterogeneity of the senescence program using a large number of whole-transcriptome sequencing datasets generated by us or publicly available.  We identify a number of senescence transcriptional signatures associated to specific stresses or cell types. We also merge all the studies to identify and validate the genes that are universally differentially regulated during senescence.,Illumina HiSeq 2500 paired end sequencing; Identification of heterogeneous senescence-associated transcriptional programs,Illumina HiSeq 2500,"Alias;;E-MTAB-5403:H7|Broker name;;ArrayExpress|cell_type;;Primary foreskin fibroblasts|Description;;Protocols: Human foreskin fibroblasts HCA2 were obtained from O. Pereira-Smith (University of Texas Health Science Center, San Antonio); human foreskin fibroblasts BJ were purchased from ATCC (Cat: CRL-2522); MEFs were produced from 13.5 day embryos as previously described (Demaria 2010); mouse primary skin microvascular endothelial cells were purchased from Cellbiologics (Cat: C57-6064). All cells were cultured in 5% oxygen for at least 4 doublings prior to use. Fibroblasts were cultured in DMEM (Thermo Fisher Scientific) enriched with 10% fetal bovine serum (FBS, GE Healthcare Life Sciences) and 1% penicillin/streptomycin (Lonza). Endothelial cells were grown in an endothelial cell growth media (ATCC). Cells were prepared for RNA extraction via an RNAeasy mini kit (Invitrogen). Samples were treated with Qiasol lysis buffer and extracted for total RNA on a Qiacube robot per the manufacturer's instructions (Invitrogen). The extracted RNA was quantitated using a NanoDrop and RNA quality was measured via BioAnalyzer chip (Agilent). Purified RNA samples were then sent to the University of Minnesota BioMedical Genomics Center for Illumina HiSeq RNA sequencing, where RNA-Seq library preparation was carried out according to the manufactuers protocols (Illumina).|ENA checklist;;ERC000011|INSDC center name;;European Research Institute for the Biology of Ageing, University of Groningen, UMC Groningen, The Netherlands|INSDC first public;;2017-11-22T17:02:48Z|INSDC last update;;2017-01-24T12:47:06Z|INSDC status;;public|organism;;Homo sapiens|Sample Name;;ERS1510148|SRA accession;;ERS1510148|Title;;H7",Experimental Factor: Primary foreskin fibroblasts;;cell type|Experimental Factor: Proliferation;;irradiate,SAMEA54025168,E-MTAB-5403:H7,Proliferating,Proliferating,,,,no,Fibroblast,Foreskin,no,Proliferating,no hTERT/immortal/SV40/telomerase mention in GEO sample or series record
ERR1805210,ERP021140,Identification of heterogeneous senescence-associated transcriptional programs,paired,Illumina HiSeq 2500,Homo sapiens,ERP021140,Identification of heterogeneous senescence-associated transcriptional programs,paired,Illumina HiSeq 2500,Homo sapiens,HCA2/BJ (primary),Primary,ERP021140,Identification of heterogeneous senescence-associated transcriptional programs,We set out to characterize the transcriptional heterogeneity of the senescence program using a large number of whole-transcriptome sequencing datasets generated by us or publicly available.  We identify a number of senescence transcriptional signatures associated to specific stresses or cell types. We also merge all the studies to identify and validate the genes that are universally differentially regulated during senescence.,Illumina HiSeq 2500 paired end sequencing; Identification of heterogeneous senescence-associated transcriptional programs,Illumina HiSeq 2500,"Alias;;E-MTAB-5403:H8|Broker name;;ArrayExpress|cell_type;;Primary foreskin fibroblasts|Description;;Protocols: Human foreskin fibroblasts HCA2 were obtained from O. Pereira-Smith (University of Texas Health Science Center, San Antonio); human foreskin fibroblasts BJ were purchased from ATCC (Cat: CRL-2522); MEFs were produced from 13.5 day embryos as previously described (Demaria 2010); mouse primary skin microvascular endothelial cells were purchased from Cellbiologics (Cat: C57-6064). All cells were cultured in 5% oxygen for at least 4 doublings prior to use. Fibroblasts were cultured in DMEM (Thermo Fisher Scientific) enriched with 10% fetal bovine serum (FBS, GE Healthcare Life Sciences) and 1% penicillin/streptomycin (Lonza). Endothelial cells were grown in an endothelial cell growth media (ATCC). Cells were prepared for RNA extraction via an RNAeasy mini kit (Invitrogen). Samples were treated with Qiasol lysis buffer and extracted for total RNA on a Qiacube robot per the manufacturer's instructions (Invitrogen). The extracted RNA was quantitated using a NanoDrop and RNA quality was measured via BioAnalyzer chip (Agilent). Purified RNA samples were then sent to the University of Minnesota BioMedical Genomics Center for Illumina HiSeq RNA sequencing, where RNA-Seq library preparation was carried out according to the manufactuers protocols (Illumina).|ENA checklist;;ERC000011|INSDC center name;;European Research Institute for the Biology of Ageing, University of Groningen, UMC Groningen, The Netherlands|INSDC first public;;2017-11-22T17:02:48Z|INSDC last update;;2017-01-24T12:47:06Z|INSDC status;;public|organism;;Homo sapiens|Sample Name;;ERS1510149|SRA accession;;ERS1510149|Title;;H8",Experimental Factor: Primary foreskin fibroblasts;;cell type|Experimental Factor: Proliferation;;irradiate,SAMEA54025918,E-MTAB-5403:H8,Proliferating,Proliferating,,,,no,Fibroblast,Foreskin,no,Proliferating,no hTERT/immortal/SV40/telomerase mention in GEO sample or series record
ERR1805211,ERP021140,Identification of heterogeneous senescence-associated transcriptional programs,paired,Illumina HiSeq 2500,Homo sapiens,ERP021140,Identification of heterogeneous senescence-associated transcriptional programs,paired,Illumina HiSeq 2500,Homo sapiens,HCA2/BJ (primary),Primary,ERP021140,Identification of heterogeneous senescence-associated transcriptional programs,We set out to characterize the transcriptional heterogeneity of the senescence program using a large number of whole-transcriptome sequencing datasets generated by us or publicly available.  We identify a number of senescence transcriptional signatures associated to specific stresses or cell types. We also merge all the studies to identify and validate the genes that are universally differentially regulated during senescence.,Illumina HiSeq 2500 paired end sequencing; Identification of heterogeneous senescence-associated transcriptional programs,Illumina HiSeq 2500,"alias;;E-MTAB-5403:H9|broker name;;ArrayExpress|cell type;;Primary foreskin fibroblasts|ENA checklist;;ERC000011|INSDC center name;;European Research Institute for the Biology of Ageing, University of Groningen, UMC Groningen, The Netherlands|INSDC first public;;2017-11-22T17:02:48Z|INSDC last update;;2017-01-24T12:47:06Z|INSDC status;;public|organism;;Homo sapiens|Sample Name;;ERS1510150|SRA accession;;ERS1510150|title;;H9",Experimental Factor: Primary foreskin fibroblasts;;cell type|Experimental Factor: Proliferation;;irradiate,SAMEA54026668,E-MTAB-5403:H9,Proliferating,Proliferating,,,,no,Fibroblast,Foreskin,no,Proliferating,no hTERT/immortal/SV40/telomerase mention in GEO sample or series record
ERR1805213,ERP021140,Identification of heterogeneous senescence-associated transcriptional programs,paired,Illumina HiSeq 2500,Homo sapiens,ERP021140,Identification of heterogeneous senescence-associated transcriptional programs,paired,Illumina HiSeq 2500,Homo sapiens,HCA2/BJ (primary),Primary,ERP021140,Identification of heterogeneous senescence-associated transcriptional programs,We set out to characterize the transcriptional heterogeneity of the senescence program using a large number of whole-transcriptome sequencing datasets generated by us or publicly available.  We identify a number of senescence transcriptional signatures associated to specific stresses or cell types. We also merge all the studies to identify and validate the genes that are universally differentially regulated during senescence.,Illumina HiSeq 2500 paired end sequencing; Identification of heterogeneous senescence-associated transcriptional programs,Illumina HiSeq 2500,"Alias;;E-MTAB-5403:I10-2|Broker name;;ArrayExpress|cell_type;;Primary foreskin fibroblasts|Description;;Protocols: Human foreskin fibroblasts HCA2 were obtained from O. Pereira-Smith (University of Texas Health Science Center, San Antonio); human foreskin fibroblasts BJ were purchased from ATCC (Cat: CRL-2522); MEFs were produced from 13.5 day embryos as previously described (Demaria 2010); mouse primary skin microvascular endothelial cells were purchased from Cellbiologics (Cat: C57-6064). All cells were cultured in 5% oxygen for at least 4 doublings prior to use. Fibroblasts were cultured in DMEM (Thermo Fisher Scientific) enriched with 10% fetal bovine serum (FBS, GE Healthcare Life Sciences) and 1% penicillin/streptomycin (Lonza). Endothelial cells were grown in an endothelial cell growth media (ATCC). Cells were prepared for RNA extraction via an RNAeasy mini kit (Invitrogen). Samples were treated with Qiasol lysis buffer and extracted for total RNA on a Qiacube robot per the manufacturer's instructions (Invitrogen). The extracted RNA was quantitated using a NanoDrop and RNA quality was measured via BioAnalyzer chip (Agilent). Purified RNA samples were then sent to the University of Minnesota BioMedical Genomics Center for Illumina HiSeq RNA sequencing, where RNA-Seq library preparation was carried out according to the manufactuers protocols (Illumina).|ENA checklist;;ERC000011|INSDC center name;;European Research Institute for the Biology of Ageing, University of Groningen, UMC Groningen, The Netherlands|INSDC first public;;2017-11-22T17:02:48Z|INSDC last update;;2017-01-24T12:47:06Z|INSDC status;;public|organism;;Homo sapiens|Sample Name;;ERS1510152|SRA accession;;ERS1510152|Title;;I10-2","Experimental Factor: Irradiation, day 10;;irradiate|Experimental Factor: Primary foreskin fibroblasts;;cell type",SAMEA54028168,E-MTAB-5403:I10-2,CS,Stress-induced CS,10 Gy,10 days,,no,Fibroblast,Foreskin,no,Stress-induced CS,no hTERT/immortal/SV40/telomerase mention in GEO sample or series record
ERR1805214,ERP021140,Identification of heterogeneous senescence-associated transcriptional programs,paired,Illumina HiSeq 2500,Homo sapiens,ERP021140,Identification of heterogeneous senescence-associated transcriptional programs,paired,Illumina HiSeq 2500,Homo sapiens,HCA2/BJ (primary),Primary,ERP021140,Identification of heterogeneous senescence-associated transcriptional programs,We set out to characterize the transcriptional heterogeneity of the senescence program using a large number of whole-transcriptome sequencing datasets generated by us or publicly available.  We identify a number of senescence transcriptional signatures associated to specific stresses or cell types. We also merge all the studies to identify and validate the genes that are universally differentially regulated during senescence.,Illumina HiSeq 2500 paired end sequencing; Identification of heterogeneous senescence-associated transcriptional programs,Illumina HiSeq 2500,"Alias;;E-MTAB-5403:I10-3|Broker name;;ArrayExpress|cell_type;;Primary foreskin fibroblasts|Description;;Protocols: Human foreskin fibroblasts HCA2 were obtained from O. Pereira-Smith (University of Texas Health Science Center, San Antonio); human foreskin fibroblasts BJ were purchased from ATCC (Cat: CRL-2522); MEFs were produced from 13.5 day embryos as previously described (Demaria 2010); mouse primary skin microvascular endothelial cells were purchased from Cellbiologics (Cat: C57-6064). All cells were cultured in 5% oxygen for at least 4 doublings prior to use. Fibroblasts were cultured in DMEM (Thermo Fisher Scientific) enriched with 10% fetal bovine serum (FBS, GE Healthcare Life Sciences) and 1% penicillin/streptomycin (Lonza). Endothelial cells were grown in an endothelial cell growth media (ATCC). Cells were prepared for RNA extraction via an RNAeasy mini kit (Invitrogen). Samples were treated with Qiasol lysis buffer and extracted for total RNA on a Qiacube robot per the manufacturer's instructions (Invitrogen). The extracted RNA was quantitated using a NanoDrop and RNA quality was measured via BioAnalyzer chip (Agilent). Purified RNA samples were then sent to the University of Minnesota BioMedical Genomics Center for Illumina HiSeq RNA sequencing, where RNA-Seq library preparation was carried out according to the manufactuers protocols (Illumina).|ENA checklist;;ERC000011|INSDC center name;;European Research Institute for the Biology of Ageing, University of Groningen, UMC Groningen, The Netherlands|INSDC first public;;2017-11-22T17:02:48Z|INSDC last update;;2017-01-24T12:47:06Z|INSDC status;;public|organism;;Homo sapiens|Sample Name;;ERS1510153|SRA accession;;ERS1510153|Title;;I10-3","Experimental Factor: Irradiation, day 10;;irradiate|Experimental Factor: Primary foreskin fibroblasts;;cell type",SAMEA54028918,E-MTAB-5403:I10-3,CS,Stress-induced CS,10 Gy,10 days,,no,Fibroblast,Foreskin,no,Stress-induced CS,no hTERT/immortal/SV40/telomerase mention in GEO sample or series record
ERR1805215,ERP021140,Identification of heterogeneous senescence-associated transcriptional programs,paired,Illumina HiSeq 2500,Homo sapiens,ERP021140,Identification of heterogeneous senescence-associated transcriptional programs,paired,Illumina HiSeq 2500,Homo sapiens,HCA2/BJ (primary),Primary,ERP021140,Identification of heterogeneous senescence-associated transcriptional programs,We set out to characterize the transcriptional heterogeneity of the senescence program using a large number of whole-transcriptome sequencing datasets generated by us or publicly available.  We identify a number of senescence transcriptional signatures associated to specific stresses or cell types. We also merge all the studies to identify and validate the genes that are universally differentially regulated during senescence.,Illumina HiSeq 2500 paired end sequencing; Identification of heterogeneous senescence-associated transcriptional programs,Illumina HiSeq 2500,"Alias;;E-MTAB-5403:I4-1|Broker name;;ArrayExpress|cell_type;;Primary foreskin fibroblasts|Description;;Protocols: Human foreskin fibroblasts HCA2 were obtained from O. Pereira-Smith (University of Texas Health Science Center, San Antonio); human foreskin fibroblasts BJ were purchased from ATCC (Cat: CRL-2522); MEFs were produced from 13.5 day embryos as previously described (Demaria 2010); mouse primary skin microvascular endothelial cells were purchased from Cellbiologics (Cat: C57-6064). All cells were cultured in 5% oxygen for at least 4 doublings prior to use. Fibroblasts were cultured in DMEM (Thermo Fisher Scientific) enriched with 10% fetal bovine serum (FBS, GE Healthcare Life Sciences) and 1% penicillin/streptomycin (Lonza). Endothelial cells were grown in an endothelial cell growth media (ATCC). Cells were prepared for RNA extraction via an RNAeasy mini kit (Invitrogen). Samples were treated with Qiasol lysis buffer and extracted for total RNA on a Qiacube robot per the manufacturer's instructions (Invitrogen). The extracted RNA was quantitated using a NanoDrop and RNA quality was measured via BioAnalyzer chip (Agilent). Purified RNA samples were then sent to the University of Minnesota BioMedical Genomics Center for Illumina HiSeq RNA sequencing, where RNA-Seq library preparation was carried out according to the manufactuers protocols (Illumina).|ENA checklist;;ERC000011|INSDC center name;;European Research Institute for the Biology of Ageing, University of Groningen, UMC Groningen, The Netherlands|INSDC first public;;2017-11-22T17:02:48Z|INSDC last update;;2017-01-24T12:47:06Z|INSDC status;;public|organism;;Homo sapiens|Sample Name;;ERS1510154|SRA accession;;ERS1510154|Title;;I4-1","Experimental Factor: Irradiation, day 4;;irradiate|Experimental Factor: Primary foreskin fibroblasts;;cell type",SAMEA54029668,E-MTAB-5403:I4-1,CS,Stress-induced CS,10 Gy,4 days,,no,Fibroblast,Foreskin,no,Stress-induced CS,no hTERT/immortal/SV40/telomerase mention in GEO sample or series record
ERR1805216,ERP021140,Identification of heterogeneous senescence-associated transcriptional programs,paired,Illumina HiSeq 2500,Homo sapiens,ERP021140,Identification of heterogeneous senescence-associated transcriptional programs,paired,Illumina HiSeq 2500,Homo sapiens,HCA2/BJ (primary),Primary,ERP021140,Identification of heterogeneous senescence-associated transcriptional programs,We set out to characterize the transcriptional heterogeneity of the senescence program using a large number of whole-transcriptome sequencing datasets generated by us or publicly available.  We identify a number of senescence transcriptional signatures associated to specific stresses or cell types. We also merge all the studies to identify and validate the genes that are universally differentially regulated during senescence.,Illumina HiSeq 2500 paired end sequencing; Identification of heterogeneous senescence-associated transcriptional programs,Illumina HiSeq 2500,"Alias;;E-MTAB-5403:I4-2|Broker name;;ArrayExpress|cell_type;;Primary foreskin fibroblasts|Description;;Protocols: Human foreskin fibroblasts HCA2 were obtained from O. Pereira-Smith (University of Texas Health Science Center, San Antonio); human foreskin fibroblasts BJ were purchased from ATCC (Cat: CRL-2522); MEFs were produced from 13.5 day embryos as previously described (Demaria 2010); mouse primary skin microvascular endothelial cells were purchased from Cellbiologics (Cat: C57-6064). All cells were cultured in 5% oxygen for at least 4 doublings prior to use. Fibroblasts were cultured in DMEM (Thermo Fisher Scientific) enriched with 10% fetal bovine serum (FBS, GE Healthcare Life Sciences) and 1% penicillin/streptomycin (Lonza). Endothelial cells were grown in an endothelial cell growth media (ATCC). Cells were prepared for RNA extraction via an RNAeasy mini kit (Invitrogen). Samples were treated with Qiasol lysis buffer and extracted for total RNA on a Qiacube robot per the manufacturer's instructions (Invitrogen). The extracted RNA was quantitated using a NanoDrop and RNA quality was measured via BioAnalyzer chip (Agilent). Purified RNA samples were then sent to the University of Minnesota BioMedical Genomics Center for Illumina HiSeq RNA sequencing, where RNA-Seq library preparation was carried out according to the manufactuers protocols (Illumina).|ENA checklist;;ERC000011|INSDC center name;;European Research Institute for the Biology of Ageing, University of Groningen, UMC Groningen, The Netherlands|INSDC first public;;2017-11-22T17:02:48Z|INSDC last update;;2017-01-24T12:47:06Z|INSDC status;;public|organism;;Homo sapiens|Sample Name;;ERS1510155|SRA accession;;ERS1510155|Title;;I4-2","Experimental Factor: Irradiation, day 4;;irradiate|Experimental Factor: Primary foreskin fibroblasts;;cell type",SAMEA54030418,E-MTAB-5403:I4-2,CS,Stress-induced CS,10 Gy,4 days,,no,Fibroblast,Foreskin,no,Stress-induced CS,no hTERT/immortal/SV40/telomerase mention in GEO sample or series record
ERR1805217,ERP021140,Identification of heterogeneous senescence-associated transcriptional programs,paired,Illumina HiSeq 2500,Homo sapiens,ERP021140,Identification of heterogeneous senescence-associated transcriptional programs,paired,Illumina HiSeq 2500,Homo sapiens,HCA2/BJ (primary),Primary,ERP021140,Identification of heterogeneous senescence-associated transcriptional programs,We set out to characterize the transcriptional heterogeneity of the senescence program using a large number of whole-transcriptome sequencing datasets generated by us or publicly available.  We identify a number of senescence transcriptional signatures associated to specific stresses or cell types. We also merge all the studies to identify and validate the genes that are universally differentially regulated during senescence.,Illumina HiSeq 2500 paired end sequencing; Identification of heterogeneous senescence-associated transcriptional programs,Illumina HiSeq 2500,"Alias;;E-MTAB-5403:I4-3|Broker name;;ArrayExpress|cell_type;;Primary foreskin fibroblasts|Description;;Protocols: Human foreskin fibroblasts HCA2 were obtained from O. Pereira-Smith (University of Texas Health Science Center, San Antonio); human foreskin fibroblasts BJ were purchased from ATCC (Cat: CRL-2522); MEFs were produced from 13.5 day embryos as previously described (Demaria 2010); mouse primary skin microvascular endothelial cells were purchased from Cellbiologics (Cat: C57-6064). All cells were cultured in 5% oxygen for at least 4 doublings prior to use. Fibroblasts were cultured in DMEM (Thermo Fisher Scientific) enriched with 10% fetal bovine serum (FBS, GE Healthcare Life Sciences) and 1% penicillin/streptomycin (Lonza). Endothelial cells were grown in an endothelial cell growth media (ATCC). Cells were prepared for RNA extraction via an RNAeasy mini kit (Invitrogen). Samples were treated with Qiasol lysis buffer and extracted for total RNA on a Qiacube robot per the manufacturer's instructions (Invitrogen). The extracted RNA was quantitated using a NanoDrop and RNA quality was measured via BioAnalyzer chip (Agilent). Purified RNA samples were then sent to the University of Minnesota BioMedical Genomics Center for Illumina HiSeq RNA sequencing, where RNA-Seq library preparation was carried out according to the manufactuers protocols (Illumina).|ENA checklist;;ERC000011|INSDC center name;;European Research Institute for the Biology of Ageing, University of Groningen, UMC Groningen, The Netherlands|INSDC first public;;2017-11-22T17:02:48Z|INSDC last update;;2017-01-24T12:47:06Z|INSDC status;;public|organism;;Homo sapiens|Sample Name;;ERS1510156|SRA accession;;ERS1510156|Title;;I4-3","Experimental Factor: Irradiation, day 4;;irradiate|Experimental Factor: Primary foreskin fibroblasts;;cell type",SAMEA54031168,E-MTAB-5403:I4-3,CS,Stress-induced CS,10 Gy,4 days,,no,Fibroblast,Foreskin,no,Stress-induced CS,no hTERT/immortal/SV40/telomerase mention in GEO sample or series record
SRR2184428,SRP062872,NOTCH1 mediates a reciprocal switch between two distinct secretomes during senescence [CSM],paired,Illumina HiSeq 2000,Homo sapiens,SRP062872,NOTCH1 mediates a reciprocal switch between two distinct secretomes during senescence [CSM],paired,Illumina HiSeq 2000,Homo sapiens,IMR90,IMR-90,SRP062872,NOTCH1 mediates a reciprocal switch between two distinct secretomes during senescence [CSM],"ER:RAS-G12V expressing IMR90 cells were treated with either 100nM 4-OHT for 6 days or 100uM Etoposide for 2 days, followed by further culture for 5 days, leading to RAS-induced senescence (RIS) and DNA-damage induced senescence (DDIS) respectively. Overall design: IMR90 cells expressing a 4-hydroxytamoxifen (4-OHT) inducible estrogen receptor (ER)-coupled RAS-G12V (ER:RAS-G12V) were treated with either 100nM 4-OHT for 6 days or 100uM Etoposide for 2 days, followed by further culture for 5 days, leading to RAS-induced senescence (RIS) and DNA-damage induced senescence (DDIS) respectively.  The total RNA was then analysed for transcriptional profiling using mRNA-sequencing. There were 8 (eight) biological replicatesfor each of the experimental conditions. Untreated ER:RAS IMR90 cells were the control condition",GSM1861966: Control rep 1; Homo sapiens; RNA-Seq,Illumina HiSeq 2000,sample group;;Control|source_name;;IMR90 cells,GEO Accession;;GSM1861966,GSM1861966,Control rep 1,Proliferating,Proliferating,,,HRASG12V,no,Fibroblast,Lung,no,Proliferating,no hTERT/immortal/SV40/telomerase mention in GEO sample or series record
SRR2184429,SRP062872,NOTCH1 mediates a reciprocal switch between two distinct secretomes during senescence [CSM],paired,Illumina HiSeq 2000,Homo sapiens,SRP062872,NOTCH1 mediates a reciprocal switch between two distinct secretomes during senescence [CSM],paired,Illumina HiSeq 2000,Homo sapiens,IMR90,IMR-90,SRP062872,NOTCH1 mediates a reciprocal switch between two distinct secretomes during senescence [CSM],"ER:RAS-G12V expressing IMR90 cells were treated with either 100nM 4-OHT for 6 days or 100uM Etoposide for 2 days, followed by further culture for 5 days, leading to RAS-induced senescence (RIS) and DNA-damage induced senescence (DDIS) respectively. Overall design: IMR90 cells expressing a 4-hydroxytamoxifen (4-OHT) inducible estrogen receptor (ER)-coupled RAS-G12V (ER:RAS-G12V) were treated with either 100nM 4-OHT for 6 days or 100uM Etoposide for 2 days, followed by further culture for 5 days, leading to RAS-induced senescence (RIS) and DNA-damage induced senescence (DDIS) respectively.  The total RNA was then analysed for transcriptional profiling using mRNA-sequencing. There were 8 (eight) biological replicatesfor each of the experimental conditions. Untreated ER:RAS IMR90 cells were the control condition",GSM1861967: Control rep 2; Homo sapiens; RNA-Seq,Illumina HiSeq 2000,sample group;;Control|source_name;;IMR90 cells,GEO Accession;;GSM1861967,GSM1861967,Control rep 2,Proliferating,Proliferating,,,HRASG12V,no,Fibroblast,Lung,no,Proliferating,no hTERT/immortal/SV40/telomerase mention in GEO sample or series record
SRR2184430,SRP062872,NOTCH1 mediates a reciprocal switch between two distinct secretomes during senescence [CSM],paired,Illumina HiSeq 2000,Homo sapiens,SRP062872,NOTCH1 mediates a reciprocal switch between two distinct secretomes during senescence [CSM],paired,Illumina HiSeq 2000,Homo sapiens,IMR90,IMR-90,SRP062872,NOTCH1 mediates a reciprocal switch between two distinct secretomes during senescence [CSM],"ER:RAS-G12V expressing IMR90 cells were treated with either 100nM 4-OHT for 6 days or 100uM Etoposide for 2 days, followed by further culture for 5 days, leading to RAS-induced senescence (RIS) and DNA-damage induced senescence (DDIS) respectively. Overall design: IMR90 cells expressing a 4-hydroxytamoxifen (4-OHT) inducible estrogen receptor (ER)-coupled RAS-G12V (ER:RAS-G12V) were treated with either 100nM 4-OHT for 6 days or 100uM Etoposide for 2 days, followed by further culture for 5 days, leading to RAS-induced senescence (RIS) and DNA-damage induced senescence (DDIS) respectively.  The total RNA was then analysed for transcriptional profiling using mRNA-sequencing. There were 8 (eight) biological replicatesfor each of the experimental conditions. Untreated ER:RAS IMR90 cells were the control condition",GSM1861968: Control rep 3; Homo sapiens; RNA-Seq,Illumina HiSeq 2000,sample group;;Control|source_name;;IMR90 cells,GEO Accession;;GSM1861968,GSM1861968,Control rep 3,Proliferating,Proliferating,,,HRASG12V,no,Fibroblast,Lung,no,Proliferating,no hTERT/immortal/SV40/telomerase mention in GEO sample or series record
SRR2184431,SRP062872,NOTCH1 mediates a reciprocal switch between two distinct secretomes during senescence [CSM],paired,Illumina HiSeq 2000,Homo sapiens,SRP062872,NOTCH1 mediates a reciprocal switch between two distinct secretomes during senescence [CSM],paired,Illumina HiSeq 2000,Homo sapiens,IMR90,IMR-90,SRP062872,NOTCH1 mediates a reciprocal switch between two distinct secretomes during senescence [CSM],"ER:RAS-G12V expressing IMR90 cells were treated with either 100nM 4-OHT for 6 days or 100uM Etoposide for 2 days, followed by further culture for 5 days, leading to RAS-induced senescence (RIS) and DNA-damage induced senescence (DDIS) respectively. Overall design: IMR90 cells expressing a 4-hydroxytamoxifen (4-OHT) inducible estrogen receptor (ER)-coupled RAS-G12V (ER:RAS-G12V) were treated with either 100nM 4-OHT for 6 days or 100uM Etoposide for 2 days, followed by further culture for 5 days, leading to RAS-induced senescence (RIS) and DNA-damage induced senescence (DDIS) respectively.  The total RNA was then analysed for transcriptional profiling using mRNA-sequencing. There were 8 (eight) biological replicatesfor each of the experimental conditions. Untreated ER:RAS IMR90 cells were the control condition",GSM1861969: Control rep 4; Homo sapiens; RNA-Seq,Illumina HiSeq 2000,sample group;;Control|source_name;;IMR90 cells,GEO Accession;;GSM1861969,GSM1861969,Control rep 4,Proliferating,Proliferating,,,HRASG12V,no,Fibroblast,Lung,no,Proliferating,no hTERT/immortal/SV40/telomerase mention in GEO sample or series record
SRR2184432,SRP062872,NOTCH1 mediates a reciprocal switch between two distinct secretomes during senescence [CSM],paired,Illumina HiSeq 2000,Homo sapiens,SRP062872,NOTCH1 mediates a reciprocal switch between two distinct secretomes during senescence [CSM],paired,Illumina HiSeq 2000,Homo sapiens,IMR90,IMR-90,SRP062872,NOTCH1 mediates a reciprocal switch between two distinct secretomes during senescence [CSM],"ER:RAS-G12V expressing IMR90 cells were treated with either 100nM 4-OHT for 6 days or 100uM Etoposide for 2 days, followed by further culture for 5 days, leading to RAS-induced senescence (RIS) and DNA-damage induced senescence (DDIS) respectively. Overall design: IMR90 cells expressing a 4-hydroxytamoxifen (4-OHT) inducible estrogen receptor (ER)-coupled RAS-G12V (ER:RAS-G12V) were treated with either 100nM 4-OHT for 6 days or 100uM Etoposide for 2 days, followed by further culture for 5 days, leading to RAS-induced senescence (RIS) and DNA-damage induced senescence (DDIS) respectively.  The total RNA was then analysed for transcriptional profiling using mRNA-sequencing. There were 8 (eight) biological replicatesfor each of the experimental conditions. Untreated ER:RAS IMR90 cells were the control condition",GSM1861970: Control rep 5; Homo sapiens; RNA-Seq,Illumina HiSeq 2000,sample group;;Control|source_name;;IMR90 cells,GEO Accession;;GSM1861970,GSM1861970,Control rep 5,Proliferating,Proliferating,,,HRASG12V,no,Fibroblast,Lung,no,Proliferating,no hTERT/immortal/SV40/telomerase mention in GEO sample or series record
SRR2184433,SRP062872,NOTCH1 mediates a reciprocal switch between two distinct secretomes during senescence [CSM],paired,Illumina HiSeq 2000,Homo sapiens,SRP062872,NOTCH1 mediates a reciprocal switch between two distinct secretomes during senescence [CSM],paired,Illumina HiSeq 2000,Homo sapiens,IMR90,IMR-90,SRP062872,NOTCH1 mediates a reciprocal switch between two distinct secretomes during senescence [CSM],"ER:RAS-G12V expressing IMR90 cells were treated with either 100nM 4-OHT for 6 days or 100uM Etoposide for 2 days, followed by further culture for 5 days, leading to RAS-induced senescence (RIS) and DNA-damage induced senescence (DDIS) respectively. Overall design: IMR90 cells expressing a 4-hydroxytamoxifen (4-OHT) inducible estrogen receptor (ER)-coupled RAS-G12V (ER:RAS-G12V) were treated with either 100nM 4-OHT for 6 days or 100uM Etoposide for 2 days, followed by further culture for 5 days, leading to RAS-induced senescence (RIS) and DNA-damage induced senescence (DDIS) respectively.  The total RNA was then analysed for transcriptional profiling using mRNA-sequencing. There were 8 (eight) biological replicatesfor each of the experimental conditions. Untreated ER:RAS IMR90 cells were the control condition",GSM1861971: Control rep 6; Homo sapiens; RNA-Seq,Illumina HiSeq 2000,sample group;;Control|source_name;;IMR90 cells,GEO Accession;;GSM1861971,GSM1861971,Control rep 6,Proliferating,Proliferating,,,HRASG12V,no,Fibroblast,Lung,no,Proliferating,no hTERT/immortal/SV40/telomerase mention in GEO sample or series record
SRR2184434,SRP062872,NOTCH1 mediates a reciprocal switch between two distinct secretomes during senescence [CSM],paired,Illumina HiSeq 2000,Homo sapiens,SRP062872,NOTCH1 mediates a reciprocal switch between two distinct secretomes during senescence [CSM],paired,Illumina HiSeq 2000,Homo sapiens,IMR90,IMR-90,SRP062872,NOTCH1 mediates a reciprocal switch between two distinct secretomes during senescence [CSM],"ER:RAS-G12V expressing IMR90 cells were treated with either 100nM 4-OHT for 6 days or 100uM Etoposide for 2 days, followed by further culture for 5 days, leading to RAS-induced senescence (RIS) and DNA-damage induced senescence (DDIS) respectively. Overall design: IMR90 cells expressing a 4-hydroxytamoxifen (4-OHT) inducible estrogen receptor (ER)-coupled RAS-G12V (ER:RAS-G12V) were treated with either 100nM 4-OHT for 6 days or 100uM Etoposide for 2 days, followed by further culture for 5 days, leading to RAS-induced senescence (RIS) and DNA-damage induced senescence (DDIS) respectively.  The total RNA was then analysed for transcriptional profiling using mRNA-sequencing. There were 8 (eight) biological replicatesfor each of the experimental conditions. Untreated ER:RAS IMR90 cells were the control condition",GSM1861972: Control rep 7; Homo sapiens; RNA-Seq,Illumina HiSeq 2000,sample group;;Control|source_name;;IMR90 cells,GEO Accession;;GSM1861972,GSM1861972,Control rep 7,Proliferating,Proliferating,,,HRASG12V,no,Fibroblast,Lung,no,Proliferating,no hTERT/immortal/SV40/telomerase mention in GEO sample or series record
SRR2184435,SRP062872,NOTCH1 mediates a reciprocal switch between two distinct secretomes during senescence [CSM],paired,Illumina HiSeq 2000,Homo sapiens,SRP062872,NOTCH1 mediates a reciprocal switch between two distinct secretomes during senescence [CSM],paired,Illumina HiSeq 2000,Homo sapiens,IMR90,IMR-90,SRP062872,NOTCH1 mediates a reciprocal switch between two distinct secretomes during senescence [CSM],"ER:RAS-G12V expressing IMR90 cells were treated with either 100nM 4-OHT for 6 days or 100uM Etoposide for 2 days, followed by further culture for 5 days, leading to RAS-induced senescence (RIS) and DNA-damage induced senescence (DDIS) respectively. Overall design: IMR90 cells expressing a 4-hydroxytamoxifen (4-OHT) inducible estrogen receptor (ER)-coupled RAS-G12V (ER:RAS-G12V) were treated with either 100nM 4-OHT for 6 days or 100uM Etoposide for 2 days, followed by further culture for 5 days, leading to RAS-induced senescence (RIS) and DNA-damage induced senescence (DDIS) respectively.  The total RNA was then analysed for transcriptional profiling using mRNA-sequencing. There were 8 (eight) biological replicatesfor each of the experimental conditions. Untreated ER:RAS IMR90 cells were the control condition",GSM1861973: Control rep 8; Homo sapiens; RNA-Seq,Illumina HiSeq 2000,sample group;;Control|source_name;;IMR90 cells,GEO Accession;;GSM1861973,GSM1861973,Control rep 8,Proliferating,Proliferating,,,HRASG12V,no,Fibroblast,Lung,no,Proliferating,no hTERT/immortal/SV40/telomerase mention in GEO sample or series record
SRR2184436,SRP062872,NOTCH1 mediates a reciprocal switch between two distinct secretomes during senescence [CSM],paired,Illumina HiSeq 2000,Homo sapiens,SRP062872,NOTCH1 mediates a reciprocal switch between two distinct secretomes during senescence [CSM],paired,Illumina HiSeq 2000,Homo sapiens,IMR90,IMR-90,SRP062872,NOTCH1 mediates a reciprocal switch between two distinct secretomes during senescence [CSM],"ER:RAS-G12V expressing IMR90 cells were treated with either 100nM 4-OHT for 6 days or 100uM Etoposide for 2 days, followed by further culture for 5 days, leading to RAS-induced senescence (RIS) and DNA-damage induced senescence (DDIS) respectively. Overall design: IMR90 cells expressing a 4-hydroxytamoxifen (4-OHT) inducible estrogen receptor (ER)-coupled RAS-G12V (ER:RAS-G12V) were treated with either 100nM 4-OHT for 6 days or 100uM Etoposide for 2 days, followed by further culture for 5 days, leading to RAS-induced senescence (RIS) and DNA-damage induced senescence (DDIS) respectively.  The total RNA was then analysed for transcriptional profiling using mRNA-sequencing. There were 8 (eight) biological replicatesfor each of the experimental conditions. Untreated ER:RAS IMR90 cells were the control condition",GSM1861974: RIS rep 1; Homo sapiens; RNA-Seq,Illumina HiSeq 2000,sample group;;RIS|source_name;;IMR90 cells,GEO Accession;;GSM1861974,GSM1861974,RIS rep 1,CS,Oncogene-induced CS,100nM 4OHT for 6 days,5 days,HRASG12V,no,Fibroblast,Lung,no,Oncogene-induced CS,no hTERT/immortal/SV40/telomerase mention in GEO sample or series record
SRR2184437,SRP062872,NOTCH1 mediates a reciprocal switch between two distinct secretomes during senescence [CSM],paired,Illumina HiSeq 2000,Homo sapiens,SRP062872,NOTCH1 mediates a reciprocal switch between two distinct secretomes during senescence [CSM],paired,Illumina HiSeq 2000,Homo sapiens,IMR90,IMR-90,SRP062872,NOTCH1 mediates a reciprocal switch between two distinct secretomes during senescence [CSM],"ER:RAS-G12V expressing IMR90 cells were treated with either 100nM 4-OHT for 6 days or 100uM Etoposide for 2 days, followed by further culture for 5 days, leading to RAS-induced senescence (RIS) and DNA-damage induced senescence (DDIS) respectively. Overall design: IMR90 cells expressing a 4-hydroxytamoxifen (4-OHT) inducible estrogen receptor (ER)-coupled RAS-G12V (ER:RAS-G12V) were treated with either 100nM 4-OHT for 6 days or 100uM Etoposide for 2 days, followed by further culture for 5 days, leading to RAS-induced senescence (RIS) and DNA-damage induced senescence (DDIS) respectively.  The total RNA was then analysed for transcriptional profiling using mRNA-sequencing. There were 8 (eight) biological replicatesfor each of the experimental conditions. Untreated ER:RAS IMR90 cells were the control condition",GSM1861975: RIS rep 2; Homo sapiens; RNA-Seq,Illumina HiSeq 2000,sample group;;RIS|source_name;;IMR90 cells,GEO Accession;;GSM1861975,GSM1861975,RIS rep 2,CS,Oncogene-induced CS,100nM 4OHT for 6 days,5 days,HRASG12V,no,Fibroblast,Lung,no,Oncogene-induced CS,no hTERT/immortal/SV40/telomerase mention in GEO sample or series record
SRR2184438,SRP062872,NOTCH1 mediates a reciprocal switch between two distinct secretomes during senescence [CSM],paired,Illumina HiSeq 2000,Homo sapiens,SRP062872,NOTCH1 mediates a reciprocal switch between two distinct secretomes during senescence [CSM],paired,Illumina HiSeq 2000,Homo sapiens,IMR90,IMR-90,SRP062872,NOTCH1 mediates a reciprocal switch between two distinct secretomes during senescence [CSM],"ER:RAS-G12V expressing IMR90 cells were treated with either 100nM 4-OHT for 6 days or 100uM Etoposide for 2 days, followed by further culture for 5 days, leading to RAS-induced senescence (RIS) and DNA-damage induced senescence (DDIS) respectively. Overall design: IMR90 cells expressing a 4-hydroxytamoxifen (4-OHT) inducible estrogen receptor (ER)-coupled RAS-G12V (ER:RAS-G12V) were treated with either 100nM 4-OHT for 6 days or 100uM Etoposide for 2 days, followed by further culture for 5 days, leading to RAS-induced senescence (RIS) and DNA-damage induced senescence (DDIS) respectively.  The total RNA was then analysed for transcriptional profiling using mRNA-sequencing. There were 8 (eight) biological replicatesfor each of the experimental conditions. Untreated ER:RAS IMR90 cells were the control condition",GSM1861976: RIS rep 3; Homo sapiens; RNA-Seq,Illumina HiSeq 2000,sample group;;RIS|source_name;;IMR90 cells,GEO Accession;;GSM1861976,GSM1861976,RIS rep 3,CS,Oncogene-induced CS,100nM 4OHT for 6 days,5 days,HRASG12V,no,Fibroblast,Lung,no,Oncogene-induced CS,no hTERT/immortal/SV40/telomerase mention in GEO sample or series record
SRR2184439,SRP062872,NOTCH1 mediates a reciprocal switch between two distinct secretomes during senescence [CSM],paired,Illumina HiSeq 2000,Homo sapiens,SRP062872,NOTCH1 mediates a reciprocal switch between two distinct secretomes during senescence [CSM],paired,Illumina HiSeq 2000,Homo sapiens,IMR90,IMR-90,SRP062872,NOTCH1 mediates a reciprocal switch between two distinct secretomes during senescence [CSM],"ER:RAS-G12V expressing IMR90 cells were treated with either 100nM 4-OHT for 6 days or 100uM Etoposide for 2 days, followed by further culture for 5 days, leading to RAS-induced senescence (RIS) and DNA-damage induced senescence (DDIS) respectively. Overall design: IMR90 cells expressing a 4-hydroxytamoxifen (4-OHT) inducible estrogen receptor (ER)-coupled RAS-G12V (ER:RAS-G12V) were treated with either 100nM 4-OHT for 6 days or 100uM Etoposide for 2 days, followed by further culture for 5 days, leading to RAS-induced senescence (RIS) and DNA-damage induced senescence (DDIS) respectively.  The total RNA was then analysed for transcriptional profiling using mRNA-sequencing. There were 8 (eight) biological replicatesfor each of the experimental conditions. Untreated ER:RAS IMR90 cells were the control condition",GSM1861977: RIS rep 4; Homo sapiens; RNA-Seq,Illumina HiSeq 2000,sample group;;RIS|source_name;;IMR90 cells,GEO Accession;;GSM1861977,GSM1861977,RIS rep 4,CS,Oncogene-induced CS,100nM 4OHT for 6 days,5 days,HRASG12V,no,Fibroblast,Lung,no,Oncogene-induced CS,no hTERT/immortal/SV40/telomerase mention in GEO sample or series record
SRR2184440,SRP062872,NOTCH1 mediates a reciprocal switch between two distinct secretomes during senescence [CSM],paired,Illumina HiSeq 2000,Homo sapiens,SRP062872,NOTCH1 mediates a reciprocal switch between two distinct secretomes during senescence [CSM],paired,Illumina HiSeq 2000,Homo sapiens,IMR90,IMR-90,SRP062872,NOTCH1 mediates a reciprocal switch between two distinct secretomes during senescence [CSM],"ER:RAS-G12V expressing IMR90 cells were treated with either 100nM 4-OHT for 6 days or 100uM Etoposide for 2 days, followed by further culture for 5 days, leading to RAS-induced senescence (RIS) and DNA-damage induced senescence (DDIS) respectively. Overall design: IMR90 cells expressing a 4-hydroxytamoxifen (4-OHT) inducible estrogen receptor (ER)-coupled RAS-G12V (ER:RAS-G12V) were treated with either 100nM 4-OHT for 6 days or 100uM Etoposide for 2 days, followed by further culture for 5 days, leading to RAS-induced senescence (RIS) and DNA-damage induced senescence (DDIS) respectively.  The total RNA was then analysed for transcriptional profiling using mRNA-sequencing. There were 8 (eight) biological replicatesfor each of the experimental conditions. Untreated ER:RAS IMR90 cells were the control condition",GSM1861978: RIS rep 5; Homo sapiens; RNA-Seq,Illumina HiSeq 2000,sample group;;RIS|source_name;;IMR90 cells,GEO Accession;;GSM1861978,GSM1861978,RIS rep 5,CS,Oncogene-induced CS,100nM 4OHT for 6 days,5 days,HRASG12V,no,Fibroblast,Lung,no,Oncogene-induced CS,no hTERT/immortal/SV40/telomerase mention in GEO sample or series record
SRR2184441,SRP062872,NOTCH1 mediates a reciprocal switch between two distinct secretomes during senescence [CSM],paired,Illumina HiSeq 2000,Homo sapiens,SRP062872,NOTCH1 mediates a reciprocal switch between two distinct secretomes during senescence [CSM],paired,Illumina HiSeq 2000,Homo sapiens,IMR90,IMR-90,SRP062872,NOTCH1 mediates a reciprocal switch between two distinct secretomes during senescence [CSM],"ER:RAS-G12V expressing IMR90 cells were treated with either 100nM 4-OHT for 6 days or 100uM Etoposide for 2 days, followed by further culture for 5 days, leading to RAS-induced senescence (RIS) and DNA-damage induced senescence (DDIS) respectively. Overall design: IMR90 cells expressing a 4-hydroxytamoxifen (4-OHT) inducible estrogen receptor (ER)-coupled RAS-G12V (ER:RAS-G12V) were treated with either 100nM 4-OHT for 6 days or 100uM Etoposide for 2 days, followed by further culture for 5 days, leading to RAS-induced senescence (RIS) and DNA-damage induced senescence (DDIS) respectively.  The total RNA was then analysed for transcriptional profiling using mRNA-sequencing. There were 8 (eight) biological replicatesfor each of the experimental conditions. Untreated ER:RAS IMR90 cells were the control condition",GSM1861979: RIS rep 6; Homo sapiens; RNA-Seq,Illumina HiSeq 2000,sample group;;RIS|source_name;;IMR90 cells,GEO Accession;;GSM1861979,GSM1861979,RIS rep 6,CS,Oncogene-induced CS,100nM 4OHT for 6 days,5 days,HRASG12V,no,Fibroblast,Lung,no,Oncogene-induced CS,no hTERT/immortal/SV40/telomerase mention in GEO sample or series record
SRR2184442,SRP062872,NOTCH1 mediates a reciprocal switch between two distinct secretomes during senescence [CSM],paired,Illumina HiSeq 2000,Homo sapiens,SRP062872,NOTCH1 mediates a reciprocal switch between two distinct secretomes during senescence [CSM],paired,Illumina HiSeq 2000,Homo sapiens,IMR90,IMR-90,SRP062872,NOTCH1 mediates a reciprocal switch between two distinct secretomes during senescence [CSM],"ER:RAS-G12V expressing IMR90 cells were treated with either 100nM 4-OHT for 6 days or 100uM Etoposide for 2 days, followed by further culture for 5 days, leading to RAS-induced senescence (RIS) and DNA-damage induced senescence (DDIS) respectively. Overall design: IMR90 cells expressing a 4-hydroxytamoxifen (4-OHT) inducible estrogen receptor (ER)-coupled RAS-G12V (ER:RAS-G12V) were treated with either 100nM 4-OHT for 6 days or 100uM Etoposide for 2 days, followed by further culture for 5 days, leading to RAS-induced senescence (RIS) and DNA-damage induced senescence (DDIS) respectively.  The total RNA was then analysed for transcriptional profiling using mRNA-sequencing. There were 8 (eight) biological replicatesfor each of the experimental conditions. Untreated ER:RAS IMR90 cells were the control condition",GSM1861980: RIS rep 7; Homo sapiens; RNA-Seq,Illumina HiSeq 2000,sample group;;RIS|source_name;;IMR90 cells,GEO Accession;;GSM1861980,GSM1861980,RIS rep 7,CS,Oncogene-induced CS,100nM 4OHT for 6 days,5 days,HRASG12V,no,Fibroblast,Lung,no,Oncogene-induced CS,no hTERT/immortal/SV40/telomerase mention in GEO sample or series record
SRR2184443,SRP062872,NOTCH1 mediates a reciprocal switch between two distinct secretomes during senescence [CSM],paired,Illumina HiSeq 2000,Homo sapiens,SRP062872,NOTCH1 mediates a reciprocal switch between two distinct secretomes during senescence [CSM],paired,Illumina HiSeq 2000,Homo sapiens,IMR90,IMR-90,SRP062872,NOTCH1 mediates a reciprocal switch between two distinct secretomes during senescence [CSM],"ER:RAS-G12V expressing IMR90 cells were treated with either 100nM 4-OHT for 6 days or 100uM Etoposide for 2 days, followed by further culture for 5 days, leading to RAS-induced senescence (RIS) and DNA-damage induced senescence (DDIS) respectively. Overall design: IMR90 cells expressing a 4-hydroxytamoxifen (4-OHT) inducible estrogen receptor (ER)-coupled RAS-G12V (ER:RAS-G12V) were treated with either 100nM 4-OHT for 6 days or 100uM Etoposide for 2 days, followed by further culture for 5 days, leading to RAS-induced senescence (RIS) and DNA-damage induced senescence (DDIS) respectively.  The total RNA was then analysed for transcriptional profiling using mRNA-sequencing. There were 8 (eight) biological replicatesfor each of the experimental conditions. Untreated ER:RAS IMR90 cells were the control condition",GSM1861981: RIS rep 8; Homo sapiens; RNA-Seq,Illumina HiSeq 2000,sample group;;RIS|source_name;;IMR90 cells,GEO Accession;;GSM1861981,GSM1861981,RIS rep 8,CS,Oncogene-induced CS,100nM 4OHT for 6 days,5 days,HRASG12V,no,Fibroblast,Lung,no,Oncogene-induced CS,no hTERT/immortal/SV40/telomerase mention in GEO sample or series record
SRR2184444,SRP062872,NOTCH1 mediates a reciprocal switch between two distinct secretomes during senescence [CSM],paired,Illumina HiSeq 2000,Homo sapiens,SRP062872,NOTCH1 mediates a reciprocal switch between two distinct secretomes during senescence [CSM],paired,Illumina HiSeq 2000,Homo sapiens,IMR90,IMR-90,SRP062872,NOTCH1 mediates a reciprocal switch between two distinct secretomes during senescence [CSM],"ER:RAS-G12V expressing IMR90 cells were treated with either 100nM 4-OHT for 6 days or 100uM Etoposide for 2 days, followed by further culture for 5 days, leading to RAS-induced senescence (RIS) and DNA-damage induced senescence (DDIS) respectively. Overall design: IMR90 cells expressing a 4-hydroxytamoxifen (4-OHT) inducible estrogen receptor (ER)-coupled RAS-G12V (ER:RAS-G12V) were treated with either 100nM 4-OHT for 6 days or 100uM Etoposide for 2 days, followed by further culture for 5 days, leading to RAS-induced senescence (RIS) and DNA-damage induced senescence (DDIS) respectively.  The total RNA was then analysed for transcriptional profiling using mRNA-sequencing. There were 8 (eight) biological replicatesfor each of the experimental conditions. Untreated ER:RAS IMR90 cells were the control condition",GSM1861982: DDIS rep 1; Homo sapiens; RNA-Seq,Illumina HiSeq 2000,sample group;;DDIS|source_name;;IMR90 cells,GEO Accession;;GSM1861982,GSM1861982,DDIS rep 1,CS,Stress-induced CS,100uM Etoposide for 2 days,5 days,HRASG12V,no,Fibroblast,Lung,no,Stress-induced CS,no hTERT/immortal/SV40/telomerase mention in GEO sample or series record
SRR2184445,SRP062872,NOTCH1 mediates a reciprocal switch between two distinct secretomes during senescence [CSM],paired,Illumina HiSeq 2000,Homo sapiens,SRP062872,NOTCH1 mediates a reciprocal switch between two distinct secretomes during senescence [CSM],paired,Illumina HiSeq 2000,Homo sapiens,IMR90,IMR-90,SRP062872,NOTCH1 mediates a reciprocal switch between two distinct secretomes during senescence [CSM],"ER:RAS-G12V expressing IMR90 cells were treated with either 100nM 4-OHT for 6 days or 100uM Etoposide for 2 days, followed by further culture for 5 days, leading to RAS-induced senescence (RIS) and DNA-damage induced senescence (DDIS) respectively. Overall design: IMR90 cells expressing a 4-hydroxytamoxifen (4-OHT) inducible estrogen receptor (ER)-coupled RAS-G12V (ER:RAS-G12V) were treated with either 100nM 4-OHT for 6 days or 100uM Etoposide for 2 days, followed by further culture for 5 days, leading to RAS-induced senescence (RIS) and DNA-damage induced senescence (DDIS) respectively.  The total RNA was then analysed for transcriptional profiling using mRNA-sequencing. There were 8 (eight) biological replicatesfor each of the experimental conditions. Untreated ER:RAS IMR90 cells were the control condition",GSM1861983: DDIS rep 2; Homo sapiens; RNA-Seq,Illumina HiSeq 2000,sample group;;DDIS|source_name;;IMR90 cells,GEO Accession;;GSM1861983,GSM1861983,DDIS rep 2,CS,Stress-induced CS,100uM Etoposide for 2 days,5 days,HRASG12V,no,Fibroblast,Lung,no,Stress-induced CS,no hTERT/immortal/SV40/telomerase mention in GEO sample or series record
SRR2184446,SRP062872,NOTCH1 mediates a reciprocal switch between two distinct secretomes during senescence [CSM],paired,Illumina HiSeq 2000,Homo sapiens,SRP062872,NOTCH1 mediates a reciprocal switch between two distinct secretomes during senescence [CSM],paired,Illumina HiSeq 2000,Homo sapiens,IMR90,IMR-90,SRP062872,NOTCH1 mediates a reciprocal switch between two distinct secretomes during senescence [CSM],"ER:RAS-G12V expressing IMR90 cells were treated with either 100nM 4-OHT for 6 days or 100uM Etoposide for 2 days, followed by further culture for 5 days, leading to RAS-induced senescence (RIS) and DNA-damage induced senescence (DDIS) respectively. Overall design: IMR90 cells expressing a 4-hydroxytamoxifen (4-OHT) inducible estrogen receptor (ER)-coupled RAS-G12V (ER:RAS-G12V) were treated with either 100nM 4-OHT for 6 days or 100uM Etoposide for 2 days, followed by further culture for 5 days, leading to RAS-induced senescence (RIS) and DNA-damage induced senescence (DDIS) respectively.  The total RNA was then analysed for transcriptional profiling using mRNA-sequencing. There were 8 (eight) biological replicatesfor each of the experimental conditions. Untreated ER:RAS IMR90 cells were the control condition",GSM1861984: DDIS rep 3; Homo sapiens; RNA-Seq,Illumina HiSeq 2000,sample group;;DDIS|source_name;;IMR90 cells,GEO Accession;;GSM1861984,GSM1861984,DDIS rep 3,CS,Stress-induced CS,100uM Etoposide for 2 days,5 days,HRASG12V,no,Fibroblast,Lung,no,Stress-induced CS,no hTERT/immortal/SV40/telomerase mention in GEO sample or series record
SRR2184447,SRP062872,NOTCH1 mediates a reciprocal switch between two distinct secretomes during senescence [CSM],paired,Illumina HiSeq 2000,Homo sapiens,SRP062872,NOTCH1 mediates a reciprocal switch between two distinct secretomes during senescence [CSM],paired,Illumina HiSeq 2000,Homo sapiens,IMR90,IMR-90,SRP062872,NOTCH1 mediates a reciprocal switch between two distinct secretomes during senescence [CSM],"ER:RAS-G12V expressing IMR90 cells were treated with either 100nM 4-OHT for 6 days or 100uM Etoposide for 2 days, followed by further culture for 5 days, leading to RAS-induced senescence (RIS) and DNA-damage induced senescence (DDIS) respectively. Overall design: IMR90 cells expressing a 4-hydroxytamoxifen (4-OHT) inducible estrogen receptor (ER)-coupled RAS-G12V (ER:RAS-G12V) were treated with either 100nM 4-OHT for 6 days or 100uM Etoposide for 2 days, followed by further culture for 5 days, leading to RAS-induced senescence (RIS) and DNA-damage induced senescence (DDIS) respectively.  The total RNA was then analysed for transcriptional profiling using mRNA-sequencing. There were 8 (eight) biological replicatesfor each of the experimental conditions. Untreated ER:RAS IMR90 cells were the control condition",GSM1861985: DDIS rep 4; Homo sapiens; RNA-Seq,Illumina HiSeq 2000,sample group;;DDIS|source_name;;IMR90 cells,GEO Accession;;GSM1861985,GSM1861985,DDIS rep 4,CS,Stress-induced CS,100uM Etoposide for 2 days,5 days,HRASG12V,no,Fibroblast,Lung,no,Stress-induced CS,no hTERT/immortal/SV40/telomerase mention in GEO sample or series record
SRR2184448,SRP062872,NOTCH1 mediates a reciprocal switch between two distinct secretomes during senescence [CSM],paired,Illumina HiSeq 2000,Homo sapiens,SRP062872,NOTCH1 mediates a reciprocal switch between two distinct secretomes during senescence [CSM],paired,Illumina HiSeq 2000,Homo sapiens,IMR90,IMR-90,SRP062872,NOTCH1 mediates a reciprocal switch between two distinct secretomes during senescence [CSM],"ER:RAS-G12V expressing IMR90 cells were treated with either 100nM 4-OHT for 6 days or 100uM Etoposide for 2 days, followed by further culture for 5 days, leading to RAS-induced senescence (RIS) and DNA-damage induced senescence (DDIS) respectively. Overall design: IMR90 cells expressing a 4-hydroxytamoxifen (4-OHT) inducible estrogen receptor (ER)-coupled RAS-G12V (ER:RAS-G12V) were treated with either 100nM 4-OHT for 6 days or 100uM Etoposide for 2 days, followed by further culture for 5 days, leading to RAS-induced senescence (RIS) and DNA-damage induced senescence (DDIS) respectively.  The total RNA was then analysed for transcriptional profiling using mRNA-sequencing. There were 8 (eight) biological replicatesfor each of the experimental conditions. Untreated ER:RAS IMR90 cells were the control condition",GSM1861986: DDIS rep 5; Homo sapiens; RNA-Seq,Illumina HiSeq 2000,sample group;;DDIS|source_name;;IMR90 cells,GEO Accession;;GSM1861986,GSM1861986,DDIS rep 5,CS,Stress-induced CS,100uM Etoposide for 2 days,5 days,HRASG12V,no,Fibroblast,Lung,no,Stress-induced CS,no hTERT/immortal/SV40/telomerase mention in GEO sample or series record
SRR2184449,SRP062872,NOTCH1 mediates a reciprocal switch between two distinct secretomes during senescence [CSM],paired,Illumina HiSeq 2000,Homo sapiens,SRP062872,NOTCH1 mediates a reciprocal switch between two distinct secretomes during senescence [CSM],paired,Illumina HiSeq 2000,Homo sapiens,IMR90,IMR-90,SRP062872,NOTCH1 mediates a reciprocal switch between two distinct secretomes during senescence [CSM],"ER:RAS-G12V expressing IMR90 cells were treated with either 100nM 4-OHT for 6 days or 100uM Etoposide for 2 days, followed by further culture for 5 days, leading to RAS-induced senescence (RIS) and DNA-damage induced senescence (DDIS) respectively. Overall design: IMR90 cells expressing a 4-hydroxytamoxifen (4-OHT) inducible estrogen receptor (ER)-coupled RAS-G12V (ER:RAS-G12V) were treated with either 100nM 4-OHT for 6 days or 100uM Etoposide for 2 days, followed by further culture for 5 days, leading to RAS-induced senescence (RIS) and DNA-damage induced senescence (DDIS) respectively.  The total RNA was then analysed for transcriptional profiling using mRNA-sequencing. There were 8 (eight) biological replicatesfor each of the experimental conditions. Untreated ER:RAS IMR90 cells were the control condition",GSM1861987: DDIS rep 6; Homo sapiens; RNA-Seq,Illumina HiSeq 2000,sample group;;DDIS|source_name;;IMR90 cells,GEO Accession;;GSM1861987,GSM1861987,DDIS rep 6,CS,Stress-induced CS,100uM Etoposide for 2 days,5 days,HRASG12V,no,Fibroblast,Lung,no,Stress-induced CS,no hTERT/immortal/SV40/telomerase mention in GEO sample or series record
SRR2184450,SRP062872,NOTCH1 mediates a reciprocal switch between two distinct secretomes during senescence [CSM],paired,Illumina HiSeq 2000,Homo sapiens,SRP062872,NOTCH1 mediates a reciprocal switch between two distinct secretomes during senescence [CSM],paired,Illumina HiSeq 2000,Homo sapiens,IMR90,IMR-90,SRP062872,NOTCH1 mediates a reciprocal switch between two distinct secretomes during senescence [CSM],"ER:RAS-G12V expressing IMR90 cells were treated with either 100nM 4-OHT for 6 days or 100uM Etoposide for 2 days, followed by further culture for 5 days, leading to RAS-induced senescence (RIS) and DNA-damage induced senescence (DDIS) respectively. Overall design: IMR90 cells expressing a 4-hydroxytamoxifen (4-OHT) inducible estrogen receptor (ER)-coupled RAS-G12V (ER:RAS-G12V) were treated with either 100nM 4-OHT for 6 days or 100uM Etoposide for 2 days, followed by further culture for 5 days, leading to RAS-induced senescence (RIS) and DNA-damage induced senescence (DDIS) respectively.  The total RNA was then analysed for transcriptional profiling using mRNA-sequencing. There were 8 (eight) biological replicatesfor each of the experimental conditions. Untreated ER:RAS IMR90 cells were the control condition",GSM1861988: DDIS rep 7; Homo sapiens; RNA-Seq,Illumina HiSeq 2000,sample group;;DDIS|source_name;;IMR90 cells,GEO Accession;;GSM1861988,GSM1861988,DDIS rep 7,CS,Stress-induced CS,100uM Etoposide for 2 days,5 days,HRASG12V,no,Fibroblast,Lung,no,Stress-induced CS,no hTERT/immortal/SV40/telomerase mention in GEO sample or series record
SRR2184451,SRP062872,NOTCH1 mediates a reciprocal switch between two distinct secretomes during senescence [CSM],paired,Illumina HiSeq 2000,Homo sapiens,SRP062872,NOTCH1 mediates a reciprocal switch between two distinct secretomes during senescence [CSM],paired,Illumina HiSeq 2000,Homo sapiens,IMR90,IMR-90,SRP062872,NOTCH1 mediates a reciprocal switch between two distinct secretomes during senescence [CSM],"ER:RAS-G12V expressing IMR90 cells were treated with either 100nM 4-OHT for 6 days or 100uM Etoposide for 2 days, followed by further culture for 5 days, leading to RAS-induced senescence (RIS) and DNA-damage induced senescence (DDIS) respectively. Overall design: IMR90 cells expressing a 4-hydroxytamoxifen (4-OHT) inducible estrogen receptor (ER)-coupled RAS-G12V (ER:RAS-G12V) were treated with either 100nM 4-OHT for 6 days or 100uM Etoposide for 2 days, followed by further culture for 5 days, leading to RAS-induced senescence (RIS) and DNA-damage induced senescence (DDIS) respectively.  The total RNA was then analysed for transcriptional profiling using mRNA-sequencing. There were 8 (eight) biological replicatesfor each of the experimental conditions. Untreated ER:RAS IMR90 cells were the control condition",GSM1861989: DDIS rep 8; Homo sapiens; RNA-Seq,Illumina HiSeq 2000,sample group;;DDIS|source_name;;IMR90 cells,GEO Accession;;GSM1861989,GSM1861989,DDIS rep 8,CS,Stress-induced CS,100uM Etoposide for 2 days,5 days,HRASG12V,no,Fibroblast,Lung,no,Stress-induced CS,no hTERT/immortal/SV40/telomerase mention in GEO sample or series record
SRR7516120,SRP153205,Genome wide mapping of polyadenylation sites in proliferating and contact-inhibited cells and cells with knockdown of cleavage and polyadenylation factors,single,Illumina HiSeq 2500,Homo sapiens,SRP153205,Genome wide mapping of polyadenylation sites in proliferating and contact-inhibited cells and cells with knockdown of cleavage and polyadenylation factors,single,Illumina HiSeq 2500,Homo sapiens,HDF 12-1,Primary,SRP153205,Genome wide mapping of polyadenylation sites in proliferating and contact-inhibited cells and cells with knockdown of cleavage and polyadenylation factors,"Purpose: Quiescence is a state of reversible cell cycle exit. Levels of polyadenylation factors decreases when proliferating cells become quiescent.  The goals of this study are to determine the differential use of polyadenylation sites (changes in alternative polyadenylation) in quiescent vs. proliferating cells and also upon knockdown of polyadenylation factors. Methods: Two biological replicates of human dermal fibroblasts (12-1 and 12-3) were used for polyadeylation-site enriched RNA-seq on an Illumina HiSeq 2500 to compare quiescent vs. proliferating cells and polyadenylation factor knockdown vs. control cells. The reads were aligned to the human genome (hg19) uisng Tophat (2.0.14). The resulting bam files were used as an input to a python script provided by Gruber et al. (PMID: 27382025) to determine the counts for each polyadenylation site. Results: We observed a shift toward greater use of distal polyadenylation sites when the fibroblasts entered quiescence. We observed significant overlap between the genes that shift to greater distal site use with quiescence and CstF-64 or CPSF73 knockdown. Conclusions: The shift to greater distal site use with quiescence may reflect in part the reduced levels of cleavage and polyadenylation factors. Overall design: Perform polyadenylation site-enriched RNA-Seq on: (1) two biological replicates of proliferating and quiescent (contact-inhibited) cells, and (2) two biological replicates of control and polyadenylation factor (CstF64, CPSF73 or CFIm25) knockdown cells.",GSM3267560: P_12_1; Homo sapiens; RNA-Seq,Illumina HiSeq 2500,cell growth conditions;;proliferating cells|cell type;;human dermal fibroblasts|source_name;;human dermal fibroblasts|strain;;12-1|tissue;;Foreskin|treatment;;no treatment,GEO Accession;;GSM3267560,GSM3267560,P_12_1,Proliferating,Proliferating,,,,no,Fibroblast,Foreskin,no,Proliferating,no hTERT/immortal/SV40/telomerase mention in GEO sample or series record
SRR7516121,SRP153205,Genome wide mapping of polyadenylation sites in proliferating and contact-inhibited cells and cells with knockdown of cleavage and polyadenylation factors,single,Illumina HiSeq 2500,Homo sapiens,SRP153205,Genome wide mapping of polyadenylation sites in proliferating and contact-inhibited cells and cells with knockdown of cleavage and polyadenylation factors,single,Illumina HiSeq 2500,Homo sapiens,HDF 12-1,Primary,SRP153205,Genome wide mapping of polyadenylation sites in proliferating and contact-inhibited cells and cells with knockdown of cleavage and polyadenylation factors,"Purpose: Quiescence is a state of reversible cell cycle exit. Levels of polyadenylation factors decreases when proliferating cells become quiescent.  The goals of this study are to determine the differential use of polyadenylation sites (changes in alternative polyadenylation) in quiescent vs. proliferating cells and also upon knockdown of polyadenylation factors. Methods: Two biological replicates of human dermal fibroblasts (12-1 and 12-3) were used for polyadeylation-site enriched RNA-seq on an Illumina HiSeq 2500 to compare quiescent vs. proliferating cells and polyadenylation factor knockdown vs. control cells. The reads were aligned to the human genome (hg19) uisng Tophat (2.0.14). The resulting bam files were used as an input to a python script provided by Gruber et al. (PMID: 27382025) to determine the counts for each polyadenylation site. Results: We observed a shift toward greater use of distal polyadenylation sites when the fibroblasts entered quiescence. We observed significant overlap between the genes that shift to greater distal site use with quiescence and CstF-64 or CPSF73 knockdown. Conclusions: The shift to greater distal site use with quiescence may reflect in part the reduced levels of cleavage and polyadenylation factors. Overall design: Perform polyadenylation site-enriched RNA-Seq on: (1) two biological replicates of proliferating and quiescent (contact-inhibited) cells, and (2) two biological replicates of control and polyadenylation factor (CstF64, CPSF73 or CFIm25) knockdown cells.",GSM3267561: P_12_3; Homo sapiens; RNA-Seq,Illumina HiSeq 2500,cell growth conditions;;proliferating cells|cell type;;human dermal fibroblasts|source_name;;human dermal fibroblasts|strain;;12-3|tissue;;Foreskin|treatment;;no treatment,GEO Accession;;GSM3267561,GSM3267561,P_12_3,Proliferating,Proliferating,,,,no,Fibroblast,Foreskin,no,Proliferating,no hTERT/immortal/SV40/telomerase mention in GEO sample or series record
SRR7516122,SRP153205,Genome wide mapping of polyadenylation sites in proliferating and contact-inhibited cells and cells with knockdown of cleavage and polyadenylation factors,single,Illumina HiSeq 2500,Homo sapiens,SRP153205,Genome wide mapping of polyadenylation sites in proliferating and contact-inhibited cells and cells with knockdown of cleavage and polyadenylation factors,single,Illumina HiSeq 2500,Homo sapiens,HDF 12-1,Primary,SRP153205,Genome wide mapping of polyadenylation sites in proliferating and contact-inhibited cells and cells with knockdown of cleavage and polyadenylation factors,"Purpose: Quiescence is a state of reversible cell cycle exit. Levels of polyadenylation factors decreases when proliferating cells become quiescent.  The goals of this study are to determine the differential use of polyadenylation sites (changes in alternative polyadenylation) in quiescent vs. proliferating cells and also upon knockdown of polyadenylation factors. Methods: Two biological replicates of human dermal fibroblasts (12-1 and 12-3) were used for polyadeylation-site enriched RNA-seq on an Illumina HiSeq 2500 to compare quiescent vs. proliferating cells and polyadenylation factor knockdown vs. control cells. The reads were aligned to the human genome (hg19) uisng Tophat (2.0.14). The resulting bam files were used as an input to a python script provided by Gruber et al. (PMID: 27382025) to determine the counts for each polyadenylation site. Results: We observed a shift toward greater use of distal polyadenylation sites when the fibroblasts entered quiescence. We observed significant overlap between the genes that shift to greater distal site use with quiescence and CstF-64 or CPSF73 knockdown. Conclusions: The shift to greater distal site use with quiescence may reflect in part the reduced levels of cleavage and polyadenylation factors. Overall design: Perform polyadenylation site-enriched RNA-Seq on: (1) two biological replicates of proliferating and quiescent (contact-inhibited) cells, and (2) two biological replicates of control and polyadenylation factor (CstF64, CPSF73 or CFIm25) knockdown cells.",GSM3267562: Q_12_1; Homo sapiens; RNA-Seq,Illumina HiSeq 2500,cell growth conditions;;quiescent cells (contact-inhibited for 7 days)|cell type;;human dermal fibroblasts|source_name;;human dermal fibroblasts|strain;;12-1|tissue;;Foreskin|treatment;;no treatment,GEO Accession;;GSM3267562,GSM3267562,Q_12_1,CQ,Contact_inhibited CQ,7 days,,,no,Fibroblast,Foreskin,no,CQ,no hTERT/immortal/SV40/telomerase mention in GEO sample or series record
SRR7516123,SRP153205,Genome wide mapping of polyadenylation sites in proliferating and contact-inhibited cells and cells with knockdown of cleavage and polyadenylation factors,single,Illumina HiSeq 2500,Homo sapiens,SRP153205,Genome wide mapping of polyadenylation sites in proliferating and contact-inhibited cells and cells with knockdown of cleavage and polyadenylation factors,single,Illumina HiSeq 2500,Homo sapiens,HDF 12-1,Primary,SRP153205,Genome wide mapping of polyadenylation sites in proliferating and contact-inhibited cells and cells with knockdown of cleavage and polyadenylation factors,"Purpose: Quiescence is a state of reversible cell cycle exit. Levels of polyadenylation factors decreases when proliferating cells become quiescent.  The goals of this study are to determine the differential use of polyadenylation sites (changes in alternative polyadenylation) in quiescent vs. proliferating cells and also upon knockdown of polyadenylation factors. Methods: Two biological replicates of human dermal fibroblasts (12-1 and 12-3) were used for polyadeylation-site enriched RNA-seq on an Illumina HiSeq 2500 to compare quiescent vs. proliferating cells and polyadenylation factor knockdown vs. control cells. The reads were aligned to the human genome (hg19) uisng Tophat (2.0.14). The resulting bam files were used as an input to a python script provided by Gruber et al. (PMID: 27382025) to determine the counts for each polyadenylation site. Results: We observed a shift toward greater use of distal polyadenylation sites when the fibroblasts entered quiescence. We observed significant overlap between the genes that shift to greater distal site use with quiescence and CstF-64 or CPSF73 knockdown. Conclusions: The shift to greater distal site use with quiescence may reflect in part the reduced levels of cleavage and polyadenylation factors. Overall design: Perform polyadenylation site-enriched RNA-Seq on: (1) two biological replicates of proliferating and quiescent (contact-inhibited) cells, and (2) two biological replicates of control and polyadenylation factor (CstF64, CPSF73 or CFIm25) knockdown cells.",GSM3267563: Q_12_3; Homo sapiens; RNA-Seq,Illumina HiSeq 2500,cell growth conditions;;quiescent cells (contact-inhibited for 7 days)|cell type;;human dermal fibroblasts|source_name;;human dermal fibroblasts|strain;;12-3|tissue;;Foreskin|treatment;;no treatment,GEO Accession;;GSM3267563,GSM3267563,Q_12_3,CQ,Contact_inhibited CQ,7 days,,,no,Fibroblast,Foreskin,no,CQ,no hTERT/immortal/SV40/telomerase mention in GEO sample or series record
SRR627536,SRP017378,"Transcriptome-profiling (RNA-seq) and Ribosome-profiling (Ribo-seq) in proliferation, quiescence, senescence and transformed states.",paired,Illumina HiSeq 2000,Homo sapiens,SRP017378,"Transcriptome-profiling (RNA-seq) and Ribosome-profiling (Ribo-seq) in proliferation, quiescence, senescence and transformed states.",paired,Illumina HiSeq 2000,Homo sapiens,BJ-hTERT,BJ hTERT,SRP017378,"Transcriptome-profiling (RNA-seq) and Ribosome-profiling (Ribo-seq) in proliferation, quiescence, senescence and transformed states.","We applied in parallel RNA-Seq and Ribosome-profiling analyses to immortalized human primary BJ fibroblast cells under the following conditions: normal proliferation, quiescence (induced by serum depletion), senescence (induced by activation of the oncogenic RASG12V gene, and examined at early (5 days; pre-senescent state) and late (14 days; fully senescent state) time points), and neoplastic transformation (induced by RASG12V in the background of stable p53 and p16INK4A knockdowns and SV40 small-T expression. Overall design: RNA-seq, using Illumina HiSeq 2000, was applied to BJ cells under 5 conditions: proliferation, quiescence, pre-senescence, full-senescence, and transfomed. Ribosome profiling, using Illumina HiSeq 2000, was applied to BJ cells under 5 conditions: proliferation, quiescence, pre-senescence, full-senescence, and transfomed.",GSM1041191: C1.rna; Homo sapiens; RNA-Seq,Illumina HiSeq 2000,"cell line;;BJ cells|condition;;Proliferation, normal conditions|source_name;;Immortalized primary fibroblasts",GEO Accession;;GSM1041191,GSM1041191,C1.rna,Proliferating,Proliferating,,,,yes,Fibroblast,Foreskin,no,Proliferating,Sample_growth_protocol: 'Immortalized human BJ primary fibroblast cells (by hTERT expression)'
SRR627537,SRP017378,"Transcriptome-profiling (RNA-seq) and Ribosome-profiling (Ribo-seq) in proliferation, quiescence, senescence and transformed states.",paired,Illumina HiSeq 2000,Homo sapiens,SRP017378,"Transcriptome-profiling (RNA-seq) and Ribosome-profiling (Ribo-seq) in proliferation, quiescence, senescence and transformed states.",paired,Illumina HiSeq 2000,Homo sapiens,BJ-hTERT,BJ hTERT,SRP017378,"Transcriptome-profiling (RNA-seq) and Ribosome-profiling (Ribo-seq) in proliferation, quiescence, senescence and transformed states.","We applied in parallel RNA-Seq and Ribosome-profiling analyses to immortalized human primary BJ fibroblast cells under the following conditions: normal proliferation, quiescence (induced by serum depletion), senescence (induced by activation of the oncogenic RASG12V gene, and examined at early (5 days; pre-senescent state) and late (14 days; fully senescent state) time points), and neoplastic transformation (induced by RASG12V in the background of stable p53 and p16INK4A knockdowns and SV40 small-T expression. Overall design: RNA-seq, using Illumina HiSeq 2000, was applied to BJ cells under 5 conditions: proliferation, quiescence, pre-senescence, full-senescence, and transfomed. Ribosome profiling, using Illumina HiSeq 2000, was applied to BJ cells under 5 conditions: proliferation, quiescence, pre-senescence, full-senescence, and transfomed.",GSM1041192: C2.rna; Homo sapiens; RNA-Seq,Illumina HiSeq 2000,"cell line;;BJ cells|condition;;Proliferation, normal conditions|source_name;;Immortalized primary fibroblasts",GEO Accession;;GSM1041192,GSM1041192,C2.rna,Proliferating,Proliferating,,,,yes,Fibroblast,Foreskin,no,Proliferating,Sample_growth_protocol: 'Immortalized human BJ primary fibroblast cells (by hTERT expression)'
SRR627538,SRP017378,"Transcriptome-profiling (RNA-seq) and Ribosome-profiling (Ribo-seq) in proliferation, quiescence, senescence and transformed states.",paired,Illumina HiSeq 2000,Homo sapiens,SRP017378,"Transcriptome-profiling (RNA-seq) and Ribosome-profiling (Ribo-seq) in proliferation, quiescence, senescence and transformed states.",paired,Illumina HiSeq 2000,Homo sapiens,BJ-hTERT,BJ hTERT,SRP017378,"Transcriptome-profiling (RNA-seq) and Ribosome-profiling (Ribo-seq) in proliferation, quiescence, senescence and transformed states.","We applied in parallel RNA-Seq and Ribosome-profiling analyses to immortalized human primary BJ fibroblast cells under the following conditions: normal proliferation, quiescence (induced by serum depletion), senescence (induced by activation of the oncogenic RASG12V gene, and examined at early (5 days; pre-senescent state) and late (14 days; fully senescent state) time points), and neoplastic transformation (induced by RASG12V in the background of stable p53 and p16INK4A knockdowns and SV40 small-T expression. Overall design: RNA-seq, using Illumina HiSeq 2000, was applied to BJ cells under 5 conditions: proliferation, quiescence, pre-senescence, full-senescence, and transfomed. Ribosome profiling, using Illumina HiSeq 2000, was applied to BJ cells under 5 conditions: proliferation, quiescence, pre-senescence, full-senescence, and transfomed.",GSM1041193: Q1.rna; Homo sapiens; RNA-Seq,Illumina HiSeq 2000,cell line;;BJ cells|condition;;Quiescence induced by serum depletion|source_name;;Immortalized primary fibroblasts,GEO Accession;;GSM1041193,GSM1041193,Q1.rna,CQ,Serum_starved CQ,serum-starved,,,yes,Fibroblast,Foreskin,no,CQ,Sample_growth_protocol: 'Immortalized human BJ primary fibroblast cells (by hTERT expression)'
SRR627539,SRP017378,"Transcriptome-profiling (RNA-seq) and Ribosome-profiling (Ribo-seq) in proliferation, quiescence, senescence and transformed states.",paired,Illumina HiSeq 2000,Homo sapiens,SRP017378,"Transcriptome-profiling (RNA-seq) and Ribosome-profiling (Ribo-seq) in proliferation, quiescence, senescence and transformed states.",paired,Illumina HiSeq 2000,Homo sapiens,BJ-hTERT,BJ hTERT,SRP017378,"Transcriptome-profiling (RNA-seq) and Ribosome-profiling (Ribo-seq) in proliferation, quiescence, senescence and transformed states.","We applied in parallel RNA-Seq and Ribosome-profiling analyses to immortalized human primary BJ fibroblast cells under the following conditions: normal proliferation, quiescence (induced by serum depletion), senescence (induced by activation of the oncogenic RASG12V gene, and examined at early (5 days; pre-senescent state) and late (14 days; fully senescent state) time points), and neoplastic transformation (induced by RASG12V in the background of stable p53 and p16INK4A knockdowns and SV40 small-T expression. Overall design: RNA-seq, using Illumina HiSeq 2000, was applied to BJ cells under 5 conditions: proliferation, quiescence, pre-senescence, full-senescence, and transfomed. Ribosome profiling, using Illumina HiSeq 2000, was applied to BJ cells under 5 conditions: proliferation, quiescence, pre-senescence, full-senescence, and transfomed.",GSM1041194: Q2.rna; Homo sapiens; RNA-Seq,Illumina HiSeq 2000,cell line;;BJ cells|condition;;Quiescence induced by serum depletion|source_name;;Immortalized primary fibroblasts,GEO Accession;;GSM1041194,GSM1041194,Q2.rna,CQ,Serum_starved CQ,serum-starved,,,yes,Fibroblast,Foreskin,no,CQ,Sample_growth_protocol: 'Immortalized human BJ primary fibroblast cells (by hTERT expression)'
SRR627542,SRP017378,"Transcriptome-profiling (RNA-seq) and Ribosome-profiling (Ribo-seq) in proliferation, quiescence, senescence and transformed states.",single,Illumina HiSeq 2000,Homo sapiens,SRP017378,"Transcriptome-profiling (RNA-seq) and Ribosome-profiling (Ribo-seq) in proliferation, quiescence, senescence and transformed states.",single,Illumina HiSeq 2000,Homo sapiens,BJ-hTERT,BJ hTERT,SRP017378,"Transcriptome-profiling (RNA-seq) and Ribosome-profiling (Ribo-seq) in proliferation, quiescence, senescence and transformed states.","We applied in parallel RNA-Seq and Ribosome-profiling analyses to immortalized human primary BJ fibroblast cells under the following conditions: normal proliferation, quiescence (induced by serum depletion), senescence (induced by activation of the oncogenic RASG12V gene, and examined at early (5 days; pre-senescent state) and late (14 days; fully senescent state) time points), and neoplastic transformation (induced by RASG12V in the background of stable p53 and p16INK4A knockdowns and SV40 small-T expression. Overall design: RNA-seq, using Illumina HiSeq 2000, was applied to BJ cells under 5 conditions: proliferation, quiescence, pre-senescence, full-senescence, and transfomed. Ribosome profiling, using Illumina HiSeq 2000, was applied to BJ cells under 5 conditions: proliferation, quiescence, pre-senescence, full-senescence, and transfomed.",GSM1041197: C3.rna; Homo sapiens; RNA-Seq,Illumina HiSeq 2000,"cell line;;BJ cells|condition;;Proliferation, normal conditions|source_name;;Immortalized primary fibroblasts",GEO Accession;;GSM1041197,GSM1041197,C3.rna,Proliferating,Proliferating,,,,yes,Fibroblast,Foreskin,no,Proliferating,Sample_growth_protocol: 'Immortalized human BJ primary fibroblast cells (by hTERT expression)'
SRR5859249,SRP113324,Transcriptomic analysis of senescent cells upon PTBP1 knockdown.,paired,Illumina HiSeq 2500,Homo sapiens,SRP113324,Transcriptomic analysis of senescent cells upon PTBP1 knockdown.,paired,Illumina HiSeq 2500,Homo sapiens,IMR90 ER:RAS,IMR-90,SRP113324,Transcriptomic analysis of senescent cells upon PTBP1 knockdown.,"IMR90 ER:RAS cells were stably transduced with either an empty vector or 2 deconvoluted shRNAs targeting PTBP1. Following selection with puromycin, the cells were treated with 4OHT to induce senescence. 6 days later the cells were collected for total mRNA analysis. PTBP1 is a regulator of alternative splicing. Our previous experiments had shown that PTBP1 depletion inhibits the expression of pro-inflammatory genes without affecting other senescence-associated phenotypes. By performing RNA-seq we confirmed those observations at a global level and analysed how PTBP1 knockdown alters alternative splicing as a potential mechanism of action. Overall design: 4 conditions were examined: proliferating cells (Vector), senescent cells (Vector + 4OHT), senescent cells expresssing an shRNA targeting PTBP1 (shPTBP1_53 + 4OHT) and senescent cells expressing a different shRNA targeting PTBP1 (shPTBP1_86 + 4OHT).",GSM2714454: Vector Replicate 1; Homo sapiens; RNA-Seq,Illumina HiSeq 2500,days after 4oht induction;;6|imr90 passage;;15|source_name;;IMR90 ER:RAS|state;;proliferating|transduction;;empty pGIPz vector,GEO Accession;;GSM2714454,GSM2714454,Vector Replicate 1,Proliferating,Proliferating,,,empty pGIPz vector + HRASG12V,no,Fibroblast,Lung,no,Proliferating,no hTERT/immortal/SV40/telomerase mention in GEO sample or series record
SRR5859250,SRP113324,Transcriptomic analysis of senescent cells upon PTBP1 knockdown.,paired,Illumina HiSeq 2500,Homo sapiens,SRP113324,Transcriptomic analysis of senescent cells upon PTBP1 knockdown.,paired,Illumina HiSeq 2500,Homo sapiens,IMR90 ER:RAS,IMR-90,SRP113324,Transcriptomic analysis of senescent cells upon PTBP1 knockdown.,"IMR90 ER:RAS cells were stably transduced with either an empty vector or 2 deconvoluted shRNAs targeting PTBP1. Following selection with puromycin, the cells were treated with 4OHT to induce senescence. 6 days later the cells were collected for total mRNA analysis. PTBP1 is a regulator of alternative splicing. Our previous experiments had shown that PTBP1 depletion inhibits the expression of pro-inflammatory genes without affecting other senescence-associated phenotypes. By performing RNA-seq we confirmed those observations at a global level and analysed how PTBP1 knockdown alters alternative splicing as a potential mechanism of action. Overall design: 4 conditions were examined: proliferating cells (Vector), senescent cells (Vector + 4OHT), senescent cells expresssing an shRNA targeting PTBP1 (shPTBP1_53 + 4OHT) and senescent cells expressing a different shRNA targeting PTBP1 (shPTBP1_86 + 4OHT).",GSM2714455: Vector + 4OHT Replicate 1; Homo sapiens; RNA-Seq,Illumina HiSeq 2500,days after 4oht induction;;6|imr90 passage;;15|source_name;;IMR90 ER:RAS|state;;senescent|transduction;;empty pGIPz vector,GEO Accession;;GSM2714455,GSM2714455,Vector + 4OHT Replicate 1,CS,Oncogene-induced CS,100 nM 4OHT for 6 days,6 days,empty pGIPz vector + HRASG12V,no,Fibroblast,Lung,no,Oncogene-induced CS,no hTERT/immortal/SV40/telomerase mention in GEO sample or series record
SRR5859253,SRP113324,Transcriptomic analysis of senescent cells upon PTBP1 knockdown.,paired,Illumina HiSeq 2500,Homo sapiens,SRP113324,Transcriptomic analysis of senescent cells upon PTBP1 knockdown.,paired,Illumina HiSeq 2500,Homo sapiens,IMR90 ER:RAS,IMR-90,SRP113324,Transcriptomic analysis of senescent cells upon PTBP1 knockdown.,"IMR90 ER:RAS cells were stably transduced with either an empty vector or 2 deconvoluted shRNAs targeting PTBP1. Following selection with puromycin, the cells were treated with 4OHT to induce senescence. 6 days later the cells were collected for total mRNA analysis. PTBP1 is a regulator of alternative splicing. Our previous experiments had shown that PTBP1 depletion inhibits the expression of pro-inflammatory genes without affecting other senescence-associated phenotypes. By performing RNA-seq we confirmed those observations at a global level and analysed how PTBP1 knockdown alters alternative splicing as a potential mechanism of action. Overall design: 4 conditions were examined: proliferating cells (Vector), senescent cells (Vector + 4OHT), senescent cells expresssing an shRNA targeting PTBP1 (shPTBP1_53 + 4OHT) and senescent cells expressing a different shRNA targeting PTBP1 (shPTBP1_86 + 4OHT).",GSM2714458: Vector Replicate 2; Homo sapiens; RNA-Seq,Illumina HiSeq 2500,days after 4oht induction;;6|imr90 passage;;15|source_name;;IMR90 ER:RAS|state;;proliferating|transduction;;empty pGIPz vector,GEO Accession;;GSM2714458,GSM2714458,Vector Replicate 2,Proliferating,Proliferating,,,empty pGIPz vector + HRASG12V,no,Fibroblast,Lung,no,Proliferating,no hTERT/immortal/SV40/telomerase mention in GEO sample or series record
SRR5859254,SRP113324,Transcriptomic analysis of senescent cells upon PTBP1 knockdown.,paired,Illumina HiSeq 2500,Homo sapiens,SRP113324,Transcriptomic analysis of senescent cells upon PTBP1 knockdown.,paired,Illumina HiSeq 2500,Homo sapiens,IMR90 ER:RAS,IMR-90,SRP113324,Transcriptomic analysis of senescent cells upon PTBP1 knockdown.,"IMR90 ER:RAS cells were stably transduced with either an empty vector or 2 deconvoluted shRNAs targeting PTBP1. Following selection with puromycin, the cells were treated with 4OHT to induce senescence. 6 days later the cells were collected for total mRNA analysis. PTBP1 is a regulator of alternative splicing. Our previous experiments had shown that PTBP1 depletion inhibits the expression of pro-inflammatory genes without affecting other senescence-associated phenotypes. By performing RNA-seq we confirmed those observations at a global level and analysed how PTBP1 knockdown alters alternative splicing as a potential mechanism of action. Overall design: 4 conditions were examined: proliferating cells (Vector), senescent cells (Vector + 4OHT), senescent cells expresssing an shRNA targeting PTBP1 (shPTBP1_53 + 4OHT) and senescent cells expressing a different shRNA targeting PTBP1 (shPTBP1_86 + 4OHT).",GSM2714459: Vector + 4OHT Replicate 2; Homo sapiens; RNA-Seq,Illumina HiSeq 2500,days after 4oht induction;;6|imr90 passage;;15|source_name;;IMR90 ER:RAS|state;;senescent|transduction;;empty pGIPz vector,GEO Accession;;GSM2714459,GSM2714459,Vector + 4OHT Replicate 2,CS,Oncogene-induced CS,100 nM 4OHT for 6 days,6 days,empty pGIPz vector + HRASG12V,no,Fibroblast,Lung,no,Oncogene-induced CS,no hTERT/immortal/SV40/telomerase mention in GEO sample or series record
SRR5859257,SRP113324,Transcriptomic analysis of senescent cells upon PTBP1 knockdown.,paired,Illumina HiSeq 2500,Homo sapiens,SRP113324,Transcriptomic analysis of senescent cells upon PTBP1 knockdown.,paired,Illumina HiSeq 2500,Homo sapiens,IMR90 ER:RAS,IMR-90,SRP113324,Transcriptomic analysis of senescent cells upon PTBP1 knockdown.,"IMR90 ER:RAS cells were stably transduced with either an empty vector or 2 deconvoluted shRNAs targeting PTBP1. Following selection with puromycin, the cells were treated with 4OHT to induce senescence. 6 days later the cells were collected for total mRNA analysis. PTBP1 is a regulator of alternative splicing. Our previous experiments had shown that PTBP1 depletion inhibits the expression of pro-inflammatory genes without affecting other senescence-associated phenotypes. By performing RNA-seq we confirmed those observations at a global level and analysed how PTBP1 knockdown alters alternative splicing as a potential mechanism of action. Overall design: 4 conditions were examined: proliferating cells (Vector), senescent cells (Vector + 4OHT), senescent cells expresssing an shRNA targeting PTBP1 (shPTBP1_53 + 4OHT) and senescent cells expressing a different shRNA targeting PTBP1 (shPTBP1_86 + 4OHT).",GSM2714462: Vector Replicate 3; Homo sapiens; RNA-Seq,Illumina HiSeq 2500,days after 4oht induction;;6|imr90 passage;;15|source_name;;IMR90 ER:RAS|state;;proliferating|transduction;;empty pGIPz vector,GEO Accession;;GSM2714462,GSM2714462,Vector Replicate 3,Proliferating,Proliferating,,,empty pGIPz vector + HRASG12V,no,Fibroblast,Lung,no,Proliferating,no hTERT/immortal/SV40/telomerase mention in GEO sample or series record
SRR5859258,SRP113324,Transcriptomic analysis of senescent cells upon PTBP1 knockdown.,paired,Illumina HiSeq 2500,Homo sapiens,SRP113324,Transcriptomic analysis of senescent cells upon PTBP1 knockdown.,paired,Illumina HiSeq 2500,Homo sapiens,IMR90 ER:RAS,IMR-90,SRP113324,Transcriptomic analysis of senescent cells upon PTBP1 knockdown.,"IMR90 ER:RAS cells were stably transduced with either an empty vector or 2 deconvoluted shRNAs targeting PTBP1. Following selection with puromycin, the cells were treated with 4OHT to induce senescence. 6 days later the cells were collected for total mRNA analysis. PTBP1 is a regulator of alternative splicing. Our previous experiments had shown that PTBP1 depletion inhibits the expression of pro-inflammatory genes without affecting other senescence-associated phenotypes. By performing RNA-seq we confirmed those observations at a global level and analysed how PTBP1 knockdown alters alternative splicing as a potential mechanism of action. Overall design: 4 conditions were examined: proliferating cells (Vector), senescent cells (Vector + 4OHT), senescent cells expresssing an shRNA targeting PTBP1 (shPTBP1_53 + 4OHT) and senescent cells expressing a different shRNA targeting PTBP1 (shPTBP1_86 + 4OHT).",GSM2714463: Vector + 4OHT Replicate 3; Homo sapiens; RNA-Seq,Illumina HiSeq 2500,days after 4oht induction;;6|imr90 passage;;15|source_name;;IMR90 ER:RAS|state;;senescent|transduction;;empty pGIPz vector,GEO Accession;;GSM2714463,GSM2714463,Vector + 4OHT Replicate 3,CS,Oncogene-induced CS,100 nM 4OHT for 6 days,6 days,empty pGIPz vector + HRASG12V,no,Fibroblast,Lung,no,Oncogene-induced CS,no hTERT/immortal/SV40/telomerase mention in GEO sample or series record
SRR7523098,SRP153724,To investigate the decay constants (half-lives) of transcript isoforms generated by alternative polyadenylation in proliferating and quiescent cells,single,Illumina HiSeq 2500,Homo sapiens,SRP153724,To investigate the decay constants (half-lives) of transcript isoforms generated by alternative polyadenylation in proliferating and quiescent cells,single,Illumina HiSeq 2500,Homo sapiens,HDF 12-3,Primary,SRP153724,To investigate the decay constants (half-lives) of transcript isoforms generated by alternative polyadenylation in proliferating and quiescent cells,"Purpose: Alternative polyadenylation (APA) can result in the generation of transcripts that terminate at different locations within the gene, which can result in different 3'' UTRs.   3´ UTRs are known to contain RNA stabilizing and destabilizing motifs that provide a platform for binding of  RNA binding proteins. Changes in 3´ UTRs for the different APA-generated isoforms of a gene could allow for inclusion or exclusion of these RNA stability elements. The goal of this study is determine the stability (half-lives based on transcript decay) of APA isoforms in proliferating and quiescent cells. Methods: The proliferating and quiescent (7-day contact inhibited) cells were treated with actinomycin D to stop transcription and the cells were harvested at different time points (0. 2, 4, 8 hours) for RNA isolation and global sequencing of 3´ ends. The adaptors and polyA sequenced were trimmed from each read.  The reads were aligned to the human genome (hg19) using TopHat (v2.0.14). The aligned read files were used to determine the counts of APA isoforms of each gene using the code provided by Gruber et al. (PMID: 27382025). The counts of the APA isoforms were fit to an exponential decay model to obtain half-lives. The entire workflow was performed for two biological replicates: 12-1 and 12-3 strains of human dermal fibroblasts. Results:  In two different fibroblast strains (12-1 and 12-3), we found that isoforms terminating at distal polyadenylation sites were more stable than isoforms terminating at proximal polyadenylation sites in quiescent, but not proliferating, fibroblasts. Conclusions: The transition from shorter to longer isoforms in quiescent cells is associated with stabilization of the transcripts. Overall design: The proliferating and quiescent (7-day contact inhibited) cells were treated with actinomycin D to stop transcription and the cells were harvested at different time points (0. 2, 4, 8 hours) for RNA isolation and global sequencing of 3´ ends.",GSM3271545: 7dCI_0hr_12-3; Homo sapiens; RNA-Seq,Illumina HiSeq 2500,cell growth conditions;;contact-inhibited for 7 days|cell strain;;12-3|cell type;;dermal fibroblasts|source_name;;human dermal fibroblasts|time;;0 hour|treatment;;untreated,GEO Accession;;GSM3271545,GSM3271545,7dCI_0hr_12-3,CQ,Contact_inhibited CQ,7 days,,,no,Fibroblast,Skin,no,CQ,no hTERT/immortal/SV40/telomerase mention in GEO sample or series record
SRR7523095,SRP153724,To investigate the decay constants (half-lives) of transcript isoforms generated by alternative polyadenylation in proliferating and quiescent cells,single,Illumina HiSeq 2500,Homo sapiens,SRP153724,To investigate the decay constants (half-lives) of transcript isoforms generated by alternative polyadenylation in proliferating and quiescent cells,single,Illumina HiSeq 2500,Homo sapiens,HDF 12-3,Primary,SRP153724,To investigate the decay constants (half-lives) of transcript isoforms generated by alternative polyadenylation in proliferating and quiescent cells,"Purpose: Alternative polyadenylation (APA) can result in the generation of transcripts that terminate at different locations within the gene, which can result in different 3'' UTRs.   3´ UTRs are known to contain RNA stabilizing and destabilizing motifs that provide a platform for binding of  RNA binding proteins. Changes in 3´ UTRs for the different APA-generated isoforms of a gene could allow for inclusion or exclusion of these RNA stability elements. The goal of this study is determine the stability (half-lives based on transcript decay) of APA isoforms in proliferating and quiescent cells. Methods: The proliferating and quiescent (7-day contact inhibited) cells were treated with actinomycin D to stop transcription and the cells were harvested at different time points (0. 2, 4, 8 hours) for RNA isolation and global sequencing of 3´ ends. The adaptors and polyA sequenced were trimmed from each read.  The reads were aligned to the human genome (hg19) using TopHat (v2.0.14). The aligned read files were used to determine the counts of APA isoforms of each gene using the code provided by Gruber et al. (PMID: 27382025). The counts of the APA isoforms were fit to an exponential decay model to obtain half-lives. The entire workflow was performed for two biological replicates: 12-1 and 12-3 strains of human dermal fibroblasts. Results:  In two different fibroblast strains (12-1 and 12-3), we found that isoforms terminating at distal polyadenylation sites were more stable than isoforms terminating at proximal polyadenylation sites in quiescent, but not proliferating, fibroblasts. Conclusions: The transition from shorter to longer isoforms in quiescent cells is associated with stabilization of the transcripts. Overall design: The proliferating and quiescent (7-day contact inhibited) cells were treated with actinomycin D to stop transcription and the cells were harvested at different time points (0. 2, 4, 8 hours) for RNA isolation and global sequencing of 3´ ends.",GSM3271542: P_0hr_12-1; Homo sapiens; RNA-Seq,Illumina HiSeq 2500,cell growth conditions;;proliferating cells|cell strain;;12-1|cell type;;dermal fibroblasts|source_name;;human dermal fibroblasts|time;;0 hour|treatment;;untreated,GEO Accession;;GSM3271542,GSM3271542,P_0hr_12-1,Proliferating,Proliferating,,,,no,Fibroblast,Skin,no,Proliferating,no hTERT/immortal/SV40/telomerase mention in GEO sample or series record
SRR7523096,SRP153724,To investigate the decay constants (half-lives) of transcript isoforms generated by alternative polyadenylation in proliferating and quiescent cells,single,Illumina HiSeq 2500,Homo sapiens,SRP153724,To investigate the decay constants (half-lives) of transcript isoforms generated by alternative polyadenylation in proliferating and quiescent cells,single,Illumina HiSeq 2500,Homo sapiens,HDF 12-3,Primary,SRP153724,To investigate the decay constants (half-lives) of transcript isoforms generated by alternative polyadenylation in proliferating and quiescent cells,"Purpose: Alternative polyadenylation (APA) can result in the generation of transcripts that terminate at different locations within the gene, which can result in different 3'' UTRs.   3´ UTRs are known to contain RNA stabilizing and destabilizing motifs that provide a platform for binding of  RNA binding proteins. Changes in 3´ UTRs for the different APA-generated isoforms of a gene could allow for inclusion or exclusion of these RNA stability elements. The goal of this study is determine the stability (half-lives based on transcript decay) of APA isoforms in proliferating and quiescent cells. Methods: The proliferating and quiescent (7-day contact inhibited) cells were treated with actinomycin D to stop transcription and the cells were harvested at different time points (0. 2, 4, 8 hours) for RNA isolation and global sequencing of 3´ ends. The adaptors and polyA sequenced were trimmed from each read.  The reads were aligned to the human genome (hg19) using TopHat (v2.0.14). The aligned read files were used to determine the counts of APA isoforms of each gene using the code provided by Gruber et al. (PMID: 27382025). The counts of the APA isoforms were fit to an exponential decay model to obtain half-lives. The entire workflow was performed for two biological replicates: 12-1 and 12-3 strains of human dermal fibroblasts. Results:  In two different fibroblast strains (12-1 and 12-3), we found that isoforms terminating at distal polyadenylation sites were more stable than isoforms terminating at proximal polyadenylation sites in quiescent, but not proliferating, fibroblasts. Conclusions: The transition from shorter to longer isoforms in quiescent cells is associated with stabilization of the transcripts. Overall design: The proliferating and quiescent (7-day contact inhibited) cells were treated with actinomycin D to stop transcription and the cells were harvested at different time points (0. 2, 4, 8 hours) for RNA isolation and global sequencing of 3´ ends.",GSM3271543: 7dCI_0hr_12-1; Homo sapiens; RNA-Seq,Illumina HiSeq 2500,cell growth conditions;;contact-inhibited for 7 days|cell strain;;12-1|cell type;;dermal fibroblasts|source_name;;human dermal fibroblasts|time;;0 hour|treatment;;untreated,GEO Accession;;GSM3271543,GSM3271543,7dCI_0hr_12-1,CQ,Contact_inhibited CQ,7 days,,,no,Fibroblast,Skin,no,CQ,no hTERT/immortal/SV40/telomerase mention in GEO sample or series record
SRR7523097,SRP153724,To investigate the decay constants (half-lives) of transcript isoforms generated by alternative polyadenylation in proliferating and quiescent cells,single,Illumina HiSeq 2500,Homo sapiens,SRP153724,To investigate the decay constants (half-lives) of transcript isoforms generated by alternative polyadenylation in proliferating and quiescent cells,single,Illumina HiSeq 2500,Homo sapiens,HDF 12-3,Primary,SRP153724,To investigate the decay constants (half-lives) of transcript isoforms generated by alternative polyadenylation in proliferating and quiescent cells,"Purpose: Alternative polyadenylation (APA) can result in the generation of transcripts that terminate at different locations within the gene, which can result in different 3'' UTRs.   3´ UTRs are known to contain RNA stabilizing and destabilizing motifs that provide a platform for binding of  RNA binding proteins. Changes in 3´ UTRs for the different APA-generated isoforms of a gene could allow for inclusion or exclusion of these RNA stability elements. The goal of this study is determine the stability (half-lives based on transcript decay) of APA isoforms in proliferating and quiescent cells. Methods: The proliferating and quiescent (7-day contact inhibited) cells were treated with actinomycin D to stop transcription and the cells were harvested at different time points (0. 2, 4, 8 hours) for RNA isolation and global sequencing of 3´ ends. The adaptors and polyA sequenced were trimmed from each read.  The reads were aligned to the human genome (hg19) using TopHat (v2.0.14). The aligned read files were used to determine the counts of APA isoforms of each gene using the code provided by Gruber et al. (PMID: 27382025). The counts of the APA isoforms were fit to an exponential decay model to obtain half-lives. The entire workflow was performed for two biological replicates: 12-1 and 12-3 strains of human dermal fibroblasts. Results:  In two different fibroblast strains (12-1 and 12-3), we found that isoforms terminating at distal polyadenylation sites were more stable than isoforms terminating at proximal polyadenylation sites in quiescent, but not proliferating, fibroblasts. Conclusions: The transition from shorter to longer isoforms in quiescent cells is associated with stabilization of the transcripts. Overall design: The proliferating and quiescent (7-day contact inhibited) cells were treated with actinomycin D to stop transcription and the cells were harvested at different time points (0. 2, 4, 8 hours) for RNA isolation and global sequencing of 3´ ends.",GSM3271544: P_0hr_12-3; Homo sapiens; RNA-Seq,Illumina HiSeq 2500,cell growth conditions;;proliferating cells|cell strain;;12-3|cell type;;dermal fibroblasts|source_name;;human dermal fibroblasts|time;;0 hour|treatment;;untreated,GEO Accession;;GSM3271544,GSM3271544,P_0hr_12-3,Proliferating,Proliferating,,,,no,Fibroblast,Skin,no,Proliferating,no hTERT/immortal/SV40/telomerase mention in GEO sample or series record
SRR1049936,SRP034163,RNAseq Replicate experiments from PD38 and PD79 IMR90s,paired,Illumina HiSeq 2000,Homo sapiens,SRP034163,RNAseq Replicate experiments from PD38 and PD79 IMR90s,paired,Illumina HiSeq 2000,Homo sapiens,IMR90,IMR-90,SRP034163,RNAseq Replicate experiments from PD38 and PD79 IMR90s,RNAseq replicate in Proliferating and Senescent IMR90s Overall design: We used RNAseq to examine RNA levels in human IMR90 replicative senescence (RS),GSM1289414: PD38_RNAseq_IMR90; Homo sapiens; RNA-Seq,Illumina HiSeq 2000,cell line;;IMR90|growth protocol;;RS_Proliferating|population doubling;;PD38|source_name;;IMR90 human fiboblasts,GEO Accession;;GSM1289414,GSM1289414,PD38_RNAseq_IMR90,Proliferating,Proliferating,,,,no,Fibroblast,Lung,no,Proliferating,no hTERT/immortal/SV40/telomerase mention in GEO sample or series record
SRR1049937,SRP034163,RNAseq Replicate experiments from PD38 and PD79 IMR90s,paired,Illumina HiSeq 2000,Homo sapiens,SRP034163,RNAseq Replicate experiments from PD38 and PD79 IMR90s,paired,Illumina HiSeq 2000,Homo sapiens,IMR90,IMR-90,SRP034163,RNAseq Replicate experiments from PD38 and PD79 IMR90s,RNAseq replicate in Proliferating and Senescent IMR90s Overall design: We used RNAseq to examine RNA levels in human IMR90 replicative senescence (RS),GSM1289415: PD79_RNAseq_IMR90; Homo sapiens; RNA-Seq,Illumina HiSeq 2000,cell line;;IMR90|growth protocol;;RS_Senescent|population doubling;;PD79|source_name;;IMR90 human fiboblasts,GEO Accession;;GSM1289415,GSM1289415,PD79_RNAseq_IMR90,CS,Replicative CS,79 doublings,,,no,Fibroblast,Lung,no,Replicative CS,no hTERT/immortal/SV40/telomerase mention in GEO sample or series record
SRR616151,SRP017142,Quantitative analysis of proliferative and Ras-induced senescent human primary fibroblasts transcriptomes,single,Illumina Genome Analyzer IIx,Homo sapiens,SRP017142,Quantitative analysis of proliferative and Ras-induced senescent human primary fibroblasts transcriptomes,single,Illumina Genome Analyzer IIx,Homo sapiens,WI-38,WI-38,SRP017142,Quantitative analysis of proliferative and Ras-induced senescent human primary fibroblasts transcriptomes,The goals of this study is to analyse transcriptionnal changes  in senescent cells and to compare them with ChIPseq data for several histones marks and proteins of the SUMO machinery Overall design: mRNA profiling of proliferative versus Ras-induced senescent humain primary fibroblasts 5 days post-infection,GSM1035443: Proliferatives_rep1_RNAseq; Homo sapiens; RNA-Seq,Illumina Genome Analyzer IIx,cell line;;WI38|cell type;;primary fibroblasts|genotype/variation;;infected with pBABE-puro-empty|source_name;;Proliferatives_RNAseq|status;;Proliferative,GEO Accession;;GSM1035443,GSM1035443,Proliferatives_rep1_RNAseq,Proliferating,Proliferating,,,pBABE-puro-empty,no,Fibroblast,Lung,no,Proliferating,no hTERT/immortal/SV40/telomerase mention in GEO sample or series record
SRR616152,SRP017142,Quantitative analysis of proliferative and Ras-induced senescent human primary fibroblasts transcriptomes,single,Illumina Genome Analyzer IIx,Homo sapiens,SRP017142,Quantitative analysis of proliferative and Ras-induced senescent human primary fibroblasts transcriptomes,single,Illumina Genome Analyzer IIx,Homo sapiens,WI-38,WI-38,SRP017142,Quantitative analysis of proliferative and Ras-induced senescent human primary fibroblasts transcriptomes,The goals of this study is to analyse transcriptionnal changes  in senescent cells and to compare them with ChIPseq data for several histones marks and proteins of the SUMO machinery Overall design: mRNA profiling of proliferative versus Ras-induced senescent humain primary fibroblasts 5 days post-infection,GSM1035444: Proliferatives_rep2_RNAseq; Homo sapiens; RNA-Seq,Illumina Genome Analyzer IIx,cell line;;WI38|cell type;;primary fibroblasts|genotype/variation;;infected with pBABE-puro-empty|source_name;;Proliferatives_RNAseq|status;;Proliferative,GEO Accession;;GSM1035444,GSM1035444,Proliferatives_rep2_RNAseq,Proliferating,Proliferating,,,pBABE-puro-empty,no,Fibroblast,Lung,no,Proliferating,no hTERT/immortal/SV40/telomerase mention in GEO sample or series record
SRR616153,SRP017142,Quantitative analysis of proliferative and Ras-induced senescent human primary fibroblasts transcriptomes,single,Illumina Genome Analyzer IIx,Homo sapiens,SRP017142,Quantitative analysis of proliferative and Ras-induced senescent human primary fibroblasts transcriptomes,single,Illumina Genome Analyzer IIx,Homo sapiens,WI-38,WI-38,SRP017142,Quantitative analysis of proliferative and Ras-induced senescent human primary fibroblasts transcriptomes,The goals of this study is to analyse transcriptionnal changes  in senescent cells and to compare them with ChIPseq data for several histones marks and proteins of the SUMO machinery Overall design: mRNA profiling of proliferative versus Ras-induced senescent humain primary fibroblasts 5 days post-infection,GSM1035445: Proliferatives_rep3_RNAseq; Homo sapiens; RNA-Seq,Illumina Genome Analyzer IIx,cell line;;WI38|cell type;;primary fibroblasts|genotype/variation;;infected with pBABE-puro-empty|source_name;;Proliferatives_RNAseq|status;;Proliferative,GEO Accession;;GSM1035445,GSM1035445,Proliferatives_rep3_RNAseq,Proliferating,Proliferating,,,pBABE-puro-empty,no,Fibroblast,Lung,no,Proliferating,no hTERT/immortal/SV40/telomerase mention in GEO sample or series record
SRR616154,SRP017142,Quantitative analysis of proliferative and Ras-induced senescent human primary fibroblasts transcriptomes,single,Illumina Genome Analyzer IIx,Homo sapiens,SRP017142,Quantitative analysis of proliferative and Ras-induced senescent human primary fibroblasts transcriptomes,single,Illumina Genome Analyzer IIx,Homo sapiens,WI-38,WI-38,SRP017142,Quantitative analysis of proliferative and Ras-induced senescent human primary fibroblasts transcriptomes,The goals of this study is to analyse transcriptionnal changes  in senescent cells and to compare them with ChIPseq data for several histones marks and proteins of the SUMO machinery Overall design: mRNA profiling of proliferative versus Ras-induced senescent humain primary fibroblasts 5 days post-infection,GSM1035446: Ras_rep1_RNAseq; Homo sapiens; RNA-Seq,Illumina Genome Analyzer IIx,cell line;;WI38|cell type;;primary fibroblasts|genotype/variation;;infected with pBABE-puro-H-RasG12V|source_name;;Ras_RNAseq|status;;Senescent,GEO Accession;;GSM1035446,GSM1035446,Ras_rep1_RNAseq,CS,Oncogene-induced CS,4 ug/mL puromycin 24-48 hours,5 days,HRASG12V,no,Fibroblast,Lung,no,Oncogene-induced CS,no hTERT/immortal/SV40/telomerase mention in GEO sample or series record
SRR616155,SRP017142,Quantitative analysis of proliferative and Ras-induced senescent human primary fibroblasts transcriptomes,single,Illumina Genome Analyzer IIx,Homo sapiens,SRP017142,Quantitative analysis of proliferative and Ras-induced senescent human primary fibroblasts transcriptomes,single,Illumina Genome Analyzer IIx,Homo sapiens,WI-38,WI-38,SRP017142,Quantitative analysis of proliferative and Ras-induced senescent human primary fibroblasts transcriptomes,The goals of this study is to analyse transcriptionnal changes  in senescent cells and to compare them with ChIPseq data for several histones marks and proteins of the SUMO machinery Overall design: mRNA profiling of proliferative versus Ras-induced senescent humain primary fibroblasts 5 days post-infection,GSM1035447: Ras_rep2_RNAseq; Homo sapiens; RNA-Seq,Illumina Genome Analyzer IIx,cell line;;WI38|cell type;;primary fibroblasts|genotype/variation;;infected with pBABE-puro-H-RasG12V|source_name;;Ras_RNAseq|status;;Senescent,GEO Accession;;GSM1035447,GSM1035447,Ras_rep2_RNAseq,CS,Oncogene-induced CS,4 ug/mL puromycin 24-48 hours,5 days,HRASG12V,no,Fibroblast,Lung,no,Oncogene-induced CS,no hTERT/immortal/SV40/telomerase mention in GEO sample or series record
SRR616156,SRP017142,Quantitative analysis of proliferative and Ras-induced senescent human primary fibroblasts transcriptomes,single,Illumina Genome Analyzer IIx,Homo sapiens,SRP017142,Quantitative analysis of proliferative and Ras-induced senescent human primary fibroblasts transcriptomes,single,Illumina Genome Analyzer IIx,Homo sapiens,WI-38,WI-38,SRP017142,Quantitative analysis of proliferative and Ras-induced senescent human primary fibroblasts transcriptomes,The goals of this study is to analyse transcriptionnal changes  in senescent cells and to compare them with ChIPseq data for several histones marks and proteins of the SUMO machinery Overall design: mRNA profiling of proliferative versus Ras-induced senescent humain primary fibroblasts 5 days post-infection,GSM1035448: Ras_rep3_RNAseq; Homo sapiens; RNA-Seq,Illumina Genome Analyzer IIx,cell line;;WI38|cell type;;primary fibroblasts|genotype/variation;;infected with pBABE-puro-H-RasG12V|source_name;;Ras_RNAseq|status;;Senescent,GEO Accession;;GSM1035448,GSM1035448,Ras_rep3_RNAseq,CS,Oncogene-induced CS,4 ug/mL puromycin 24-48 hours,5 days,HRASG12V,no,Fibroblast,Lung,no,Oncogene-induced CS,no hTERT/immortal/SV40/telomerase mention in GEO sample or series record
SRR2518251,SRP064207,The whole transcriptome analysis in a replicative senescence model.,single,Illumina HiSeq 2500,Homo sapiens,SRP064207,The whole transcriptome analysis in a replicative senescence model.,single,Illumina HiSeq 2500,Homo sapiens,WI-38,WI-38,SRP064207,The whole transcriptome analysis in a replicative senescence model.,"RNA-Seq was performed to screen transcripts in whole lyastes or mitoplast fraction prepared from young and senescent WI-38 human fibroblast Overall design: A whole or mitoplast RNA was extracted from both young and senescent WI-38 cells, and used for RNA-Seq.",GSM1894186: Young whole cells; Homo sapiens; RNA-Seq,Illumina HiSeq 2500,cell line;;WI-38|cellular fraction;;Whole cells|source_name;;WI-38 fibrobalst (PDL 21),GEO Accession;;GSM1894186,GSM1894186,Young whole cells,Proliferating,Proliferating,,,,no,Fibroblast,Lung,no,Proliferating,no hTERT/immortal/SV40/telomerase mention in GEO sample or series record
SRR2518252,SRP064207,The whole transcriptome analysis in a replicative senescence model.,single,Illumina HiSeq 2500,Homo sapiens,SRP064207,The whole transcriptome analysis in a replicative senescence model.,single,Illumina HiSeq 2500,Homo sapiens,WI-38,WI-38,SRP064207,The whole transcriptome analysis in a replicative senescence model.,"RNA-Seq was performed to screen transcripts in whole lyastes or mitoplast fraction prepared from young and senescent WI-38 human fibroblast Overall design: A whole or mitoplast RNA was extracted from both young and senescent WI-38 cells, and used for RNA-Seq.",GSM1894187: Senescent whole cells; Homo sapiens; RNA-Seq,Illumina HiSeq 2500,cell line;;WI-38|cellular fraction;;Whole cells|source_name;;WI-38 fibrobalst (PDL 60),GEO Accession;;GSM1894187,GSM1894187,Senescent whole cells,CS,Replicative CS,PDL 60,,,no,Fibroblast,Lung,no,Replicative CS,no hTERT/immortal/SV40/telomerase mention in GEO sample or series record
SRR7547693,SRP154577,Differential gene expression analysis between proliferating and quiescent human dermal fibroblasts,single,Illumina HiSeq 2000,Homo sapiens,SRP154577,Differential gene expression analysis between proliferating and quiescent human dermal fibroblasts,single,Illumina HiSeq 2000,Homo sapiens,HDF 10-5,Primary,SRP154577,Differential gene expression analysis between proliferating and quiescent human dermal fibroblasts,"Purpose: Quiescence is a state or reversible cell cycle arrest. A previous study using microarrays (Coller et al., PMID: 16509772) revealed gene expression changes between quiescent and proliferating human dermal fibroblasts and defined a ""quiescece program"" of genes that change in abundance when fibroblasts were introduced into quiescence by one of three methods. The goal of this study is to perform high throughut RNA sequencing to determine global changes in gene expression between proliferating and quiescent human dermal fibroblasts. Methods: Three different biological replicates (corresponding to two fibroblast strains, 10-5 and 12-1) were collected in proliferating and contact--inhibited (quiescent) conditions. RNA extracted from these cells were used for library preparation. The libraries were sequenced on an Illumina HiSeq 2000 instrument. Results: Among the 19,673 genes monitored, 1,993 genes (10.1%) changed in expression two-fold or more, demonstrating widespread changes in gene expression with contact inhibition-induced quiescence. Fifty-two percent of these genes were upregulated in 7dCI compared with proliferating fibroblasts, and 48% were downregulated in 7dCI fibroblasts. Conclusions: There are widespread changes in gene expression as fibroblasts transition between proliferating and quiescent states. Overall design: Three different biological replicates (corresponding to two fibroblast strains, 10-5 and 12-1) were collected in proliferating and contact--inhibited (quiescent) conditions.",GSM3294929: P_rep1; Homo sapiens; RNA-Seq,Illumina HiSeq 2000,cell growth conditions;;proliferating cells|cell type;;human dermal fibroblasts (foreskin)|fibroblast strain;;10-5|source_name;;human dermal fibroblasts (foreskin),GEO Accession;;GSM3294929,GSM3294929,P_rep1,Proliferating,Proliferating,,,,no,Fibroblast,Foreskin,no,Proliferating,no hTERT/immortal/SV40/telomerase mention in GEO sample or series record
SRR7547694,SRP154577,Differential gene expression analysis between proliferating and quiescent human dermal fibroblasts,single,Illumina HiSeq 2000,Homo sapiens,SRP154577,Differential gene expression analysis between proliferating and quiescent human dermal fibroblasts,single,Illumina HiSeq 2000,Homo sapiens,HDF 10-5,Primary,SRP154577,Differential gene expression analysis between proliferating and quiescent human dermal fibroblasts,"Purpose: Quiescence is a state or reversible cell cycle arrest. A previous study using microarrays (Coller et al., PMID: 16509772) revealed gene expression changes between quiescent and proliferating human dermal fibroblasts and defined a ""quiescece program"" of genes that change in abundance when fibroblasts were introduced into quiescence by one of three methods. The goal of this study is to perform high throughut RNA sequencing to determine global changes in gene expression between proliferating and quiescent human dermal fibroblasts. Methods: Three different biological replicates (corresponding to two fibroblast strains, 10-5 and 12-1) were collected in proliferating and contact--inhibited (quiescent) conditions. RNA extracted from these cells were used for library preparation. The libraries were sequenced on an Illumina HiSeq 2000 instrument. Results: Among the 19,673 genes monitored, 1,993 genes (10.1%) changed in expression two-fold or more, demonstrating widespread changes in gene expression with contact inhibition-induced quiescence. Fifty-two percent of these genes were upregulated in 7dCI compared with proliferating fibroblasts, and 48% were downregulated in 7dCI fibroblasts. Conclusions: There are widespread changes in gene expression as fibroblasts transition between proliferating and quiescent states. Overall design: Three different biological replicates (corresponding to two fibroblast strains, 10-5 and 12-1) were collected in proliferating and contact--inhibited (quiescent) conditions.",GSM3294930: P_rep2; Homo sapiens; RNA-Seq,Illumina HiSeq 2000,cell growth conditions;;proliferating cells|cell type;;human dermal fibroblasts (foreskin)|fibroblast strain;;12-1|source_name;;human dermal fibroblasts (foreskin),GEO Accession;;GSM3294930,GSM3294930,P_rep2,Proliferating,Proliferating,,,,no,Fibroblast,Foreskin,no,Proliferating,no hTERT/immortal/SV40/telomerase mention in GEO sample or series record
SRR7547695,SRP154577,Differential gene expression analysis between proliferating and quiescent human dermal fibroblasts,single,Illumina HiSeq 2000,Homo sapiens,SRP154577,Differential gene expression analysis between proliferating and quiescent human dermal fibroblasts,single,Illumina HiSeq 2000,Homo sapiens,HDF 10-5,Primary,SRP154577,Differential gene expression analysis between proliferating and quiescent human dermal fibroblasts,"Purpose: Quiescence is a state or reversible cell cycle arrest. A previous study using microarrays (Coller et al., PMID: 16509772) revealed gene expression changes between quiescent and proliferating human dermal fibroblasts and defined a ""quiescece program"" of genes that change in abundance when fibroblasts were introduced into quiescence by one of three methods. The goal of this study is to perform high throughut RNA sequencing to determine global changes in gene expression between proliferating and quiescent human dermal fibroblasts. Methods: Three different biological replicates (corresponding to two fibroblast strains, 10-5 and 12-1) were collected in proliferating and contact--inhibited (quiescent) conditions. RNA extracted from these cells were used for library preparation. The libraries were sequenced on an Illumina HiSeq 2000 instrument. Results: Among the 19,673 genes monitored, 1,993 genes (10.1%) changed in expression two-fold or more, demonstrating widespread changes in gene expression with contact inhibition-induced quiescence. Fifty-two percent of these genes were upregulated in 7dCI compared with proliferating fibroblasts, and 48% were downregulated in 7dCI fibroblasts. Conclusions: There are widespread changes in gene expression as fibroblasts transition between proliferating and quiescent states. Overall design: Three different biological replicates (corresponding to two fibroblast strains, 10-5 and 12-1) were collected in proliferating and contact--inhibited (quiescent) conditions.",GSM3294931: P_rep3; Homo sapiens; RNA-Seq,Illumina HiSeq 2000,cell growth conditions;;proliferating cells|cell type;;human dermal fibroblasts (foreskin)|fibroblast strain;;12-1|source_name;;human dermal fibroblasts (foreskin),GEO Accession;;GSM3294931,GSM3294931,P_rep3,Proliferating,Proliferating,,,,no,Fibroblast,Foreskin,no,Proliferating,no hTERT/immortal/SV40/telomerase mention in GEO sample or series record
SRR7547696,SRP154577,Differential gene expression analysis between proliferating and quiescent human dermal fibroblasts,single,Illumina HiSeq 2000,Homo sapiens,SRP154577,Differential gene expression analysis between proliferating and quiescent human dermal fibroblasts,single,Illumina HiSeq 2000,Homo sapiens,HDF 10-5,Primary,SRP154577,Differential gene expression analysis between proliferating and quiescent human dermal fibroblasts,"Purpose: Quiescence is a state or reversible cell cycle arrest. A previous study using microarrays (Coller et al., PMID: 16509772) revealed gene expression changes between quiescent and proliferating human dermal fibroblasts and defined a ""quiescece program"" of genes that change in abundance when fibroblasts were introduced into quiescence by one of three methods. The goal of this study is to perform high throughut RNA sequencing to determine global changes in gene expression between proliferating and quiescent human dermal fibroblasts. Methods: Three different biological replicates (corresponding to two fibroblast strains, 10-5 and 12-1) were collected in proliferating and contact--inhibited (quiescent) conditions. RNA extracted from these cells were used for library preparation. The libraries were sequenced on an Illumina HiSeq 2000 instrument. Results: Among the 19,673 genes monitored, 1,993 genes (10.1%) changed in expression two-fold or more, demonstrating widespread changes in gene expression with contact inhibition-induced quiescence. Fifty-two percent of these genes were upregulated in 7dCI compared with proliferating fibroblasts, and 48% were downregulated in 7dCI fibroblasts. Conclusions: There are widespread changes in gene expression as fibroblasts transition between proliferating and quiescent states. Overall design: Three different biological replicates (corresponding to two fibroblast strains, 10-5 and 12-1) were collected in proliferating and contact--inhibited (quiescent) conditions.",GSM3294932: 7dCI_rep1; Homo sapiens; RNA-Seq,Illumina HiSeq 2000,cell growth conditions;;7 day contact inhibited cells (quiescent)|cell type;;human dermal fibroblasts (foreskin)|fibroblast strain;;10-5|source_name;;human dermal fibroblasts (foreskin),GEO Accession;;GSM3294932,GSM3294932,7dCI_rep1,CQ,Contact_inhibited CQ,contact-inhibited,7 days,,no,Fibroblast,Foreskin,no,CQ,no hTERT/immortal/SV40/telomerase mention in GEO sample or series record
SRR7547697,SRP154577,Differential gene expression analysis between proliferating and quiescent human dermal fibroblasts,single,Illumina HiSeq 2000,Homo sapiens,SRP154577,Differential gene expression analysis between proliferating and quiescent human dermal fibroblasts,single,Illumina HiSeq 2000,Homo sapiens,HDF 10-5,Primary,SRP154577,Differential gene expression analysis between proliferating and quiescent human dermal fibroblasts,"Purpose: Quiescence is a state or reversible cell cycle arrest. A previous study using microarrays (Coller et al., PMID: 16509772) revealed gene expression changes between quiescent and proliferating human dermal fibroblasts and defined a ""quiescece program"" of genes that change in abundance when fibroblasts were introduced into quiescence by one of three methods. The goal of this study is to perform high throughut RNA sequencing to determine global changes in gene expression between proliferating and quiescent human dermal fibroblasts. Methods: Three different biological replicates (corresponding to two fibroblast strains, 10-5 and 12-1) were collected in proliferating and contact--inhibited (quiescent) conditions. RNA extracted from these cells were used for library preparation. The libraries were sequenced on an Illumina HiSeq 2000 instrument. Results: Among the 19,673 genes monitored, 1,993 genes (10.1%) changed in expression two-fold or more, demonstrating widespread changes in gene expression with contact inhibition-induced quiescence. Fifty-two percent of these genes were upregulated in 7dCI compared with proliferating fibroblasts, and 48% were downregulated in 7dCI fibroblasts. Conclusions: There are widespread changes in gene expression as fibroblasts transition between proliferating and quiescent states. Overall design: Three different biological replicates (corresponding to two fibroblast strains, 10-5 and 12-1) were collected in proliferating and contact--inhibited (quiescent) conditions.",GSM3294933: 7dCI_rep2; Homo sapiens; RNA-Seq,Illumina HiSeq 2000,cell growth conditions;;7 day contact inhibited cells (quiescent)|cell type;;human dermal fibroblasts (foreskin)|fibroblast strain;;12-1|source_name;;human dermal fibroblasts (foreskin),GEO Accession;;GSM3294933,GSM3294933,7dCI_rep2,CQ,Contact_inhibited CQ,contact-inhibited,7 days,,no,Fibroblast,Foreskin,no,CQ,no hTERT/immortal/SV40/telomerase mention in GEO sample or series record
SRR7547698,SRP154577,Differential gene expression analysis between proliferating and quiescent human dermal fibroblasts,single,Illumina HiSeq 2000,Homo sapiens,SRP154577,Differential gene expression analysis between proliferating and quiescent human dermal fibroblasts,single,Illumina HiSeq 2000,Homo sapiens,HDF 10-5,Primary,SRP154577,Differential gene expression analysis between proliferating and quiescent human dermal fibroblasts,"Purpose: Quiescence is a state or reversible cell cycle arrest. A previous study using microarrays (Coller et al., PMID: 16509772) revealed gene expression changes between quiescent and proliferating human dermal fibroblasts and defined a ""quiescece program"" of genes that change in abundance when fibroblasts were introduced into quiescence by one of three methods. The goal of this study is to perform high throughut RNA sequencing to determine global changes in gene expression between proliferating and quiescent human dermal fibroblasts. Methods: Three different biological replicates (corresponding to two fibroblast strains, 10-5 and 12-1) were collected in proliferating and contact--inhibited (quiescent) conditions. RNA extracted from these cells were used for library preparation. The libraries were sequenced on an Illumina HiSeq 2000 instrument. Results: Among the 19,673 genes monitored, 1,993 genes (10.1%) changed in expression two-fold or more, demonstrating widespread changes in gene expression with contact inhibition-induced quiescence. Fifty-two percent of these genes were upregulated in 7dCI compared with proliferating fibroblasts, and 48% were downregulated in 7dCI fibroblasts. Conclusions: There are widespread changes in gene expression as fibroblasts transition between proliferating and quiescent states. Overall design: Three different biological replicates (corresponding to two fibroblast strains, 10-5 and 12-1) were collected in proliferating and contact--inhibited (quiescent) conditions.",GSM3294934: 7dCI_rep3; Homo sapiens; RNA-Seq,Illumina HiSeq 2000,cell growth conditions;;7 day contact inhibited cells (quiescent)|cell type;;human dermal fibroblasts (foreskin)|fibroblast strain;;12-1|source_name;;human dermal fibroblasts (foreskin),GEO Accession;;GSM3294934,GSM3294934,7dCI_rep3,CQ,Contact_inhibited CQ,contact-inhibited,7 days,,no,Fibroblast,Foreskin,no,CQ,no hTERT/immortal/SV40/telomerase mention in GEO sample or series record
SRR1210368,SRP040745,"Genome-wide expression analysis of young, senescent and p38MAPK-inhibitited senescent human fibroblasts.",single,Illumina HiSeq 2000,Homo sapiens,SRP040745,"Genome-wide expression analysis of young, senescent and p38MAPK-inhibitited senescent human fibroblasts.",single,Illumina HiSeq 2000,Homo sapiens,BJ,BJ,SRP040745,"Genome-wide expression analysis of young, senescent and p38MAPK-inhibitited senescent human fibroblasts.","We utilized whole genome sequencing of mRNA (RNA-seq) to understand the extent to which the senescence-associated secretory phenotype is regulated by p38MAPK Overall design: Examination of replicates of young, senescent or p38MAPK-inhibited senescent BJ human foreskin fibroblasts.",GSM1358447: late_9_24; Homo sapiens; RNA-Seq,Illumina HiSeq 2000,cell type;;BJ foreskin fibroblasts|develpmental stage;;senescent|source_name;;BJ foreskin fibroblasts|treatment;;none,GEO Accession;;GSM1358447,GSM1358447,late_9_24,CS,Replicative CS,PD 97,,,no,Fibroblast,Foreskin,no,Replicative CS,no hTERT/immortal/SV40/telomerase mention in GEO sample or series record
SRR1210370,SRP040745,"Genome-wide expression analysis of young, senescent and p38MAPK-inhibitited senescent human fibroblasts.",single,Illumina HiSeq 2000,Homo sapiens,SRP040745,"Genome-wide expression analysis of young, senescent and p38MAPK-inhibitited senescent human fibroblasts.",single,Illumina HiSeq 2000,Homo sapiens,BJ,BJ,SRP040745,"Genome-wide expression analysis of young, senescent and p38MAPK-inhibitited senescent human fibroblasts.","We utilized whole genome sequencing of mRNA (RNA-seq) to understand the extent to which the senescence-associated secretory phenotype is regulated by p38MAPK Overall design: Examination of replicates of young, senescent or p38MAPK-inhibited senescent BJ human foreskin fibroblasts.",GSM1358449: young_9_11; Homo sapiens; RNA-Seq,Illumina HiSeq 2000,cell type;;BJ foreskin fibroblasts|develpmental stage;;young|source_name;;BJ foreskin fibroblasts|treatment;;none,GEO Accession;;GSM1358449,GSM1358449,young_9_11,Proliferating,Proliferating,,,,no,Fibroblast,Foreskin,no,Proliferating,no hTERT/immortal/SV40/telomerase mention in GEO sample or series record
SRR1210372,SRP040745,"Genome-wide expression analysis of young, senescent and p38MAPK-inhibitited senescent human fibroblasts.",single,Illumina HiSeq 2000,Homo sapiens,SRP040745,"Genome-wide expression analysis of young, senescent and p38MAPK-inhibitited senescent human fibroblasts.",single,Illumina HiSeq 2000,Homo sapiens,BJ,BJ,SRP040745,"Genome-wide expression analysis of young, senescent and p38MAPK-inhibitited senescent human fibroblasts.","We utilized whole genome sequencing of mRNA (RNA-seq) to understand the extent to which the senescence-associated secretory phenotype is regulated by p38MAPK Overall design: Examination of replicates of young, senescent or p38MAPK-inhibited senescent BJ human foreskin fibroblasts.",GSM1358451: late_9_11; Homo sapiens; RNA-Seq,Illumina HiSeq 2000,cell type;;BJ foreskin fibroblasts|develpmental stage;;senescent|source_name;;BJ foreskin fibroblasts|treatment;;none,GEO Accession;;GSM1358451,GSM1358451,late_9_11,CS,Replicative CS,PD 97,,,no,Fibroblast,Foreskin,no,Replicative CS,no hTERT/immortal/SV40/telomerase mention in GEO sample or series record
SRR1210373,SRP040745,"Genome-wide expression analysis of young, senescent and p38MAPK-inhibitited senescent human fibroblasts.",single,Illumina HiSeq 2000,Homo sapiens,SRP040745,"Genome-wide expression analysis of young, senescent and p38MAPK-inhibitited senescent human fibroblasts.",single,Illumina HiSeq 2000,Homo sapiens,BJ,BJ,SRP040745,"Genome-wide expression analysis of young, senescent and p38MAPK-inhibitited senescent human fibroblasts.","We utilized whole genome sequencing of mRNA (RNA-seq) to understand the extent to which the senescence-associated secretory phenotype is regulated by p38MAPK Overall design: Examination of replicates of young, senescent or p38MAPK-inhibited senescent BJ human foreskin fibroblasts.",GSM1358452: young_9_24; Homo sapiens; RNA-Seq,Illumina HiSeq 2000,cell type;;BJ foreskin fibroblasts|develpmental stage;;young|source_name;;BJ foreskin fibroblasts|treatment;;none,GEO Accession;;GSM1358452,GSM1358452,young_9_24,Proliferating,Proliferating,,,,no,Fibroblast,Foreskin,no,Proliferating,no hTERT/immortal/SV40/telomerase mention in GEO sample or series record
SRR5223435,SRP098713,Targeted Apoptosis of Senescent Cells Restores Tissue Homeostasis in Response to Chemotoxicity and Aging,single,Illumina HiSeq 2500,Homo sapiens,SRP098713,Targeted Apoptosis of Senescent Cells Restores Tissue Homeostasis in Response to Chemotoxicity and Aging,single,Illumina HiSeq 2500,Homo sapiens,IMR90,IMR-90,SRP098713,Targeted Apoptosis of Senescent Cells Restores Tissue Homeostasis in Response to Chemotoxicity and Aging,"The accumulation of irreparable cellular damage restricts healthy lifespan after acute stress or natural aging. Senescent cells are thought to impair tissue function and their genetic clearance can successfully delay features of aging. Identifying how senescent cells avoid apoptosis would allow for the prospective design of anti-senescence compounds to address whether homeostasis can be restored. Here, we identify FOXO4 as a pivot in the maintenance of senescent cell viability. We designed a FOXO4-based peptide which selectively competes for interaction of FOXO4 with p53. In senescent cells, this results in p53 nuclear exclusion and cell-intrinsic apoptosis. Importantly, under conditions where it was well tolerated, the FOXO4 peptide restored liver function after Doxorubicin-induced chemotoxicity. Moreover, in fast aging XpdTTD/TTD, as well as in naturally aged mice the FOXO4 peptide could counteract the loss of fitness, fur density and renal function. Thus, it is possible to therapeutically target senescent cells and thereby effectively counteract senescence-associated loss of tissue homeostasis. Overall design: mRNA expression levels are compared between IR-induced senescent and proliferating IMR90 cells in triplicate",GSM2474587: IMR90 1; Homo sapiens; RNA-Seq,Illumina HiSeq 2500,cell line;;IMR90|cell type;;Fibroblasts|population doublings;;35|source_name;;Lung,GEO Accession;;GSM2474587,GSM2474587,IMR90 1,Proliferating,Proliferating,,,,no,Fibroblast,Lung,no,Proliferating,no hTERT/immortal/SV40/telomerase mention in GEO sample or series record
SRR5223436,SRP098713,Targeted Apoptosis of Senescent Cells Restores Tissue Homeostasis in Response to Chemotoxicity and Aging,single,Illumina HiSeq 2500,Homo sapiens,SRP098713,Targeted Apoptosis of Senescent Cells Restores Tissue Homeostasis in Response to Chemotoxicity and Aging,single,Illumina HiSeq 2500,Homo sapiens,IMR90,IMR-90,SRP098713,Targeted Apoptosis of Senescent Cells Restores Tissue Homeostasis in Response to Chemotoxicity and Aging,"The accumulation of irreparable cellular damage restricts healthy lifespan after acute stress or natural aging. Senescent cells are thought to impair tissue function and their genetic clearance can successfully delay features of aging. Identifying how senescent cells avoid apoptosis would allow for the prospective design of anti-senescence compounds to address whether homeostasis can be restored. Here, we identify FOXO4 as a pivot in the maintenance of senescent cell viability. We designed a FOXO4-based peptide which selectively competes for interaction of FOXO4 with p53. In senescent cells, this results in p53 nuclear exclusion and cell-intrinsic apoptosis. Importantly, under conditions where it was well tolerated, the FOXO4 peptide restored liver function after Doxorubicin-induced chemotoxicity. Moreover, in fast aging XpdTTD/TTD, as well as in naturally aged mice the FOXO4 peptide could counteract the loss of fitness, fur density and renal function. Thus, it is possible to therapeutically target senescent cells and thereby effectively counteract senescence-associated loss of tissue homeostasis. Overall design: mRNA expression levels are compared between IR-induced senescent and proliferating IMR90 cells in triplicate",GSM2474588: IMR90 2; Homo sapiens; RNA-Seq,Illumina HiSeq 2500,cell line;;IMR90|cell type;;Fibroblasts|population doublings;;35|source_name;;Lung,GEO Accession;;GSM2474588,GSM2474588,IMR90 2,Proliferating,Proliferating,,,,no,Fibroblast,Lung,no,Proliferating,no hTERT/immortal/SV40/telomerase mention in GEO sample or series record
SRR5223437,SRP098713,Targeted Apoptosis of Senescent Cells Restores Tissue Homeostasis in Response to Chemotoxicity and Aging,single,Illumina HiSeq 2500,Homo sapiens,SRP098713,Targeted Apoptosis of Senescent Cells Restores Tissue Homeostasis in Response to Chemotoxicity and Aging,single,Illumina HiSeq 2500,Homo sapiens,IMR90,IMR-90,SRP098713,Targeted Apoptosis of Senescent Cells Restores Tissue Homeostasis in Response to Chemotoxicity and Aging,"The accumulation of irreparable cellular damage restricts healthy lifespan after acute stress or natural aging. Senescent cells are thought to impair tissue function and their genetic clearance can successfully delay features of aging. Identifying how senescent cells avoid apoptosis would allow for the prospective design of anti-senescence compounds to address whether homeostasis can be restored. Here, we identify FOXO4 as a pivot in the maintenance of senescent cell viability. We designed a FOXO4-based peptide which selectively competes for interaction of FOXO4 with p53. In senescent cells, this results in p53 nuclear exclusion and cell-intrinsic apoptosis. Importantly, under conditions where it was well tolerated, the FOXO4 peptide restored liver function after Doxorubicin-induced chemotoxicity. Moreover, in fast aging XpdTTD/TTD, as well as in naturally aged mice the FOXO4 peptide could counteract the loss of fitness, fur density and renal function. Thus, it is possible to therapeutically target senescent cells and thereby effectively counteract senescence-associated loss of tissue homeostasis. Overall design: mRNA expression levels are compared between IR-induced senescent and proliferating IMR90 cells in triplicate",GSM2474589: IMR90 3; Homo sapiens; RNA-Seq,Illumina HiSeq 2500,cell line;;IMR90|cell type;;Fibroblasts|population doublings;;35|source_name;;Lung,GEO Accession;;GSM2474589,GSM2474589,IMR90 3,Proliferating,Proliferating,,,,no,Fibroblast,Lung,no,Proliferating,no hTERT/immortal/SV40/telomerase mention in GEO sample or series record
SRR5223438,SRP098713,Targeted Apoptosis of Senescent Cells Restores Tissue Homeostasis in Response to Chemotoxicity and Aging,single,Illumina HiSeq 2500,Homo sapiens,SRP098713,Targeted Apoptosis of Senescent Cells Restores Tissue Homeostasis in Response to Chemotoxicity and Aging,single,Illumina HiSeq 2500,Homo sapiens,IMR90,IMR-90,SRP098713,Targeted Apoptosis of Senescent Cells Restores Tissue Homeostasis in Response to Chemotoxicity and Aging,"The accumulation of irreparable cellular damage restricts healthy lifespan after acute stress or natural aging. Senescent cells are thought to impair tissue function and their genetic clearance can successfully delay features of aging. Identifying how senescent cells avoid apoptosis would allow for the prospective design of anti-senescence compounds to address whether homeostasis can be restored. Here, we identify FOXO4 as a pivot in the maintenance of senescent cell viability. We designed a FOXO4-based peptide which selectively competes for interaction of FOXO4 with p53. In senescent cells, this results in p53 nuclear exclusion and cell-intrinsic apoptosis. Importantly, under conditions where it was well tolerated, the FOXO4 peptide restored liver function after Doxorubicin-induced chemotoxicity. Moreover, in fast aging XpdTTD/TTD, as well as in naturally aged mice the FOXO4 peptide could counteract the loss of fitness, fur density and renal function. Thus, it is possible to therapeutically target senescent cells and thereby effectively counteract senescence-associated loss of tissue homeostasis. Overall design: mRNA expression levels are compared between IR-induced senescent and proliferating IMR90 cells in triplicate",GSM2474590: IMR90 senescent 1; Homo sapiens; RNA-Seq,Illumina HiSeq 2500,cell line;;IMR90|cell type;;Fibroblasts|population doublings;;35|source_name;;Lung,GEO Accession;;GSM2474590,GSM2474590,IMR90 senescent 1,CS,Stress-induced CS,10Gy,10 days,,no,Fibroblast,Lung,no,Stress-induced CS,no hTERT/immortal/SV40/telomerase mention in GEO sample or series record
SRR5223439,SRP098713,Targeted Apoptosis of Senescent Cells Restores Tissue Homeostasis in Response to Chemotoxicity and Aging,single,Illumina HiSeq 2500,Homo sapiens,SRP098713,Targeted Apoptosis of Senescent Cells Restores Tissue Homeostasis in Response to Chemotoxicity and Aging,single,Illumina HiSeq 2500,Homo sapiens,IMR90,IMR-90,SRP098713,Targeted Apoptosis of Senescent Cells Restores Tissue Homeostasis in Response to Chemotoxicity and Aging,"The accumulation of irreparable cellular damage restricts healthy lifespan after acute stress or natural aging. Senescent cells are thought to impair tissue function and their genetic clearance can successfully delay features of aging. Identifying how senescent cells avoid apoptosis would allow for the prospective design of anti-senescence compounds to address whether homeostasis can be restored. Here, we identify FOXO4 as a pivot in the maintenance of senescent cell viability. We designed a FOXO4-based peptide which selectively competes for interaction of FOXO4 with p53. In senescent cells, this results in p53 nuclear exclusion and cell-intrinsic apoptosis. Importantly, under conditions where it was well tolerated, the FOXO4 peptide restored liver function after Doxorubicin-induced chemotoxicity. Moreover, in fast aging XpdTTD/TTD, as well as in naturally aged mice the FOXO4 peptide could counteract the loss of fitness, fur density and renal function. Thus, it is possible to therapeutically target senescent cells and thereby effectively counteract senescence-associated loss of tissue homeostasis. Overall design: mRNA expression levels are compared between IR-induced senescent and proliferating IMR90 cells in triplicate",GSM2474591: IMR90 senescent 2; Homo sapiens; RNA-Seq,Illumina HiSeq 2500,cell line;;IMR90|cell type;;Fibroblasts|population doublings;;35|source_name;;Lung,GEO Accession;;GSM2474591,GSM2474591,IMR90 senescent 2,CS,Stress-induced CS,10Gy,10 days,,no,Fibroblast,Lung,no,Stress-induced CS,no hTERT/immortal/SV40/telomerase mention in GEO sample or series record
SRR5223440,SRP098713,Targeted Apoptosis of Senescent Cells Restores Tissue Homeostasis in Response to Chemotoxicity and Aging,single,Illumina HiSeq 2500,Homo sapiens,SRP098713,Targeted Apoptosis of Senescent Cells Restores Tissue Homeostasis in Response to Chemotoxicity and Aging,single,Illumina HiSeq 2500,Homo sapiens,IMR90,IMR-90,SRP098713,Targeted Apoptosis of Senescent Cells Restores Tissue Homeostasis in Response to Chemotoxicity and Aging,"The accumulation of irreparable cellular damage restricts healthy lifespan after acute stress or natural aging. Senescent cells are thought to impair tissue function and their genetic clearance can successfully delay features of aging. Identifying how senescent cells avoid apoptosis would allow for the prospective design of anti-senescence compounds to address whether homeostasis can be restored. Here, we identify FOXO4 as a pivot in the maintenance of senescent cell viability. We designed a FOXO4-based peptide which selectively competes for interaction of FOXO4 with p53. In senescent cells, this results in p53 nuclear exclusion and cell-intrinsic apoptosis. Importantly, under conditions where it was well tolerated, the FOXO4 peptide restored liver function after Doxorubicin-induced chemotoxicity. Moreover, in fast aging XpdTTD/TTD, as well as in naturally aged mice the FOXO4 peptide could counteract the loss of fitness, fur density and renal function. Thus, it is possible to therapeutically target senescent cells and thereby effectively counteract senescence-associated loss of tissue homeostasis. Overall design: mRNA expression levels are compared between IR-induced senescent and proliferating IMR90 cells in triplicate",GSM2474592: IMR90 senescent 3; Homo sapiens; RNA-Seq,Illumina HiSeq 2500,cell line;;IMR90|cell type;;Fibroblasts|population doublings;;35|source_name;;Lung,GEO Accession;;GSM2474592,GSM2474592,IMR90 senescent 3,CS,Stress-induced CS,10Gy,10 days,,no,Fibroblast,Lung,no,Stress-induced CS,no hTERT/immortal/SV40/telomerase mention in GEO sample or series record
SRR2970373,SRP066917,CRISPR-Cas9 based screen for p53-bound enhancers that function in oncogene-induced senescence,single,Illumina HiSeq 2500,Homo sapiens,SRP066917,CRISPR-Cas9 based screen for p53-bound enhancers that function in oncogene-induced senescence,single,Illumina HiSeq 2500,Homo sapiens,BJ-hTERT,BJ,SRP066917,CRISPR-Cas9 based screen for p53-bound enhancers that function in oncogene-induced senescence,We exained using RNA-seq the effect of targeting selected p53-bound enhancers on the p53-induced response to oncogenic stress Overall design: RNA-seq was applied to examine transcriptional response to oncogenic stress (induced by RASG12V activation) in control and genetically manipulated hTERT-immortalized BJ cells,GSM1960706: BJ control; Homo sapiens; RNA-Seq,Illumina HiSeq 2500,cell type;;hTERT-immortalized BJ cells|genetic manipulation;;None|ras activation;;No|source_name;;hTERT-immortalized BJ cells,GEO Accession;;GSM1960706,GSM1960706,BJ control,Proliferating,Proliferating,,,HRASG12V,yes,Fibroblast,Foreskin,no,Proliferating,Sample_characteristics: 'cell type: hTERT-immortalized BJ cells'
SRR2970374,SRP066917,CRISPR-Cas9 based screen for p53-bound enhancers that function in oncogene-induced senescence,single,Illumina HiSeq 2500,Homo sapiens,SRP066917,CRISPR-Cas9 based screen for p53-bound enhancers that function in oncogene-induced senescence,single,Illumina HiSeq 2500,Homo sapiens,BJ-hTERT,BJ,SRP066917,CRISPR-Cas9 based screen for p53-bound enhancers that function in oncogene-induced senescence,We exained using RNA-seq the effect of targeting selected p53-bound enhancers on the p53-induced response to oncogenic stress Overall design: RNA-seq was applied to examine transcriptional response to oncogenic stress (induced by RASG12V activation) in control and genetically manipulated hTERT-immortalized BJ cells,GSM1960707: BJ RASG12V; Homo sapiens; RNA-Seq,Illumina HiSeq 2500,cell type;;hTERT-immortalized BJ cells|genetic manipulation;;None|ras activation;;Yes|source_name;;hTERT-immortalized BJ cells,GEO Accession;;GSM1960707,GSM1960707,BJ RASG12V,CS,Oncogene-induced CS,100 nM 4OHT for 28 days,,HRASG12V,yes,Fibroblast,Foreskin,no,Oncogene-induced CS,Sample_characteristics: 'cell type: hTERT-immortalized BJ cells'
SRR2970377,SRP066917,CRISPR-Cas9 based screen for p53-bound enhancers that function in oncogene-induced senescence,single,Illumina HiSeq 2500,Homo sapiens,SRP066917,CRISPR-Cas9 based screen for p53-bound enhancers that function in oncogene-induced senescence,single,Illumina HiSeq 2500,Homo sapiens,BJ-hTERT,BJ,SRP066917,CRISPR-Cas9 based screen for p53-bound enhancers that function in oncogene-induced senescence,We exained using RNA-seq the effect of targeting selected p53-bound enhancers on the p53-induced response to oncogenic stress Overall design: RNA-seq was applied to examine transcriptional response to oncogenic stress (induced by RASG12V activation) in control and genetically manipulated hTERT-immortalized BJ cells,GSM1960710: BJ RASG12V + control CRISPR sgRNA; Homo sapiens; RNA-Seq,Illumina HiSeq 2500,cell type;;hTERT-immortalized BJ cells|genetic manipulation;;control CRISPR-Cas9 sgRNA|ras activation;;Yes|source_name;;hTERT-immortalized BJ cells,GEO Accession;;GSM1960710,GSM1960710,BJ RASG12V + control CRISPR sgRNA,CS,Oncogene-induced CS,100 nM 4OHT for 28 days,,HRASG12V + sgRNA control,yes,Fibroblast,Foreskin,no,Oncogene-induced CS,Sample_characteristics: 'cell type: hTERT-immortalized BJ cells'
SRR1051229,SRP034541,Expression data from PD32 and PD88 IMR90,paired,Illumina Genome Analyzer IIx,Homo sapiens,SRP034541,Expression data from PD32 and PD88 IMR90,paired,Illumina Genome Analyzer IIx,Homo sapiens,IMR90,IMR-90,SRP034541,Expression data from PD32 and PD88 IMR90,IMR90 cells were passaged until replicative senescence and compared with proliferating cells. Overall design: We used RNA-Seq to detail the global programme of gene expression in human IMR90 replicative induced senescence,GSM1290015: PD32.1; Homo sapiens; RNA-Seq,Illumina Genome Analyzer IIx,cell line;;IMR90|cell type;;proliferating|source_name;;IMR90 human fiboblasts,GEO Accession;;GSM1290015,GSM1290015,PD32.1,Proliferating,Proliferating,PD 32,,,no,Fibroblast,Lung,no,Proliferating,no hTERT/immortal/SV40/telomerase mention in GEO sample or series record
SRR1051230,SRP034541,Expression data from PD32 and PD88 IMR90,paired,Illumina Genome Analyzer IIx,Homo sapiens,SRP034541,Expression data from PD32 and PD88 IMR90,paired,Illumina Genome Analyzer IIx,Homo sapiens,IMR90,IMR-90,SRP034541,Expression data from PD32 and PD88 IMR90,IMR90 cells were passaged until replicative senescence and compared with proliferating cells. Overall design: We used RNA-Seq to detail the global programme of gene expression in human IMR90 replicative induced senescence,GSM1290016: PD32.2; Homo sapiens; RNA-Seq,Illumina Genome Analyzer IIx,cell line;;IMR90|cell type;;proliferating|source_name;;IMR90 human fiboblasts,GEO Accession;;GSM1290016,GSM1290016,PD32.2,Proliferating,Proliferating,PD 32,,,no,Fibroblast,Lung,no,Proliferating,no hTERT/immortal/SV40/telomerase mention in GEO sample or series record
SRR1051231,SRP034541,Expression data from PD32 and PD88 IMR90,paired,Illumina Genome Analyzer IIx,Homo sapiens,SRP034541,Expression data from PD32 and PD88 IMR90,paired,Illumina Genome Analyzer IIx,Homo sapiens,IMR90,IMR-90,SRP034541,Expression data from PD32 and PD88 IMR90,IMR90 cells were passaged until replicative senescence and compared with proliferating cells. Overall design: We used RNA-Seq to detail the global programme of gene expression in human IMR90 replicative induced senescence,GSM1290017: PD88.1; Homo sapiens; RNA-Seq,Illumina Genome Analyzer IIx,cell line;;IMR90|cell type;;senescent|source_name;;IMR90 human fiboblasts,GEO Accession;;GSM1290017,GSM1290017,PD88.1,CS,Replicative CS,PD 88,,,no,Fibroblast,Lung,no,Replicative CS,no hTERT/immortal/SV40/telomerase mention in GEO sample or series record
SRR1051232,SRP034541,Expression data from PD32 and PD88 IMR90,paired,Illumina Genome Analyzer IIx,Homo sapiens,SRP034541,Expression data from PD32 and PD88 IMR90,paired,Illumina Genome Analyzer IIx,Homo sapiens,IMR90,IMR-90,SRP034541,Expression data from PD32 and PD88 IMR90,IMR90 cells were passaged until replicative senescence and compared with proliferating cells. Overall design: We used RNA-Seq to detail the global programme of gene expression in human IMR90 replicative induced senescence,GSM1290018: PD88.2; Homo sapiens; RNA-Seq,Illumina Genome Analyzer IIx,cell line;;IMR90|cell type;;senescent|source_name;;IMR90 human fiboblasts,GEO Accession;;GSM1290018,GSM1290018,PD88.2,CS,Replicative CS,PD 88,,,no,Fibroblast,Lung,no,Replicative CS,no hTERT/immortal/SV40/telomerase mention in GEO sample or series record
SRR3180966,SRP070636,MLL1 is essential for the senescence-associated secretory phenotype [RNA-Seq],single,NextSeq 500,Homo sapiens,SRP070636,MLL1 is essential for the senescence-associated secretory phenotype [RNA-Seq],single,NextSeq 500,Homo sapiens,IMR90,IMR-90,SRP070636,MLL1 is essential for the senescence-associated secretory phenotype [RNA-Seq],"Oncogene-induced senescence (OIS) and therapy-induced senescence (TIS), while tumor-suppressive, also promote procarcinogenic effects by activating the DNA damage response (DDR), which in turn induces inflammation. This inflammatory response prominently includes an array of cytokines known as the senescence-associated secretory phenotype (SASP). Previous observations link the transcription-associated methyltransferase and oncoprotein MLL1 to the DDR, leading us to investigate the role of MLL1 in SASP expression. Our findings reveal direct MLL1 epigenetic control over proproliferative cell cycle genes: MLL1 inhibition represses expression of proproliferative cell cycle regulators required for DNA replication and DDR activation, thus disabling SASP expression. Strikingly, however, these effects of MLL1 inhibition on SASP gene expression do not impair OIS and, furthermore, abolish the ability of the SASP to enhance cancer cell proliferation. More broadly, MLL1 inhibition also reduces “SASP-like” inflammatory gene expression from cancer cells in vitro and in vivo independently of senescence. Taken together, these data demonstrate that MLL1 inhibition may be a powerful and effective strategy for inducing cancerous growth arrest through the direct epigenetic regulation of proliferation-promoting genes and the avoidance of deleterious OIS- or TIS-related tumor secretomes, which can promote both drug resistance and tumor progression. Overall design: This study consists of a single replicate of RNA-seq from oncogene-induced senescent (or control) IMR90 cells in a MLL1 knockdown (or WT) background, for a total of four samples",GSM2067916: RNA WT Control; Homo sapiens; RNA-Seq,NextSeq 500,genotype/variation;;WT|source_name;;IMR90 Lung Fibroblasts|treatment;;None,GEO Accession;;GSM2067916,GSM2067916,RNA WT Control,Proliferating,Proliferating,,,HRASG12V,no,Fibroblast,Lung,no,Proliferating,no hTERT/immortal/SV40/telomerase mention in GEO sample or series record
SRR3180967,SRP070636,MLL1 is essential for the senescence-associated secretory phenotype [RNA-Seq],single,NextSeq 500,Homo sapiens,SRP070636,MLL1 is essential for the senescence-associated secretory phenotype [RNA-Seq],single,NextSeq 500,Homo sapiens,IMR90,IMR-90,SRP070636,MLL1 is essential for the senescence-associated secretory phenotype [RNA-Seq],"Oncogene-induced senescence (OIS) and therapy-induced senescence (TIS), while tumor-suppressive, also promote procarcinogenic effects by activating the DNA damage response (DDR), which in turn induces inflammation. This inflammatory response prominently includes an array of cytokines known as the senescence-associated secretory phenotype (SASP). Previous observations link the transcription-associated methyltransferase and oncoprotein MLL1 to the DDR, leading us to investigate the role of MLL1 in SASP expression. Our findings reveal direct MLL1 epigenetic control over proproliferative cell cycle genes: MLL1 inhibition represses expression of proproliferative cell cycle regulators required for DNA replication and DDR activation, thus disabling SASP expression. Strikingly, however, these effects of MLL1 inhibition on SASP gene expression do not impair OIS and, furthermore, abolish the ability of the SASP to enhance cancer cell proliferation. More broadly, MLL1 inhibition also reduces “SASP-like” inflammatory gene expression from cancer cells in vitro and in vivo independently of senescence. Taken together, these data demonstrate that MLL1 inhibition may be a powerful and effective strategy for inducing cancerous growth arrest through the direct epigenetic regulation of proliferation-promoting genes and the avoidance of deleterious OIS- or TIS-related tumor secretomes, which can promote both drug resistance and tumor progression. Overall design: This study consists of a single replicate of RNA-seq from oncogene-induced senescent (or control) IMR90 cells in a MLL1 knockdown (or WT) background, for a total of four samples",GSM2067917: RNA WT OIS; Homo sapiens; RNA-Seq,NextSeq 500,genotype/variation;;WT|source_name;;IMR90 Lung Fibroblasts|treatment;;None,GEO Accession;;GSM2067917,GSM2067917,RNA WT OIS,CS,Oncogene-induced CS,,,HRASG12V,no,Fibroblast,Lung,no,Oncogene-induced CS,no hTERT/immortal/SV40/telomerase mention in GEO sample or series record
SRR6205675,SRP121031,Histone acetyltransferase p300 induces de novo super-enhancers to drive cellular senescence [RNA-seq],single,NextSeq 500,Homo sapiens,SRP121031,Histone acetyltransferase p300 induces de novo super-enhancers to drive cellular senescence [RNA-seq],single,NextSeq 500,Homo sapiens,IMR90,IMR-90,SRP121031,Histone acetyltransferase p300 induces de novo super-enhancers to drive cellular senescence [RNA-seq],"Cellular senescence is a state of stable proliferative arrest induced by stress and is associated with a pro-inflammatory program. Senescent cells have anti-tumorigenic properties, however, their accumulation during aging contributes to chronic inflammation and age-related diseases. While senescence is associated with profound alterations of the epigenome, a systematic view of epigenetic factors in regulating senescence is lacking. Here, we curated a library of short hairpin RNAs for targeted silencing of all known epigenetic factors and performed a high-throughput loss-of-function screen to identify epigenetic proteins whose downregulation can delay replicative senescence of primary human cells. This screen identified multiple new players regulating senescence, including the histone acetyltransferase p300 that was found to be a primary driver of the senescent phenotype.  p300, but not the paralogous CBP, induces a dynamic hyper-acetylated chromatin state in senescence and promotes the formation of active enhancer elements in the non-coding genome, leading to a senescence-specific gene expression program.  Our work illustrates a causal role of histone acetyltransferases and acetylation in senescence, and suggests p300 as a potential therapeutic target for senescence and age-related diseases. Overall design: Includes two replicates each of proliferating and senescent IMR90 fibroblasts RNA-seq was performed in IMR90 fibroblasts with either an shRNA knockdown of histone acetyltransferase CBP (two replicates) or with a control luciferase vector (one replicate)","GSM2828805: RNA-seq from Proliferating Fibroblasts, Replicate #1; Homo sapiens; RNA-Seq",NextSeq 500,cell line;;IMR90|cell type;;Lung Fibroblasts|library type;;single|population doubling;;PD29|senescence induction;;None|shRNA;;none|source_name;;RNA-seq from Proliferating Fibroblasts,GEO Accession;;GSM2828805,GSM2828805,"RNA-seq from Proliferating Fibroblasts, Replicate #1",Proliferating,Proliferating,,,,no,Fibroblast,Lung,no,Proliferating,no hTERT/immortal/SV40/telomerase mention in GEO sample or series record
SRR6205676,SRP121031,Histone acetyltransferase p300 induces de novo super-enhancers to drive cellular senescence [RNA-seq],single,NextSeq 500,Homo sapiens,SRP121031,Histone acetyltransferase p300 induces de novo super-enhancers to drive cellular senescence [RNA-seq],single,NextSeq 500,Homo sapiens,IMR90,IMR-90,SRP121031,Histone acetyltransferase p300 induces de novo super-enhancers to drive cellular senescence [RNA-seq],"Cellular senescence is a state of stable proliferative arrest induced by stress and is associated with a pro-inflammatory program. Senescent cells have anti-tumorigenic properties, however, their accumulation during aging contributes to chronic inflammation and age-related diseases. While senescence is associated with profound alterations of the epigenome, a systematic view of epigenetic factors in regulating senescence is lacking. Here, we curated a library of short hairpin RNAs for targeted silencing of all known epigenetic factors and performed a high-throughput loss-of-function screen to identify epigenetic proteins whose downregulation can delay replicative senescence of primary human cells. This screen identified multiple new players regulating senescence, including the histone acetyltransferase p300 that was found to be a primary driver of the senescent phenotype.  p300, but not the paralogous CBP, induces a dynamic hyper-acetylated chromatin state in senescence and promotes the formation of active enhancer elements in the non-coding genome, leading to a senescence-specific gene expression program.  Our work illustrates a causal role of histone acetyltransferases and acetylation in senescence, and suggests p300 as a potential therapeutic target for senescence and age-related diseases. Overall design: Includes two replicates each of proliferating and senescent IMR90 fibroblasts RNA-seq was performed in IMR90 fibroblasts with either an shRNA knockdown of histone acetyltransferase CBP (two replicates) or with a control luciferase vector (one replicate)","GSM2828806: RNA-seq from Senescent Fibroblasts, Replicate #1; Homo sapiens; RNA-Seq",NextSeq 500,cell line;;IMR90|cell type;;Lung Fibroblasts|library type;;single|population doubling;;PD78|senescence induction;;Replicative Senescence|shRNA;;none|source_name;;RNA-seq from Senescent Fibroblasts,GEO Accession;;GSM2828806,GSM2828806,"RNA-seq from Senescent Fibroblasts, Replicate #1",CS,Replicative CS,PD 78,,,no,Fibroblast,Lung,no,Replicative CS,no hTERT/immortal/SV40/telomerase mention in GEO sample or series record
SRR6205678,SRP121031,Histone acetyltransferase p300 induces de novo super-enhancers to drive cellular senescence [RNA-seq],single,NextSeq 500,Homo sapiens,SRP121031,Histone acetyltransferase p300 induces de novo super-enhancers to drive cellular senescence [RNA-seq],single,NextSeq 500,Homo sapiens,IMR90,IMR-90,SRP121031,Histone acetyltransferase p300 induces de novo super-enhancers to drive cellular senescence [RNA-seq],"Cellular senescence is a state of stable proliferative arrest induced by stress and is associated with a pro-inflammatory program. Senescent cells have anti-tumorigenic properties, however, their accumulation during aging contributes to chronic inflammation and age-related diseases. While senescence is associated with profound alterations of the epigenome, a systematic view of epigenetic factors in regulating senescence is lacking. Here, we curated a library of short hairpin RNAs for targeted silencing of all known epigenetic factors and performed a high-throughput loss-of-function screen to identify epigenetic proteins whose downregulation can delay replicative senescence of primary human cells. This screen identified multiple new players regulating senescence, including the histone acetyltransferase p300 that was found to be a primary driver of the senescent phenotype.  p300, but not the paralogous CBP, induces a dynamic hyper-acetylated chromatin state in senescence and promotes the formation of active enhancer elements in the non-coding genome, leading to a senescence-specific gene expression program.  Our work illustrates a causal role of histone acetyltransferases and acetylation in senescence, and suggests p300 as a potential therapeutic target for senescence and age-related diseases. Overall design: Includes two replicates each of proliferating and senescent IMR90 fibroblasts RNA-seq was performed in IMR90 fibroblasts with either an shRNA knockdown of histone acetyltransferase CBP (two replicates) or with a control luciferase vector (one replicate)","GSM2828808: RNA-seq from Senescent Fibroblasts, Replicate #2; Homo sapiens; RNA-Seq",NextSeq 500,cell line;;IMR90|cell type;;Lung Fibroblasts|library type;;single|population doubling;;PD79|senescence induction;;Replicative Senescence|shRNA;;none|source_name;;RNA-seq from Senescent Fibroblasts,GEO Accession;;GSM2828808,GSM2828808,"RNA-seq from Senescent Fibroblasts, Replicate #2",CS,Replicative CS,PD 78,,,no,Fibroblast,Lung,no,Replicative CS,no hTERT/immortal/SV40/telomerase mention in GEO sample or series record
SRR6205684,SRP121031,Histone acetyltransferase p300 induces de novo super-enhancers to drive cellular senescence [RNA-seq],single,NextSeq 500,Homo sapiens,SRP121031,Histone acetyltransferase p300 induces de novo super-enhancers to drive cellular senescence [RNA-seq],single,NextSeq 500,Homo sapiens,IMR90,IMR-90,SRP121031,Histone acetyltransferase p300 induces de novo super-enhancers to drive cellular senescence [RNA-seq],"Cellular senescence is a state of stable proliferative arrest induced by stress and is associated with a pro-inflammatory program. Senescent cells have anti-tumorigenic properties, however, their accumulation during aging contributes to chronic inflammation and age-related diseases. While senescence is associated with profound alterations of the epigenome, a systematic view of epigenetic factors in regulating senescence is lacking. Here, we curated a library of short hairpin RNAs for targeted silencing of all known epigenetic factors and performed a high-throughput loss-of-function screen to identify epigenetic proteins whose downregulation can delay replicative senescence of primary human cells. This screen identified multiple new players regulating senescence, including the histone acetyltransferase p300 that was found to be a primary driver of the senescent phenotype.  p300, but not the paralogous CBP, induces a dynamic hyper-acetylated chromatin state in senescence and promotes the formation of active enhancer elements in the non-coding genome, leading to a senescence-specific gene expression program.  Our work illustrates a causal role of histone acetyltransferases and acetylation in senescence, and suggests p300 as a potential therapeutic target for senescence and age-related diseases. Overall design: Includes two replicates each of proliferating and senescent IMR90 fibroblasts RNA-seq was performed in IMR90 fibroblasts with either an shRNA knockdown of histone acetyltransferase CBP (two replicates) or with a control luciferase vector (one replicate)","GSM2828814: RNA-seq from Senescent Fibroblasts (p300 knockdown control vector), Replicate #2; Homo sapiens; RNA-Seq",NextSeq 500,cell line;;IMR90|cell type;;Lung Fibroblasts|library type;;single|population doubling;;PD75|senescence induction;;Replicative Senescence|shRNA;;control vector|source_name;;RNA-seq from Senescent Fibroblasts (p300 knockdown control vector),GEO Accession;;GSM2828814,GSM2828814,"RNA-seq from Senescent Fibroblasts (p300 knockdown control vector), Replicate #2",CS,Replicative CS,PD 78,,Control vector,no,Fibroblast,Lung,no,Replicative CS,no hTERT/immortal/SV40/telomerase mention in GEO sample or series record
SRR6205677,SRP121031,Histone acetyltransferase p300 induces de novo super-enhancers to drive cellular senescence [RNA-seq],single,NextSeq 500,Homo sapiens,SRP121031,Histone acetyltransferase p300 induces de novo super-enhancers to drive cellular senescence [RNA-seq],single,NextSeq 500,Homo sapiens,IMR90,IMR-90,SRP121031,Histone acetyltransferase p300 induces de novo super-enhancers to drive cellular senescence [RNA-seq],"Cellular senescence is a state of stable proliferative arrest induced by stress and is associated with a pro-inflammatory program. Senescent cells have anti-tumorigenic properties, however, their accumulation during aging contributes to chronic inflammation and age-related diseases. While senescence is associated with profound alterations of the epigenome, a systematic view of epigenetic factors in regulating senescence is lacking. Here, we curated a library of short hairpin RNAs for targeted silencing of all known epigenetic factors and performed a high-throughput loss-of-function screen to identify epigenetic proteins whose downregulation can delay replicative senescence of primary human cells. This screen identified multiple new players regulating senescence, including the histone acetyltransferase p300 that was found to be a primary driver of the senescent phenotype.  p300, but not the paralogous CBP, induces a dynamic hyper-acetylated chromatin state in senescence and promotes the formation of active enhancer elements in the non-coding genome, leading to a senescence-specific gene expression program.  Our work illustrates a causal role of histone acetyltransferases and acetylation in senescence, and suggests p300 as a potential therapeutic target for senescence and age-related diseases. Overall design: Includes two replicates each of proliferating and senescent IMR90 fibroblasts RNA-seq was performed in IMR90 fibroblasts with either an shRNA knockdown of histone acetyltransferase CBP (two replicates) or with a control luciferase vector (one replicate)","GSM2828807: RNA-seq from Proliferating Fibroblasts, Replicate #2; Homo sapiens; RNA-Seq",NextSeq 500,cell line;;IMR90|cell type;;Lung Fibroblasts|library type;;single|population doubling;;PD34|senescence induction;;None|shRNA;;none|source_name;;RNA-seq from Proliferating Fibroblasts,GEO Accession;;GSM2828807,GSM2828807,"RNA-seq from Proliferating Fibroblasts, Replicate #2",Proliferating,Proliferating,,,,no,Fibroblast,Lung,no,Proliferating,no hTERT/immortal/SV40/telomerase mention in GEO sample or series record
SRR6205681,SRP121031,Histone acetyltransferase p300 induces de novo super-enhancers to drive cellular senescence [RNA-seq],single,NextSeq 500,Homo sapiens,SRP121031,Histone acetyltransferase p300 induces de novo super-enhancers to drive cellular senescence [RNA-seq],single,NextSeq 500,Homo sapiens,IMR90,IMR-90,SRP121031,Histone acetyltransferase p300 induces de novo super-enhancers to drive cellular senescence [RNA-seq],"Cellular senescence is a state of stable proliferative arrest induced by stress and is associated with a pro-inflammatory program. Senescent cells have anti-tumorigenic properties, however, their accumulation during aging contributes to chronic inflammation and age-related diseases. While senescence is associated with profound alterations of the epigenome, a systematic view of epigenetic factors in regulating senescence is lacking. Here, we curated a library of short hairpin RNAs for targeted silencing of all known epigenetic factors and performed a high-throughput loss-of-function screen to identify epigenetic proteins whose downregulation can delay replicative senescence of primary human cells. This screen identified multiple new players regulating senescence, including the histone acetyltransferase p300 that was found to be a primary driver of the senescent phenotype.  p300, but not the paralogous CBP, induces a dynamic hyper-acetylated chromatin state in senescence and promotes the formation of active enhancer elements in the non-coding genome, leading to a senescence-specific gene expression program.  Our work illustrates a causal role of histone acetyltransferases and acetylation in senescence, and suggests p300 as a potential therapeutic target for senescence and age-related diseases. Overall design: Includes two replicates each of proliferating and senescent IMR90 fibroblasts RNA-seq was performed in IMR90 fibroblasts with either an shRNA knockdown of histone acetyltransferase CBP (two replicates) or with a control luciferase vector (one replicate)","GSM2828811: RNA-seq from Senescent Fibroblasts (p300 knockdown control vector), Replicate #1; Homo sapiens; RNA-Seq",NextSeq 500,cell line;;IMR90|cell type;;Lung Fibroblasts|library type;;single|population doubling;;PD78|senescence induction;;Replicative Senescence|shRNA;;control vector|source_name;;RNA-seq from Senescent Fibroblasts (p300 knockdown control vector),GEO Accession;;GSM2828811,GSM2828811,"RNA-seq from Senescent Fibroblasts (p300 knockdown control vector), Replicate #1",CS,Replicative CS,PD 78,,Control vector,no,Fibroblast,Lung,no,Replicative CS,no hTERT/immortal/SV40/telomerase mention in GEO sample or series record
SRR6243319,SRP123346,Identification of differentially expressed genes between senescence and senescence bypass cells,single,Illumina HiSeq 2000,Homo sapiens,SRP123346,Identification of differentially expressed genes between senescence and senescence bypass cells,single,Illumina HiSeq 2000,Homo sapiens,BJ-hTERT,BJ,SRP123346,Identification of differentially expressed genes between senescence and senescence bypass cells,"We applied RNA-seq analysis to control and senescent human primary BJ fibroblast cells (senescence induced by activation of the oncogenic RASG12V gene), as well as in BJ cells that fully or partially bypass oncogene-idnuced senescence (OIS) due to knock-down of either p53 or BRD7 or LncRNA-OIS1 (using 4 different shRNAs). Overall design: RNA-seq was applied to untreated and RASG12V-activated BJ cells. RASG12V was activated in unmanipulated cells or in cells knocked-down for p53 or BRD7 or LncRNA-OIS1.",GSM2837350: BJ.Ctr; Homo sapiens; RNA-Seq,Illumina HiSeq 2000,cell line;;BJ cells|condition;;BJ Ctr (non targeting ShRNA 500)|source_name;;Immortalized primary fibroblasts,GEO Accession;;GSM2837350,GSM2837350,BJ.Ctr,Proliferating,Proliferating,,,HRASG12V + Control shRNA,yes,Fibroblast,Foreskin,no,Proliferating,Sample_growth_protocol: 'Immortalized human BJ primary fibroblast cells (by hTERT expression)'
SRR6243320,SRP123346,Identification of differentially expressed genes between senescence and senescence bypass cells,single,Illumina HiSeq 2000,Homo sapiens,SRP123346,Identification of differentially expressed genes between senescence and senescence bypass cells,single,Illumina HiSeq 2000,Homo sapiens,BJ-hTERT,BJ,SRP123346,Identification of differentially expressed genes between senescence and senescence bypass cells,"We applied RNA-seq analysis to control and senescent human primary BJ fibroblast cells (senescence induced by activation of the oncogenic RASG12V gene), as well as in BJ cells that fully or partially bypass oncogene-idnuced senescence (OIS) due to knock-down of either p53 or BRD7 or LncRNA-OIS1 (using 4 different shRNAs). Overall design: RNA-seq was applied to untreated and RASG12V-activated BJ cells. RASG12V was activated in unmanipulated cells or in cells knocked-down for p53 or BRD7 or LncRNA-OIS1.",GSM2837351: BJ.Ctr1; Homo sapiens; RNA-Seq,Illumina HiSeq 2000,cell line;;BJ cells|condition;;BJ Ctr1 (non targeting ShRNA 500) senescence induced by oncogenic RASG12V|source_name;;Immortalized primary fibroblasts,GEO Accession;;GSM2837351,GSM2837351,BJ.Ctr1,CS,Oncogene-induced CS,100 nM 4-OHT for 14 days,4 days,HRASG12V + Control shRNA,yes,Fibroblast,Foreskin,no,Oncogene-induced CS,Sample_growth_protocol: 'Immortalized human BJ primary fibroblast cells (by hTERT expression)'
SRR6243321,SRP123346,Identification of differentially expressed genes between senescence and senescence bypass cells,single,Illumina HiSeq 2000,Homo sapiens,SRP123346,Identification of differentially expressed genes between senescence and senescence bypass cells,single,Illumina HiSeq 2000,Homo sapiens,BJ-hTERT,BJ,SRP123346,Identification of differentially expressed genes between senescence and senescence bypass cells,"We applied RNA-seq analysis to control and senescent human primary BJ fibroblast cells (senescence induced by activation of the oncogenic RASG12V gene), as well as in BJ cells that fully or partially bypass oncogene-idnuced senescence (OIS) due to knock-down of either p53 or BRD7 or LncRNA-OIS1 (using 4 different shRNAs). Overall design: RNA-seq was applied to untreated and RASG12V-activated BJ cells. RASG12V was activated in unmanipulated cells or in cells knocked-down for p53 or BRD7 or LncRNA-OIS1.",GSM2837352: BJ.Ctr2; Homo sapiens; RNA-Seq,Illumina HiSeq 2000,cell line;;BJ cells|condition;;BJ Ctr1 (non targeting ShRNA 507) senescence induced by oncogenic RASG12V|source_name;;Immortalized primary fibroblasts,GEO Accession;;GSM2837352,GSM2837352,BJ.Ctr2,CS,Oncogene-induced CS,100 nM 4-OHT for 14 days,4 days,HRASG12V + Control shRNA,yes,Fibroblast,Foreskin,no,Oncogene-induced CS,Sample_growth_protocol: 'Immortalized human BJ primary fibroblast cells (by hTERT expression)'
SRR1560895,SRP045867,RNA-seq of young and quiescent MRC-5 human fibroblasts,single,Illumina HiSeq 2000,Homo sapiens,SRP045867,RNA-seq of young and quiescent MRC-5 human fibroblasts,single,Illumina HiSeq 2000,Homo sapiens,MRC-5,MRC-5,SRP045867,RNA-seq of young and quiescent MRC-5 human fibroblasts,"Quiescent MRC-5 fibroblasts were compared to young fibroblasts Jena Centre for Systems Biology of Ageing - JenAge (www.jenage.de) Overall design: 6 samples: 3 biological replicates for each age group: young and quiescent MRC-5 cells. 50bp, single-end reads, no strand-specific reads",GSM1492877: MRC_5_PD32_1; Homo sapiens; RNA-Seq,Illumina HiSeq 2000,cell type;;MRC-5 fibroblasts|population doublings;;32|source_name;;total RNA extracted from MRC-5 fibroblasts|treatment;;control,GEO Accession;;GSM1492877,GSM1492877,MRC_5_PD32_1,Proliferating,Proliferating,,32 days,,no,Fibroblast,Lung,no,Proliferating,no hTERT/immortal/SV40/telomerase mention in GEO sample or series record
SRR1560896,SRP045867,RNA-seq of young and quiescent MRC-5 human fibroblasts,single,Illumina HiSeq 2000,Homo sapiens,SRP045867,RNA-seq of young and quiescent MRC-5 human fibroblasts,single,Illumina HiSeq 2000,Homo sapiens,MRC-5,MRC-5,SRP045867,RNA-seq of young and quiescent MRC-5 human fibroblasts,"Quiescent MRC-5 fibroblasts were compared to young fibroblasts Jena Centre for Systems Biology of Ageing - JenAge (www.jenage.de) Overall design: 6 samples: 3 biological replicates for each age group: young and quiescent MRC-5 cells. 50bp, single-end reads, no strand-specific reads",GSM1492878: MRC_5_PD32_2; Homo sapiens; RNA-Seq,Illumina HiSeq 2000,cell type;;MRC-5 fibroblasts|population doublings;;32|source_name;;total RNA extracted from MRC-5 fibroblasts|treatment;;control,GEO Accession;;GSM1492878,GSM1492878,MRC_5_PD32_2,Proliferating,Proliferating,,32 days,,no,Fibroblast,Lung,no,Proliferating,no hTERT/immortal/SV40/telomerase mention in GEO sample or series record
SRR1560897,SRP045867,RNA-seq of young and quiescent MRC-5 human fibroblasts,single,Illumina HiSeq 2000,Homo sapiens,SRP045867,RNA-seq of young and quiescent MRC-5 human fibroblasts,single,Illumina HiSeq 2000,Homo sapiens,MRC-5,MRC-5,SRP045867,RNA-seq of young and quiescent MRC-5 human fibroblasts,"Quiescent MRC-5 fibroblasts were compared to young fibroblasts Jena Centre for Systems Biology of Ageing - JenAge (www.jenage.de) Overall design: 6 samples: 3 biological replicates for each age group: young and quiescent MRC-5 cells. 50bp, single-end reads, no strand-specific reads",GSM1492879: MRC_5_PD32_3; Homo sapiens; RNA-Seq,Illumina HiSeq 2000,cell type;;MRC-5 fibroblasts|population doublings;;32|source_name;;total RNA extracted from MRC-5 fibroblasts|treatment;;control,GEO Accession;;GSM1492879,GSM1492879,MRC_5_PD32_3,Proliferating,Proliferating,,32 days,,no,Fibroblast,Lung,no,Proliferating,no hTERT/immortal/SV40/telomerase mention in GEO sample or series record
SRR1560898,SRP045867,RNA-seq of young and quiescent MRC-5 human fibroblasts,single,Illumina HiSeq 2500,Homo sapiens,SRP045867,RNA-seq of young and quiescent MRC-5 human fibroblasts,single,Illumina HiSeq 2500,Homo sapiens,MRC-5,MRC-5,SRP045867,RNA-seq of young and quiescent MRC-5 human fibroblasts,"Quiescent MRC-5 fibroblasts were compared to young fibroblasts Jena Centre for Systems Biology of Ageing - JenAge (www.jenage.de) Overall design: 6 samples: 3 biological replicates for each age group: young and quiescent MRC-5 cells. 50bp, single-end reads, no strand-specific reads",GSM1492880: 150_day_Quiescence_1; Homo sapiens; RNA-Seq,Illumina HiSeq 2500,cell type;;MRC-5 fibroblasts|population doublings;;36|source_name;;total RNA extracted from MRC-5 fibroblasts|treatment;;subjected to quiescence using 150 days contact inhibition,GEO Accession;;GSM1492880,GSM1492880,150_day_Quiescence_1,CQ,Contact_inhibited CQ,contact-inhibited,150 days,,no,Fibroblast,Lung,no,CQ,no hTERT/immortal/SV40/telomerase mention in GEO sample or series record
SRR1560899,SRP045867,RNA-seq of young and quiescent MRC-5 human fibroblasts,single,Illumina HiSeq 2500,Homo sapiens,SRP045867,RNA-seq of young and quiescent MRC-5 human fibroblasts,single,Illumina HiSeq 2500,Homo sapiens,MRC-5,MRC-5,SRP045867,RNA-seq of young and quiescent MRC-5 human fibroblasts,"Quiescent MRC-5 fibroblasts were compared to young fibroblasts Jena Centre for Systems Biology of Ageing - JenAge (www.jenage.de) Overall design: 6 samples: 3 biological replicates for each age group: young and quiescent MRC-5 cells. 50bp, single-end reads, no strand-specific reads",GSM1492881: 150_day_Quiescence_2; Homo sapiens; RNA-Seq,Illumina HiSeq 2500,cell type;;MRC-5 fibroblasts|population doublings;;36|source_name;;total RNA extracted from MRC-5 fibroblasts|treatment;;subjected to quiescence using 150 days contact inhibition,GEO Accession;;GSM1492881,GSM1492881,150_day_Quiescence_2,CQ,Contact_inhibited CQ,contact-inhibited,150 days,,no,Fibroblast,Lung,no,CQ,no hTERT/immortal/SV40/telomerase mention in GEO sample or series record
SRR1560900,SRP045867,RNA-seq of young and quiescent MRC-5 human fibroblasts,single,Illumina HiSeq 2500,Homo sapiens,SRP045867,RNA-seq of young and quiescent MRC-5 human fibroblasts,single,Illumina HiSeq 2500,Homo sapiens,MRC-5,MRC-5,SRP045867,RNA-seq of young and quiescent MRC-5 human fibroblasts,"Quiescent MRC-5 fibroblasts were compared to young fibroblasts Jena Centre for Systems Biology of Ageing - JenAge (www.jenage.de) Overall design: 6 samples: 3 biological replicates for each age group: young and quiescent MRC-5 cells. 50bp, single-end reads, no strand-specific reads",GSM1492882: 150_day_Quiescence_3; Homo sapiens; RNA-Seq,Illumina HiSeq 2500,cell type;;MRC-5 fibroblasts|population doublings;;36|source_name;;total RNA extracted from MRC-5 fibroblasts|treatment;;subjected to quiescence using 150 days contact inhibition,GEO Accession;;GSM1492882,GSM1492882,150_day_Quiescence_3,CQ,Contact_inhibited CQ,contact-inhibited,150 days,,no,Fibroblast,Lung,no,CQ,no hTERT/immortal/SV40/telomerase mention in GEO sample or series record
SRR6048203,SRP117883,Transcriptome analysis of OSKM- or RAS-induced senescent IMR90 fibroblasts treated with Rapamycin.,single,Illumina HiSeq 2500,Homo sapiens,SRP117883,Transcriptome analysis of OSKM- or RAS-induced senescent IMR90 fibroblasts treated with Rapamycin.,single,Illumina HiSeq 2500,Homo sapiens,IMR90,IMR-90,SRP117883,Transcriptome analysis of OSKM- or RAS-induced senescent IMR90 fibroblasts treated with Rapamycin.,"Ectopic expression of the transcription factors Oct4, Sox2, Klf4 and c-Myc (OSKM) can reprogram somatic cells into induced pluripotent stem cells (iPSCs). These iPSCs are highly similar to embryonic stem cells and can be used for regenerative medicine, drug screening and disease modelling. Despite recent advances, reprogramming is a slow and inefficient process. This suggests that there are several safeguarding mechanisms to counteract cell fate conversion. Cellular senescence is one of these barriers, which is mediated through activation of the tumour suppressors p53/p21CIP1, p15INK4b and p16INK4a.   In this study, we have screened for shRNAs blunting reprogramming-induced senescence. We found that mTOR depletion bypasses OSKM-indced senescence but not RAS-induced senescence. To investigate the differences between the two types of senescence, we performed RNA-sequencing (RNA-Seq). Cells were transduced with OSKM or RAS expression and treated with 2 doses of the mTOR inhibitor Rapaycin for 10 days. Overall design: 7 samples in triplicate: IMR90 + MSCV + DMSO (Prolif), IMR90 + OSKM + DMSO (OSKM), IMR90 + OSKM + 1nM Rapamycin (OSKM1nM), IMR90 + OSKM + 10nM Rapamycin (OSKM10nM), IMR90 + RAS + DMSO (RAS), IMR90 + RAS + 1nM Rapamycin (RAS1nM) and IMR90 + RAS + 10nM Rapamycin (RAS10nM).",GSM2786646: RAS_2; Homo sapiens; RNA-Seq,Illumina HiSeq 2500,cell line;;IMR90|cell type;;fibroblasts|days post-infection;;10|passage;;12|source_name;;IMR90_RAS|vector;;RAS expressing vector,GEO Accession;;GSM2786646,GSM2786646,RAS_2,CS,Oncogene-induced CS,,,HRASG12V,no,Fibroblast,Lung,no,Oncogene-induced CS,no hTERT/immortal/SV40/telomerase mention in GEO sample or series record
SRR6048206,SRP117883,Transcriptome analysis of OSKM- or RAS-induced senescent IMR90 fibroblasts treated with Rapamycin.,single,Illumina HiSeq 2500,Homo sapiens,SRP117883,Transcriptome analysis of OSKM- or RAS-induced senescent IMR90 fibroblasts treated with Rapamycin.,single,Illumina HiSeq 2500,Homo sapiens,IMR90,IMR-90,SRP117883,Transcriptome analysis of OSKM- or RAS-induced senescent IMR90 fibroblasts treated with Rapamycin.,"Ectopic expression of the transcription factors Oct4, Sox2, Klf4 and c-Myc (OSKM) can reprogram somatic cells into induced pluripotent stem cells (iPSCs). These iPSCs are highly similar to embryonic stem cells and can be used for regenerative medicine, drug screening and disease modelling. Despite recent advances, reprogramming is a slow and inefficient process. This suggests that there are several safeguarding mechanisms to counteract cell fate conversion. Cellular senescence is one of these barriers, which is mediated through activation of the tumour suppressors p53/p21CIP1, p15INK4b and p16INK4a.   In this study, we have screened for shRNAs blunting reprogramming-induced senescence. We found that mTOR depletion bypasses OSKM-indced senescence but not RAS-induced senescence. To investigate the differences between the two types of senescence, we performed RNA-sequencing (RNA-Seq). Cells were transduced with OSKM or RAS expression and treated with 2 doses of the mTOR inhibitor Rapaycin for 10 days. Overall design: 7 samples in triplicate: IMR90 + MSCV + DMSO (Prolif), IMR90 + OSKM + DMSO (OSKM), IMR90 + OSKM + 1nM Rapamycin (OSKM1nM), IMR90 + OSKM + 10nM Rapamycin (OSKM10nM), IMR90 + RAS + DMSO (RAS), IMR90 + RAS + 1nM Rapamycin (RAS1nM) and IMR90 + RAS + 10nM Rapamycin (RAS10nM).",GSM2786649: Prolif_3; Homo sapiens; RNA-Seq,Illumina HiSeq 2500,cell line;;IMR90|cell type;;fibroblasts|days post-infection;;10|passage;;12|source_name;;IMR90_Prolif|vector;;empty vector (MSCV),GEO Accession;;GSM2786649,GSM2786649,Prolif_3,Proliferating,Proliferating,,,MSCV empty vector,no,Fibroblast,Lung,no,Proliferating,no hTERT/immortal/SV40/telomerase mention in GEO sample or series record
SRR6048210,SRP117883,Transcriptome analysis of OSKM- or RAS-induced senescent IMR90 fibroblasts treated with Rapamycin.,single,Illumina HiSeq 2500,Homo sapiens,SRP117883,Transcriptome analysis of OSKM- or RAS-induced senescent IMR90 fibroblasts treated with Rapamycin.,single,Illumina HiSeq 2500,Homo sapiens,IMR90,IMR-90,SRP117883,Transcriptome analysis of OSKM- or RAS-induced senescent IMR90 fibroblasts treated with Rapamycin.,"Ectopic expression of the transcription factors Oct4, Sox2, Klf4 and c-Myc (OSKM) can reprogram somatic cells into induced pluripotent stem cells (iPSCs). These iPSCs are highly similar to embryonic stem cells and can be used for regenerative medicine, drug screening and disease modelling. Despite recent advances, reprogramming is a slow and inefficient process. This suggests that there are several safeguarding mechanisms to counteract cell fate conversion. Cellular senescence is one of these barriers, which is mediated through activation of the tumour suppressors p53/p21CIP1, p15INK4b and p16INK4a.   In this study, we have screened for shRNAs blunting reprogramming-induced senescence. We found that mTOR depletion bypasses OSKM-indced senescence but not RAS-induced senescence. To investigate the differences between the two types of senescence, we performed RNA-sequencing (RNA-Seq). Cells were transduced with OSKM or RAS expression and treated with 2 doses of the mTOR inhibitor Rapaycin for 10 days. Overall design: 7 samples in triplicate: IMR90 + MSCV + DMSO (Prolif), IMR90 + OSKM + DMSO (OSKM), IMR90 + OSKM + 1nM Rapamycin (OSKM1nM), IMR90 + OSKM + 10nM Rapamycin (OSKM10nM), IMR90 + RAS + DMSO (RAS), IMR90 + RAS + 1nM Rapamycin (RAS1nM) and IMR90 + RAS + 10nM Rapamycin (RAS10nM).",GSM2786653: RAS_3; Homo sapiens; RNA-Seq,Illumina HiSeq 2500,cell line;;IMR90|cell type;;fibroblasts|days post-infection;;10|passage;;12|source_name;;IMR90_RAS|vector;;RAS expressing vector,GEO Accession;;GSM2786653,GSM2786653,RAS_3,CS,Oncogene-induced CS,,,HRASG12V,no,Fibroblast,Lung,no,Oncogene-induced CS,no hTERT/immortal/SV40/telomerase mention in GEO sample or series record
SRR6048192,SRP117883,Transcriptome analysis of OSKM- or RAS-induced senescent IMR90 fibroblasts treated with Rapamycin.,single,Illumina HiSeq 2500,Homo sapiens,SRP117883,Transcriptome analysis of OSKM- or RAS-induced senescent IMR90 fibroblasts treated with Rapamycin.,single,Illumina HiSeq 2500,Homo sapiens,IMR90,IMR-90,SRP117883,Transcriptome analysis of OSKM- or RAS-induced senescent IMR90 fibroblasts treated with Rapamycin.,"Ectopic expression of the transcription factors Oct4, Sox2, Klf4 and c-Myc (OSKM) can reprogram somatic cells into induced pluripotent stem cells (iPSCs). These iPSCs are highly similar to embryonic stem cells and can be used for regenerative medicine, drug screening and disease modelling. Despite recent advances, reprogramming is a slow and inefficient process. This suggests that there are several safeguarding mechanisms to counteract cell fate conversion. Cellular senescence is one of these barriers, which is mediated through activation of the tumour suppressors p53/p21CIP1, p15INK4b and p16INK4a.   In this study, we have screened for shRNAs blunting reprogramming-induced senescence. We found that mTOR depletion bypasses OSKM-indced senescence but not RAS-induced senescence. To investigate the differences between the two types of senescence, we performed RNA-sequencing (RNA-Seq). Cells were transduced with OSKM or RAS expression and treated with 2 doses of the mTOR inhibitor Rapaycin for 10 days. Overall design: 7 samples in triplicate: IMR90 + MSCV + DMSO (Prolif), IMR90 + OSKM + DMSO (OSKM), IMR90 + OSKM + 1nM Rapamycin (OSKM1nM), IMR90 + OSKM + 10nM Rapamycin (OSKM10nM), IMR90 + RAS + DMSO (RAS), IMR90 + RAS + 1nM Rapamycin (RAS1nM) and IMR90 + RAS + 10nM Rapamycin (RAS10nM).",GSM2786635: Prolif_1; Homo sapiens; RNA-Seq,Illumina HiSeq 2500,cell line;;IMR90|cell type;;fibroblasts|days post-infection;;10|passage;;12|source_name;;IMR90_Prolif|vector;;empty vector (MSCV),GEO Accession;;GSM2786635,GSM2786635,Prolif_1,Proliferating,Proliferating,,,MSCV empty vector,no,Fibroblast,Lung,no,Proliferating,no hTERT/immortal/SV40/telomerase mention in GEO sample or series record
SRR6048196,SRP117883,Transcriptome analysis of OSKM- or RAS-induced senescent IMR90 fibroblasts treated with Rapamycin.,single,Illumina HiSeq 2500,Homo sapiens,SRP117883,Transcriptome analysis of OSKM- or RAS-induced senescent IMR90 fibroblasts treated with Rapamycin.,single,Illumina HiSeq 2500,Homo sapiens,IMR90,IMR-90,SRP117883,Transcriptome analysis of OSKM- or RAS-induced senescent IMR90 fibroblasts treated with Rapamycin.,"Ectopic expression of the transcription factors Oct4, Sox2, Klf4 and c-Myc (OSKM) can reprogram somatic cells into induced pluripotent stem cells (iPSCs). These iPSCs are highly similar to embryonic stem cells and can be used for regenerative medicine, drug screening and disease modelling. Despite recent advances, reprogramming is a slow and inefficient process. This suggests that there are several safeguarding mechanisms to counteract cell fate conversion. Cellular senescence is one of these barriers, which is mediated through activation of the tumour suppressors p53/p21CIP1, p15INK4b and p16INK4a.   In this study, we have screened for shRNAs blunting reprogramming-induced senescence. We found that mTOR depletion bypasses OSKM-indced senescence but not RAS-induced senescence. To investigate the differences between the two types of senescence, we performed RNA-sequencing (RNA-Seq). Cells were transduced with OSKM or RAS expression and treated with 2 doses of the mTOR inhibitor Rapaycin for 10 days. Overall design: 7 samples in triplicate: IMR90 + MSCV + DMSO (Prolif), IMR90 + OSKM + DMSO (OSKM), IMR90 + OSKM + 1nM Rapamycin (OSKM1nM), IMR90 + OSKM + 10nM Rapamycin (OSKM10nM), IMR90 + RAS + DMSO (RAS), IMR90 + RAS + 1nM Rapamycin (RAS1nM) and IMR90 + RAS + 10nM Rapamycin (RAS10nM).",GSM2786639: RAS_1; Homo sapiens; RNA-Seq,Illumina HiSeq 2500,cell line;;IMR90|cell type;;fibroblasts|days post-infection;;10|passage;;12|source_name;;IMR90_RAS|vector;;RAS expressing vector,GEO Accession;;GSM2786639,GSM2786639,RAS_1,CS,Oncogene-induced CS,,,HRASG12V,no,Fibroblast,Lung,no,Oncogene-induced CS,no hTERT/immortal/SV40/telomerase mention in GEO sample or series record
SRR6048199,SRP117883,Transcriptome analysis of OSKM- or RAS-induced senescent IMR90 fibroblasts treated with Rapamycin.,single,Illumina HiSeq 2500,Homo sapiens,SRP117883,Transcriptome analysis of OSKM- or RAS-induced senescent IMR90 fibroblasts treated with Rapamycin.,single,Illumina HiSeq 2500,Homo sapiens,IMR90,IMR-90,SRP117883,Transcriptome analysis of OSKM- or RAS-induced senescent IMR90 fibroblasts treated with Rapamycin.,"Ectopic expression of the transcription factors Oct4, Sox2, Klf4 and c-Myc (OSKM) can reprogram somatic cells into induced pluripotent stem cells (iPSCs). These iPSCs are highly similar to embryonic stem cells and can be used for regenerative medicine, drug screening and disease modelling. Despite recent advances, reprogramming is a slow and inefficient process. This suggests that there are several safeguarding mechanisms to counteract cell fate conversion. Cellular senescence is one of these barriers, which is mediated through activation of the tumour suppressors p53/p21CIP1, p15INK4b and p16INK4a.   In this study, we have screened for shRNAs blunting reprogramming-induced senescence. We found that mTOR depletion bypasses OSKM-indced senescence but not RAS-induced senescence. To investigate the differences between the two types of senescence, we performed RNA-sequencing (RNA-Seq). Cells were transduced with OSKM or RAS expression and treated with 2 doses of the mTOR inhibitor Rapaycin for 10 days. Overall design: 7 samples in triplicate: IMR90 + MSCV + DMSO (Prolif), IMR90 + OSKM + DMSO (OSKM), IMR90 + OSKM + 1nM Rapamycin (OSKM1nM), IMR90 + OSKM + 10nM Rapamycin (OSKM10nM), IMR90 + RAS + DMSO (RAS), IMR90 + RAS + 1nM Rapamycin (RAS1nM) and IMR90 + RAS + 10nM Rapamycin (RAS10nM).",GSM2786642: Prolif_2; Homo sapiens; RNA-Seq,Illumina HiSeq 2500,cell line;;IMR90|cell type;;fibroblasts|days post-infection;;10|passage;;12|source_name;;IMR90_Prolif|vector;;empty vector (MSCV),GEO Accession;;GSM2786642,GSM2786642,Prolif_2,Proliferating,Proliferating,,,MSCV empty vector,no,Fibroblast,Lung,no,Proliferating,no hTERT/immortal/SV40/telomerase mention in GEO sample or series record
