external_id,study,sra.study_title,sra.library_layout,sra.platform_model,recount_project.organism,cell_line,cell_line_assubmitted,sra,study_title,abstract,sample_title,platform,full_attributes,attributes,geo,label,cell_state,cell_substate,Induction_details,time_after_treatment,genetic_manipulations,immortalised,cell_type,tissue,cancer_cell_line,immortalisation_evidence
SRR4241042,SRP089801,Expression level comparison under dividing and quiescent states in human primary fibroblasts,single,Illumina HiSeq 2500,Homo sapiens,HCA2-hTERT,Primary,SRP089801,Expression level comparison under dividing and quiescent states in human primary fibroblasts,"To identify genes with different expression levels in dividing and quiescent cells, mRNA-sequencing was done in both conditions for human primary fibroblasts (HCA2-hTert). Overall design: mRNA profiles of dividing and quiescent cells were generated by deep sequencing, in triplicate, using Illumina highseq 2500.",GSM2309729: WT_Qui_1; Homo sapiens; RNA-Seq,Illumina HiSeq 2500,cell type;;HCA2-hTert|source_name;;Human primary fibroblasts|tissue;;primary fibroblasts,GEO Accession;;GSM2309729,GSM2309729,WT_Qui_1,CQ,Contact_inhibited CQ,,8 days,,yes,Fibroblast,Skin,no,Sample_characteristics: 'cell type: HCA2-hTert'
SRR4241043,SRP089801,Expression level comparison under dividing and quiescent states in human primary fibroblasts,single,Illumina HiSeq 2500,Homo sapiens,HCA2-hTERT,Primary,SRP089801,Expression level comparison under dividing and quiescent states in human primary fibroblasts,"To identify genes with different expression levels in dividing and quiescent cells, mRNA-sequencing was done in both conditions for human primary fibroblasts (HCA2-hTert). Overall design: mRNA profiles of dividing and quiescent cells were generated by deep sequencing, in triplicate, using Illumina highseq 2500.",GSM2309730: WT_Qui_2; Homo sapiens; RNA-Seq,Illumina HiSeq 2500,cell type;;HCA2-hTert|source_name;;Human primary fibroblasts|tissue;;primary fibroblasts,GEO Accession;;GSM2309730,GSM2309730,WT_Qui_2,CQ,Contact_inhibited CQ,,8 days,,yes,Fibroblast,Skin,no,Sample_characteristics: 'cell type: HCA2-hTert'
SRR4241044,SRP089801,Expression level comparison under dividing and quiescent states in human primary fibroblasts,single,Illumina HiSeq 2500,Homo sapiens,HCA2-hTERT,Primary,SRP089801,Expression level comparison under dividing and quiescent states in human primary fibroblasts,"To identify genes with different expression levels in dividing and quiescent cells, mRNA-sequencing was done in both conditions for human primary fibroblasts (HCA2-hTert). Overall design: mRNA profiles of dividing and quiescent cells were generated by deep sequencing, in triplicate, using Illumina highseq 2500.",GSM2309731: WT_Qui_3; Homo sapiens; RNA-Seq,Illumina HiSeq 2500,cell type;;HCA2-hTert|source_name;;Human primary fibroblasts|tissue;;primary fibroblasts,GEO Accession;;GSM2309731,GSM2309731,WT_Qui_3,CQ,Contact_inhibited CQ,,8 days,,yes,Fibroblast,Skin,no,Sample_characteristics: 'cell type: HCA2-hTert'
SRR4241039,SRP089801,Expression level comparison under dividing and quiescent states in human primary fibroblasts,single,Illumina HiSeq 2500,Homo sapiens,HCA2-hTERT,Primary,SRP089801,Expression level comparison under dividing and quiescent states in human primary fibroblasts,"To identify genes with different expression levels in dividing and quiescent cells, mRNA-sequencing was done in both conditions for human primary fibroblasts (HCA2-hTert). Overall design: mRNA profiles of dividing and quiescent cells were generated by deep sequencing, in triplicate, using Illumina highseq 2500.",GSM2309726: WT_Div_1; Homo sapiens; RNA-Seq,Illumina HiSeq 2500,cell type;;HCA2-hTert|source_name;;Human primary fibroblasts|tissue;;primary fibroblasts,GEO Accession;;GSM2309726,GSM2309726,WT_Div_1,Proliferating,Proliferating,,,,yes,Fibroblast,Skin,no,Sample_characteristics: 'cell type: HCA2-hTert'
SRR4241040,SRP089801,Expression level comparison under dividing and quiescent states in human primary fibroblasts,single,Illumina HiSeq 2500,Homo sapiens,HCA2-hTERT,Primary,SRP089801,Expression level comparison under dividing and quiescent states in human primary fibroblasts,"To identify genes with different expression levels in dividing and quiescent cells, mRNA-sequencing was done in both conditions for human primary fibroblasts (HCA2-hTert). Overall design: mRNA profiles of dividing and quiescent cells were generated by deep sequencing, in triplicate, using Illumina highseq 2500.",GSM2309727: WT_Div_2; Homo sapiens; RNA-Seq,Illumina HiSeq 2500,cell type;;HCA2-hTert|source_name;;Human primary fibroblasts|tissue;;primary fibroblasts,GEO Accession;;GSM2309727,GSM2309727,WT_Div_2,Proliferating,Proliferating,,,,yes,Fibroblast,Skin,no,Sample_characteristics: 'cell type: HCA2-hTert'
SRR4241041,SRP089801,Expression level comparison under dividing and quiescent states in human primary fibroblasts,single,Illumina HiSeq 2500,Homo sapiens,HCA2-hTERT,Primary,SRP089801,Expression level comparison under dividing and quiescent states in human primary fibroblasts,"To identify genes with different expression levels in dividing and quiescent cells, mRNA-sequencing was done in both conditions for human primary fibroblasts (HCA2-hTert). Overall design: mRNA profiles of dividing and quiescent cells were generated by deep sequencing, in triplicate, using Illumina highseq 2500.",GSM2309728: WT_Div_3; Homo sapiens; RNA-Seq,Illumina HiSeq 2500,cell type;;HCA2-hTert|source_name;;Human primary fibroblasts|tissue;;primary fibroblasts,GEO Accession;;GSM2309728,GSM2309728,WT_Div_3,Proliferating,Proliferating,,,,yes,Fibroblast,Skin,no,Sample_characteristics: 'cell type: HCA2-hTert'
SRR2932856,SRP065206,BRD4 connects enhancer remodeling to senescence immune surveillance (RNA-seq),paired,Illumina HiSeq 2500,Homo sapiens,IMR90,IMR-90,SRP065206,BRD4 connects enhancer remodeling to senescence immune surveillance (RNA-seq),"Cellular senescence is a homeostatic program associated with tumor suppression, wound healing, and certain age related pathologies. Senescent cells display a repressive chromatin configuration thought to stably silence proliferation-promoting genes, while at the same time activate an unusual form of immune surveillance involving a secretory program referred to as the senescence-associated secretory phenotype (SASP). Here we demonstrate that senescence also involves a global remodeling of the enhancer landscape with recruitment of the chromatin reader BRD4 to newly activated super-enhancers adjacent to key SASP genes. Transcriptional profiling and functional studies indicate that BRD4 is required for the SASP and downstream paracrine signaling. Consequently, BRD4 inhibition disrupts immune cell-mediated targeting and elimination of premalignant senescent cells in vitro and in vivo. Our results identify a critical role for BRD4-bound super-enhancers in senescence immune surveillance and in the proper execution of a tumor-suppressive program. Overall design: Analysis of RNA isolated from human fibroblasts (IMR90) in proliferating, quiescent or senescent (HrasV12) conditions upon knockdown of Brd4, p65, p53, p53/RB, p16/21 or Vehicle and JQ1 treatment",GSM1917083: Proliferating IMR90 shRen_1; Homo sapiens; RNA-Seq,Illumina HiSeq 2500,cell condition;;proliferating|cell line;;IMR90|cell type;;fetal lung fibroblasts|source_name;;IMR90 human fibrobasts|treatment;;no treatment|viral transduction;;cotransduced with pWZL-Hygro and shRen,GEO Accession;;GSM1917083,GSM1917083,Proliferating IMR90 shRen_1,Proliferating,Proliferating,,,control shRNA,no,Fibroblast,Lung,no,no hTERT/immortal/SV40/telomerase mention in GEO sample or series record
SRR2932857,SRP065206,BRD4 connects enhancer remodeling to senescence immune surveillance (RNA-seq),paired,Illumina HiSeq 2500,Homo sapiens,IMR90,IMR-90,SRP065206,BRD4 connects enhancer remodeling to senescence immune surveillance (RNA-seq),"Cellular senescence is a homeostatic program associated with tumor suppression, wound healing, and certain age related pathologies. Senescent cells display a repressive chromatin configuration thought to stably silence proliferation-promoting genes, while at the same time activate an unusual form of immune surveillance involving a secretory program referred to as the senescence-associated secretory phenotype (SASP). Here we demonstrate that senescence also involves a global remodeling of the enhancer landscape with recruitment of the chromatin reader BRD4 to newly activated super-enhancers adjacent to key SASP genes. Transcriptional profiling and functional studies indicate that BRD4 is required for the SASP and downstream paracrine signaling. Consequently, BRD4 inhibition disrupts immune cell-mediated targeting and elimination of premalignant senescent cells in vitro and in vivo. Our results identify a critical role for BRD4-bound super-enhancers in senescence immune surveillance and in the proper execution of a tumor-suppressive program. Overall design: Analysis of RNA isolated from human fibroblasts (IMR90) in proliferating, quiescent or senescent (HrasV12) conditions upon knockdown of Brd4, p65, p53, p53/RB, p16/21 or Vehicle and JQ1 treatment",GSM1917084: Proliferating IMR90 shRen_2; Homo sapiens; RNA-Seq,Illumina HiSeq 2500,cell condition;;proliferating|cell line;;IMR90|cell type;;fetal lung fibroblasts|source_name;;IMR90 human fibrobasts|treatment;;no treatment|viral transduction;;cotransduced with pWZL-Hygro and shRen,GEO Accession;;GSM1917084,GSM1917084,Proliferating IMR90 shRen_2,Proliferating,Proliferating,,,control shRNA,no,Fibroblast,Lung,no,no hTERT/immortal/SV40/telomerase mention in GEO sample or series record
SRR2932858,SRP065206,BRD4 connects enhancer remodeling to senescence immune surveillance (RNA-seq),paired,Illumina HiSeq 2500,Homo sapiens,IMR90,IMR-90,SRP065206,BRD4 connects enhancer remodeling to senescence immune surveillance (RNA-seq),"Cellular senescence is a homeostatic program associated with tumor suppression, wound healing, and certain age related pathologies. Senescent cells display a repressive chromatin configuration thought to stably silence proliferation-promoting genes, while at the same time activate an unusual form of immune surveillance involving a secretory program referred to as the senescence-associated secretory phenotype (SASP). Here we demonstrate that senescence also involves a global remodeling of the enhancer landscape with recruitment of the chromatin reader BRD4 to newly activated super-enhancers adjacent to key SASP genes. Transcriptional profiling and functional studies indicate that BRD4 is required for the SASP and downstream paracrine signaling. Consequently, BRD4 inhibition disrupts immune cell-mediated targeting and elimination of premalignant senescent cells in vitro and in vivo. Our results identify a critical role for BRD4-bound super-enhancers in senescence immune surveillance and in the proper execution of a tumor-suppressive program. Overall design: Analysis of RNA isolated from human fibroblasts (IMR90) in proliferating, quiescent or senescent (HrasV12) conditions upon knockdown of Brd4, p65, p53, p53/RB, p16/21 or Vehicle and JQ1 treatment",GSM1917085: Proliferating IMR90 shRen_3; Homo sapiens; RNA-Seq,Illumina HiSeq 2500,cell condition;;proliferating|cell line;;IMR90|cell type;;fetal lung fibroblasts|source_name;;IMR90 human fibrobasts|treatment;;no treatment|viral transduction;;cotransduced with pWZL-Hygro and shRen,GEO Accession;;GSM1917085,GSM1917085,Proliferating IMR90 shRen_3,Proliferating,Proliferating,,,control shRNA,no,Fibroblast,Lung,no,no hTERT/immortal/SV40/telomerase mention in GEO sample or series record
SRR2932859,SRP065206,BRD4 connects enhancer remodeling to senescence immune surveillance (RNA-seq),paired,Illumina HiSeq 2500,Homo sapiens,IMR90,IMR-90,SRP065206,BRD4 connects enhancer remodeling to senescence immune surveillance (RNA-seq),"Cellular senescence is a homeostatic program associated with tumor suppression, wound healing, and certain age related pathologies. Senescent cells display a repressive chromatin configuration thought to stably silence proliferation-promoting genes, while at the same time activate an unusual form of immune surveillance involving a secretory program referred to as the senescence-associated secretory phenotype (SASP). Here we demonstrate that senescence also involves a global remodeling of the enhancer landscape with recruitment of the chromatin reader BRD4 to newly activated super-enhancers adjacent to key SASP genes. Transcriptional profiling and functional studies indicate that BRD4 is required for the SASP and downstream paracrine signaling. Consequently, BRD4 inhibition disrupts immune cell-mediated targeting and elimination of premalignant senescent cells in vitro and in vivo. Our results identify a critical role for BRD4-bound super-enhancers in senescence immune surveillance and in the proper execution of a tumor-suppressive program. Overall design: Analysis of RNA isolated from human fibroblasts (IMR90) in proliferating, quiescent or senescent (HrasV12) conditions upon knockdown of Brd4, p65, p53, p53/RB, p16/21 or Vehicle and JQ1 treatment",GSM1917086: Quiescent IMR90 shRen_1; Homo sapiens; RNA-Seq,Illumina HiSeq 2500,cell condition;;quiescent|cell line;;IMR90|cell type;;fetal lung fibroblasts|source_name;;IMR90 human fibrobasts|treatment;;no treatment|viral transduction;;cotransduced with pWZL-Hygro and shRen,GEO Accession;;GSM1917086,GSM1917086,Quiescent IMR90 shRen_1,CQ,Serum_starved CQ,serum-starved;0.1 % FBS,4 days,control shRNA,no,Fibroblast,Lung,no,no hTERT/immortal/SV40/telomerase mention in GEO sample or series record
SRR2932860,SRP065206,BRD4 connects enhancer remodeling to senescence immune surveillance (RNA-seq),paired,Illumina HiSeq 2500,Homo sapiens,IMR90,IMR-90,SRP065206,BRD4 connects enhancer remodeling to senescence immune surveillance (RNA-seq),"Cellular senescence is a homeostatic program associated with tumor suppression, wound healing, and certain age related pathologies. Senescent cells display a repressive chromatin configuration thought to stably silence proliferation-promoting genes, while at the same time activate an unusual form of immune surveillance involving a secretory program referred to as the senescence-associated secretory phenotype (SASP). Here we demonstrate that senescence also involves a global remodeling of the enhancer landscape with recruitment of the chromatin reader BRD4 to newly activated super-enhancers adjacent to key SASP genes. Transcriptional profiling and functional studies indicate that BRD4 is required for the SASP and downstream paracrine signaling. Consequently, BRD4 inhibition disrupts immune cell-mediated targeting and elimination of premalignant senescent cells in vitro and in vivo. Our results identify a critical role for BRD4-bound super-enhancers in senescence immune surveillance and in the proper execution of a tumor-suppressive program. Overall design: Analysis of RNA isolated from human fibroblasts (IMR90) in proliferating, quiescent or senescent (HrasV12) conditions upon knockdown of Brd4, p65, p53, p53/RB, p16/21 or Vehicle and JQ1 treatment",GSM1917087: Quiescent IMR90 shRen_2; Homo sapiens; RNA-Seq,Illumina HiSeq 2500,cell condition;;quiescent|cell line;;IMR90|cell type;;fetal lung fibroblasts|source_name;;IMR90 human fibrobasts|treatment;;no treatment|viral transduction;;cotransduced with pWZL-Hygro and shRen,GEO Accession;;GSM1917087,GSM1917087,Quiescent IMR90 shRen_2,CQ,Serum_starved CQ,serum-starved;0.1 % FBS,4 days,control shRNA,no,Fibroblast,Lung,no,no hTERT/immortal/SV40/telomerase mention in GEO sample or series record
SRR2932861,SRP065206,BRD4 connects enhancer remodeling to senescence immune surveillance (RNA-seq),paired,Illumina HiSeq 2500,Homo sapiens,IMR90,IMR-90,SRP065206,BRD4 connects enhancer remodeling to senescence immune surveillance (RNA-seq),"Cellular senescence is a homeostatic program associated with tumor suppression, wound healing, and certain age related pathologies. Senescent cells display a repressive chromatin configuration thought to stably silence proliferation-promoting genes, while at the same time activate an unusual form of immune surveillance involving a secretory program referred to as the senescence-associated secretory phenotype (SASP). Here we demonstrate that senescence also involves a global remodeling of the enhancer landscape with recruitment of the chromatin reader BRD4 to newly activated super-enhancers adjacent to key SASP genes. Transcriptional profiling and functional studies indicate that BRD4 is required for the SASP and downstream paracrine signaling. Consequently, BRD4 inhibition disrupts immune cell-mediated targeting and elimination of premalignant senescent cells in vitro and in vivo. Our results identify a critical role for BRD4-bound super-enhancers in senescence immune surveillance and in the proper execution of a tumor-suppressive program. Overall design: Analysis of RNA isolated from human fibroblasts (IMR90) in proliferating, quiescent or senescent (HrasV12) conditions upon knockdown of Brd4, p65, p53, p53/RB, p16/21 or Vehicle and JQ1 treatment",GSM1917088: Quiescent IMR90 shRen_3; Homo sapiens; RNA-Seq,Illumina HiSeq 2500,cell condition;;quiescent|cell line;;IMR90|cell type;;fetal lung fibroblasts|source_name;;IMR90 human fibrobasts|treatment;;no treatment|viral transduction;;cotransduced with pWZL-Hygro and shRen,GEO Accession;;GSM1917088,GSM1917088,Quiescent IMR90 shRen_3,CQ,Serum_starved CQ,serum-starved;0.1 % FBS,4 days,control shRNA,no,Fibroblast,Lung,no,no hTERT/immortal/SV40/telomerase mention in GEO sample or series record
SRR2932910,SRP065206,BRD4 connects enhancer remodeling to senescence immune surveillance (RNA-seq),paired,Illumina HiSeq 2500,Homo sapiens,IMR90,IMR-90,SRP065206,BRD4 connects enhancer remodeling to senescence immune surveillance (RNA-seq),"Cellular senescence is a homeostatic program associated with tumor suppression, wound healing, and certain age related pathologies. Senescent cells display a repressive chromatin configuration thought to stably silence proliferation-promoting genes, while at the same time activate an unusual form of immune surveillance involving a secretory program referred to as the senescence-associated secretory phenotype (SASP). Here we demonstrate that senescence also involves a global remodeling of the enhancer landscape with recruitment of the chromatin reader BRD4 to newly activated super-enhancers adjacent to key SASP genes. Transcriptional profiling and functional studies indicate that BRD4 is required for the SASP and downstream paracrine signaling. Consequently, BRD4 inhibition disrupts immune cell-mediated targeting and elimination of premalignant senescent cells in vitro and in vivo. Our results identify a critical role for BRD4-bound super-enhancers in senescence immune surveillance and in the proper execution of a tumor-suppressive program. Overall design: Analysis of RNA isolated from human fibroblasts (IMR90) in proliferating, quiescent or senescent (HrasV12) conditions upon knockdown of Brd4, p65, p53, p53/RB, p16/21 or Vehicle and JQ1 treatment",GSM1917137: Proliferating IMR90 DMSO_1; Homo sapiens; RNA-Seq,Illumina HiSeq 2500,cell condition;;proliferating|cell line;;IMR90|cell type;;fetal lung fibroblasts|source_name;;IMR90 human fibrobasts|treatment;;DMSO 48h|viral transduction;;cotransduced with pWZL-Hygro and shRen,GEO Accession;;GSM1917137,GSM1917137,Proliferating IMR90 DMSO_1,Proliferating,Proliferating,DMSO,,DMSO,no,Fibroblast,Lung,no,no hTERT/immortal/SV40/telomerase mention in GEO sample or series record
SRR2932911,SRP065206,BRD4 connects enhancer remodeling to senescence immune surveillance (RNA-seq),paired,Illumina HiSeq 2500,Homo sapiens,IMR90,IMR-90,SRP065206,BRD4 connects enhancer remodeling to senescence immune surveillance (RNA-seq),"Cellular senescence is a homeostatic program associated with tumor suppression, wound healing, and certain age related pathologies. Senescent cells display a repressive chromatin configuration thought to stably silence proliferation-promoting genes, while at the same time activate an unusual form of immune surveillance involving a secretory program referred to as the senescence-associated secretory phenotype (SASP). Here we demonstrate that senescence also involves a global remodeling of the enhancer landscape with recruitment of the chromatin reader BRD4 to newly activated super-enhancers adjacent to key SASP genes. Transcriptional profiling and functional studies indicate that BRD4 is required for the SASP and downstream paracrine signaling. Consequently, BRD4 inhibition disrupts immune cell-mediated targeting and elimination of premalignant senescent cells in vitro and in vivo. Our results identify a critical role for BRD4-bound super-enhancers in senescence immune surveillance and in the proper execution of a tumor-suppressive program. Overall design: Analysis of RNA isolated from human fibroblasts (IMR90) in proliferating, quiescent or senescent (HrasV12) conditions upon knockdown of Brd4, p65, p53, p53/RB, p16/21 or Vehicle and JQ1 treatment",GSM1917138: Proliferating IMR90 DMSO_2; Homo sapiens; RNA-Seq,Illumina HiSeq 2500,cell condition;;proliferating|cell line;;IMR90|cell type;;fetal lung fibroblasts|source_name;;IMR90 human fibrobasts|treatment;;DMSO 48h|viral transduction;;cotransduced with pWZL-Hygro and shRen,GEO Accession;;GSM1917138,GSM1917138,Proliferating IMR90 DMSO_2,Proliferating,Proliferating,DMSO,,DMSO,no,Fibroblast,Lung,no,no hTERT/immortal/SV40/telomerase mention in GEO sample or series record
SRR2932912,SRP065206,BRD4 connects enhancer remodeling to senescence immune surveillance (RNA-seq),paired,Illumina HiSeq 2500,Homo sapiens,IMR90,IMR-90,SRP065206,BRD4 connects enhancer remodeling to senescence immune surveillance (RNA-seq),"Cellular senescence is a homeostatic program associated with tumor suppression, wound healing, and certain age related pathologies. Senescent cells display a repressive chromatin configuration thought to stably silence proliferation-promoting genes, while at the same time activate an unusual form of immune surveillance involving a secretory program referred to as the senescence-associated secretory phenotype (SASP). Here we demonstrate that senescence also involves a global remodeling of the enhancer landscape with recruitment of the chromatin reader BRD4 to newly activated super-enhancers adjacent to key SASP genes. Transcriptional profiling and functional studies indicate that BRD4 is required for the SASP and downstream paracrine signaling. Consequently, BRD4 inhibition disrupts immune cell-mediated targeting and elimination of premalignant senescent cells in vitro and in vivo. Our results identify a critical role for BRD4-bound super-enhancers in senescence immune surveillance and in the proper execution of a tumor-suppressive program. Overall design: Analysis of RNA isolated from human fibroblasts (IMR90) in proliferating, quiescent or senescent (HrasV12) conditions upon knockdown of Brd4, p65, p53, p53/RB, p16/21 or Vehicle and JQ1 treatment",GSM1917139: Proliferating IMR90 DMSO_3; Homo sapiens; RNA-Seq,Illumina HiSeq 2500,cell condition;;proliferating|cell line;;IMR90|cell type;;fetal lung fibroblasts|source_name;;IMR90 human fibrobasts|treatment;;DMSO 48h|viral transduction;;cotransduced with pWZL-Hygro and shRen,GEO Accession;;GSM1917139,GSM1917139,Proliferating IMR90 DMSO_3,Proliferating,Proliferating,DMSO,,DMSO,no,Fibroblast,Lung,no,no hTERT/immortal/SV40/telomerase mention in GEO sample or series record
SRR2932913,SRP065206,BRD4 connects enhancer remodeling to senescence immune surveillance (RNA-seq),paired,Illumina HiSeq 2500,Homo sapiens,IMR90,IMR-90,SRP065206,BRD4 connects enhancer remodeling to senescence immune surveillance (RNA-seq),"Cellular senescence is a homeostatic program associated with tumor suppression, wound healing, and certain age related pathologies. Senescent cells display a repressive chromatin configuration thought to stably silence proliferation-promoting genes, while at the same time activate an unusual form of immune surveillance involving a secretory program referred to as the senescence-associated secretory phenotype (SASP). Here we demonstrate that senescence also involves a global remodeling of the enhancer landscape with recruitment of the chromatin reader BRD4 to newly activated super-enhancers adjacent to key SASP genes. Transcriptional profiling and functional studies indicate that BRD4 is required for the SASP and downstream paracrine signaling. Consequently, BRD4 inhibition disrupts immune cell-mediated targeting and elimination of premalignant senescent cells in vitro and in vivo. Our results identify a critical role for BRD4-bound super-enhancers in senescence immune surveillance and in the proper execution of a tumor-suppressive program. Overall design: Analysis of RNA isolated from human fibroblasts (IMR90) in proliferating, quiescent or senescent (HrasV12) conditions upon knockdown of Brd4, p65, p53, p53/RB, p16/21 or Vehicle and JQ1 treatment",GSM1917140: Quiescent IMR90 DMSO_1; Homo sapiens; RNA-Seq,Illumina HiSeq 2500,cell condition;;quiescent|cell line;;IMR90|cell type;;fetal lung fibroblasts|source_name;;IMR90 human fibrobasts|treatment;;DMSO 48h|viral transduction;;cotransduced with pWZL-Hygro and shRen,GEO Accession;;GSM1917140,GSM1917140,Quiescent IMR90 DMSO_1,CQ,Serum_starved CQ,serum-starved;0.1 % FBS;DMSO,4 days,DMSO,no,Fibroblast,Lung,no,no hTERT/immortal/SV40/telomerase mention in GEO sample or series record
SRR2932914,SRP065206,BRD4 connects enhancer remodeling to senescence immune surveillance (RNA-seq),paired,Illumina HiSeq 2500,Homo sapiens,IMR90,IMR-90,SRP065206,BRD4 connects enhancer remodeling to senescence immune surveillance (RNA-seq),"Cellular senescence is a homeostatic program associated with tumor suppression, wound healing, and certain age related pathologies. Senescent cells display a repressive chromatin configuration thought to stably silence proliferation-promoting genes, while at the same time activate an unusual form of immune surveillance involving a secretory program referred to as the senescence-associated secretory phenotype (SASP). Here we demonstrate that senescence also involves a global remodeling of the enhancer landscape with recruitment of the chromatin reader BRD4 to newly activated super-enhancers adjacent to key SASP genes. Transcriptional profiling and functional studies indicate that BRD4 is required for the SASP and downstream paracrine signaling. Consequently, BRD4 inhibition disrupts immune cell-mediated targeting and elimination of premalignant senescent cells in vitro and in vivo. Our results identify a critical role for BRD4-bound super-enhancers in senescence immune surveillance and in the proper execution of a tumor-suppressive program. Overall design: Analysis of RNA isolated from human fibroblasts (IMR90) in proliferating, quiescent or senescent (HrasV12) conditions upon knockdown of Brd4, p65, p53, p53/RB, p16/21 or Vehicle and JQ1 treatment",GSM1917141: Quiescent IMR90 DMSO_2; Homo sapiens; RNA-Seq,Illumina HiSeq 2500,cell condition;;quiescent|cell line;;IMR90|cell type;;fetal lung fibroblasts|source_name;;IMR90 human fibrobasts|treatment;;DMSO 48h|viral transduction;;cotransduced with pWZL-Hygro and shRen,GEO Accession;;GSM1917141,GSM1917141,Quiescent IMR90 DMSO_2,CQ,Serum_starved CQ,serum-starved;0.1 % FBS;DMSO,4 days,DMSO,no,Fibroblast,Lung,no,no hTERT/immortal/SV40/telomerase mention in GEO sample or series record
SRR2932915,SRP065206,BRD4 connects enhancer remodeling to senescence immune surveillance (RNA-seq),paired,Illumina HiSeq 2500,Homo sapiens,IMR90,IMR-90,SRP065206,BRD4 connects enhancer remodeling to senescence immune surveillance (RNA-seq),"Cellular senescence is a homeostatic program associated with tumor suppression, wound healing, and certain age related pathologies. Senescent cells display a repressive chromatin configuration thought to stably silence proliferation-promoting genes, while at the same time activate an unusual form of immune surveillance involving a secretory program referred to as the senescence-associated secretory phenotype (SASP). Here we demonstrate that senescence also involves a global remodeling of the enhancer landscape with recruitment of the chromatin reader BRD4 to newly activated super-enhancers adjacent to key SASP genes. Transcriptional profiling and functional studies indicate that BRD4 is required for the SASP and downstream paracrine signaling. Consequently, BRD4 inhibition disrupts immune cell-mediated targeting and elimination of premalignant senescent cells in vitro and in vivo. Our results identify a critical role for BRD4-bound super-enhancers in senescence immune surveillance and in the proper execution of a tumor-suppressive program. Overall design: Analysis of RNA isolated from human fibroblasts (IMR90) in proliferating, quiescent or senescent (HrasV12) conditions upon knockdown of Brd4, p65, p53, p53/RB, p16/21 or Vehicle and JQ1 treatment",GSM1917142: Quiescent IMR90 DMSO_3; Homo sapiens; RNA-Seq,Illumina HiSeq 2500,cell condition;;quiescent|cell line;;IMR90|cell type;;fetal lung fibroblasts|source_name;;IMR90 human fibrobasts|treatment;;DMSO 48h|viral transduction;;cotransduced with pWZL-Hygro and shRen,GEO Accession;;GSM1917142,GSM1917142,Quiescent IMR90 DMSO_3,CQ,Serum_starved CQ,serum-starved;0.1 % FBS;DMSO,4 days,DMSO,no,Fibroblast,Lung,no,no hTERT/immortal/SV40/telomerase mention in GEO sample or series record
SRR1768044,SRP052706,Rapamycin induces chromosome reorganization and increases cytokine production in normal human fibroblasts,paired,Illumina Genome Analyzer IIx,Homo sapiens,foreskin 2DD,Primary,SRP052706,Rapamycin induces chromosome reorganization and increases cytokine production in normal human fibroblasts,"We report the effects of Rapamycin treatment on the transcriptome of normal human dermal fibroblasts isolated from foreskin (designated 2DD). We sequenced mRNA from 2 replicates of proliferative (PRO) quiescent (QUI, serum starved) or treated with 500nM Rapamycin for 5 days (RAP). Comparative analyses with PRO transcripts a baseline indicate that genes that changed expression from Rapamycin treated fibroblasts are significantly different from those of quiescence cells. Rapamycin treated cells showed a significant enrichment for cytokines from the Il-6 cascade. Overall design: Examination of mRNAs from proliferative, quiescent (serum starvation) and Rapamycin (5oonM, 5days) treated 2DD normal human dermal/foreskin fibroblasts.",GSM1588051: proliferative fibroblast 1; Homo sapiens; RNA-Seq,Illumina Genome Analyzer IIx,cell type;;proliferative fibroblast|source;;foreskin 2DD|source_name;;normal foreskin fibroblast,GEO Accession;;GSM1588051,GSM1588051,proliferative fibroblast 1,Proliferating,Proliferating,,,,no,Fibroblast,Foreskin,no,no hTERT/immortal/SV40/telomerase mention in GEO sample or series record
SRR1768045,SRP052706,Rapamycin induces chromosome reorganization and increases cytokine production in normal human fibroblasts,paired,Illumina Genome Analyzer IIx,Homo sapiens,foreskin 2DD,Primary,SRP052706,Rapamycin induces chromosome reorganization and increases cytokine production in normal human fibroblasts,"We report the effects of Rapamycin treatment on the transcriptome of normal human dermal fibroblasts isolated from foreskin (designated 2DD). We sequenced mRNA from 2 replicates of proliferative (PRO) quiescent (QUI, serum starved) or treated with 500nM Rapamycin for 5 days (RAP). Comparative analyses with PRO transcripts a baseline indicate that genes that changed expression from Rapamycin treated fibroblasts are significantly different from those of quiescence cells. Rapamycin treated cells showed a significant enrichment for cytokines from the Il-6 cascade. Overall design: Examination of mRNAs from proliferative, quiescent (serum starvation) and Rapamycin (5oonM, 5days) treated 2DD normal human dermal/foreskin fibroblasts.",GSM1588052: proliferative fibroblast 2; Homo sapiens; RNA-Seq,Illumina Genome Analyzer IIx,cell type;;proliferative fibroblast|source;;foreskin 2DD|source_name;;normal foreskin fibroblast,GEO Accession;;GSM1588052,GSM1588052,proliferative fibroblast 2,Proliferating,Proliferating,,,,no,Fibroblast,Foreskin,no,no hTERT/immortal/SV40/telomerase mention in GEO sample or series record
SRR1768046,SRP052706,Rapamycin induces chromosome reorganization and increases cytokine production in normal human fibroblasts,paired,Illumina Genome Analyzer IIx,Homo sapiens,foreskin 2DD,Primary,SRP052706,Rapamycin induces chromosome reorganization and increases cytokine production in normal human fibroblasts,"We report the effects of Rapamycin treatment on the transcriptome of normal human dermal fibroblasts isolated from foreskin (designated 2DD). We sequenced mRNA from 2 replicates of proliferative (PRO) quiescent (QUI, serum starved) or treated with 500nM Rapamycin for 5 days (RAP). Comparative analyses with PRO transcripts a baseline indicate that genes that changed expression from Rapamycin treated fibroblasts are significantly different from those of quiescence cells. Rapamycin treated cells showed a significant enrichment for cytokines from the Il-6 cascade. Overall design: Examination of mRNAs from proliferative, quiescent (serum starvation) and Rapamycin (5oonM, 5days) treated 2DD normal human dermal/foreskin fibroblasts.",GSM1588053: queiscent fibroblast 1; Homo sapiens; RNA-Seq,Illumina Genome Analyzer IIx,cell type;;queiscent fibroblast|source;;foreskin 2DD|source_name;;normal foreskin fibroblast,GEO Accession;;GSM1588053,GSM1588053,queiscent fibroblast 1,CQ,Serum_starved CQ,serum-starved;0.5 % FBS;DMSO,7 days,,no,Fibroblast,Foreskin,no,no hTERT/immortal/SV40/telomerase mention in GEO sample or series record
SRR1768047,SRP052706,Rapamycin induces chromosome reorganization and increases cytokine production in normal human fibroblasts,paired,Illumina Genome Analyzer IIx,Homo sapiens,foreskin 2DD,Primary,SRP052706,Rapamycin induces chromosome reorganization and increases cytokine production in normal human fibroblasts,"We report the effects of Rapamycin treatment on the transcriptome of normal human dermal fibroblasts isolated from foreskin (designated 2DD). We sequenced mRNA from 2 replicates of proliferative (PRO) quiescent (QUI, serum starved) or treated with 500nM Rapamycin for 5 days (RAP). Comparative analyses with PRO transcripts a baseline indicate that genes that changed expression from Rapamycin treated fibroblasts are significantly different from those of quiescence cells. Rapamycin treated cells showed a significant enrichment for cytokines from the Il-6 cascade. Overall design: Examination of mRNAs from proliferative, quiescent (serum starvation) and Rapamycin (5oonM, 5days) treated 2DD normal human dermal/foreskin fibroblasts.",GSM1588054: queiscent fibroblast 2; Homo sapiens; RNA-Seq,Illumina Genome Analyzer IIx,cell type;;queiscent fibroblast|source;;foreskin 2DD|source_name;;normal foreskin fibroblast,GEO Accession;;GSM1588054,GSM1588054,queiscent fibroblast 2,CQ,Serum_starved CQ,serum-starved;0.5 % FBS;DMSO,7 days,,no,Fibroblast,Foreskin,no,no hTERT/immortal/SV40/telomerase mention in GEO sample or series record
SRR7537847,SRP154382,Global mapping of polyadenylation site use in proliferating and quiescent (contact-inhibited and serum-starved) cells,single,Illumina HiSeq 2000,Homo sapiens,HDF 10-2,Primary,SRP154382,Global mapping of polyadenylation site use in proliferating and quiescent (contact-inhibited and serum-starved) cells,"Purpose: To determine genes that undergo alternative polyadenylation in proliferating versus quiescent fibroblasts. Methods: Three different biological replicates (fibroblast strains, 10-1, 12-1, and 12-2) were used for generating proliferating and quiescent (7-day contact inhibited and 7-day serum-starved) cells. RNA extracted from these cells were used for library preparation. cDNA fragments were enriched for the junction between the poly(A) site and the end of the 3'' UTR using a modified high throughput sequencing protocol (GnomeGen). cDNA libraries were created according to Gnome-Gen RNA-seq library preparation kit for RNA profiling except Amgen Ampure XP beads were used instead of the Gnome-gen size selector product to remove ligation reaction products before proceeding to the reverse transcription step.  The libraries were sequenced on an Illumina HiSeq 2000 instrument. The sequencing reaction wasa run for 147 cycles. Reads from pol(A) enriched cDNA libraries were aligned to the genome using the STAR alignment algorithm after the computational removal of untemplated adenosines. Results: Polyadenylation site selection was significantly altered in approximately 10% of genes in quiescent compared with proliferating fibroblasts.  Contact inhibited and serum starved fibroblasts had similar polyadenylation site selection profiles. Conclusions: Quiescence is associated with changes in polyadenylation site selection. Overall design: Three samples of proliferating fibroblasts, three samples of contact inhibited fibroblasts and three samples of 7-day serum starved fibroblasts were analyzed with polyadenylation site-enriched RNA-Seq.",GSM3291218: P_10-2; Homo sapiens; RNA-Seq,Illumina HiSeq 2000,cell growth conditions;;proliferating cells|cell type;;human dermal fibroblasts (foreskin)|source_name;;proliferating fibroblasts|strain;;10-2,GEO Accession;;GSM3291218,GSM3291218,P_10-2,Proliferating,Proliferating,,,,no,Fibroblast,Foreskin,no,no hTERT/immortal/SV40/telomerase mention in GEO sample or series record
SRR7537848,SRP154382,Global mapping of polyadenylation site use in proliferating and quiescent (contact-inhibited and serum-starved) cells,single,Illumina HiSeq 2000,Homo sapiens,HDF 10-2,Primary,SRP154382,Global mapping of polyadenylation site use in proliferating and quiescent (contact-inhibited and serum-starved) cells,"Purpose: To determine genes that undergo alternative polyadenylation in proliferating versus quiescent fibroblasts. Methods: Three different biological replicates (fibroblast strains, 10-1, 12-1, and 12-2) were used for generating proliferating and quiescent (7-day contact inhibited and 7-day serum-starved) cells. RNA extracted from these cells were used for library preparation. cDNA fragments were enriched for the junction between the poly(A) site and the end of the 3'' UTR using a modified high throughput sequencing protocol (GnomeGen). cDNA libraries were created according to Gnome-Gen RNA-seq library preparation kit for RNA profiling except Amgen Ampure XP beads were used instead of the Gnome-gen size selector product to remove ligation reaction products before proceeding to the reverse transcription step.  The libraries were sequenced on an Illumina HiSeq 2000 instrument. The sequencing reaction wasa run for 147 cycles. Reads from pol(A) enriched cDNA libraries were aligned to the genome using the STAR alignment algorithm after the computational removal of untemplated adenosines. Results: Polyadenylation site selection was significantly altered in approximately 10% of genes in quiescent compared with proliferating fibroblasts.  Contact inhibited and serum starved fibroblasts had similar polyadenylation site selection profiles. Conclusions: Quiescence is associated with changes in polyadenylation site selection. Overall design: Three samples of proliferating fibroblasts, three samples of contact inhibited fibroblasts and three samples of 7-day serum starved fibroblasts were analyzed with polyadenylation site-enriched RNA-Seq.",GSM3291219: P_12-1; Homo sapiens; RNA-Seq,Illumina HiSeq 2000,cell growth conditions;;proliferating cells|cell type;;human dermal fibroblasts (foreskin)|source_name;;proliferating fibroblasts|strain;;12-1,GEO Accession;;GSM3291219,GSM3291219,P_12-1,Proliferating,Proliferating,,,,no,Fibroblast,Foreskin,no,no hTERT/immortal/SV40/telomerase mention in GEO sample or series record
SRR7537849,SRP154382,Global mapping of polyadenylation site use in proliferating and quiescent (contact-inhibited and serum-starved) cells,single,Illumina HiSeq 2000,Homo sapiens,HDF 10-2,Primary,SRP154382,Global mapping of polyadenylation site use in proliferating and quiescent (contact-inhibited and serum-starved) cells,"Purpose: To determine genes that undergo alternative polyadenylation in proliferating versus quiescent fibroblasts. Methods: Three different biological replicates (fibroblast strains, 10-1, 12-1, and 12-2) were used for generating proliferating and quiescent (7-day contact inhibited and 7-day serum-starved) cells. RNA extracted from these cells were used for library preparation. cDNA fragments were enriched for the junction between the poly(A) site and the end of the 3'' UTR using a modified high throughput sequencing protocol (GnomeGen). cDNA libraries were created according to Gnome-Gen RNA-seq library preparation kit for RNA profiling except Amgen Ampure XP beads were used instead of the Gnome-gen size selector product to remove ligation reaction products before proceeding to the reverse transcription step.  The libraries were sequenced on an Illumina HiSeq 2000 instrument. The sequencing reaction wasa run for 147 cycles. Reads from pol(A) enriched cDNA libraries were aligned to the genome using the STAR alignment algorithm after the computational removal of untemplated adenosines. Results: Polyadenylation site selection was significantly altered in approximately 10% of genes in quiescent compared with proliferating fibroblasts.  Contact inhibited and serum starved fibroblasts had similar polyadenylation site selection profiles. Conclusions: Quiescence is associated with changes in polyadenylation site selection. Overall design: Three samples of proliferating fibroblasts, three samples of contact inhibited fibroblasts and three samples of 7-day serum starved fibroblasts were analyzed with polyadenylation site-enriched RNA-Seq.",GSM3291220: P_12-2; Homo sapiens; RNA-Seq,Illumina HiSeq 2000,cell growth conditions;;proliferating cells|cell type;;human dermal fibroblasts (foreskin)|source_name;;proliferating fibroblasts|strain;;12-2,GEO Accession;;GSM3291220,GSM3291220,P_12-2,Proliferating,Proliferating,,,,no,Fibroblast,Foreskin,no,no hTERT/immortal/SV40/telomerase mention in GEO sample or series record
SRR7537850,SRP154382,Global mapping of polyadenylation site use in proliferating and quiescent (contact-inhibited and serum-starved) cells,single,Illumina HiSeq 2000,Homo sapiens,HDF 10-2,Primary,SRP154382,Global mapping of polyadenylation site use in proliferating and quiescent (contact-inhibited and serum-starved) cells,"Purpose: To determine genes that undergo alternative polyadenylation in proliferating versus quiescent fibroblasts. Methods: Three different biological replicates (fibroblast strains, 10-1, 12-1, and 12-2) were used for generating proliferating and quiescent (7-day contact inhibited and 7-day serum-starved) cells. RNA extracted from these cells were used for library preparation. cDNA fragments were enriched for the junction between the poly(A) site and the end of the 3'' UTR using a modified high throughput sequencing protocol (GnomeGen). cDNA libraries were created according to Gnome-Gen RNA-seq library preparation kit for RNA profiling except Amgen Ampure XP beads were used instead of the Gnome-gen size selector product to remove ligation reaction products before proceeding to the reverse transcription step.  The libraries were sequenced on an Illumina HiSeq 2000 instrument. The sequencing reaction wasa run for 147 cycles. Reads from pol(A) enriched cDNA libraries were aligned to the genome using the STAR alignment algorithm after the computational removal of untemplated adenosines. Results: Polyadenylation site selection was significantly altered in approximately 10% of genes in quiescent compared with proliferating fibroblasts.  Contact inhibited and serum starved fibroblasts had similar polyadenylation site selection profiles. Conclusions: Quiescence is associated with changes in polyadenylation site selection. Overall design: Three samples of proliferating fibroblasts, three samples of contact inhibited fibroblasts and three samples of 7-day serum starved fibroblasts were analyzed with polyadenylation site-enriched RNA-Seq.",GSM3291221: 7dCI_10-2; Homo sapiens; RNA-Seq,Illumina HiSeq 2000,cell growth conditions;;7 day contact inhibited cells (quiescent)|cell type;;human dermal fibroblasts (foreskin)|source_name;;7-day contact inhibited_fibroblasts|strain;;10-2,GEO Accession;;GSM3291221,GSM3291221,7dCI_10-2,CQ,Contact_inhibited CQ,7 days,,,no,Fibroblast,Foreskin,no,no hTERT/immortal/SV40/telomerase mention in GEO sample or series record
SRR7537851,SRP154382,Global mapping of polyadenylation site use in proliferating and quiescent (contact-inhibited and serum-starved) cells,single,Illumina HiSeq 2000,Homo sapiens,HDF 10-2,Primary,SRP154382,Global mapping of polyadenylation site use in proliferating and quiescent (contact-inhibited and serum-starved) cells,"Purpose: To determine genes that undergo alternative polyadenylation in proliferating versus quiescent fibroblasts. Methods: Three different biological replicates (fibroblast strains, 10-1, 12-1, and 12-2) were used for generating proliferating and quiescent (7-day contact inhibited and 7-day serum-starved) cells. RNA extracted from these cells were used for library preparation. cDNA fragments were enriched for the junction between the poly(A) site and the end of the 3'' UTR using a modified high throughput sequencing protocol (GnomeGen). cDNA libraries were created according to Gnome-Gen RNA-seq library preparation kit for RNA profiling except Amgen Ampure XP beads were used instead of the Gnome-gen size selector product to remove ligation reaction products before proceeding to the reverse transcription step.  The libraries were sequenced on an Illumina HiSeq 2000 instrument. The sequencing reaction wasa run for 147 cycles. Reads from pol(A) enriched cDNA libraries were aligned to the genome using the STAR alignment algorithm after the computational removal of untemplated adenosines. Results: Polyadenylation site selection was significantly altered in approximately 10% of genes in quiescent compared with proliferating fibroblasts.  Contact inhibited and serum starved fibroblasts had similar polyadenylation site selection profiles. Conclusions: Quiescence is associated with changes in polyadenylation site selection. Overall design: Three samples of proliferating fibroblasts, three samples of contact inhibited fibroblasts and three samples of 7-day serum starved fibroblasts were analyzed with polyadenylation site-enriched RNA-Seq.",GSM3291222: 7dCI_12-1; Homo sapiens; RNA-Seq,Illumina HiSeq 2000,cell growth conditions;;7 day contact inhibited cells (quiescent)|cell type;;human dermal fibroblasts (foreskin)|source_name;;7-day contact inhibited_fibroblasts|strain;;12-1,GEO Accession;;GSM3291222,GSM3291222,7dCI_12-1,CQ,Contact_inhibited CQ,7 days,,,no,Fibroblast,Foreskin,no,no hTERT/immortal/SV40/telomerase mention in GEO sample or series record
SRR7537852,SRP154382,Global mapping of polyadenylation site use in proliferating and quiescent (contact-inhibited and serum-starved) cells,single,Illumina HiSeq 2000,Homo sapiens,HDF 10-2,Primary,SRP154382,Global mapping of polyadenylation site use in proliferating and quiescent (contact-inhibited and serum-starved) cells,"Purpose: To determine genes that undergo alternative polyadenylation in proliferating versus quiescent fibroblasts. Methods: Three different biological replicates (fibroblast strains, 10-1, 12-1, and 12-2) were used for generating proliferating and quiescent (7-day contact inhibited and 7-day serum-starved) cells. RNA extracted from these cells were used for library preparation. cDNA fragments were enriched for the junction between the poly(A) site and the end of the 3'' UTR using a modified high throughput sequencing protocol (GnomeGen). cDNA libraries were created according to Gnome-Gen RNA-seq library preparation kit for RNA profiling except Amgen Ampure XP beads were used instead of the Gnome-gen size selector product to remove ligation reaction products before proceeding to the reverse transcription step.  The libraries were sequenced on an Illumina HiSeq 2000 instrument. The sequencing reaction wasa run for 147 cycles. Reads from pol(A) enriched cDNA libraries were aligned to the genome using the STAR alignment algorithm after the computational removal of untemplated adenosines. Results: Polyadenylation site selection was significantly altered in approximately 10% of genes in quiescent compared with proliferating fibroblasts.  Contact inhibited and serum starved fibroblasts had similar polyadenylation site selection profiles. Conclusions: Quiescence is associated with changes in polyadenylation site selection. Overall design: Three samples of proliferating fibroblasts, three samples of contact inhibited fibroblasts and three samples of 7-day serum starved fibroblasts were analyzed with polyadenylation site-enriched RNA-Seq.",GSM3291223: 7dCI_12-2; Homo sapiens; RNA-Seq,Illumina HiSeq 2000,cell growth conditions;;7 day contact inhibited cells (quiescent)|cell type;;human dermal fibroblasts (foreskin)|source_name;;7-day contact inhibited_fibroblasts|strain;;12-2,GEO Accession;;GSM3291223,GSM3291223,7dCI_12-2,CQ,Contact_inhibited CQ,7 days,,,no,Fibroblast,Foreskin,no,no hTERT/immortal/SV40/telomerase mention in GEO sample or series record
SRR7537853,SRP154382,Global mapping of polyadenylation site use in proliferating and quiescent (contact-inhibited and serum-starved) cells,single,Illumina HiSeq 2000,Homo sapiens,HDF 10-2,Primary,SRP154382,Global mapping of polyadenylation site use in proliferating and quiescent (contact-inhibited and serum-starved) cells,"Purpose: To determine genes that undergo alternative polyadenylation in proliferating versus quiescent fibroblasts. Methods: Three different biological replicates (fibroblast strains, 10-1, 12-1, and 12-2) were used for generating proliferating and quiescent (7-day contact inhibited and 7-day serum-starved) cells. RNA extracted from these cells were used for library preparation. cDNA fragments were enriched for the junction between the poly(A) site and the end of the 3'' UTR using a modified high throughput sequencing protocol (GnomeGen). cDNA libraries were created according to Gnome-Gen RNA-seq library preparation kit for RNA profiling except Amgen Ampure XP beads were used instead of the Gnome-gen size selector product to remove ligation reaction products before proceeding to the reverse transcription step.  The libraries were sequenced on an Illumina HiSeq 2000 instrument. The sequencing reaction wasa run for 147 cycles. Reads from pol(A) enriched cDNA libraries were aligned to the genome using the STAR alignment algorithm after the computational removal of untemplated adenosines. Results: Polyadenylation site selection was significantly altered in approximately 10% of genes in quiescent compared with proliferating fibroblasts.  Contact inhibited and serum starved fibroblasts had similar polyadenylation site selection profiles. Conclusions: Quiescence is associated with changes in polyadenylation site selection. Overall design: Three samples of proliferating fibroblasts, three samples of contact inhibited fibroblasts and three samples of 7-day serum starved fibroblasts were analyzed with polyadenylation site-enriched RNA-Seq.",GSM3291224: 7dSS_10-2; Homo sapiens; RNA-Seq,Illumina HiSeq 2000,cell growth conditions;;7 day serum starved cells (quiescent)|cell type;;human dermal fibroblasts (foreskin)|source_name;;7-day serum-starved_fibroblasts|strain;;10-2,GEO Accession;;GSM3291224,GSM3291224,7dSS_10-2,CQ,Serum_starved CQ,7 days,,,no,Fibroblast,Foreskin,no,no hTERT/immortal/SV40/telomerase mention in GEO sample or series record
SRR7537854,SRP154382,Global mapping of polyadenylation site use in proliferating and quiescent (contact-inhibited and serum-starved) cells,single,Illumina HiSeq 2000,Homo sapiens,HDF 10-2,Primary,SRP154382,Global mapping of polyadenylation site use in proliferating and quiescent (contact-inhibited and serum-starved) cells,"Purpose: To determine genes that undergo alternative polyadenylation in proliferating versus quiescent fibroblasts. Methods: Three different biological replicates (fibroblast strains, 10-1, 12-1, and 12-2) were used for generating proliferating and quiescent (7-day contact inhibited and 7-day serum-starved) cells. RNA extracted from these cells were used for library preparation. cDNA fragments were enriched for the junction between the poly(A) site and the end of the 3'' UTR using a modified high throughput sequencing protocol (GnomeGen). cDNA libraries were created according to Gnome-Gen RNA-seq library preparation kit for RNA profiling except Amgen Ampure XP beads were used instead of the Gnome-gen size selector product to remove ligation reaction products before proceeding to the reverse transcription step.  The libraries were sequenced on an Illumina HiSeq 2000 instrument. The sequencing reaction wasa run for 147 cycles. Reads from pol(A) enriched cDNA libraries were aligned to the genome using the STAR alignment algorithm after the computational removal of untemplated adenosines. Results: Polyadenylation site selection was significantly altered in approximately 10% of genes in quiescent compared with proliferating fibroblasts.  Contact inhibited and serum starved fibroblasts had similar polyadenylation site selection profiles. Conclusions: Quiescence is associated with changes in polyadenylation site selection. Overall design: Three samples of proliferating fibroblasts, three samples of contact inhibited fibroblasts and three samples of 7-day serum starved fibroblasts were analyzed with polyadenylation site-enriched RNA-Seq.",GSM3291225: 7dSS_12-1; Homo sapiens; RNA-Seq,Illumina HiSeq 2000,cell growth conditions;;7 day serum starved cells (quiescent)|cell type;;human dermal fibroblasts (foreskin)|source_name;;7-day serum-starved_fibroblasts|strain;;12-1,GEO Accession;;GSM3291225,GSM3291225,7dSS_12-1,CQ,Serum_starved CQ,7 days,,,no,Fibroblast,Foreskin,no,no hTERT/immortal/SV40/telomerase mention in GEO sample or series record
SRR7537855,SRP154382,Global mapping of polyadenylation site use in proliferating and quiescent (contact-inhibited and serum-starved) cells,single,Illumina HiSeq 2000,Homo sapiens,HDF 10-2,Primary,SRP154382,Global mapping of polyadenylation site use in proliferating and quiescent (contact-inhibited and serum-starved) cells,"Purpose: To determine genes that undergo alternative polyadenylation in proliferating versus quiescent fibroblasts. Methods: Three different biological replicates (fibroblast strains, 10-1, 12-1, and 12-2) were used for generating proliferating and quiescent (7-day contact inhibited and 7-day serum-starved) cells. RNA extracted from these cells were used for library preparation. cDNA fragments were enriched for the junction between the poly(A) site and the end of the 3'' UTR using a modified high throughput sequencing protocol (GnomeGen). cDNA libraries were created according to Gnome-Gen RNA-seq library preparation kit for RNA profiling except Amgen Ampure XP beads were used instead of the Gnome-gen size selector product to remove ligation reaction products before proceeding to the reverse transcription step.  The libraries were sequenced on an Illumina HiSeq 2000 instrument. The sequencing reaction wasa run for 147 cycles. Reads from pol(A) enriched cDNA libraries were aligned to the genome using the STAR alignment algorithm after the computational removal of untemplated adenosines. Results: Polyadenylation site selection was significantly altered in approximately 10% of genes in quiescent compared with proliferating fibroblasts.  Contact inhibited and serum starved fibroblasts had similar polyadenylation site selection profiles. Conclusions: Quiescence is associated with changes in polyadenylation site selection. Overall design: Three samples of proliferating fibroblasts, three samples of contact inhibited fibroblasts and three samples of 7-day serum starved fibroblasts were analyzed with polyadenylation site-enriched RNA-Seq.",GSM3291226: 7dSS_12-2; Homo sapiens; RNA-Seq,Illumina HiSeq 2000,cell growth conditions;;7 day serum starved cells (quiescent)|cell type;;human dermal fibroblasts (foreskin)|source_name;;7-day serum-starved_fibroblasts|strain;;12-2,GEO Accession;;GSM3291226,GSM3291226,7dSS_12-2,CQ,Serum_starved CQ,7 days,,,no,Fibroblast,Foreskin,no,no hTERT/immortal/SV40/telomerase mention in GEO sample or series record
SRR5169351,SRP096629,RNAseq of quiescent (Q) and stress induced premature senescent (SIPS) fibroblasts treated with plant extract (1201) from Solidago vigaurea subspecies alpestris,single,Illumina HiSeq 2500,Homo sapiens,HDF161,Primary,SRP096629,RNAseq of quiescent (Q) and stress induced premature senescent (SIPS) fibroblasts treated with plant extract (1201) from Solidago vigaurea subspecies alpestris,"Quiescent (Q) and stress induced premature senescent (SIPS) fibroblasts were treated for the duration of 4 days with growth medium supplemented with a plant extract (1201) from Solidago vigaurea subspecies alpestris. Rna was isolated with Trizol and sent to GATC for next generation sequencing with Ilumina technology. The plant extract proofed to block the negative effects of senescence in human skin fibroblasts in various experiments by delaying the acquisition of a senescent phenotype/favouring a papillary-like phenotype and attenuating the senescence associated secretory phenotype. The RNAseq was performed to understand the underlying molecular mechanism of the observed effects. SIPS was induced by chronic oxidative stress treatment (9 days with 1 h 100 µM H2O2 per day). Overall design: 12 samples in total. Quiescent cells (Q), quiescent cells treated with 1201 for 4 days (Q1201), stress induced premature senescent cells (SIPS) and stress induced premature senescent cells treated with 1201 for 4 days (SIPS1201), all conditions in triplicates. Quiescent cells are considered the appropiate control for senescent cells.",GSM2454318: Q_1; Homo sapiens; RNA-Seq,Illumina HiSeq 2500,cell line;;HDF161|cells type;;human dermal fibroblasts|population doubling;;15|source_name;;dermis from human abdominoplasty,GEO Accession;;GSM2454318,GSM2454318,Q_1,CQ,Contact_inhibited CQ,contact-inhibited,,,no,Fibroblast,Skin,no,no hTERT/immortal/SV40/telomerase mention in GEO sample or series record
SRR5169352,SRP096629,RNAseq of quiescent (Q) and stress induced premature senescent (SIPS) fibroblasts treated with plant extract (1201) from Solidago vigaurea subspecies alpestris,single,Illumina HiSeq 2500,Homo sapiens,HDF161,Primary,SRP096629,RNAseq of quiescent (Q) and stress induced premature senescent (SIPS) fibroblasts treated with plant extract (1201) from Solidago vigaurea subspecies alpestris,"Quiescent (Q) and stress induced premature senescent (SIPS) fibroblasts were treated for the duration of 4 days with growth medium supplemented with a plant extract (1201) from Solidago vigaurea subspecies alpestris. Rna was isolated with Trizol and sent to GATC for next generation sequencing with Ilumina technology. The plant extract proofed to block the negative effects of senescence in human skin fibroblasts in various experiments by delaying the acquisition of a senescent phenotype/favouring a papillary-like phenotype and attenuating the senescence associated secretory phenotype. The RNAseq was performed to understand the underlying molecular mechanism of the observed effects. SIPS was induced by chronic oxidative stress treatment (9 days with 1 h 100 µM H2O2 per day). Overall design: 12 samples in total. Quiescent cells (Q), quiescent cells treated with 1201 for 4 days (Q1201), stress induced premature senescent cells (SIPS) and stress induced premature senescent cells treated with 1201 for 4 days (SIPS1201), all conditions in triplicates. Quiescent cells are considered the appropiate control for senescent cells.",GSM2454319: Q_2; Homo sapiens; RNA-Seq,Illumina HiSeq 2500,cell line;;HDF161|cells type;;human dermal fibroblasts|population doubling;;15|source_name;;dermis from human abdominoplasty,GEO Accession;;GSM2454319,GSM2454319,Q_2,CQ,Contact_inhibited CQ,contact-inhibited,,,no,Fibroblast,Skin,no,no hTERT/immortal/SV40/telomerase mention in GEO sample or series record
SRR5169354,SRP096629,RNAseq of quiescent (Q) and stress induced premature senescent (SIPS) fibroblasts treated with plant extract (1201) from Solidago vigaurea subspecies alpestris,single,Illumina HiSeq 2500,Homo sapiens,HDF161,Primary,SRP096629,RNAseq of quiescent (Q) and stress induced premature senescent (SIPS) fibroblasts treated with plant extract (1201) from Solidago vigaurea subspecies alpestris,"Quiescent (Q) and stress induced premature senescent (SIPS) fibroblasts were treated for the duration of 4 days with growth medium supplemented with a plant extract (1201) from Solidago vigaurea subspecies alpestris. Rna was isolated with Trizol and sent to GATC for next generation sequencing with Ilumina technology. The plant extract proofed to block the negative effects of senescence in human skin fibroblasts in various experiments by delaying the acquisition of a senescent phenotype/favouring a papillary-like phenotype and attenuating the senescence associated secretory phenotype. The RNAseq was performed to understand the underlying molecular mechanism of the observed effects. SIPS was induced by chronic oxidative stress treatment (9 days with 1 h 100 µM H2O2 per day). Overall design: 12 samples in total. Quiescent cells (Q), quiescent cells treated with 1201 for 4 days (Q1201), stress induced premature senescent cells (SIPS) and stress induced premature senescent cells treated with 1201 for 4 days (SIPS1201), all conditions in triplicates. Quiescent cells are considered the appropiate control for senescent cells.",GSM2454320: Q_3; Homo sapiens; RNA-Seq,Illumina HiSeq 2500,cell line;;HDF161|cells type;;human dermal fibroblasts|population doubling;;15|source_name;;dermis from human abdominoplasty,GEO Accession;;GSM2454320,GSM2454320,Q_3,CQ,Contact_inhibited CQ,contact-inhibited,,,no,Fibroblast,Skin,no,no hTERT/immortal/SV40/telomerase mention in GEO sample or series record
SRR2970873,SRP066947,Massive reshaping of genome - nuclear lamina interactions during oncogene induced senescence,single,Illumina HiSeq 2000,Homo sapiens,Tig3ET,TIG-3,SRP066947,Massive reshaping of genome - nuclear lamina interactions during oncogene induced senescence,"Background. Cellular senescence is a mechanism that virtually irreversibly suppresses the proliferative capacity of cells in response to various stress signals. This includes the expression of activated oncogenes, which cause Oncogene-Induced Senescence (OIS). A body of evidence points to the involvement of chromatin reorganization, including the formation of senescence-associated heterochromatic foci (SAHF). The nuclear lamina (NL) is an important contributor to genome organization and has been involved in cellular senescence and organismal aging. It interacts with multiple regions of the genome called lamina-associated domains (LADs). Some LADs are cell type-specific, while others are conserved between cell types and are referred to as constitutive LADs. Here, we used DamID to investigate the changes in genome-NL interactions in a model of OIS triggered by the expression of the BRAFV600E oncogene.Results. We found that OIS cells lose most of their constitutive LADs (cLADS), suggesting the loss of a specific mechanism that targets cLADs to the NL. In addition, multiple genes relocated to the NL. Unexpectedly, they were not repressed, implying the abrogation of the repressive activity of the NL during OIS. Finally, OIS cells displayed an increased association of telomeres with the NL.Conclusions. Our study reveals that senescent cells acquire a new type of LAD organization and suggest the existence of as yet unknown mechanisms that tether cLADs to the NL and repress gene expression at the NL.",GSM1961158: Cycling Day 4 Rep 1; Homo sapiens; RNA-Seq,Illumina HiSeq 2000,cell line;;Tig3|cell type;;diploid embryonic lung fibroblasts|day treament;;4|source_name;;Cycling Day 4|time point;;4days after transduction|transduced with;;empty vector (cycling),GEO Accession;;GSM1961158,GSM1961158,Cycling Day 4 Rep 1,Proliferating,Proliferating,,,Empty vector,yes,Fibroblast,Lung,no,"Sample_treatment_protocol: 'Human diploid fibroblast Tig3 cells expressing the ecotropic receptor, hTERT'; Genome Res 27:1634 calls it 'hTERT-immortalized Tig3 fibroblasts (Tig3ET)'"
SRR2970876,SRP066947,Massive reshaping of genome - nuclear lamina interactions during oncogene induced senescence,single,Illumina HiSeq 2000,Homo sapiens,Tig3ET,TIG-3,SRP066947,Massive reshaping of genome - nuclear lamina interactions during oncogene induced senescence,"Background. Cellular senescence is a mechanism that virtually irreversibly suppresses the proliferative capacity of cells in response to various stress signals. This includes the expression of activated oncogenes, which cause Oncogene-Induced Senescence (OIS). A body of evidence points to the involvement of chromatin reorganization, including the formation of senescence-associated heterochromatic foci (SAHF). The nuclear lamina (NL) is an important contributor to genome organization and has been involved in cellular senescence and organismal aging. It interacts with multiple regions of the genome called lamina-associated domains (LADs). Some LADs are cell type-specific, while others are conserved between cell types and are referred to as constitutive LADs. Here, we used DamID to investigate the changes in genome-NL interactions in a model of OIS triggered by the expression of the BRAFV600E oncogene.Results. We found that OIS cells lose most of their constitutive LADs (cLADS), suggesting the loss of a specific mechanism that targets cLADs to the NL. In addition, multiple genes relocated to the NL. Unexpectedly, they were not repressed, implying the abrogation of the repressive activity of the NL during OIS. Finally, OIS cells displayed an increased association of telomeres with the NL.Conclusions. Our study reveals that senescent cells acquire a new type of LAD organization and suggest the existence of as yet unknown mechanisms that tether cLADs to the NL and repress gene expression at the NL.",GSM1961161: Cycling Day 10 Rep 1; Homo sapiens; RNA-Seq,Illumina HiSeq 2000,cell line;;Tig3|cell type;;diploid embryonic lung fibroblasts|day treament;;10|source_name;;Cycling Day 10|time point;;10days after transduction|transduced with;;empty vector (cycling),GEO Accession;;GSM1961161,GSM1961161,Cycling Day 10 Rep 1,Proliferating,Proliferating,,,Empty vector,yes,Fibroblast,Lung,no,"Sample_treatment_protocol: 'Human diploid fibroblast Tig3 cells expressing the ecotropic receptor, hTERT'; Genome Res 27:1634 calls it 'hTERT-immortalized Tig3 fibroblasts (Tig3ET)'"
SRR2970879,SRP066947,Massive reshaping of genome - nuclear lamina interactions during oncogene induced senescence,single,Illumina HiSeq 2000,Homo sapiens,Tig3ET,TIG-3,SRP066947,Massive reshaping of genome - nuclear lamina interactions during oncogene induced senescence,"Background. Cellular senescence is a mechanism that virtually irreversibly suppresses the proliferative capacity of cells in response to various stress signals. This includes the expression of activated oncogenes, which cause Oncogene-Induced Senescence (OIS). A body of evidence points to the involvement of chromatin reorganization, including the formation of senescence-associated heterochromatic foci (SAHF). The nuclear lamina (NL) is an important contributor to genome organization and has been involved in cellular senescence and organismal aging. It interacts with multiple regions of the genome called lamina-associated domains (LADs). Some LADs are cell type-specific, while others are conserved between cell types and are referred to as constitutive LADs. Here, we used DamID to investigate the changes in genome-NL interactions in a model of OIS triggered by the expression of the BRAFV600E oncogene.Results. We found that OIS cells lose most of their constitutive LADs (cLADS), suggesting the loss of a specific mechanism that targets cLADs to the NL. In addition, multiple genes relocated to the NL. Unexpectedly, they were not repressed, implying the abrogation of the repressive activity of the NL during OIS. Finally, OIS cells displayed an increased association of telomeres with the NL.Conclusions. Our study reveals that senescent cells acquire a new type of LAD organization and suggest the existence of as yet unknown mechanisms that tether cLADs to the NL and repress gene expression at the NL.",GSM1961164: Cycling Day 4 Rep 2; Homo sapiens; RNA-Seq,Illumina HiSeq 2000,cell line;;Tig3|cell type;;diploid embryonic lung fibroblasts|day treament;;4|source_name;;Cycling Day 4|time point;;4days after transduction|transduced with;;empty vector (cycling),GEO Accession;;GSM1961164,GSM1961164,Cycling Day 4 Rep 2,Proliferating,Proliferating,,,Empty vector,yes,Fibroblast,Lung,no,"Sample_treatment_protocol: 'Human diploid fibroblast Tig3 cells expressing the ecotropic receptor, hTERT'; Genome Res 27:1634 calls it 'hTERT-immortalized Tig3 fibroblasts (Tig3ET)'"
SRR2970882,SRP066947,Massive reshaping of genome - nuclear lamina interactions during oncogene induced senescence,single,Illumina HiSeq 2000,Homo sapiens,Tig3ET,TIG-3,SRP066947,Massive reshaping of genome - nuclear lamina interactions during oncogene induced senescence,"Background. Cellular senescence is a mechanism that virtually irreversibly suppresses the proliferative capacity of cells in response to various stress signals. This includes the expression of activated oncogenes, which cause Oncogene-Induced Senescence (OIS). A body of evidence points to the involvement of chromatin reorganization, including the formation of senescence-associated heterochromatic foci (SAHF). The nuclear lamina (NL) is an important contributor to genome organization and has been involved in cellular senescence and organismal aging. It interacts with multiple regions of the genome called lamina-associated domains (LADs). Some LADs are cell type-specific, while others are conserved between cell types and are referred to as constitutive LADs. Here, we used DamID to investigate the changes in genome-NL interactions in a model of OIS triggered by the expression of the BRAFV600E oncogene.Results. We found that OIS cells lose most of their constitutive LADs (cLADS), suggesting the loss of a specific mechanism that targets cLADs to the NL. In addition, multiple genes relocated to the NL. Unexpectedly, they were not repressed, implying the abrogation of the repressive activity of the NL during OIS. Finally, OIS cells displayed an increased association of telomeres with the NL.Conclusions. Our study reveals that senescent cells acquire a new type of LAD organization and suggest the existence of as yet unknown mechanisms that tether cLADs to the NL and repress gene expression at the NL.",GSM1961167: Cycling Day 10 Rep 2; Homo sapiens; RNA-Seq,Illumina HiSeq 2000,cell line;;Tig3|cell type;;diploid embryonic lung fibroblasts|day treament;;10|source_name;;Cycling Day 10|time point;;10days after transduction|transduced with;;empty vector (cycling),GEO Accession;;GSM1961167,GSM1961167,Cycling Day 10 Rep 2,Proliferating,Proliferating,,,Empty vector,yes,Fibroblast,Lung,no,"Sample_treatment_protocol: 'Human diploid fibroblast Tig3 cells expressing the ecotropic receptor, hTERT'; Genome Res 27:1634 calls it 'hTERT-immortalized Tig3 fibroblasts (Tig3ET)'"
SRR2970885,SRP066947,Massive reshaping of genome - nuclear lamina interactions during oncogene induced senescence,single,Illumina HiSeq 2000,Homo sapiens,Tig3ET,TIG-3,SRP066947,Massive reshaping of genome - nuclear lamina interactions during oncogene induced senescence,"Background. Cellular senescence is a mechanism that virtually irreversibly suppresses the proliferative capacity of cells in response to various stress signals. This includes the expression of activated oncogenes, which cause Oncogene-Induced Senescence (OIS). A body of evidence points to the involvement of chromatin reorganization, including the formation of senescence-associated heterochromatic foci (SAHF). The nuclear lamina (NL) is an important contributor to genome organization and has been involved in cellular senescence and organismal aging. It interacts with multiple regions of the genome called lamina-associated domains (LADs). Some LADs are cell type-specific, while others are conserved between cell types and are referred to as constitutive LADs. Here, we used DamID to investigate the changes in genome-NL interactions in a model of OIS triggered by the expression of the BRAFV600E oncogene.Results. We found that OIS cells lose most of their constitutive LADs (cLADS), suggesting the loss of a specific mechanism that targets cLADs to the NL. In addition, multiple genes relocated to the NL. Unexpectedly, they were not repressed, implying the abrogation of the repressive activity of the NL during OIS. Finally, OIS cells displayed an increased association of telomeres with the NL.Conclusions. Our study reveals that senescent cells acquire a new type of LAD organization and suggest the existence of as yet unknown mechanisms that tether cLADs to the NL and repress gene expression at the NL.",GSM1961170: Cycling Day 4 Rep 3; Homo sapiens; RNA-Seq,Illumina HiSeq 2000,cell line;;Tig3|cell type;;diploid embryonic lung fibroblasts|day treament;;4|source_name;;Cycling Day 4|time point;;4days after transduction|transduced with;;empty vector (cycling),GEO Accession;;GSM1961170,GSM1961170,Cycling Day 4 Rep 3,Proliferating,Proliferating,,,Empty vector,yes,Fibroblast,Lung,no,"Sample_treatment_protocol: 'Human diploid fibroblast Tig3 cells expressing the ecotropic receptor, hTERT'; Genome Res 27:1634 calls it 'hTERT-immortalized Tig3 fibroblasts (Tig3ET)'"
SRR2970888,SRP066947,Massive reshaping of genome - nuclear lamina interactions during oncogene induced senescence,single,Illumina HiSeq 2000,Homo sapiens,Tig3ET,TIG-3,SRP066947,Massive reshaping of genome - nuclear lamina interactions during oncogene induced senescence,"Background. Cellular senescence is a mechanism that virtually irreversibly suppresses the proliferative capacity of cells in response to various stress signals. This includes the expression of activated oncogenes, which cause Oncogene-Induced Senescence (OIS). A body of evidence points to the involvement of chromatin reorganization, including the formation of senescence-associated heterochromatic foci (SAHF). The nuclear lamina (NL) is an important contributor to genome organization and has been involved in cellular senescence and organismal aging. It interacts with multiple regions of the genome called lamina-associated domains (LADs). Some LADs are cell type-specific, while others are conserved between cell types and are referred to as constitutive LADs. Here, we used DamID to investigate the changes in genome-NL interactions in a model of OIS triggered by the expression of the BRAFV600E oncogene.Results. We found that OIS cells lose most of their constitutive LADs (cLADS), suggesting the loss of a specific mechanism that targets cLADs to the NL. In addition, multiple genes relocated to the NL. Unexpectedly, they were not repressed, implying the abrogation of the repressive activity of the NL during OIS. Finally, OIS cells displayed an increased association of telomeres with the NL.Conclusions. Our study reveals that senescent cells acquire a new type of LAD organization and suggest the existence of as yet unknown mechanisms that tether cLADs to the NL and repress gene expression at the NL.",GSM1961173: Cycling Day 10 Rep 3; Homo sapiens; RNA-Seq,Illumina HiSeq 2000,cell line;;Tig3|cell type;;diploid embryonic lung fibroblasts|day treament;;10|source_name;;Cycling Day 10|time point;;10days after transduction|transduced with;;empty vector (cycling),GEO Accession;;GSM1961173,GSM1961173,Cycling Day 10 Rep 3,Proliferating,Proliferating,,,Empty vector,yes,Fibroblast,Lung,no,"Sample_treatment_protocol: 'Human diploid fibroblast Tig3 cells expressing the ecotropic receptor, hTERT'; Genome Res 27:1634 calls it 'hTERT-immortalized Tig3 fibroblasts (Tig3ET)'"
SRR2970891,SRP066947,Massive reshaping of genome - nuclear lamina interactions during oncogene induced senescence,single,Illumina HiSeq 2000,Homo sapiens,Tig3ET,TIG-3,SRP066947,Massive reshaping of genome - nuclear lamina interactions during oncogene induced senescence,"Background. Cellular senescence is a mechanism that virtually irreversibly suppresses the proliferative capacity of cells in response to various stress signals. This includes the expression of activated oncogenes, which cause Oncogene-Induced Senescence (OIS). A body of evidence points to the involvement of chromatin reorganization, including the formation of senescence-associated heterochromatic foci (SAHF). The nuclear lamina (NL) is an important contributor to genome organization and has been involved in cellular senescence and organismal aging. It interacts with multiple regions of the genome called lamina-associated domains (LADs). Some LADs are cell type-specific, while others are conserved between cell types and are referred to as constitutive LADs. Here, we used DamID to investigate the changes in genome-NL interactions in a model of OIS triggered by the expression of the BRAFV600E oncogene.Results. We found that OIS cells lose most of their constitutive LADs (cLADS), suggesting the loss of a specific mechanism that targets cLADs to the NL. In addition, multiple genes relocated to the NL. Unexpectedly, they were not repressed, implying the abrogation of the repressive activity of the NL during OIS. Finally, OIS cells displayed an increased association of telomeres with the NL.Conclusions. Our study reveals that senescent cells acquire a new type of LAD organization and suggest the existence of as yet unknown mechanisms that tether cLADs to the NL and repress gene expression at the NL.",GSM1961176: Cycling Control Serum 1; Homo sapiens; RNA-Seq,Illumina HiSeq 2000,cell line;;Tig3|cell type;;diploid embryonic lung fibroblasts|cultured in;;9% FBS DMEM medium for 10 days (cycling)|day treament;;10|source_name;;Cycling Control Serum,GEO Accession;;GSM1961176,GSM1961176,Cycling Control Serum 1,Proliferating,Proliferating,,,,yes,Fibroblast,Lung,no,"Sample_treatment_protocol: 'Human diploid fibroblast Tig3 cells expressing the ecotropic receptor, hTERT'; Genome Res 27:1634 calls it 'hTERT-immortalized Tig3 fibroblasts (Tig3ET)'"
SRR2970892,SRP066947,Massive reshaping of genome - nuclear lamina interactions during oncogene induced senescence,single,Illumina HiSeq 2000,Homo sapiens,Tig3ET,TIG-3,SRP066947,Massive reshaping of genome - nuclear lamina interactions during oncogene induced senescence,"Background. Cellular senescence is a mechanism that virtually irreversibly suppresses the proliferative capacity of cells in response to various stress signals. This includes the expression of activated oncogenes, which cause Oncogene-Induced Senescence (OIS). A body of evidence points to the involvement of chromatin reorganization, including the formation of senescence-associated heterochromatic foci (SAHF). The nuclear lamina (NL) is an important contributor to genome organization and has been involved in cellular senescence and organismal aging. It interacts with multiple regions of the genome called lamina-associated domains (LADs). Some LADs are cell type-specific, while others are conserved between cell types and are referred to as constitutive LADs. Here, we used DamID to investigate the changes in genome-NL interactions in a model of OIS triggered by the expression of the BRAFV600E oncogene.Results. We found that OIS cells lose most of their constitutive LADs (cLADS), suggesting the loss of a specific mechanism that targets cLADs to the NL. In addition, multiple genes relocated to the NL. Unexpectedly, they were not repressed, implying the abrogation of the repressive activity of the NL during OIS. Finally, OIS cells displayed an increased association of telomeres with the NL.Conclusions. Our study reveals that senescent cells acquire a new type of LAD organization and suggest the existence of as yet unknown mechanisms that tether cLADs to the NL and repress gene expression at the NL.",GSM1961177: Quiescent Serum Starvation 1; Homo sapiens; RNA-Seq,Illumina HiSeq 2000,cell line;;Tig3|cell type;;diploid embryonic lung fibroblasts|cultured in;;0% FBS DMEM medium for 10 days (quiescent)|day treament;;10|source_name;;Quiescent Serum Starvation,GEO Accession;;GSM1961177,GSM1961177,Quiescent Serum Starvation 1,CQ,Serum_starved CQ,serum-starved;0 % FBS,10 days,,yes,Fibroblast,Lung,no,"Sample_treatment_protocol: 'Human diploid fibroblast Tig3 cells expressing the ecotropic receptor, hTERT'; Genome Res 27:1634 calls it 'hTERT-immortalized Tig3 fibroblasts (Tig3ET)'"
SRR2970893,SRP066947,Massive reshaping of genome - nuclear lamina interactions during oncogene induced senescence,single,Illumina HiSeq 2000,Homo sapiens,Tig3ET,TIG-3,SRP066947,Massive reshaping of genome - nuclear lamina interactions during oncogene induced senescence,"Background. Cellular senescence is a mechanism that virtually irreversibly suppresses the proliferative capacity of cells in response to various stress signals. This includes the expression of activated oncogenes, which cause Oncogene-Induced Senescence (OIS). A body of evidence points to the involvement of chromatin reorganization, including the formation of senescence-associated heterochromatic foci (SAHF). The nuclear lamina (NL) is an important contributor to genome organization and has been involved in cellular senescence and organismal aging. It interacts with multiple regions of the genome called lamina-associated domains (LADs). Some LADs are cell type-specific, while others are conserved between cell types and are referred to as constitutive LADs. Here, we used DamID to investigate the changes in genome-NL interactions in a model of OIS triggered by the expression of the BRAFV600E oncogene.Results. We found that OIS cells lose most of their constitutive LADs (cLADS), suggesting the loss of a specific mechanism that targets cLADs to the NL. In addition, multiple genes relocated to the NL. Unexpectedly, they were not repressed, implying the abrogation of the repressive activity of the NL during OIS. Finally, OIS cells displayed an increased association of telomeres with the NL.Conclusions. Our study reveals that senescent cells acquire a new type of LAD organization and suggest the existence of as yet unknown mechanisms that tether cLADs to the NL and repress gene expression at the NL.",GSM1961178: Cycling Control Serum 2; Homo sapiens; RNA-Seq,Illumina HiSeq 2000,cell line;;Tig3|cell type;;diploid embryonic lung fibroblasts|cultured in;;9% FBS DMEM medium for 10 days (cycling)|day treament;;10|source_name;;Cycling Control Serum,GEO Accession;;GSM1961178,GSM1961178,Cycling Control Serum 2,Proliferating,Proliferating,,,,yes,Fibroblast,Lung,no,"Sample_treatment_protocol: 'Human diploid fibroblast Tig3 cells expressing the ecotropic receptor, hTERT'; Genome Res 27:1634 calls it 'hTERT-immortalized Tig3 fibroblasts (Tig3ET)'"
SRR2970894,SRP066947,Massive reshaping of genome - nuclear lamina interactions during oncogene induced senescence,single,Illumina HiSeq 2000,Homo sapiens,Tig3ET,TIG-3,SRP066947,Massive reshaping of genome - nuclear lamina interactions during oncogene induced senescence,"Background. Cellular senescence is a mechanism that virtually irreversibly suppresses the proliferative capacity of cells in response to various stress signals. This includes the expression of activated oncogenes, which cause Oncogene-Induced Senescence (OIS). A body of evidence points to the involvement of chromatin reorganization, including the formation of senescence-associated heterochromatic foci (SAHF). The nuclear lamina (NL) is an important contributor to genome organization and has been involved in cellular senescence and organismal aging. It interacts with multiple regions of the genome called lamina-associated domains (LADs). Some LADs are cell type-specific, while others are conserved between cell types and are referred to as constitutive LADs. Here, we used DamID to investigate the changes in genome-NL interactions in a model of OIS triggered by the expression of the BRAFV600E oncogene.Results. We found that OIS cells lose most of their constitutive LADs (cLADS), suggesting the loss of a specific mechanism that targets cLADs to the NL. In addition, multiple genes relocated to the NL. Unexpectedly, they were not repressed, implying the abrogation of the repressive activity of the NL during OIS. Finally, OIS cells displayed an increased association of telomeres with the NL.Conclusions. Our study reveals that senescent cells acquire a new type of LAD organization and suggest the existence of as yet unknown mechanisms that tether cLADs to the NL and repress gene expression at the NL.",GSM1961179: Quiescent Serum Starvation 2; Homo sapiens; RNA-Seq,Illumina HiSeq 2000,cell line;;Tig3|cell type;;diploid embryonic lung fibroblasts|cultured in;;0% FBS DMEM medium for 10 days (quiescent)|day treament;;10|source_name;;Quiescent Serum Starvation,GEO Accession;;GSM1961179,GSM1961179,Quiescent Serum Starvation 2,CQ,Serum_starved CQ,serum-starved;0 % FBS,10 days,,yes,Fibroblast,Lung,no,"Sample_treatment_protocol: 'Human diploid fibroblast Tig3 cells expressing the ecotropic receptor, hTERT'; Genome Res 27:1634 calls it 'hTERT-immortalized Tig3 fibroblasts (Tig3ET)'"
SRR2970895,SRP066947,Massive reshaping of genome - nuclear lamina interactions during oncogene induced senescence,single,Illumina HiSeq 2000,Homo sapiens,Tig3ET,TIG-3,SRP066947,Massive reshaping of genome - nuclear lamina interactions during oncogene induced senescence,"Background. Cellular senescence is a mechanism that virtually irreversibly suppresses the proliferative capacity of cells in response to various stress signals. This includes the expression of activated oncogenes, which cause Oncogene-Induced Senescence (OIS). A body of evidence points to the involvement of chromatin reorganization, including the formation of senescence-associated heterochromatic foci (SAHF). The nuclear lamina (NL) is an important contributor to genome organization and has been involved in cellular senescence and organismal aging. It interacts with multiple regions of the genome called lamina-associated domains (LADs). Some LADs are cell type-specific, while others are conserved between cell types and are referred to as constitutive LADs. Here, we used DamID to investigate the changes in genome-NL interactions in a model of OIS triggered by the expression of the BRAFV600E oncogene.Results. We found that OIS cells lose most of their constitutive LADs (cLADS), suggesting the loss of a specific mechanism that targets cLADs to the NL. In addition, multiple genes relocated to the NL. Unexpectedly, they were not repressed, implying the abrogation of the repressive activity of the NL during OIS. Finally, OIS cells displayed an increased association of telomeres with the NL.Conclusions. Our study reveals that senescent cells acquire a new type of LAD organization and suggest the existence of as yet unknown mechanisms that tether cLADs to the NL and repress gene expression at the NL.",GSM1961180: Cycling Control Serum 3; Homo sapiens; RNA-Seq,Illumina HiSeq 2000,cell line;;Tig3|cell type;;diploid embryonic lung fibroblasts|cultured in;;9% FBS DMEM medium for 10 days (cycling)|day treament;;10|source_name;;Cycling Control Serum,GEO Accession;;GSM1961180,GSM1961180,Cycling Control Serum 3,Proliferating,Proliferating,,,,yes,Fibroblast,Lung,no,"Sample_treatment_protocol: 'Human diploid fibroblast Tig3 cells expressing the ecotropic receptor, hTERT'; Genome Res 27:1634 calls it 'hTERT-immortalized Tig3 fibroblasts (Tig3ET)'"
SRR2970896,SRP066947,Massive reshaping of genome - nuclear lamina interactions during oncogene induced senescence,single,Illumina HiSeq 2000,Homo sapiens,Tig3ET,TIG-3,SRP066947,Massive reshaping of genome - nuclear lamina interactions during oncogene induced senescence,"Background. Cellular senescence is a mechanism that virtually irreversibly suppresses the proliferative capacity of cells in response to various stress signals. This includes the expression of activated oncogenes, which cause Oncogene-Induced Senescence (OIS). A body of evidence points to the involvement of chromatin reorganization, including the formation of senescence-associated heterochromatic foci (SAHF). The nuclear lamina (NL) is an important contributor to genome organization and has been involved in cellular senescence and organismal aging. It interacts with multiple regions of the genome called lamina-associated domains (LADs). Some LADs are cell type-specific, while others are conserved between cell types and are referred to as constitutive LADs. Here, we used DamID to investigate the changes in genome-NL interactions in a model of OIS triggered by the expression of the BRAFV600E oncogene.Results. We found that OIS cells lose most of their constitutive LADs (cLADS), suggesting the loss of a specific mechanism that targets cLADs to the NL. In addition, multiple genes relocated to the NL. Unexpectedly, they were not repressed, implying the abrogation of the repressive activity of the NL during OIS. Finally, OIS cells displayed an increased association of telomeres with the NL.Conclusions. Our study reveals that senescent cells acquire a new type of LAD organization and suggest the existence of as yet unknown mechanisms that tether cLADs to the NL and repress gene expression at the NL.",GSM1961181: Quiescent Serum Starvation 3; Homo sapiens; RNA-Seq,Illumina HiSeq 2000,cell line;;Tig3|cell type;;diploid embryonic lung fibroblasts|cultured in;;0% FBS DMEM medium for 10 days (quiescent)|day treament;;10|source_name;;Quiescent Serum Starvation,GEO Accession;;GSM1961181,GSM1961181,Quiescent Serum Starvation 3,CQ,Serum_starved CQ,serum-starved;0 % FBS,10 days,,yes,Fibroblast,Lung,no,"Sample_treatment_protocol: 'Human diploid fibroblast Tig3 cells expressing the ecotropic receptor, hTERT'; Genome Res 27:1634 calls it 'hTERT-immortalized Tig3 fibroblasts (Tig3ET)'"
ERR1805205,ERP021140,Identification of heterogeneous senescence-associated transcriptional programs,paired,Illumina HiSeq 2500,Homo sapiens,HCA2/BJ (primary),Primary,ERP021140,Identification of heterogeneous senescence-associated transcriptional programs,We set out to characterize the transcriptional heterogeneity of the senescence program using a large number of whole-transcriptome sequencing datasets generated by us or publicly available.  We identify a number of senescence transcriptional signatures associated to specific stresses or cell types. We also merge all the studies to identify and validate the genes that are universally differentially regulated during senescence.,Illumina HiSeq 2500 paired end sequencing; Identification of heterogeneous senescence-associated transcriptional programs,Illumina HiSeq 2500,"Alias;;E-MTAB-5403:H3|Broker name;;ArrayExpress|cell_type;;Primary foreskin fibroblasts|Description;;Protocols: Human foreskin fibroblasts HCA2 were obtained from O. Pereira-Smith (University of Texas Health Science Center, San Antonio); human foreskin fibroblasts BJ were purchased from ATCC (Cat: CRL-2522); MEFs were produced from 13.5 day embryos as previously described (Demaria 2010); mouse primary skin microvascular endothelial cells were purchased from Cellbiologics (Cat: C57-6064). All cells were cultured in 5% oxygen for at least 4 doublings prior to use. Fibroblasts were cultured in DMEM (Thermo Fisher Scientific) enriched with 10% fetal bovine serum (FBS, GE Healthcare Life Sciences) and 1% penicillin/streptomycin (Lonza). Endothelial cells were grown in an endothelial cell growth media (ATCC). Cells were prepared for RNA extraction via an RNAeasy mini kit (Invitrogen). Samples were treated with Qiasol lysis buffer and extracted for total RNA on a Qiacube robot per the manufacturer's instructions (Invitrogen). The extracted RNA was quantitated using a NanoDrop and RNA quality was measured via BioAnalyzer chip (Agilent). Purified RNA samples were then sent to the University of Minnesota BioMedical Genomics Center for Illumina HiSeq RNA sequencing, where RNA-Seq library preparation was carried out according to the manufactuers protocols (Illumina).|ENA checklist;;ERC000011|INSDC center name;;European Research Institute for the Biology of Ageing, University of Groningen, UMC Groningen, The Netherlands|INSDC first public;;2017-11-22T17:02:48Z|INSDC last update;;2017-01-24T12:47:06Z|INSDC status;;public|organism;;Homo sapiens|Sample Name;;ERS1510144|SRA accession;;ERS1510144|Title;;H3",Experimental Factor: Primary foreskin fibroblasts;;cell type|Experimental Factor: Quiescence;;irradiate,SAMEA54022168,E-MTAB-5403:H3,CQ,Serum_starved CQ,,,,no,Fibroblast,Foreskin,no,no hTERT/immortal/SV40/telomerase mention in GEO sample or series record
ERR1805188,ERP021140,Identification of heterogeneous senescence-associated transcriptional programs,paired,Illumina HiSeq 2500,Homo sapiens,HCA2/BJ (primary),Primary,ERP021140,Identification of heterogeneous senescence-associated transcriptional programs,We set out to characterize the transcriptional heterogeneity of the senescence program using a large number of whole-transcriptome sequencing datasets generated by us or publicly available.  We identify a number of senescence transcriptional signatures associated to specific stresses or cell types. We also merge all the studies to identify and validate the genes that are universally differentially regulated during senescence.,Illumina HiSeq 2500 paired end sequencing; Identification of heterogeneous senescence-associated transcriptional programs,Illumina HiSeq 2500,"Alias;;E-MTAB-5403:C1|Broker name;;ArrayExpress|cell_type;;Primary foreskin fibroblasts|Description;;Protocols: Human foreskin fibroblasts HCA2 were obtained from O. Pereira-Smith (University of Texas Health Science Center, San Antonio); human foreskin fibroblasts BJ were purchased from ATCC (Cat: CRL-2522); MEFs were produced from 13.5 day embryos as previously described (Demaria 2010); mouse primary skin microvascular endothelial cells were purchased from Cellbiologics (Cat: C57-6064). All cells were cultured in 5% oxygen for at least 4 doublings prior to use. Fibroblasts were cultured in DMEM (Thermo Fisher Scientific) enriched with 10% fetal bovine serum (FBS, GE Healthcare Life Sciences) and 1% penicillin/streptomycin (Lonza). Endothelial cells were grown in an endothelial cell growth media (ATCC). Cells were prepared for RNA extraction via an RNAeasy mini kit (Invitrogen). Samples were treated with Qiasol lysis buffer and extracted for total RNA on a Qiacube robot per the manufacturer's instructions (Invitrogen). The extracted RNA was quantitated using a NanoDrop and RNA quality was measured via BioAnalyzer chip (Agilent). Purified RNA samples were then sent to the University of Minnesota BioMedical Genomics Center for Illumina HiSeq RNA sequencing, where RNA-Seq library preparation was carried out according to the manufactuers protocols (Illumina).|ENA checklist;;ERC000011|INSDC center name;;European Research Institute for the Biology of Ageing, University of Groningen, UMC Groningen, The Netherlands|INSDC first public;;2017-11-22T17:02:48Z|INSDC last update;;2017-01-24T12:47:05Z|INSDC status;;public|organism;;Homo sapiens|Sample Name;;ERS1510127|SRA accession;;ERS1510127|Title;;C1",Experimental Factor: Primary foreskin fibroblasts;;cell type|Experimental Factor: Proliferation;;irradiate,SAMEA54009418,E-MTAB-5403:C1,Proliferating,Proliferating,,,,no,Fibroblast,Foreskin,no,no hTERT/immortal/SV40/telomerase mention in GEO sample or series record
ERR1805189,ERP021140,Identification of heterogeneous senescence-associated transcriptional programs,paired,Illumina HiSeq 2500,Homo sapiens,HCA2/BJ (primary),Primary,ERP021140,Identification of heterogeneous senescence-associated transcriptional programs,We set out to characterize the transcriptional heterogeneity of the senescence program using a large number of whole-transcriptome sequencing datasets generated by us or publicly available.  We identify a number of senescence transcriptional signatures associated to specific stresses or cell types. We also merge all the studies to identify and validate the genes that are universally differentially regulated during senescence.,Illumina HiSeq 2500 paired end sequencing; Identification of heterogeneous senescence-associated transcriptional programs,Illumina HiSeq 2500,"Alias;;E-MTAB-5403:C2|Broker name;;ArrayExpress|cell_type;;Primary foreskin fibroblasts|Description;;Protocols: Human foreskin fibroblasts HCA2 were obtained from O. Pereira-Smith (University of Texas Health Science Center, San Antonio); human foreskin fibroblasts BJ were purchased from ATCC (Cat: CRL-2522); MEFs were produced from 13.5 day embryos as previously described (Demaria 2010); mouse primary skin microvascular endothelial cells were purchased from Cellbiologics (Cat: C57-6064). All cells were cultured in 5% oxygen for at least 4 doublings prior to use. Fibroblasts were cultured in DMEM (Thermo Fisher Scientific) enriched with 10% fetal bovine serum (FBS, GE Healthcare Life Sciences) and 1% penicillin/streptomycin (Lonza). Endothelial cells were grown in an endothelial cell growth media (ATCC). Cells were prepared for RNA extraction via an RNAeasy mini kit (Invitrogen). Samples were treated with Qiasol lysis buffer and extracted for total RNA on a Qiacube robot per the manufacturer's instructions (Invitrogen). The extracted RNA was quantitated using a NanoDrop and RNA quality was measured via BioAnalyzer chip (Agilent). Purified RNA samples were then sent to the University of Minnesota BioMedical Genomics Center for Illumina HiSeq RNA sequencing, where RNA-Seq library preparation was carried out according to the manufactuers protocols (Illumina).|ENA checklist;;ERC000011|INSDC center name;;European Research Institute for the Biology of Ageing, University of Groningen, UMC Groningen, The Netherlands|INSDC first public;;2017-11-22T17:02:48Z|INSDC last update;;2017-01-24T12:47:05Z|INSDC status;;public|organism;;Homo sapiens|Sample Name;;ERS1510128|SRA accession;;ERS1510128|Title;;C2",Experimental Factor: Primary foreskin fibroblasts;;cell type|Experimental Factor: Proliferation;;irradiate,SAMEA54010168,E-MTAB-5403:C2,Proliferating,Proliferating,,,,no,Fibroblast,Foreskin,no,no hTERT/immortal/SV40/telomerase mention in GEO sample or series record
ERR1805190,ERP021140,Identification of heterogeneous senescence-associated transcriptional programs,paired,Illumina HiSeq 2500,Homo sapiens,HCA2/BJ (primary),Primary,ERP021140,Identification of heterogeneous senescence-associated transcriptional programs,We set out to characterize the transcriptional heterogeneity of the senescence program using a large number of whole-transcriptome sequencing datasets generated by us or publicly available.  We identify a number of senescence transcriptional signatures associated to specific stresses or cell types. We also merge all the studies to identify and validate the genes that are universally differentially regulated during senescence.,Illumina HiSeq 2500 paired end sequencing; Identification of heterogeneous senescence-associated transcriptional programs,Illumina HiSeq 2500,"alias;;E-MTAB-5403:C3|broker name;;ArrayExpress|cell type;;Primary foreskin fibroblasts|ENA checklist;;ERC000011|INSDC center name;;European Research Institute for the Biology of Ageing, University of Groningen, UMC Groningen, The Netherlands|INSDC first public;;2017-11-22T17:02:48Z|INSDC last update;;2017-01-24T12:47:05Z|INSDC status;;public|organism;;Homo sapiens|Sample Name;;ERS1510129|SRA accession;;ERS1510129|title;;C3",Experimental Factor: Primary foreskin fibroblasts;;cell type|Experimental Factor: Proliferation;;irradiate,SAMEA54010918,E-MTAB-5403:C3,Proliferating,Proliferating,,,,no,Fibroblast,Foreskin,no,no hTERT/immortal/SV40/telomerase mention in GEO sample or series record
ERR1805191,ERP021140,Identification of heterogeneous senescence-associated transcriptional programs,paired,Illumina HiSeq 2500,Homo sapiens,HCA2/BJ (primary),Primary,ERP021140,Identification of heterogeneous senescence-associated transcriptional programs,We set out to characterize the transcriptional heterogeneity of the senescence program using a large number of whole-transcriptome sequencing datasets generated by us or publicly available.  We identify a number of senescence transcriptional signatures associated to specific stresses or cell types. We also merge all the studies to identify and validate the genes that are universally differentially regulated during senescence.,Illumina HiSeq 2500 paired end sequencing; Identification of heterogeneous senescence-associated transcriptional programs,Illumina HiSeq 2500,"alias;;E-MTAB-5403:H1|broker name;;ArrayExpress|cell type;;Primary foreskin fibroblasts|ENA checklist;;ERC000011|INSDC center name;;European Research Institute for the Biology of Ageing, University of Groningen, UMC Groningen, The Netherlands|INSDC first public;;2017-11-22T17:02:48Z|INSDC last update;;2017-01-24T12:47:05Z|INSDC status;;public|organism;;Homo sapiens|Sample Name;;ERS1510130|SRA accession;;ERS1510130|title;;H1",Experimental Factor: Primary foreskin fibroblasts;;cell type|Experimental Factor: Quiescence;;irradiate,SAMEA54011668,E-MTAB-5403:H1,CQ,Serum_starved CQ,,,,no,Fibroblast,Foreskin,no,no hTERT/immortal/SV40/telomerase mention in GEO sample or series record
ERR1805196,ERP021140,Identification of heterogeneous senescence-associated transcriptional programs,paired,Illumina HiSeq 2500,Homo sapiens,HCA2/BJ (primary),Primary,ERP021140,Identification of heterogeneous senescence-associated transcriptional programs,We set out to characterize the transcriptional heterogeneity of the senescence program using a large number of whole-transcriptome sequencing datasets generated by us or publicly available.  We identify a number of senescence transcriptional signatures associated to specific stresses or cell types. We also merge all the studies to identify and validate the genes that are universally differentially regulated during senescence.,Illumina HiSeq 2500 paired end sequencing; Identification of heterogeneous senescence-associated transcriptional programs,Illumina HiSeq 2500,"Alias;;E-MTAB-5403:H2|Broker name;;ArrayExpress|cell_type;;Primary foreskin fibroblasts|Description;;Protocols: Human foreskin fibroblasts HCA2 were obtained from O. Pereira-Smith (University of Texas Health Science Center, San Antonio); human foreskin fibroblasts BJ were purchased from ATCC (Cat: CRL-2522); MEFs were produced from 13.5 day embryos as previously described (Demaria 2010); mouse primary skin microvascular endothelial cells were purchased from Cellbiologics (Cat: C57-6064). All cells were cultured in 5% oxygen for at least 4 doublings prior to use. Fibroblasts were cultured in DMEM (Thermo Fisher Scientific) enriched with 10% fetal bovine serum (FBS, GE Healthcare Life Sciences) and 1% penicillin/streptomycin (Lonza). Endothelial cells were grown in an endothelial cell growth media (ATCC). Cells were prepared for RNA extraction via an RNAeasy mini kit (Invitrogen). Samples were treated with Qiasol lysis buffer and extracted for total RNA on a Qiacube robot per the manufacturer's instructions (Invitrogen). The extracted RNA was quantitated using a NanoDrop and RNA quality was measured via BioAnalyzer chip (Agilent). Purified RNA samples were then sent to the University of Minnesota BioMedical Genomics Center for Illumina HiSeq RNA sequencing, where RNA-Seq library preparation was carried out according to the manufactuers protocols (Illumina).|ENA checklist;;ERC000011|INSDC center name;;European Research Institute for the Biology of Ageing, University of Groningen, UMC Groningen, The Netherlands|INSDC first public;;2017-11-22T17:02:48Z|INSDC last update;;2017-01-24T12:47:06Z|INSDC status;;public|organism;;Homo sapiens|Sample Name;;ERS1510135|SRA accession;;ERS1510135|Title;;H2",Experimental Factor: Primary foreskin fibroblasts;;cell type|Experimental Factor: Quiescence;;irradiate,SAMEA54015418,E-MTAB-5403:H2,CQ,Serum_starved CQ,,,,no,Fibroblast,Foreskin,no,no hTERT/immortal/SV40/telomerase mention in GEO sample or series record
ERR1805206,ERP021140,Identification of heterogeneous senescence-associated transcriptional programs,paired,Illumina HiSeq 2500,Homo sapiens,HCA2/BJ (primary),Primary,ERP021140,Identification of heterogeneous senescence-associated transcriptional programs,We set out to characterize the transcriptional heterogeneity of the senescence program using a large number of whole-transcriptome sequencing datasets generated by us or publicly available.  We identify a number of senescence transcriptional signatures associated to specific stresses or cell types. We also merge all the studies to identify and validate the genes that are universally differentially regulated during senescence.,Illumina HiSeq 2500 paired end sequencing; Identification of heterogeneous senescence-associated transcriptional programs,Illumina HiSeq 2500,"Alias;;E-MTAB-5403:H4|Broker name;;ArrayExpress|cell_type;;Primary foreskin fibroblasts|Description;;Protocols: Human foreskin fibroblasts HCA2 were obtained from O. Pereira-Smith (University of Texas Health Science Center, San Antonio); human foreskin fibroblasts BJ were purchased from ATCC (Cat: CRL-2522); MEFs were produced from 13.5 day embryos as previously described (Demaria 2010); mouse primary skin microvascular endothelial cells were purchased from Cellbiologics (Cat: C57-6064). All cells were cultured in 5% oxygen for at least 4 doublings prior to use. Fibroblasts were cultured in DMEM (Thermo Fisher Scientific) enriched with 10% fetal bovine serum (FBS, GE Healthcare Life Sciences) and 1% penicillin/streptomycin (Lonza). Endothelial cells were grown in an endothelial cell growth media (ATCC). Cells were prepared for RNA extraction via an RNAeasy mini kit (Invitrogen). Samples were treated with Qiasol lysis buffer and extracted for total RNA on a Qiacube robot per the manufacturer's instructions (Invitrogen). The extracted RNA was quantitated using a NanoDrop and RNA quality was measured via BioAnalyzer chip (Agilent). Purified RNA samples were then sent to the University of Minnesota BioMedical Genomics Center for Illumina HiSeq RNA sequencing, where RNA-Seq library preparation was carried out according to the manufactuers protocols (Illumina).|ENA checklist;;ERC000011|INSDC center name;;European Research Institute for the Biology of Ageing, University of Groningen, UMC Groningen, The Netherlands|INSDC first public;;2017-11-22T17:02:48Z|INSDC last update;;2017-01-24T12:47:06Z|INSDC status;;public|organism;;Homo sapiens|Sample Name;;ERS1510145|SRA accession;;ERS1510145|Title;;H4",Experimental Factor: Primary foreskin fibroblasts;;cell type|Experimental Factor: Quiescence;;irradiate,SAMEA54022918,E-MTAB-5403:H4,CQ,Serum_starved CQ,,,,no,Fibroblast,Foreskin,no,no hTERT/immortal/SV40/telomerase mention in GEO sample or series record
ERR1805207,ERP021140,Identification of heterogeneous senescence-associated transcriptional programs,paired,Illumina HiSeq 2500,Homo sapiens,HCA2/BJ (primary),Primary,ERP021140,Identification of heterogeneous senescence-associated transcriptional programs,We set out to characterize the transcriptional heterogeneity of the senescence program using a large number of whole-transcriptome sequencing datasets generated by us or publicly available.  We identify a number of senescence transcriptional signatures associated to specific stresses or cell types. We also merge all the studies to identify and validate the genes that are universally differentially regulated during senescence.,Illumina HiSeq 2500 paired end sequencing; Identification of heterogeneous senescence-associated transcriptional programs,Illumina HiSeq 2500,"alias;;E-MTAB-5403:H5|broker name;;ArrayExpress|cell type;;Primary foreskin fibroblasts|ENA checklist;;ERC000011|INSDC center name;;European Research Institute for the Biology of Ageing, University of Groningen, UMC Groningen, The Netherlands|INSDC first public;;2017-11-22T17:02:48Z|INSDC last update;;2017-01-24T12:47:06Z|INSDC status;;public|organism;;Homo sapiens|Sample Name;;ERS1510146|SRA accession;;ERS1510146|title;;H5",Experimental Factor: Primary foreskin fibroblasts;;cell type|Experimental Factor: Quiescence;;irradiate,SAMEA54023668,E-MTAB-5403:H5,CQ,Serum_starved CQ,,,,no,Fibroblast,Foreskin,no,no hTERT/immortal/SV40/telomerase mention in GEO sample or series record
ERR1805208,ERP021140,Identification of heterogeneous senescence-associated transcriptional programs,paired,Illumina HiSeq 2500,Homo sapiens,HCA2/BJ (primary),Primary,ERP021140,Identification of heterogeneous senescence-associated transcriptional programs,We set out to characterize the transcriptional heterogeneity of the senescence program using a large number of whole-transcriptome sequencing datasets generated by us or publicly available.  We identify a number of senescence transcriptional signatures associated to specific stresses or cell types. We also merge all the studies to identify and validate the genes that are universally differentially regulated during senescence.,Illumina HiSeq 2500 paired end sequencing; Identification of heterogeneous senescence-associated transcriptional programs,Illumina HiSeq 2500,"Alias;;E-MTAB-5403:H6|Broker name;;ArrayExpress|cell_type;;Primary foreskin fibroblasts|Description;;Protocols: Human foreskin fibroblasts HCA2 were obtained from O. Pereira-Smith (University of Texas Health Science Center, San Antonio); human foreskin fibroblasts BJ were purchased from ATCC (Cat: CRL-2522); MEFs were produced from 13.5 day embryos as previously described (Demaria 2010); mouse primary skin microvascular endothelial cells were purchased from Cellbiologics (Cat: C57-6064). All cells were cultured in 5% oxygen for at least 4 doublings prior to use. Fibroblasts were cultured in DMEM (Thermo Fisher Scientific) enriched with 10% fetal bovine serum (FBS, GE Healthcare Life Sciences) and 1% penicillin/streptomycin (Lonza). Endothelial cells were grown in an endothelial cell growth media (ATCC). Cells were prepared for RNA extraction via an RNAeasy mini kit (Invitrogen). Samples were treated with Qiasol lysis buffer and extracted for total RNA on a Qiacube robot per the manufacturer's instructions (Invitrogen). The extracted RNA was quantitated using a NanoDrop and RNA quality was measured via BioAnalyzer chip (Agilent). Purified RNA samples were then sent to the University of Minnesota BioMedical Genomics Center for Illumina HiSeq RNA sequencing, where RNA-Seq library preparation was carried out according to the manufactuers protocols (Illumina).|ENA checklist;;ERC000011|INSDC center name;;European Research Institute for the Biology of Ageing, University of Groningen, UMC Groningen, The Netherlands|INSDC first public;;2017-11-22T17:02:48Z|INSDC last update;;2017-01-24T12:47:06Z|INSDC status;;public|organism;;Homo sapiens|Sample Name;;ERS1510147|SRA accession;;ERS1510147|Title;;H6",Experimental Factor: Primary foreskin fibroblasts;;cell type|Experimental Factor: Quiescence;;irradiate,SAMEA54024418,E-MTAB-5403:H6,CQ,Serum_starved CQ,,,,no,Fibroblast,Foreskin,no,no hTERT/immortal/SV40/telomerase mention in GEO sample or series record
ERR1805209,ERP021140,Identification of heterogeneous senescence-associated transcriptional programs,paired,Illumina HiSeq 2500,Homo sapiens,HCA2/BJ (primary),Primary,ERP021140,Identification of heterogeneous senescence-associated transcriptional programs,We set out to characterize the transcriptional heterogeneity of the senescence program using a large number of whole-transcriptome sequencing datasets generated by us or publicly available.  We identify a number of senescence transcriptional signatures associated to specific stresses or cell types. We also merge all the studies to identify and validate the genes that are universally differentially regulated during senescence.,Illumina HiSeq 2500 paired end sequencing; Identification of heterogeneous senescence-associated transcriptional programs,Illumina HiSeq 2500,"Alias;;E-MTAB-5403:H7|Broker name;;ArrayExpress|cell_type;;Primary foreskin fibroblasts|Description;;Protocols: Human foreskin fibroblasts HCA2 were obtained from O. Pereira-Smith (University of Texas Health Science Center, San Antonio); human foreskin fibroblasts BJ were purchased from ATCC (Cat: CRL-2522); MEFs were produced from 13.5 day embryos as previously described (Demaria 2010); mouse primary skin microvascular endothelial cells were purchased from Cellbiologics (Cat: C57-6064). All cells were cultured in 5% oxygen for at least 4 doublings prior to use. Fibroblasts were cultured in DMEM (Thermo Fisher Scientific) enriched with 10% fetal bovine serum (FBS, GE Healthcare Life Sciences) and 1% penicillin/streptomycin (Lonza). Endothelial cells were grown in an endothelial cell growth media (ATCC). Cells were prepared for RNA extraction via an RNAeasy mini kit (Invitrogen). Samples were treated with Qiasol lysis buffer and extracted for total RNA on a Qiacube robot per the manufacturer's instructions (Invitrogen). The extracted RNA was quantitated using a NanoDrop and RNA quality was measured via BioAnalyzer chip (Agilent). Purified RNA samples were then sent to the University of Minnesota BioMedical Genomics Center for Illumina HiSeq RNA sequencing, where RNA-Seq library preparation was carried out according to the manufactuers protocols (Illumina).|ENA checklist;;ERC000011|INSDC center name;;European Research Institute for the Biology of Ageing, University of Groningen, UMC Groningen, The Netherlands|INSDC first public;;2017-11-22T17:02:48Z|INSDC last update;;2017-01-24T12:47:06Z|INSDC status;;public|organism;;Homo sapiens|Sample Name;;ERS1510148|SRA accession;;ERS1510148|Title;;H7",Experimental Factor: Primary foreskin fibroblasts;;cell type|Experimental Factor: Proliferation;;irradiate,SAMEA54025168,E-MTAB-5403:H7,Proliferating,Proliferating,,,,no,Fibroblast,Foreskin,no,no hTERT/immortal/SV40/telomerase mention in GEO sample or series record
ERR1805210,ERP021140,Identification of heterogeneous senescence-associated transcriptional programs,paired,Illumina HiSeq 2500,Homo sapiens,HCA2/BJ (primary),Primary,ERP021140,Identification of heterogeneous senescence-associated transcriptional programs,We set out to characterize the transcriptional heterogeneity of the senescence program using a large number of whole-transcriptome sequencing datasets generated by us or publicly available.  We identify a number of senescence transcriptional signatures associated to specific stresses or cell types. We also merge all the studies to identify and validate the genes that are universally differentially regulated during senescence.,Illumina HiSeq 2500 paired end sequencing; Identification of heterogeneous senescence-associated transcriptional programs,Illumina HiSeq 2500,"Alias;;E-MTAB-5403:H8|Broker name;;ArrayExpress|cell_type;;Primary foreskin fibroblasts|Description;;Protocols: Human foreskin fibroblasts HCA2 were obtained from O. Pereira-Smith (University of Texas Health Science Center, San Antonio); human foreskin fibroblasts BJ were purchased from ATCC (Cat: CRL-2522); MEFs were produced from 13.5 day embryos as previously described (Demaria 2010); mouse primary skin microvascular endothelial cells were purchased from Cellbiologics (Cat: C57-6064). All cells were cultured in 5% oxygen for at least 4 doublings prior to use. Fibroblasts were cultured in DMEM (Thermo Fisher Scientific) enriched with 10% fetal bovine serum (FBS, GE Healthcare Life Sciences) and 1% penicillin/streptomycin (Lonza). Endothelial cells were grown in an endothelial cell growth media (ATCC). Cells were prepared for RNA extraction via an RNAeasy mini kit (Invitrogen). Samples were treated with Qiasol lysis buffer and extracted for total RNA on a Qiacube robot per the manufacturer's instructions (Invitrogen). The extracted RNA was quantitated using a NanoDrop and RNA quality was measured via BioAnalyzer chip (Agilent). Purified RNA samples were then sent to the University of Minnesota BioMedical Genomics Center for Illumina HiSeq RNA sequencing, where RNA-Seq library preparation was carried out according to the manufactuers protocols (Illumina).|ENA checklist;;ERC000011|INSDC center name;;European Research Institute for the Biology of Ageing, University of Groningen, UMC Groningen, The Netherlands|INSDC first public;;2017-11-22T17:02:48Z|INSDC last update;;2017-01-24T12:47:06Z|INSDC status;;public|organism;;Homo sapiens|Sample Name;;ERS1510149|SRA accession;;ERS1510149|Title;;H8",Experimental Factor: Primary foreskin fibroblasts;;cell type|Experimental Factor: Proliferation;;irradiate,SAMEA54025918,E-MTAB-5403:H8,Proliferating,Proliferating,,,,no,Fibroblast,Foreskin,no,no hTERT/immortal/SV40/telomerase mention in GEO sample or series record
ERR1805211,ERP021140,Identification of heterogeneous senescence-associated transcriptional programs,paired,Illumina HiSeq 2500,Homo sapiens,HCA2/BJ (primary),Primary,ERP021140,Identification of heterogeneous senescence-associated transcriptional programs,We set out to characterize the transcriptional heterogeneity of the senescence program using a large number of whole-transcriptome sequencing datasets generated by us or publicly available.  We identify a number of senescence transcriptional signatures associated to specific stresses or cell types. We also merge all the studies to identify and validate the genes that are universally differentially regulated during senescence.,Illumina HiSeq 2500 paired end sequencing; Identification of heterogeneous senescence-associated transcriptional programs,Illumina HiSeq 2500,"alias;;E-MTAB-5403:H9|broker name;;ArrayExpress|cell type;;Primary foreskin fibroblasts|ENA checklist;;ERC000011|INSDC center name;;European Research Institute for the Biology of Ageing, University of Groningen, UMC Groningen, The Netherlands|INSDC first public;;2017-11-22T17:02:48Z|INSDC last update;;2017-01-24T12:47:06Z|INSDC status;;public|organism;;Homo sapiens|Sample Name;;ERS1510150|SRA accession;;ERS1510150|title;;H9",Experimental Factor: Primary foreskin fibroblasts;;cell type|Experimental Factor: Proliferation;;irradiate,SAMEA54026668,E-MTAB-5403:H9,Proliferating,Proliferating,,,,no,Fibroblast,Foreskin,no,no hTERT/immortal/SV40/telomerase mention in GEO sample or series record
SRR7516120,SRP153205,Genome wide mapping of polyadenylation sites in proliferating and contact-inhibited cells and cells with knockdown of cleavage and polyadenylation factors,single,Illumina HiSeq 2500,Homo sapiens,HDF 12-1,Primary,SRP153205,Genome wide mapping of polyadenylation sites in proliferating and contact-inhibited cells and cells with knockdown of cleavage and polyadenylation factors,"Purpose: Quiescence is a state of reversible cell cycle exit. Levels of polyadenylation factors decreases when proliferating cells become quiescent.  The goals of this study are to determine the differential use of polyadenylation sites (changes in alternative polyadenylation) in quiescent vs. proliferating cells and also upon knockdown of polyadenylation factors. Methods: Two biological replicates of human dermal fibroblasts (12-1 and 12-3) were used for polyadeylation-site enriched RNA-seq on an Illumina HiSeq 2500 to compare quiescent vs. proliferating cells and polyadenylation factor knockdown vs. control cells. The reads were aligned to the human genome (hg19) uisng Tophat (2.0.14). The resulting bam files were used as an input to a python script provided by Gruber et al. (PMID: 27382025) to determine the counts for each polyadenylation site. Results: We observed a shift toward greater use of distal polyadenylation sites when the fibroblasts entered quiescence. We observed significant overlap between the genes that shift to greater distal site use with quiescence and CstF-64 or CPSF73 knockdown. Conclusions: The shift to greater distal site use with quiescence may reflect in part the reduced levels of cleavage and polyadenylation factors. Overall design: Perform polyadenylation site-enriched RNA-Seq on: (1) two biological replicates of proliferating and quiescent (contact-inhibited) cells, and (2) two biological replicates of control and polyadenylation factor (CstF64, CPSF73 or CFIm25) knockdown cells.",GSM3267560: P_12_1; Homo sapiens; RNA-Seq,Illumina HiSeq 2500,cell growth conditions;;proliferating cells|cell type;;human dermal fibroblasts|source_name;;human dermal fibroblasts|strain;;12-1|tissue;;Foreskin|treatment;;no treatment,GEO Accession;;GSM3267560,GSM3267560,P_12_1,Proliferating,Proliferating,,,,no,Fibroblast,Foreskin,no,no hTERT/immortal/SV40/telomerase mention in GEO sample or series record
SRR7516121,SRP153205,Genome wide mapping of polyadenylation sites in proliferating and contact-inhibited cells and cells with knockdown of cleavage and polyadenylation factors,single,Illumina HiSeq 2500,Homo sapiens,HDF 12-1,Primary,SRP153205,Genome wide mapping of polyadenylation sites in proliferating and contact-inhibited cells and cells with knockdown of cleavage and polyadenylation factors,"Purpose: Quiescence is a state of reversible cell cycle exit. Levels of polyadenylation factors decreases when proliferating cells become quiescent.  The goals of this study are to determine the differential use of polyadenylation sites (changes in alternative polyadenylation) in quiescent vs. proliferating cells and also upon knockdown of polyadenylation factors. Methods: Two biological replicates of human dermal fibroblasts (12-1 and 12-3) were used for polyadeylation-site enriched RNA-seq on an Illumina HiSeq 2500 to compare quiescent vs. proliferating cells and polyadenylation factor knockdown vs. control cells. The reads were aligned to the human genome (hg19) uisng Tophat (2.0.14). The resulting bam files were used as an input to a python script provided by Gruber et al. (PMID: 27382025) to determine the counts for each polyadenylation site. Results: We observed a shift toward greater use of distal polyadenylation sites when the fibroblasts entered quiescence. We observed significant overlap between the genes that shift to greater distal site use with quiescence and CstF-64 or CPSF73 knockdown. Conclusions: The shift to greater distal site use with quiescence may reflect in part the reduced levels of cleavage and polyadenylation factors. Overall design: Perform polyadenylation site-enriched RNA-Seq on: (1) two biological replicates of proliferating and quiescent (contact-inhibited) cells, and (2) two biological replicates of control and polyadenylation factor (CstF64, CPSF73 or CFIm25) knockdown cells.",GSM3267561: P_12_3; Homo sapiens; RNA-Seq,Illumina HiSeq 2500,cell growth conditions;;proliferating cells|cell type;;human dermal fibroblasts|source_name;;human dermal fibroblasts|strain;;12-3|tissue;;Foreskin|treatment;;no treatment,GEO Accession;;GSM3267561,GSM3267561,P_12_3,Proliferating,Proliferating,,,,no,Fibroblast,Foreskin,no,no hTERT/immortal/SV40/telomerase mention in GEO sample or series record
SRR7516122,SRP153205,Genome wide mapping of polyadenylation sites in proliferating and contact-inhibited cells and cells with knockdown of cleavage and polyadenylation factors,single,Illumina HiSeq 2500,Homo sapiens,HDF 12-1,Primary,SRP153205,Genome wide mapping of polyadenylation sites in proliferating and contact-inhibited cells and cells with knockdown of cleavage and polyadenylation factors,"Purpose: Quiescence is a state of reversible cell cycle exit. Levels of polyadenylation factors decreases when proliferating cells become quiescent.  The goals of this study are to determine the differential use of polyadenylation sites (changes in alternative polyadenylation) in quiescent vs. proliferating cells and also upon knockdown of polyadenylation factors. Methods: Two biological replicates of human dermal fibroblasts (12-1 and 12-3) were used for polyadeylation-site enriched RNA-seq on an Illumina HiSeq 2500 to compare quiescent vs. proliferating cells and polyadenylation factor knockdown vs. control cells. The reads were aligned to the human genome (hg19) uisng Tophat (2.0.14). The resulting bam files were used as an input to a python script provided by Gruber et al. (PMID: 27382025) to determine the counts for each polyadenylation site. Results: We observed a shift toward greater use of distal polyadenylation sites when the fibroblasts entered quiescence. We observed significant overlap between the genes that shift to greater distal site use with quiescence and CstF-64 or CPSF73 knockdown. Conclusions: The shift to greater distal site use with quiescence may reflect in part the reduced levels of cleavage and polyadenylation factors. Overall design: Perform polyadenylation site-enriched RNA-Seq on: (1) two biological replicates of proliferating and quiescent (contact-inhibited) cells, and (2) two biological replicates of control and polyadenylation factor (CstF64, CPSF73 or CFIm25) knockdown cells.",GSM3267562: Q_12_1; Homo sapiens; RNA-Seq,Illumina HiSeq 2500,cell growth conditions;;quiescent cells (contact-inhibited for 7 days)|cell type;;human dermal fibroblasts|source_name;;human dermal fibroblasts|strain;;12-1|tissue;;Foreskin|treatment;;no treatment,GEO Accession;;GSM3267562,GSM3267562,Q_12_1,CQ,Contact_inhibited CQ,7 days,,,no,Fibroblast,Foreskin,no,no hTERT/immortal/SV40/telomerase mention in GEO sample or series record
SRR7516123,SRP153205,Genome wide mapping of polyadenylation sites in proliferating and contact-inhibited cells and cells with knockdown of cleavage and polyadenylation factors,single,Illumina HiSeq 2500,Homo sapiens,HDF 12-1,Primary,SRP153205,Genome wide mapping of polyadenylation sites in proliferating and contact-inhibited cells and cells with knockdown of cleavage and polyadenylation factors,"Purpose: Quiescence is a state of reversible cell cycle exit. Levels of polyadenylation factors decreases when proliferating cells become quiescent.  The goals of this study are to determine the differential use of polyadenylation sites (changes in alternative polyadenylation) in quiescent vs. proliferating cells and also upon knockdown of polyadenylation factors. Methods: Two biological replicates of human dermal fibroblasts (12-1 and 12-3) were used for polyadeylation-site enriched RNA-seq on an Illumina HiSeq 2500 to compare quiescent vs. proliferating cells and polyadenylation factor knockdown vs. control cells. The reads were aligned to the human genome (hg19) uisng Tophat (2.0.14). The resulting bam files were used as an input to a python script provided by Gruber et al. (PMID: 27382025) to determine the counts for each polyadenylation site. Results: We observed a shift toward greater use of distal polyadenylation sites when the fibroblasts entered quiescence. We observed significant overlap between the genes that shift to greater distal site use with quiescence and CstF-64 or CPSF73 knockdown. Conclusions: The shift to greater distal site use with quiescence may reflect in part the reduced levels of cleavage and polyadenylation factors. Overall design: Perform polyadenylation site-enriched RNA-Seq on: (1) two biological replicates of proliferating and quiescent (contact-inhibited) cells, and (2) two biological replicates of control and polyadenylation factor (CstF64, CPSF73 or CFIm25) knockdown cells.",GSM3267563: Q_12_3; Homo sapiens; RNA-Seq,Illumina HiSeq 2500,cell growth conditions;;quiescent cells (contact-inhibited for 7 days)|cell type;;human dermal fibroblasts|source_name;;human dermal fibroblasts|strain;;12-3|tissue;;Foreskin|treatment;;no treatment,GEO Accession;;GSM3267563,GSM3267563,Q_12_3,CQ,Contact_inhibited CQ,7 days,,,no,Fibroblast,Foreskin,no,no hTERT/immortal/SV40/telomerase mention in GEO sample or series record
SRR627536,SRP017378,"Transcriptome-profiling (RNA-seq) and Ribosome-profiling (Ribo-seq) in proliferation, quiescence, senescence and transformed states.",paired,Illumina HiSeq 2000,Homo sapiens,BJ-hTERT,BJ hTERT,SRP017378,"Transcriptome-profiling (RNA-seq) and Ribosome-profiling (Ribo-seq) in proliferation, quiescence, senescence and transformed states.","We applied in parallel RNA-Seq and Ribosome-profiling analyses to immortalized human primary BJ fibroblast cells under the following conditions: normal proliferation, quiescence (induced by serum depletion), senescence (induced by activation of the oncogenic RASG12V gene, and examined at early (5 days; pre-senescent state) and late (14 days; fully senescent state) time points), and neoplastic transformation (induced by RASG12V in the background of stable p53 and p16INK4A knockdowns and SV40 small-T expression. Overall design: RNA-seq, using Illumina HiSeq 2000, was applied to BJ cells under 5 conditions: proliferation, quiescence, pre-senescence, full-senescence, and transfomed. Ribosome profiling, using Illumina HiSeq 2000, was applied to BJ cells under 5 conditions: proliferation, quiescence, pre-senescence, full-senescence, and transfomed.",GSM1041191: C1.rna; Homo sapiens; RNA-Seq,Illumina HiSeq 2000,"cell line;;BJ cells|condition;;Proliferation, normal conditions|source_name;;Immortalized primary fibroblasts",GEO Accession;;GSM1041191,GSM1041191,C1.rna,Proliferating,Proliferating,,,,yes,Fibroblast,Foreskin,no,Sample_growth_protocol: 'Immortalized human BJ primary fibroblast cells (by hTERT expression)'
SRR627537,SRP017378,"Transcriptome-profiling (RNA-seq) and Ribosome-profiling (Ribo-seq) in proliferation, quiescence, senescence and transformed states.",paired,Illumina HiSeq 2000,Homo sapiens,BJ-hTERT,BJ hTERT,SRP017378,"Transcriptome-profiling (RNA-seq) and Ribosome-profiling (Ribo-seq) in proliferation, quiescence, senescence and transformed states.","We applied in parallel RNA-Seq and Ribosome-profiling analyses to immortalized human primary BJ fibroblast cells under the following conditions: normal proliferation, quiescence (induced by serum depletion), senescence (induced by activation of the oncogenic RASG12V gene, and examined at early (5 days; pre-senescent state) and late (14 days; fully senescent state) time points), and neoplastic transformation (induced by RASG12V in the background of stable p53 and p16INK4A knockdowns and SV40 small-T expression. Overall design: RNA-seq, using Illumina HiSeq 2000, was applied to BJ cells under 5 conditions: proliferation, quiescence, pre-senescence, full-senescence, and transfomed. Ribosome profiling, using Illumina HiSeq 2000, was applied to BJ cells under 5 conditions: proliferation, quiescence, pre-senescence, full-senescence, and transfomed.",GSM1041192: C2.rna; Homo sapiens; RNA-Seq,Illumina HiSeq 2000,"cell line;;BJ cells|condition;;Proliferation, normal conditions|source_name;;Immortalized primary fibroblasts",GEO Accession;;GSM1041192,GSM1041192,C2.rna,Proliferating,Proliferating,,,,yes,Fibroblast,Foreskin,no,Sample_growth_protocol: 'Immortalized human BJ primary fibroblast cells (by hTERT expression)'
SRR627538,SRP017378,"Transcriptome-profiling (RNA-seq) and Ribosome-profiling (Ribo-seq) in proliferation, quiescence, senescence and transformed states.",paired,Illumina HiSeq 2000,Homo sapiens,BJ-hTERT,BJ hTERT,SRP017378,"Transcriptome-profiling (RNA-seq) and Ribosome-profiling (Ribo-seq) in proliferation, quiescence, senescence and transformed states.","We applied in parallel RNA-Seq and Ribosome-profiling analyses to immortalized human primary BJ fibroblast cells under the following conditions: normal proliferation, quiescence (induced by serum depletion), senescence (induced by activation of the oncogenic RASG12V gene, and examined at early (5 days; pre-senescent state) and late (14 days; fully senescent state) time points), and neoplastic transformation (induced by RASG12V in the background of stable p53 and p16INK4A knockdowns and SV40 small-T expression. Overall design: RNA-seq, using Illumina HiSeq 2000, was applied to BJ cells under 5 conditions: proliferation, quiescence, pre-senescence, full-senescence, and transfomed. Ribosome profiling, using Illumina HiSeq 2000, was applied to BJ cells under 5 conditions: proliferation, quiescence, pre-senescence, full-senescence, and transfomed.",GSM1041193: Q1.rna; Homo sapiens; RNA-Seq,Illumina HiSeq 2000,cell line;;BJ cells|condition;;Quiescence induced by serum depletion|source_name;;Immortalized primary fibroblasts,GEO Accession;;GSM1041193,GSM1041193,Q1.rna,CQ,Serum_starved CQ,serum-starved,,,yes,Fibroblast,Foreskin,no,Sample_growth_protocol: 'Immortalized human BJ primary fibroblast cells (by hTERT expression)'
SRR627539,SRP017378,"Transcriptome-profiling (RNA-seq) and Ribosome-profiling (Ribo-seq) in proliferation, quiescence, senescence and transformed states.",paired,Illumina HiSeq 2000,Homo sapiens,BJ-hTERT,BJ hTERT,SRP017378,"Transcriptome-profiling (RNA-seq) and Ribosome-profiling (Ribo-seq) in proliferation, quiescence, senescence and transformed states.","We applied in parallel RNA-Seq and Ribosome-profiling analyses to immortalized human primary BJ fibroblast cells under the following conditions: normal proliferation, quiescence (induced by serum depletion), senescence (induced by activation of the oncogenic RASG12V gene, and examined at early (5 days; pre-senescent state) and late (14 days; fully senescent state) time points), and neoplastic transformation (induced by RASG12V in the background of stable p53 and p16INK4A knockdowns and SV40 small-T expression. Overall design: RNA-seq, using Illumina HiSeq 2000, was applied to BJ cells under 5 conditions: proliferation, quiescence, pre-senescence, full-senescence, and transfomed. Ribosome profiling, using Illumina HiSeq 2000, was applied to BJ cells under 5 conditions: proliferation, quiescence, pre-senescence, full-senescence, and transfomed.",GSM1041194: Q2.rna; Homo sapiens; RNA-Seq,Illumina HiSeq 2000,cell line;;BJ cells|condition;;Quiescence induced by serum depletion|source_name;;Immortalized primary fibroblasts,GEO Accession;;GSM1041194,GSM1041194,Q2.rna,CQ,Serum_starved CQ,serum-starved,,,yes,Fibroblast,Foreskin,no,Sample_growth_protocol: 'Immortalized human BJ primary fibroblast cells (by hTERT expression)'
SRR627542,SRP017378,"Transcriptome-profiling (RNA-seq) and Ribosome-profiling (Ribo-seq) in proliferation, quiescence, senescence and transformed states.",single,Illumina HiSeq 2000,Homo sapiens,BJ-hTERT,BJ hTERT,SRP017378,"Transcriptome-profiling (RNA-seq) and Ribosome-profiling (Ribo-seq) in proliferation, quiescence, senescence and transformed states.","We applied in parallel RNA-Seq and Ribosome-profiling analyses to immortalized human primary BJ fibroblast cells under the following conditions: normal proliferation, quiescence (induced by serum depletion), senescence (induced by activation of the oncogenic RASG12V gene, and examined at early (5 days; pre-senescent state) and late (14 days; fully senescent state) time points), and neoplastic transformation (induced by RASG12V in the background of stable p53 and p16INK4A knockdowns and SV40 small-T expression. Overall design: RNA-seq, using Illumina HiSeq 2000, was applied to BJ cells under 5 conditions: proliferation, quiescence, pre-senescence, full-senescence, and transfomed. Ribosome profiling, using Illumina HiSeq 2000, was applied to BJ cells under 5 conditions: proliferation, quiescence, pre-senescence, full-senescence, and transfomed.",GSM1041197: C3.rna; Homo sapiens; RNA-Seq,Illumina HiSeq 2000,"cell line;;BJ cells|condition;;Proliferation, normal conditions|source_name;;Immortalized primary fibroblasts",GEO Accession;;GSM1041197,GSM1041197,C3.rna,Proliferating,Proliferating,,,,yes,Fibroblast,Foreskin,no,Sample_growth_protocol: 'Immortalized human BJ primary fibroblast cells (by hTERT expression)'
SRR7523098,SRP153724,To investigate the decay constants (half-lives) of transcript isoforms generated by alternative polyadenylation in proliferating and quiescent cells,single,Illumina HiSeq 2500,Homo sapiens,HDF 12-3,Primary,SRP153724,To investigate the decay constants (half-lives) of transcript isoforms generated by alternative polyadenylation in proliferating and quiescent cells,"Purpose: Alternative polyadenylation (APA) can result in the generation of transcripts that terminate at different locations within the gene, which can result in different 3'' UTRs.   3´ UTRs are known to contain RNA stabilizing and destabilizing motifs that provide a platform for binding of  RNA binding proteins. Changes in 3´ UTRs for the different APA-generated isoforms of a gene could allow for inclusion or exclusion of these RNA stability elements. The goal of this study is determine the stability (half-lives based on transcript decay) of APA isoforms in proliferating and quiescent cells. Methods: The proliferating and quiescent (7-day contact inhibited) cells were treated with actinomycin D to stop transcription and the cells were harvested at different time points (0. 2, 4, 8 hours) for RNA isolation and global sequencing of 3´ ends. The adaptors and polyA sequenced were trimmed from each read.  The reads were aligned to the human genome (hg19) using TopHat (v2.0.14). The aligned read files were used to determine the counts of APA isoforms of each gene using the code provided by Gruber et al. (PMID: 27382025). The counts of the APA isoforms were fit to an exponential decay model to obtain half-lives. The entire workflow was performed for two biological replicates: 12-1 and 12-3 strains of human dermal fibroblasts. Results:  In two different fibroblast strains (12-1 and 12-3), we found that isoforms terminating at distal polyadenylation sites were more stable than isoforms terminating at proximal polyadenylation sites in quiescent, but not proliferating, fibroblasts. Conclusions: The transition from shorter to longer isoforms in quiescent cells is associated with stabilization of the transcripts. Overall design: The proliferating and quiescent (7-day contact inhibited) cells were treated with actinomycin D to stop transcription and the cells were harvested at different time points (0. 2, 4, 8 hours) for RNA isolation and global sequencing of 3´ ends.",GSM3271545: 7dCI_0hr_12-3; Homo sapiens; RNA-Seq,Illumina HiSeq 2500,cell growth conditions;;contact-inhibited for 7 days|cell strain;;12-3|cell type;;dermal fibroblasts|source_name;;human dermal fibroblasts|time;;0 hour|treatment;;untreated,GEO Accession;;GSM3271545,GSM3271545,7dCI_0hr_12-3,CQ,Contact_inhibited CQ,7 days,,,no,Fibroblast,Skin,no,no hTERT/immortal/SV40/telomerase mention in GEO sample or series record
SRR7523095,SRP153724,To investigate the decay constants (half-lives) of transcript isoforms generated by alternative polyadenylation in proliferating and quiescent cells,single,Illumina HiSeq 2500,Homo sapiens,HDF 12-3,Primary,SRP153724,To investigate the decay constants (half-lives) of transcript isoforms generated by alternative polyadenylation in proliferating and quiescent cells,"Purpose: Alternative polyadenylation (APA) can result in the generation of transcripts that terminate at different locations within the gene, which can result in different 3'' UTRs.   3´ UTRs are known to contain RNA stabilizing and destabilizing motifs that provide a platform for binding of  RNA binding proteins. Changes in 3´ UTRs for the different APA-generated isoforms of a gene could allow for inclusion or exclusion of these RNA stability elements. The goal of this study is determine the stability (half-lives based on transcript decay) of APA isoforms in proliferating and quiescent cells. Methods: The proliferating and quiescent (7-day contact inhibited) cells were treated with actinomycin D to stop transcription and the cells were harvested at different time points (0. 2, 4, 8 hours) for RNA isolation and global sequencing of 3´ ends. The adaptors and polyA sequenced were trimmed from each read.  The reads were aligned to the human genome (hg19) using TopHat (v2.0.14). The aligned read files were used to determine the counts of APA isoforms of each gene using the code provided by Gruber et al. (PMID: 27382025). The counts of the APA isoforms were fit to an exponential decay model to obtain half-lives. The entire workflow was performed for two biological replicates: 12-1 and 12-3 strains of human dermal fibroblasts. Results:  In two different fibroblast strains (12-1 and 12-3), we found that isoforms terminating at distal polyadenylation sites were more stable than isoforms terminating at proximal polyadenylation sites in quiescent, but not proliferating, fibroblasts. Conclusions: The transition from shorter to longer isoforms in quiescent cells is associated with stabilization of the transcripts. Overall design: The proliferating and quiescent (7-day contact inhibited) cells were treated with actinomycin D to stop transcription and the cells were harvested at different time points (0. 2, 4, 8 hours) for RNA isolation and global sequencing of 3´ ends.",GSM3271542: P_0hr_12-1; Homo sapiens; RNA-Seq,Illumina HiSeq 2500,cell growth conditions;;proliferating cells|cell strain;;12-1|cell type;;dermal fibroblasts|source_name;;human dermal fibroblasts|time;;0 hour|treatment;;untreated,GEO Accession;;GSM3271542,GSM3271542,P_0hr_12-1,Proliferating,Proliferating,,,,no,Fibroblast,Skin,no,no hTERT/immortal/SV40/telomerase mention in GEO sample or series record
SRR7523096,SRP153724,To investigate the decay constants (half-lives) of transcript isoforms generated by alternative polyadenylation in proliferating and quiescent cells,single,Illumina HiSeq 2500,Homo sapiens,HDF 12-3,Primary,SRP153724,To investigate the decay constants (half-lives) of transcript isoforms generated by alternative polyadenylation in proliferating and quiescent cells,"Purpose: Alternative polyadenylation (APA) can result in the generation of transcripts that terminate at different locations within the gene, which can result in different 3'' UTRs.   3´ UTRs are known to contain RNA stabilizing and destabilizing motifs that provide a platform for binding of  RNA binding proteins. Changes in 3´ UTRs for the different APA-generated isoforms of a gene could allow for inclusion or exclusion of these RNA stability elements. The goal of this study is determine the stability (half-lives based on transcript decay) of APA isoforms in proliferating and quiescent cells. Methods: The proliferating and quiescent (7-day contact inhibited) cells were treated with actinomycin D to stop transcription and the cells were harvested at different time points (0. 2, 4, 8 hours) for RNA isolation and global sequencing of 3´ ends. The adaptors and polyA sequenced were trimmed from each read.  The reads were aligned to the human genome (hg19) using TopHat (v2.0.14). The aligned read files were used to determine the counts of APA isoforms of each gene using the code provided by Gruber et al. (PMID: 27382025). The counts of the APA isoforms were fit to an exponential decay model to obtain half-lives. The entire workflow was performed for two biological replicates: 12-1 and 12-3 strains of human dermal fibroblasts. Results:  In two different fibroblast strains (12-1 and 12-3), we found that isoforms terminating at distal polyadenylation sites were more stable than isoforms terminating at proximal polyadenylation sites in quiescent, but not proliferating, fibroblasts. Conclusions: The transition from shorter to longer isoforms in quiescent cells is associated with stabilization of the transcripts. Overall design: The proliferating and quiescent (7-day contact inhibited) cells were treated with actinomycin D to stop transcription and the cells were harvested at different time points (0. 2, 4, 8 hours) for RNA isolation and global sequencing of 3´ ends.",GSM3271543: 7dCI_0hr_12-1; Homo sapiens; RNA-Seq,Illumina HiSeq 2500,cell growth conditions;;contact-inhibited for 7 days|cell strain;;12-1|cell type;;dermal fibroblasts|source_name;;human dermal fibroblasts|time;;0 hour|treatment;;untreated,GEO Accession;;GSM3271543,GSM3271543,7dCI_0hr_12-1,CQ,Contact_inhibited CQ,7 days,,,no,Fibroblast,Skin,no,no hTERT/immortal/SV40/telomerase mention in GEO sample or series record
SRR7523097,SRP153724,To investigate the decay constants (half-lives) of transcript isoforms generated by alternative polyadenylation in proliferating and quiescent cells,single,Illumina HiSeq 2500,Homo sapiens,HDF 12-3,Primary,SRP153724,To investigate the decay constants (half-lives) of transcript isoforms generated by alternative polyadenylation in proliferating and quiescent cells,"Purpose: Alternative polyadenylation (APA) can result in the generation of transcripts that terminate at different locations within the gene, which can result in different 3'' UTRs.   3´ UTRs are known to contain RNA stabilizing and destabilizing motifs that provide a platform for binding of  RNA binding proteins. Changes in 3´ UTRs for the different APA-generated isoforms of a gene could allow for inclusion or exclusion of these RNA stability elements. The goal of this study is determine the stability (half-lives based on transcript decay) of APA isoforms in proliferating and quiescent cells. Methods: The proliferating and quiescent (7-day contact inhibited) cells were treated with actinomycin D to stop transcription and the cells were harvested at different time points (0. 2, 4, 8 hours) for RNA isolation and global sequencing of 3´ ends. The adaptors and polyA sequenced were trimmed from each read.  The reads were aligned to the human genome (hg19) using TopHat (v2.0.14). The aligned read files were used to determine the counts of APA isoforms of each gene using the code provided by Gruber et al. (PMID: 27382025). The counts of the APA isoforms were fit to an exponential decay model to obtain half-lives. The entire workflow was performed for two biological replicates: 12-1 and 12-3 strains of human dermal fibroblasts. Results:  In two different fibroblast strains (12-1 and 12-3), we found that isoforms terminating at distal polyadenylation sites were more stable than isoforms terminating at proximal polyadenylation sites in quiescent, but not proliferating, fibroblasts. Conclusions: The transition from shorter to longer isoforms in quiescent cells is associated with stabilization of the transcripts. Overall design: The proliferating and quiescent (7-day contact inhibited) cells were treated with actinomycin D to stop transcription and the cells were harvested at different time points (0. 2, 4, 8 hours) for RNA isolation and global sequencing of 3´ ends.",GSM3271544: P_0hr_12-3; Homo sapiens; RNA-Seq,Illumina HiSeq 2500,cell growth conditions;;proliferating cells|cell strain;;12-3|cell type;;dermal fibroblasts|source_name;;human dermal fibroblasts|time;;0 hour|treatment;;untreated,GEO Accession;;GSM3271544,GSM3271544,P_0hr_12-3,Proliferating,Proliferating,,,,no,Fibroblast,Skin,no,no hTERT/immortal/SV40/telomerase mention in GEO sample or series record
SRR7547693,SRP154577,Differential gene expression analysis between proliferating and quiescent human dermal fibroblasts,single,Illumina HiSeq 2000,Homo sapiens,HDF 10-5,Primary,SRP154577,Differential gene expression analysis between proliferating and quiescent human dermal fibroblasts,"Purpose: Quiescence is a state or reversible cell cycle arrest. A previous study using microarrays (Coller et al., PMID: 16509772) revealed gene expression changes between quiescent and proliferating human dermal fibroblasts and defined a ""quiescece program"" of genes that change in abundance when fibroblasts were introduced into quiescence by one of three methods. The goal of this study is to perform high throughut RNA sequencing to determine global changes in gene expression between proliferating and quiescent human dermal fibroblasts. Methods: Three different biological replicates (corresponding to two fibroblast strains, 10-5 and 12-1) were collected in proliferating and contact--inhibited (quiescent) conditions. RNA extracted from these cells were used for library preparation. The libraries were sequenced on an Illumina HiSeq 2000 instrument. Results: Among the 19,673 genes monitored, 1,993 genes (10.1%) changed in expression two-fold or more, demonstrating widespread changes in gene expression with contact inhibition-induced quiescence. Fifty-two percent of these genes were upregulated in 7dCI compared with proliferating fibroblasts, and 48% were downregulated in 7dCI fibroblasts. Conclusions: There are widespread changes in gene expression as fibroblasts transition between proliferating and quiescent states. Overall design: Three different biological replicates (corresponding to two fibroblast strains, 10-5 and 12-1) were collected in proliferating and contact--inhibited (quiescent) conditions.",GSM3294929: P_rep1; Homo sapiens; RNA-Seq,Illumina HiSeq 2000,cell growth conditions;;proliferating cells|cell type;;human dermal fibroblasts (foreskin)|fibroblast strain;;10-5|source_name;;human dermal fibroblasts (foreskin),GEO Accession;;GSM3294929,GSM3294929,P_rep1,Proliferating,Proliferating,,,,no,Fibroblast,Foreskin,no,no hTERT/immortal/SV40/telomerase mention in GEO sample or series record
SRR7547694,SRP154577,Differential gene expression analysis between proliferating and quiescent human dermal fibroblasts,single,Illumina HiSeq 2000,Homo sapiens,HDF 10-5,Primary,SRP154577,Differential gene expression analysis between proliferating and quiescent human dermal fibroblasts,"Purpose: Quiescence is a state or reversible cell cycle arrest. A previous study using microarrays (Coller et al., PMID: 16509772) revealed gene expression changes between quiescent and proliferating human dermal fibroblasts and defined a ""quiescece program"" of genes that change in abundance when fibroblasts were introduced into quiescence by one of three methods. The goal of this study is to perform high throughut RNA sequencing to determine global changes in gene expression between proliferating and quiescent human dermal fibroblasts. Methods: Three different biological replicates (corresponding to two fibroblast strains, 10-5 and 12-1) were collected in proliferating and contact--inhibited (quiescent) conditions. RNA extracted from these cells were used for library preparation. The libraries were sequenced on an Illumina HiSeq 2000 instrument. Results: Among the 19,673 genes monitored, 1,993 genes (10.1%) changed in expression two-fold or more, demonstrating widespread changes in gene expression with contact inhibition-induced quiescence. Fifty-two percent of these genes were upregulated in 7dCI compared with proliferating fibroblasts, and 48% were downregulated in 7dCI fibroblasts. Conclusions: There are widespread changes in gene expression as fibroblasts transition between proliferating and quiescent states. Overall design: Three different biological replicates (corresponding to two fibroblast strains, 10-5 and 12-1) were collected in proliferating and contact--inhibited (quiescent) conditions.",GSM3294930: P_rep2; Homo sapiens; RNA-Seq,Illumina HiSeq 2000,cell growth conditions;;proliferating cells|cell type;;human dermal fibroblasts (foreskin)|fibroblast strain;;12-1|source_name;;human dermal fibroblasts (foreskin),GEO Accession;;GSM3294930,GSM3294930,P_rep2,Proliferating,Proliferating,,,,no,Fibroblast,Foreskin,no,no hTERT/immortal/SV40/telomerase mention in GEO sample or series record
SRR7547695,SRP154577,Differential gene expression analysis between proliferating and quiescent human dermal fibroblasts,single,Illumina HiSeq 2000,Homo sapiens,HDF 10-5,Primary,SRP154577,Differential gene expression analysis between proliferating and quiescent human dermal fibroblasts,"Purpose: Quiescence is a state or reversible cell cycle arrest. A previous study using microarrays (Coller et al., PMID: 16509772) revealed gene expression changes between quiescent and proliferating human dermal fibroblasts and defined a ""quiescece program"" of genes that change in abundance when fibroblasts were introduced into quiescence by one of three methods. The goal of this study is to perform high throughut RNA sequencing to determine global changes in gene expression between proliferating and quiescent human dermal fibroblasts. Methods: Three different biological replicates (corresponding to two fibroblast strains, 10-5 and 12-1) were collected in proliferating and contact--inhibited (quiescent) conditions. RNA extracted from these cells were used for library preparation. The libraries were sequenced on an Illumina HiSeq 2000 instrument. Results: Among the 19,673 genes monitored, 1,993 genes (10.1%) changed in expression two-fold or more, demonstrating widespread changes in gene expression with contact inhibition-induced quiescence. Fifty-two percent of these genes were upregulated in 7dCI compared with proliferating fibroblasts, and 48% were downregulated in 7dCI fibroblasts. Conclusions: There are widespread changes in gene expression as fibroblasts transition between proliferating and quiescent states. Overall design: Three different biological replicates (corresponding to two fibroblast strains, 10-5 and 12-1) were collected in proliferating and contact--inhibited (quiescent) conditions.",GSM3294931: P_rep3; Homo sapiens; RNA-Seq,Illumina HiSeq 2000,cell growth conditions;;proliferating cells|cell type;;human dermal fibroblasts (foreskin)|fibroblast strain;;12-1|source_name;;human dermal fibroblasts (foreskin),GEO Accession;;GSM3294931,GSM3294931,P_rep3,Proliferating,Proliferating,,,,no,Fibroblast,Foreskin,no,no hTERT/immortal/SV40/telomerase mention in GEO sample or series record
SRR7547696,SRP154577,Differential gene expression analysis between proliferating and quiescent human dermal fibroblasts,single,Illumina HiSeq 2000,Homo sapiens,HDF 10-5,Primary,SRP154577,Differential gene expression analysis between proliferating and quiescent human dermal fibroblasts,"Purpose: Quiescence is a state or reversible cell cycle arrest. A previous study using microarrays (Coller et al., PMID: 16509772) revealed gene expression changes between quiescent and proliferating human dermal fibroblasts and defined a ""quiescece program"" of genes that change in abundance when fibroblasts were introduced into quiescence by one of three methods. The goal of this study is to perform high throughut RNA sequencing to determine global changes in gene expression between proliferating and quiescent human dermal fibroblasts. Methods: Three different biological replicates (corresponding to two fibroblast strains, 10-5 and 12-1) were collected in proliferating and contact--inhibited (quiescent) conditions. RNA extracted from these cells were used for library preparation. The libraries were sequenced on an Illumina HiSeq 2000 instrument. Results: Among the 19,673 genes monitored, 1,993 genes (10.1%) changed in expression two-fold or more, demonstrating widespread changes in gene expression with contact inhibition-induced quiescence. Fifty-two percent of these genes were upregulated in 7dCI compared with proliferating fibroblasts, and 48% were downregulated in 7dCI fibroblasts. Conclusions: There are widespread changes in gene expression as fibroblasts transition between proliferating and quiescent states. Overall design: Three different biological replicates (corresponding to two fibroblast strains, 10-5 and 12-1) were collected in proliferating and contact--inhibited (quiescent) conditions.",GSM3294932: 7dCI_rep1; Homo sapiens; RNA-Seq,Illumina HiSeq 2000,cell growth conditions;;7 day contact inhibited cells (quiescent)|cell type;;human dermal fibroblasts (foreskin)|fibroblast strain;;10-5|source_name;;human dermal fibroblasts (foreskin),GEO Accession;;GSM3294932,GSM3294932,7dCI_rep1,CQ,Contact_inhibited CQ,contact-inhibited,7 days,,no,Fibroblast,Foreskin,no,no hTERT/immortal/SV40/telomerase mention in GEO sample or series record
SRR7547697,SRP154577,Differential gene expression analysis between proliferating and quiescent human dermal fibroblasts,single,Illumina HiSeq 2000,Homo sapiens,HDF 10-5,Primary,SRP154577,Differential gene expression analysis between proliferating and quiescent human dermal fibroblasts,"Purpose: Quiescence is a state or reversible cell cycle arrest. A previous study using microarrays (Coller et al., PMID: 16509772) revealed gene expression changes between quiescent and proliferating human dermal fibroblasts and defined a ""quiescece program"" of genes that change in abundance when fibroblasts were introduced into quiescence by one of three methods. The goal of this study is to perform high throughut RNA sequencing to determine global changes in gene expression between proliferating and quiescent human dermal fibroblasts. Methods: Three different biological replicates (corresponding to two fibroblast strains, 10-5 and 12-1) were collected in proliferating and contact--inhibited (quiescent) conditions. RNA extracted from these cells were used for library preparation. The libraries were sequenced on an Illumina HiSeq 2000 instrument. Results: Among the 19,673 genes monitored, 1,993 genes (10.1%) changed in expression two-fold or more, demonstrating widespread changes in gene expression with contact inhibition-induced quiescence. Fifty-two percent of these genes were upregulated in 7dCI compared with proliferating fibroblasts, and 48% were downregulated in 7dCI fibroblasts. Conclusions: There are widespread changes in gene expression as fibroblasts transition between proliferating and quiescent states. Overall design: Three different biological replicates (corresponding to two fibroblast strains, 10-5 and 12-1) were collected in proliferating and contact--inhibited (quiescent) conditions.",GSM3294933: 7dCI_rep2; Homo sapiens; RNA-Seq,Illumina HiSeq 2000,cell growth conditions;;7 day contact inhibited cells (quiescent)|cell type;;human dermal fibroblasts (foreskin)|fibroblast strain;;12-1|source_name;;human dermal fibroblasts (foreskin),GEO Accession;;GSM3294933,GSM3294933,7dCI_rep2,CQ,Contact_inhibited CQ,contact-inhibited,7 days,,no,Fibroblast,Foreskin,no,no hTERT/immortal/SV40/telomerase mention in GEO sample or series record
SRR7547698,SRP154577,Differential gene expression analysis between proliferating and quiescent human dermal fibroblasts,single,Illumina HiSeq 2000,Homo sapiens,HDF 10-5,Primary,SRP154577,Differential gene expression analysis between proliferating and quiescent human dermal fibroblasts,"Purpose: Quiescence is a state or reversible cell cycle arrest. A previous study using microarrays (Coller et al., PMID: 16509772) revealed gene expression changes between quiescent and proliferating human dermal fibroblasts and defined a ""quiescece program"" of genes that change in abundance when fibroblasts were introduced into quiescence by one of three methods. The goal of this study is to perform high throughut RNA sequencing to determine global changes in gene expression between proliferating and quiescent human dermal fibroblasts. Methods: Three different biological replicates (corresponding to two fibroblast strains, 10-5 and 12-1) were collected in proliferating and contact--inhibited (quiescent) conditions. RNA extracted from these cells were used for library preparation. The libraries were sequenced on an Illumina HiSeq 2000 instrument. Results: Among the 19,673 genes monitored, 1,993 genes (10.1%) changed in expression two-fold or more, demonstrating widespread changes in gene expression with contact inhibition-induced quiescence. Fifty-two percent of these genes were upregulated in 7dCI compared with proliferating fibroblasts, and 48% were downregulated in 7dCI fibroblasts. Conclusions: There are widespread changes in gene expression as fibroblasts transition between proliferating and quiescent states. Overall design: Three different biological replicates (corresponding to two fibroblast strains, 10-5 and 12-1) were collected in proliferating and contact--inhibited (quiescent) conditions.",GSM3294934: 7dCI_rep3; Homo sapiens; RNA-Seq,Illumina HiSeq 2000,cell growth conditions;;7 day contact inhibited cells (quiescent)|cell type;;human dermal fibroblasts (foreskin)|fibroblast strain;;12-1|source_name;;human dermal fibroblasts (foreskin),GEO Accession;;GSM3294934,GSM3294934,7dCI_rep3,CQ,Contact_inhibited CQ,contact-inhibited,7 days,,no,Fibroblast,Foreskin,no,no hTERT/immortal/SV40/telomerase mention in GEO sample or series record
SRR1560895,SRP045867,RNA-seq of young and quiescent MRC-5 human fibroblasts,single,Illumina HiSeq 2000,Homo sapiens,MRC-5,MRC-5,SRP045867,RNA-seq of young and quiescent MRC-5 human fibroblasts,"Quiescent MRC-5 fibroblasts were compared to young fibroblasts Jena Centre for Systems Biology of Ageing - JenAge (www.jenage.de) Overall design: 6 samples: 3 biological replicates for each age group: young and quiescent MRC-5 cells. 50bp, single-end reads, no strand-specific reads",GSM1492877: MRC_5_PD32_1; Homo sapiens; RNA-Seq,Illumina HiSeq 2000,cell type;;MRC-5 fibroblasts|population doublings;;32|source_name;;total RNA extracted from MRC-5 fibroblasts|treatment;;control,GEO Accession;;GSM1492877,GSM1492877,MRC_5_PD32_1,Proliferating,Proliferating,,32 days,,no,Fibroblast,Lung,no,no hTERT/immortal/SV40/telomerase mention in GEO sample or series record
SRR1560896,SRP045867,RNA-seq of young and quiescent MRC-5 human fibroblasts,single,Illumina HiSeq 2000,Homo sapiens,MRC-5,MRC-5,SRP045867,RNA-seq of young and quiescent MRC-5 human fibroblasts,"Quiescent MRC-5 fibroblasts were compared to young fibroblasts Jena Centre for Systems Biology of Ageing - JenAge (www.jenage.de) Overall design: 6 samples: 3 biological replicates for each age group: young and quiescent MRC-5 cells. 50bp, single-end reads, no strand-specific reads",GSM1492878: MRC_5_PD32_2; Homo sapiens; RNA-Seq,Illumina HiSeq 2000,cell type;;MRC-5 fibroblasts|population doublings;;32|source_name;;total RNA extracted from MRC-5 fibroblasts|treatment;;control,GEO Accession;;GSM1492878,GSM1492878,MRC_5_PD32_2,Proliferating,Proliferating,,32 days,,no,Fibroblast,Lung,no,no hTERT/immortal/SV40/telomerase mention in GEO sample or series record
SRR1560897,SRP045867,RNA-seq of young and quiescent MRC-5 human fibroblasts,single,Illumina HiSeq 2000,Homo sapiens,MRC-5,MRC-5,SRP045867,RNA-seq of young and quiescent MRC-5 human fibroblasts,"Quiescent MRC-5 fibroblasts were compared to young fibroblasts Jena Centre for Systems Biology of Ageing - JenAge (www.jenage.de) Overall design: 6 samples: 3 biological replicates for each age group: young and quiescent MRC-5 cells. 50bp, single-end reads, no strand-specific reads",GSM1492879: MRC_5_PD32_3; Homo sapiens; RNA-Seq,Illumina HiSeq 2000,cell type;;MRC-5 fibroblasts|population doublings;;32|source_name;;total RNA extracted from MRC-5 fibroblasts|treatment;;control,GEO Accession;;GSM1492879,GSM1492879,MRC_5_PD32_3,Proliferating,Proliferating,,32 days,,no,Fibroblast,Lung,no,no hTERT/immortal/SV40/telomerase mention in GEO sample or series record
SRR1560898,SRP045867,RNA-seq of young and quiescent MRC-5 human fibroblasts,single,Illumina HiSeq 2500,Homo sapiens,MRC-5,MRC-5,SRP045867,RNA-seq of young and quiescent MRC-5 human fibroblasts,"Quiescent MRC-5 fibroblasts were compared to young fibroblasts Jena Centre for Systems Biology of Ageing - JenAge (www.jenage.de) Overall design: 6 samples: 3 biological replicates for each age group: young and quiescent MRC-5 cells. 50bp, single-end reads, no strand-specific reads",GSM1492880: 150_day_Quiescence_1; Homo sapiens; RNA-Seq,Illumina HiSeq 2500,cell type;;MRC-5 fibroblasts|population doublings;;36|source_name;;total RNA extracted from MRC-5 fibroblasts|treatment;;subjected to quiescence using 150 days contact inhibition,GEO Accession;;GSM1492880,GSM1492880,150_day_Quiescence_1,CQ,Contact_inhibited CQ,contact-inhibited,150 days,,no,Fibroblast,Lung,no,no hTERT/immortal/SV40/telomerase mention in GEO sample or series record
SRR1560899,SRP045867,RNA-seq of young and quiescent MRC-5 human fibroblasts,single,Illumina HiSeq 2500,Homo sapiens,MRC-5,MRC-5,SRP045867,RNA-seq of young and quiescent MRC-5 human fibroblasts,"Quiescent MRC-5 fibroblasts were compared to young fibroblasts Jena Centre for Systems Biology of Ageing - JenAge (www.jenage.de) Overall design: 6 samples: 3 biological replicates for each age group: young and quiescent MRC-5 cells. 50bp, single-end reads, no strand-specific reads",GSM1492881: 150_day_Quiescence_2; Homo sapiens; RNA-Seq,Illumina HiSeq 2500,cell type;;MRC-5 fibroblasts|population doublings;;36|source_name;;total RNA extracted from MRC-5 fibroblasts|treatment;;subjected to quiescence using 150 days contact inhibition,GEO Accession;;GSM1492881,GSM1492881,150_day_Quiescence_2,CQ,Contact_inhibited CQ,contact-inhibited,150 days,,no,Fibroblast,Lung,no,no hTERT/immortal/SV40/telomerase mention in GEO sample or series record
SRR1560900,SRP045867,RNA-seq of young and quiescent MRC-5 human fibroblasts,single,Illumina HiSeq 2500,Homo sapiens,MRC-5,MRC-5,SRP045867,RNA-seq of young and quiescent MRC-5 human fibroblasts,"Quiescent MRC-5 fibroblasts were compared to young fibroblasts Jena Centre for Systems Biology of Ageing - JenAge (www.jenage.de) Overall design: 6 samples: 3 biological replicates for each age group: young and quiescent MRC-5 cells. 50bp, single-end reads, no strand-specific reads",GSM1492882: 150_day_Quiescence_3; Homo sapiens; RNA-Seq,Illumina HiSeq 2500,cell type;;MRC-5 fibroblasts|population doublings;;36|source_name;;total RNA extracted from MRC-5 fibroblasts|treatment;;subjected to quiescence using 150 days contact inhibition,GEO Accession;;GSM1492882,GSM1492882,150_day_Quiescence_3,CQ,Contact_inhibited CQ,contact-inhibited,150 days,,no,Fibroblast,Lung,no,no hTERT/immortal/SV40/telomerase mention in GEO sample or series record
