analysis,label,pathway,n_studies,contrib_diff_within_study,wilcox_p,cell_type,timepoint,p_adj
meta_analysis,CICQ,HALLMARK ADIPOGENESIS,6.0,0.01933198337674386,0.14350513754854005,,,0.20618554245479895
meta_analysis,CICQ,HALLMARK ALLOGRAFT REJECTION,6.0,0.04614578995217632,0.17886704456824631,,,0.24705392896166617
meta_analysis,CICQ,HALLMARK ANDROGEN RESPONSE,6.0,-0.025089160763458983,0.07918502760607295,,,0.12529276519948251
meta_analysis,CICQ,HALLMARK ANGIOGENESIS,6.0,0.010395654256623157,0.011918737334218622,,,0.02346208136657209
meta_analysis,CICQ,HALLMARK APICAL JUNCTION,6.0,0.04438580911677732,0.1616321977973968,,,0.2282940646855887
meta_analysis,CICQ,HALLMARK APICAL SURFACE,6.0,0.00921946352831521,0.016223955149791636,,,0.030496156296600817
meta_analysis,CICQ,HALLMARK APOPTOSIS,6.0,0.010994526046484161,0.18143678717852052,,,0.24922635601445126
meta_analysis,CICQ,HALLMARK BILE ACID METABOLISM,6.0,-0.002075563288374748,0.6636314390946769,,,0.7276660516389001
meta_analysis,CICQ,HALLMARK CHOLESTEROL HOMEOSTASIS,6.0,-0.0004057048496580377,0.5962552697030273,,,0.6775628064807129
meta_analysis,CICQ,HALLMARK COAGULATION,6.0,0.07128806408691274,0.01303133643198457,,,0.025254527968962347
meta_analysis,CICQ,HALLMARK COMPLEMENT,6.0,0.06684727678975962,0.0003846379553851907,,,0.0011871541832876257
meta_analysis,CICQ,HALLMARK DNA REPAIR,6.0,-0.0035011537458163947,0.6239524315896889,,,0.6970432827788822
meta_analysis,CICQ,HALLMARK E2F TARGETS,6.0,0.03107031737690011,0.6128066771723535,,,0.691772124269635
meta_analysis,CICQ,HALLMARK EPITHELIAL MESENCHYMAL TRANSITION,6.0,-0.1479910040580503,0.0007556843614881435,,,0.0020534901127395207
meta_analysis,CICQ,HALLMARK ESTROGEN RESPONSE EARLY,6.0,0.0012883274178907504,0.5321800382941841,,,0.6102982090529634
meta_analysis,CICQ,HALLMARK ESTROGEN RESPONSE LATE,6.0,0.02894621939801578,0.6579015145290279,,,0.7276660516389001
meta_analysis,CICQ,HALLMARK FATTY ACID METABOLISM,6.0,-0.006366046669117032,0.04294086230995803,,,0.07403596949992763
meta_analysis,CICQ,HALLMARK G2M CHECKPOINT,6.0,-0.061620227938100985,0.2548449218867742,,,0.32840840449326575
meta_analysis,CICQ,HALLMARK GLYCOLYSIS,6.0,0.03395453577882764,1.7250014687610004e-07,,,1.2321439062578574e-06
meta_analysis,CICQ,HALLMARK HEDGEHOG SIGNALING,6.0,-0.029191667541111847,3.8764376063407665e-06,,,1.9382188031703833e-05
meta_analysis,CICQ,HALLMARK HEME METABOLISM,6.0,0.01636579288378808,0.006525573755805843,,,0.014005594586384933
meta_analysis,CICQ,HALLMARK HYPOXIA,6.0,0.08301963898599657,4.452493752730101e-08,,,3.6092336404725296e-07
meta_analysis,CICQ,HALLMARK IL2 STAT5 SIGNALING,6.0,0.047338778468239945,2.744550854758809e-06,,,1.4002810483463311e-05
meta_analysis,CICQ,HALLMARK IL6 JAK STAT3 SIGNALING,6.0,0.007932975186736118,0.0038994010300912596,,,0.008782434752457791
meta_analysis,CICQ,HALLMARK INFLAMMATORY RESPONSE,6.0,0.10239562425333877,0.03026404973270889,,,0.054042945951265874
meta_analysis,CICQ,HALLMARK INTERFERON ALPHA RESPONSE,6.0,-0.024527534322183797,0.2751778511779859,,,0.3509921571147779
meta_analysis,CICQ,HALLMARK INTERFERON GAMMA RESPONSE,6.0,-0.007634464327650959,0.025235175172699343,,,0.04538700570629378
meta_analysis,CICQ,HALLMARK KRAS SIGNALING DN,6.0,-0.004902649764054936,0.0152007629860523,,,0.028789323837220267
meta_analysis,CICQ,HALLMARK KRAS SIGNALING UP,6.0,0.11091664572542291,2.174300076079652e-06,,,1.1816848239563325e-05
meta_analysis,CICQ,HALLMARK MITOTIC SPINDLE,6.0,-0.020942454406058117,0.0020432597146487724,,,0.005008656183606336
meta_analysis,CICQ,HALLMARK MTORC1 SIGNALING,6.0,-0.02131698101853019,0.4621052417075655,,,0.5398425720882775
meta_analysis,CICQ,HALLMARK MYC TARGETS,6.0,-0.030497866045550187,0.4153824429233842,,,0.48753807854857306
meta_analysis,CICQ,HALLMARK MYOGENESIS,6.0,0.08419558003430369,4.686294647247368e-06,,,2.2530262727150805e-05
meta_analysis,CICQ,HALLMARK NOTCH SIGNALING,6.0,0.0009410751909185648,0.00029281836672059435,,,0.0009760612224019812
meta_analysis,CICQ,HALLMARK OXIDATIVE PHOSPHORYLATION,6.0,0.019385895589677522,0.987382201396969,,,0.987382201396969
meta_analysis,CICQ,HALLMARK P53 PATHWAY,6.0,0.06609156788093579,0.03903463842309003,,,0.0677684694845313
meta_analysis,CICQ,HALLMARK PANCREAS BETA CELLS,6.0,-0.012946279946059238,0.0011226634956753366,,,0.002923602853321189
meta_analysis,CICQ,HALLMARK PEROXISOME,6.0,-0.012200050032373878,0.6984151355143797,,,0.746170016575192
meta_analysis,CICQ,HALLMARK PI3K AKT MTOR SIGNALING,6.0,-0.006285238535196611,0.004642656308654314,,,0.010271363514721934
meta_analysis,CICQ,HALLMARK PROTEIN SECRETION,6.0,-0.01076558566151203,0.8681139756916079,,,0.889461040667631
meta_analysis,CICQ,HALLMARK REACTIVE OXYGEN SPECIES PATHWAY,6.0,-0.006256140408627955,0.20019623361279426,,,0.2705354508281004
meta_analysis,CICQ,HALLMARK SPERMATOGENESIS,6.0,-0.017082104978572543,0.009281106011197228,,,0.01879555023629618
meta_analysis,CICQ,HALLMARK TGF BETA SIGNALING,6.0,0.009810071597002392,0.918125110380465,,,0.9353476102330177
meta_analysis,CICQ,HALLMARK TNFA SIGNALING VIA NFKB,6.0,-0.01754152194681618,0.003265859576306016,,,0.007559860130337999
meta_analysis,CICQ,HALLMARK UNFOLDED PROTEIN RESPONSE,6.0,0.013602059983049225,0.06092424205723858,,,0.1008679504258917
meta_analysis,CICQ,HALLMARK UV RESPONSE DN,6.0,0.018584483551456817,4.815943840601566e-05,,,0.00018522860925390637
meta_analysis,CICQ,HALLMARK UV RESPONSE UP,6.0,0.025345662540332044,0.016939262730921525,,,0.03160310210992821
meta_analysis,CICQ,HALLMARK WNT BETA CATENIN SIGNALING,6.0,0.007200828422611319,0.7819661787380358,,,0.8213930448928947
meta_analysis,CICQ,HALLMARK XENOBIOTIC METABOLISM,6.0,0.07349528957802644,0.004998760832115455,,,0.010962194807270736
meta_analysis,CICQ,Lysosomal Genes,6.0,0.08570561236661522,5.668888767234416e-10,,,5.905092465869184e-09
meta_analysis,SSCQ,HALLMARK ADIPOGENESIS,6.0,-0.018163129848206876,0.01862292314118046,,,0.03448689470588974
meta_analysis,SSCQ,HALLMARK ALLOGRAFT REJECTION,6.0,0.021864851373496544,0.23011475268130244,,,0.30119732026348484
meta_analysis,SSCQ,HALLMARK ANDROGEN RESPONSE,6.0,-0.0339929867619306,0.34771926939814934,,,0.4243209440428941
meta_analysis,SSCQ,HALLMARK ANGIOGENESIS,6.0,-0.026969875039235983,0.30146954272989146,,,0.37873058131895915
meta_analysis,SSCQ,HALLMARK APICAL JUNCTION,6.0,0.04634518574236961,0.004632019117799518,,,0.010271363514721934
meta_analysis,SSCQ,HALLMARK APICAL SURFACE,6.0,0.0017612825170759561,0.008759865514079791,,,0.017950544086229082
meta_analysis,SSCQ,HALLMARK APOPTOSIS,6.0,-0.011773603086414187,0.21365781186689747,,,0.2826161532630919
meta_analysis,SSCQ,HALLMARK BILE ACID METABOLISM,6.0,-0.011243989247230989,0.2783447997018853,,,0.3532294412460473
meta_analysis,SSCQ,HALLMARK CHOLESTEROL HOMEOSTASIS,6.0,-0.02004608393428264,6.971712004287454e-05,,,0.00026013850762266616
meta_analysis,SSCQ,HALLMARK COAGULATION,6.0,0.05617824357488138,0.0007178854462812558,,,0.001994126239670155
meta_analysis,SSCQ,HALLMARK COMPLEMENT,6.0,0.03807825201694833,0.39824621563943363,,,0.4718557057339261
meta_analysis,SSCQ,HALLMARK DNA REPAIR,6.0,-0.009815458271729008,0.11476734560909668,,,0.17354460593321216
meta_analysis,SSCQ,HALLMARK E2F TARGETS,6.0,0.050716484378715274,1.0414443876484798e-06,,,5.917297657093636e-06
meta_analysis,SSCQ,HALLMARK EPITHELIAL MESENCHYMAL TRANSITION,6.0,-0.11829423532170744,0.0005072080103729113,,,0.0014917882658026804
meta_analysis,SSCQ,HALLMARK ESTROGEN RESPONSE EARLY,6.0,0.022572779734682406,0.2057553669006037,,,0.27507401992059316
meta_analysis,SSCQ,HALLMARK ESTROGEN RESPONSE LATE,6.0,0.021821984390178874,0.82496808387107,,,0.8557760206131432
meta_analysis,SSCQ,HALLMARK FATTY ACID METABOLISM,6.0,-0.00477374828969917,0.0932225360946131,,,0.14386193841761283
meta_analysis,SSCQ,HALLMARK G2M CHECKPOINT,6.0,-0.0577048679020553,0.0021344543972666415,,,0.005180714556472431
meta_analysis,SSCQ,HALLMARK GLYCOLYSIS,6.0,0.009672898182627855,0.6820338890946767,,,0.7375241534654767
meta_analysis,SSCQ,HALLMARK HEDGEHOG SIGNALING,6.0,-0.030651279523672175,4.475449714185937e-08,,,3.6092336404725296e-07
meta_analysis,SSCQ,HALLMARK HEME METABOLISM,6.0,-0.005575522700642916,0.052418668067547934,,,0.08795078534823479
meta_analysis,SSCQ,HALLMARK HYPOXIA,6.0,0.03045233303712405,0.006059287601421055,,,0.013172364350915337
meta_analysis,SSCQ,HALLMARK IL2 STAT5 SIGNALING,6.0,0.015197369412688342,0.00015590602570584003,,,0.0005489648792459156
meta_analysis,SSCQ,HALLMARK IL6 JAK STAT3 SIGNALING,6.0,-0.01535170072610538,0.06930749799492977,,,0.11204782131471315
meta_analysis,SSCQ,HALLMARK INFLAMMATORY RESPONSE,6.0,0.04044336812527321,0.00218686908252775,,,0.005206831148875595
meta_analysis,SSCQ,HALLMARK INTERFERON ALPHA RESPONSE,6.0,-0.03782722227676623,0.007377726853791608,,,0.015587586068221936
meta_analysis,SSCQ,HALLMARK INTERFERON GAMMA RESPONSE,6.0,-0.04395647424013621,0.4886336416258785,,,0.5681786530533471
meta_analysis,SSCQ,HALLMARK KRAS SIGNALING DN,6.0,-0.008968482761719063,0.39824621563943363,,,0.4718557057339261
meta_analysis,SSCQ,HALLMARK KRAS SIGNALING UP,6.0,0.04425934553188965,0.001300453650550815,,,0.0033516846663680802
meta_analysis,SSCQ,HALLMARK MITOTIC SPINDLE,6.0,-0.006075947562664254,0.7745565007007985,,,0.8170427222582263
meta_analysis,SSCQ,HALLMARK MTORC1 SIGNALING,6.0,-0.058090906489761535,0.009737034424472532,,,0.019474068848945064
meta_analysis,SSCQ,HALLMARK MYC TARGETS,6.0,-0.03487639376529921,3.248525398639039e-07,,,2.1371877622625255e-06
meta_analysis,SSCQ,HALLMARK MYOGENESIS,6.0,0.01856240757320609,0.00010630412495359066,,,0.000385159873020256
meta_analysis,SSCQ,HALLMARK NOTCH SIGNALING,6.0,0.003383907866725039,0.37831064989865193,,,0.45252470083570806
meta_analysis,SSCQ,HALLMARK OXIDATIVE PHOSPHORYLATION,6.0,0.009033073927406527,0.6142936463514359,,,0.691772124269635
meta_analysis,SSCQ,HALLMARK P53 PATHWAY,6.0,0.04821722659511499,0.0010338845941713294,,,0.0027496930696045995
meta_analysis,SSCQ,HALLMARK PANCREAS BETA CELLS,6.0,-0.012865709645594343,2.664610131523296e-06,,,1.38781777683505e-05
meta_analysis,SSCQ,HALLMARK PEROXISOME,6.0,0.0010807996703947568,0.21099969029635335,,,0.2805846945430231
meta_analysis,SSCQ,HALLMARK PI3K AKT MTOR SIGNALING,6.0,0.002543687419465815,0.03272344656445809,,,0.05802029532705334
meta_analysis,SSCQ,HALLMARK PROTEIN SECRETION,6.0,-0.007532659858297974,0.6714261129724488,,,0.7325444154040505
meta_analysis,SSCQ,HALLMARK REACTIVE OXYGEN SPECIES PATHWAY,6.0,-0.006888787998307173,0.5400607371220081,,,0.6165076907785481
meta_analysis,SSCQ,HALLMARK SPERMATOGENESIS,6.0,-0.017376574944027907,0.10824600174573504,,,0.16602147507014578
meta_analysis,SSCQ,HALLMARK TGF BETA SIGNALING,6.0,-0.0032007190870558372,0.7634738058653511,,,0.8087646248573634
meta_analysis,SSCQ,HALLMARK TNFA SIGNALING VIA NFKB,6.0,-0.022246131867789627,0.5210513002282631,,,0.6002895163920081
meta_analysis,SSCQ,HALLMARK UNFOLDED PROTEIN RESPONSE,6.0,0.020679361080047476,0.022153017130446484,,,0.04013227741022914
meta_analysis,SSCQ,HALLMARK UV RESPONSE DN,6.0,-0.02891927568709569,0.49778349424572466,,,0.5761383035251443
meta_analysis,SSCQ,HALLMARK UV RESPONSE UP,6.0,0.013061614292545239,0.18332599808340277,,,0.2504453525729546
meta_analysis,SSCQ,HALLMARK WNT BETA CATENIN SIGNALING,6.0,0.005923302599097671,0.0877026117879627,,,0.13618417979497313
meta_analysis,SSCQ,HALLMARK XENOBIOTIC METABOLISM,6.0,0.026394271692831338,0.12334920979771033,,,0.1846545056851951
meta_analysis,SSCQ,Lysosomal Genes,6.0,0.05554693821346265,3.0082583415626355e-07,,,2.032606987542321e-06
meta_analysis,RS,HALLMARK ADIPOGENESIS,6.0,0.04094946467420073,0.11033803834600638,,,0.16819822918598532
meta_analysis,RS,HALLMARK ALLOGRAFT REJECTION,6.0,0.0191512934591116,0.11523361833965287,,,0.17354460593321216
meta_analysis,RS,HALLMARK ANDROGEN RESPONSE,6.0,-0.03214812318689861,0.06506552950160885,,,0.10631622467583146
meta_analysis,RS,HALLMARK ANGIOGENESIS,6.0,0.036509634109428764,0.16401417972428312,,,0.23035699399477966
meta_analysis,RS,HALLMARK APICAL JUNCTION,6.0,0.05251642988442038,0.002804674323271792,,,0.006552977390821945
meta_analysis,RS,HALLMARK APICAL SURFACE,6.0,-0.0020947658698544955,0.009322592917202907,,,0.01879555023629618
meta_analysis,RS,HALLMARK APOPTOSIS,6.0,0.0627619608156588,0.2439616597396097,,,0.3160125126160747
meta_analysis,RS,HALLMARK BILE ACID METABOLISM,6.0,0.003990522444724113,0.9398022261720721,,,0.9473812763831372
meta_analysis,RS,HALLMARK CHOLESTEROL HOMEOSTASIS,6.0,0.024951805379440747,0.052148874290836526,,,0.08795078534823479
meta_analysis,RS,HALLMARK COAGULATION,6.0,0.0467784022094499,0.0008246429732888414,,,0.002216782186260326
meta_analysis,RS,HALLMARK COMPLEMENT,6.0,-0.0009945618452366235,0.047138225189717414,,,0.08071613902348873
meta_analysis,RS,HALLMARK DNA REPAIR,6.0,-0.007179114787078258,0.41226485296728954,,,0.48616138321614333
meta_analysis,RS,HALLMARK E2F TARGETS,6.0,0.08689673187861409,6.4971491844183035e-06,,,3.0646930115180674e-05
meta_analysis,RS,HALLMARK EPITHELIAL MESENCHYMAL TRANSITION,6.0,0.09096697340131703,0.020368214479093667,,,0.03716827459688625
meta_analysis,RS,HALLMARK ESTROGEN RESPONSE EARLY,6.0,0.04826143107563416,0.34794317411517317,,,0.4243209440428941
meta_analysis,RS,HALLMARK ESTROGEN RESPONSE LATE,6.0,-0.010361547817049493,0.1423174656528749,,,0.2056610775330562
meta_analysis,RS,HALLMARK FATTY ACID METABOLISM,6.0,0.005553400154805345,0.1423174656528749,,,0.2056610775330562
meta_analysis,RS,HALLMARK G2M CHECKPOINT,6.0,-0.02914265104648518,5.259880331262456e-07,,,3.2072441044283266e-06
meta_analysis,RS,HALLMARK GLYCOLYSIS,6.0,0.0023488456511457944,0.04835130055927186,,,0.08223010299195894
meta_analysis,RS,HALLMARK HEDGEHOG SIGNALING,6.0,-0.015229705153985229,0.00016646000920613805,,,0.0005779861430768682
meta_analysis,RS,HALLMARK HEME METABOLISM,6.0,-0.0007391517844924632,0.01979118273425352,,,0.03638085061443662
meta_analysis,RS,HALLMARK HYPOXIA,6.0,0.18151896998563263,0.0018218615795621044,,,0.004600660554449759
meta_analysis,RS,HALLMARK IL2 STAT5 SIGNALING,6.0,0.033405149227289835,0.13372311290578923,,,0.19665163662616064
meta_analysis,RS,HALLMARK IL6 JAK STAT3 SIGNALING,6.0,0.0032192997317164935,0.627338954500994,,,0.6970432827788822
meta_analysis,RS,HALLMARK INFLAMMATORY RESPONSE,6.0,0.04518077849545499,0.12553588329113508,,,0.18680935013561767
meta_analysis,RS,HALLMARK INTERFERON ALPHA RESPONSE,6.0,-0.0661238226092917,2.2378818242065415e-07,,,1.5540846001434316e-06
meta_analysis,RS,HALLMARK INTERFERON GAMMA RESPONSE,6.0,0.08593712792128518,0.1423174656528749,,,0.2056610775330562
meta_analysis,RS,HALLMARK KRAS SIGNALING DN,6.0,0.0184632736149059,0.2953441737060113,,,0.37290931023486273
meta_analysis,RS,HALLMARK KRAS SIGNALING UP,6.0,0.12686843853542693,0.06506552950160885,,,0.10631622467583146
meta_analysis,RS,HALLMARK MITOTIC SPINDLE,6.0,-0.0021286620765823654,0.07331482168683633,,,0.11674334663508969
meta_analysis,RS,HALLMARK MTORC1 SIGNALING,6.0,0.08297615032532672,0.2439616597396097,,,0.3160125126160747
meta_analysis,RS,HALLMARK MYC TARGETS,6.0,-0.06820275437200049,2.3469827810408843e-05,,,9.618781889511821e-05
meta_analysis,RS,HALLMARK MYOGENESIS,6.0,0.16835009812267784,0.0065546182664281485,,,0.014005594586384933
meta_analysis,RS,HALLMARK NOTCH SIGNALING,6.0,-0.005261490293907059,0.627338954500994,,,0.6970432827788822
meta_analysis,RS,HALLMARK OXIDATIVE PHOSPHORYLATION,6.0,0.0012798448445660636,0.0021847849121265518,,,0.005206831148875595
meta_analysis,RS,HALLMARK P53 PATHWAY,6.0,0.18834664005714888,0.08432298837692477,,,0.13258331505805782
meta_analysis,RS,HALLMARK PANCREAS BETA CELLS,6.0,-0.009068697209769373,0.15442852019948072,,,0.2206121717135439
meta_analysis,RS,HALLMARK PEROXISOME,6.0,0.0423554340716595,0.0037071069134640066,,,0.00842524298514547
meta_analysis,RS,HALLMARK PI3K AKT MTOR SIGNALING,6.0,0.06769258377123137,0.06991784050038101,,,0.11204782131471315
meta_analysis,RS,HALLMARK PROTEIN SECRETION,6.0,0.012450944274096393,0.9655792562761883,,,0.969457084614647
meta_analysis,RS,HALLMARK REACTIVE OXYGEN SPECIES PATHWAY,6.0,-0.005931475991890928,0.0002245934849498999,,,0.0007587617734793916
meta_analysis,RS,HALLMARK SPERMATOGENESIS,6.0,0.0001725413780488977,0.3535123714673918,,,0.42694730853549734
meta_analysis,RS,HALLMARK TGF BETA SIGNALING,6.0,0.02288747761208294,0.0002245934849498999,,,0.0007587617734793916
meta_analysis,RS,HALLMARK TNFA SIGNALING VIA NFKB,6.0,0.0800938241681893,0.697734435462422,,,0.746170016575192
meta_analysis,RS,HALLMARK UNFOLDED PROTEIN RESPONSE,6.0,0.04025972448283817,5.883411806389675e-07,,,3.502030837136711e-06
meta_analysis,RS,HALLMARK UV RESPONSE DN,6.0,0.0047504162646168566,0.6739408621717264,,,0.7325444154040505
meta_analysis,RS,HALLMARK UV RESPONSE UP,6.0,0.010156306249771829,0.8040322631511574,,,0.8410379321664826
meta_analysis,RS,HALLMARK WNT BETA CATENIN SIGNALING,6.0,0.028454440066766413,2.4621196367837068e-05,,,9.927901761224624e-05
meta_analysis,RS,HALLMARK XENOBIOTIC METABOLISM,6.0,-0.03933272476691324,5.988444481431812e-05,,,0.0002268350182360535
meta_analysis,RS,Lysosomal Genes,6.0,0.015685888375269578,0.08628154746199307,,,0.13481491790936417
meta_analysis,SIPS,HALLMARK ADIPOGENESIS,4.0,0.03688998328101814,0.9231008365396582,,,0.9353476102330177
meta_analysis,SIPS,HALLMARK ALLOGRAFT REJECTION,4.0,0.021700780883618157,0.0003036123209504814,,,0.0009857542888002642
meta_analysis,SIPS,HALLMARK ANDROGEN RESPONSE,4.0,-0.040500898625752874,0.0007424137132447515,,,0.0020395981133097566
meta_analysis,SIPS,HALLMARK ANGIOGENESIS,4.0,0.024370850792224348,0.00045573537209585985,,,0.0013726969039031924
meta_analysis,SIPS,HALLMARK APICAL JUNCTION,4.0,0.03814617807393221,9.54377994931248e-10,,,8.836833286400446e-09
meta_analysis,SIPS,HALLMARK APICAL SURFACE,4.0,-0.005639222066389226,0.0010879823554489144,,,0.0028631114617076693
meta_analysis,SIPS,HALLMARK APOPTOSIS,4.0,0.01466683162708026,3.1003551926434854e-05,,,0.00012302996796204307
meta_analysis,SIPS,HALLMARK BILE ACID METABOLISM,4.0,-0.00010976182736072249,0.03327846461826841,,,0.058588846158923256
meta_analysis,SIPS,HALLMARK CHOLESTEROL HOMEOSTASIS,4.0,-0.00534114599894634,0.007419690968473641,,,0.015587586068221936
meta_analysis,SIPS,HALLMARK COAGULATION,4.0,0.06307634004393871,1.0133747630048238e-07,,,7.677081537915332e-07
meta_analysis,SIPS,HALLMARK COMPLEMENT,4.0,0.05207965494730193,0.0035434950761503133,,,0.008127282284748424
meta_analysis,SIPS,HALLMARK DNA REPAIR,4.0,-0.0019884904936262626,0.6844224144159624,,,0.7375241534654767
meta_analysis,SIPS,HALLMARK E2F TARGETS,4.0,0.08386713002646763,3.872145247306785e-18,,,1.9360726236533925e-16
meta_analysis,SIPS,HALLMARK EPITHELIAL MESENCHYMAL TRANSITION,4.0,0.012883758586580226,0.013354315130239706,,,0.025681375250460974
meta_analysis,SIPS,HALLMARK ESTROGEN RESPONSE EARLY,4.0,-0.019222767408665752,0.2658725168931563,,,0.34086220114507215
meta_analysis,SIPS,HALLMARK ESTROGEN RESPONSE LATE,4.0,-0.036910544962294706,2.7016784522519085e-10,,,2.936607013317292e-09
meta_analysis,SIPS,HALLMARK FATTY ACID METABOLISM,4.0,0.022203176008954335,0.0020089084295106413,,,0.005008656183606336
meta_analysis,SIPS,HALLMARK G2M CHECKPOINT,4.0,-0.039901038106433404,1.1026092686646528e-10,,,1.4205215089073743e-09
meta_analysis,SIPS,HALLMARK GLYCOLYSIS,4.0,0.0330573082257476,0.0007023541270039493,,,0.001972904851134689
meta_analysis,SIPS,HALLMARK HEDGEHOG SIGNALING,4.0,-0.016676287631307657,0.002768081760341196,,,0.0065284947177858405
meta_analysis,SIPS,HALLMARK HEME METABOLISM,4.0,0.0018054289846369915,0.0003760955164180782,,,0.0011752984888064944
meta_analysis,SIPS,HALLMARK HYPOXIA,4.0,0.10705323601524046,1.5843007054907498e-12,,,3.04673212594375e-11
meta_analysis,SIPS,HALLMARK IL2 STAT5 SIGNALING,4.0,0.02602822850765134,1.276445648258421e-05,,,5.5984458256948296e-05
meta_analysis,SIPS,HALLMARK IL6 JAK STAT3 SIGNALING,4.0,-0.041101055988305255,0.002043531722911385,,,0.005008656183606336
meta_analysis,SIPS,HALLMARK INFLAMMATORY RESPONSE,4.0,0.019788487555912216,0.03771828824655015,,,0.06594106336809467
meta_analysis,SIPS,HALLMARK INTERFERON ALPHA RESPONSE,4.0,-0.03862192562178584,3.7021409948934727e-05,,,0.00014461488261302628
meta_analysis,SIPS,HALLMARK INTERFERON GAMMA RESPONSE,4.0,0.05461709685255682,2.04560134846404e-12,,,3.6528595508286426e-11
meta_analysis,SIPS,HALLMARK KRAS SIGNALING DN,4.0,-0.03290911617483168,0.056101251750267686,,,0.09350208625044615
meta_analysis,SIPS,HALLMARK KRAS SIGNALING UP,4.0,0.06598823924018847,2.2643207175011182e-05,,,9.434669656254658e-05
meta_analysis,SIPS,HALLMARK MITOTIC SPINDLE,4.0,-0.0034839919990212907,0.1313261458070687,,,0.19426944646016078
meta_analysis,SIPS,HALLMARK MTORC1 SIGNALING,4.0,0.05261178605378157,9.234191573977161e-12,,,1.4068204784456717e-10
meta_analysis,SIPS,HALLMARK MYC TARGETS,4.0,-0.05778209077616146,2.587372803909939e-18,,,1.6171080024437118e-16
meta_analysis,SIPS,HALLMARK MYOGENESIS,4.0,0.12278514098960962,9.566379253430568e-12,,,1.4068204784456717e-10
meta_analysis,SIPS,HALLMARK NOTCH SIGNALING,4.0,-0.023021626367840126,2.60909036900494e-06,,,1.3878140260664574e-05
meta_analysis,SIPS,HALLMARK OXIDATIVE PHOSPHORYLATION,4.0,0.006061089127052718,7.256075146100227e-06,,,3.311401609240015e-05
meta_analysis,SIPS,HALLMARK P53 PATHWAY,4.0,0.13716050143602881,4.724000876020051e-15,,,1.687143170007161e-13
meta_analysis,SIPS,HALLMARK PANCREAS BETA CELLS,4.0,-0.01015894903892973,0.0006051355072699521,,,0.0017388951358331959
meta_analysis,SIPS,HALLMARK PEROXISOME,4.0,0.006409215499582425,0.3525150878368297,,,0.42694730853549734
meta_analysis,SIPS,HALLMARK PI3K AKT MTOR SIGNALING,4.0,0.05101001966386849,4.866778925965654e-12,,,8.111298209942757e-11
meta_analysis,SIPS,HALLMARK PROTEIN SECRETION,4.0,0.012111299621156748,0.00010602140300093242,,,0.000385159873020256
meta_analysis,SIPS,HALLMARK REACTIVE OXYGEN SPECIES PATHWAY,4.0,-0.012923426602379762,8.135496395076691e-10,,,7.822592687573741e-09
meta_analysis,SIPS,HALLMARK SPERMATOGENESIS,4.0,-0.017381438871331787,0.8152174303550646,,,0.8491848232865257
meta_analysis,SIPS,HALLMARK TGF BETA SIGNALING,4.0,-0.004067948503720887,0.36852525214987797,,,0.4429390049878341
meta_analysis,SIPS,HALLMARK TNFA SIGNALING VIA NFKB,4.0,-0.024110646896188175,0.22856403949042248,,,0.30074215722424014
meta_analysis,SIPS,HALLMARK UNFOLDED PROTEIN RESPONSE,4.0,0.0030298835789108296,0.00011764645648863084,,,0.00042016591603082445
meta_analysis,SIPS,HALLMARK UV RESPONSE DN,4.0,-0.011838327146091794,0.15635289969986782,,,0.2220921870736759
meta_analysis,SIPS,HALLMARK UV RESPONSE UP,4.0,0.01266868356584447,0.008496588423630588,,,0.017688604439489615
meta_analysis,SIPS,HALLMARK WNT BETA CATENIN SIGNALING,4.0,0.0059971047069727395,0.0003548684705717797,,,0.0011230014891512017
meta_analysis,SIPS,HALLMARK XENOBIOTIC METABOLISM,4.0,-0.02896373866960303,0.0005720246552454916,,,0.0016628623698996849
meta_analysis,SIPS,Lysosomal Genes,4.0,0.04624154061372113,6.293270322546533e-10,,,6.293270322546532e-09
meta_analysis,OIS,HALLMARK ADIPOGENESIS,15.0,0.03567277193623782,3.5417746108496467e-07,,,2.2136091317810292e-06
meta_analysis,OIS,HALLMARK ALLOGRAFT REJECTION,15.0,0.03054458440687543,5.1383943848257397e-08,,,4.014370613145109e-07
meta_analysis,OIS,HALLMARK ANDROGEN RESPONSE,15.0,-0.015602089678232667,1.980508117940421e-06,,,1.1002822877446784e-05
meta_analysis,OIS,HALLMARK ANGIOGENESIS,15.0,0.07472937969571057,1.608638787194417e-13,,,4.468441075540047e-12
meta_analysis,OIS,HALLMARK APICAL JUNCTION,15.0,-0.0012630865646956458,0.30722049152773656,,,0.3840256144096707
meta_analysis,OIS,HALLMARK APICAL SURFACE,15.0,-0.015979455481480033,1.3936733992034566e-10,,,1.5837197718221097e-09
meta_analysis,OIS,HALLMARK APOPTOSIS,15.0,-0.05811054151403872,3.5417746108496467e-07,,,2.2136091317810292e-06
meta_analysis,OIS,HALLMARK BILE ACID METABOLISM,15.0,-0.012482883691372987,0.3093238414513114,,,0.38473114608372067
meta_analysis,OIS,HALLMARK CHOLESTEROL HOMEOSTASIS,15.0,0.019287296929595344,6.7749945349697984e-09,,,6.049102263365891e-08
meta_analysis,OIS,HALLMARK COAGULATION,15.0,0.08406031154304343,1.0110114184144441e-19,,,8.4250951534537e-18
meta_analysis,OIS,HALLMARK COMPLEMENT,15.0,0.1262374929248953,5.475880496370136e-20,,,6.8448506204626694e-18
meta_analysis,OIS,HALLMARK DNA REPAIR,15.0,-0.012543067012730462,2.497536581183518e-11,,,3.4688008071993307e-10
meta_analysis,OIS,HALLMARK E2F TARGETS,15.0,0.06039627738581259,1.2189774009097527e-12,,,2.5395362518953182e-11
meta_analysis,OIS,HALLMARK EPITHELIAL MESENCHYMAL TRANSITION,15.0,0.08444251387076745,6.315085496041456e-07,,,3.6715613349078235e-06
meta_analysis,OIS,HALLMARK ESTROGEN RESPONSE EARLY,15.0,-0.011374085360518583,0.6625926200002503,,,0.7276660516389001
meta_analysis,OIS,HALLMARK ESTROGEN RESPONSE LATE,15.0,-0.04570622314115766,1.74927604824757e-05,,,7.412186645116822e-05
meta_analysis,OIS,HALLMARK FATTY ACID METABOLISM,15.0,0.010415392532432156,0.8298874813139481,,,0.8573217782168886
meta_analysis,OIS,HALLMARK G2M CHECKPOINT,15.0,-0.015877719545908404,0.0002981046933109632,,,0.0009806075437860634
meta_analysis,OIS,HALLMARK GLYCOLYSIS,15.0,0.022581484730157562,0.8402634991742388,,,0.8644686205496285
meta_analysis,OIS,HALLMARK HEDGEHOG SIGNALING,15.0,0.011186914473358562,1.2678607566920155e-05,,,5.5984458256948296e-05
meta_analysis,OIS,HALLMARK HEME METABOLISM,15.0,-0.013103799696451437,0.0006741526691684811,,,0.0019152064465013665
meta_analysis,OIS,HALLMARK HYPOXIA,15.0,0.06956920553480256,0.0003474629639472649,,,0.0011136633459848235
meta_analysis,OIS,HALLMARK IL2 STAT5 SIGNALING,15.0,-0.0017215735747046286,0.20439073540822628,,,0.2747187303874009
meta_analysis,OIS,HALLMARK IL6 JAK STAT3 SIGNALING,15.0,-0.07967782259443042,2.1515403656169477e-17,,,8.96475152340395e-16
meta_analysis,OIS,HALLMARK INFLAMMATORY RESPONSE,15.0,0.00423248704098684,0.7213913808458552,,,0.7674376391977183
meta_analysis,OIS,HALLMARK INTERFERON ALPHA RESPONSE,15.0,-0.05152243523239143,2.557868823513596e-13,,,6.39467205878399e-12
meta_analysis,OIS,HALLMARK INTERFERON GAMMA RESPONSE,15.0,0.07148836571455057,1.1364172071258994e-10,,,1.4205215089073743e-09
meta_analysis,OIS,HALLMARK KRAS SIGNALING DN,15.0,-0.02265230096828332,0.3397676354180237,,,0.41843304854436414
meta_analysis,OIS,HALLMARK KRAS SIGNALING UP,15.0,0.13724210187762864,1.314866920979337e-10,,,1.5653177630706393e-09
meta_analysis,OIS,HALLMARK MITOTIC SPINDLE,15.0,-0.010875855289486881,0.0015502931959752843,,,0.003954829581569603
meta_analysis,OIS,HALLMARK MTORC1 SIGNALING,15.0,0.12999159761355056,9.734309865258844e-13,,,2.2123431511951917e-11
meta_analysis,OIS,HALLMARK MYC TARGETS,15.0,-0.07035413252634146,1.1843167913149453e-20,,,2.9607919782873633e-18
meta_analysis,OIS,HALLMARK MYOGENESIS,15.0,0.14297889149613743,1.403179917767839e-07,,,1.0317499395351757e-06
meta_analysis,OIS,HALLMARK NOTCH SIGNALING,15.0,-0.015338290186896924,1.5204039794870968e-05,,,6.553465428823694e-05
meta_analysis,OIS,HALLMARK OXIDATIVE PHOSPHORYLATION,15.0,0.003414674527616012,0.18459845053546564,,,0.25081311214057833
meta_analysis,OIS,HALLMARK P53 PATHWAY,15.0,0.029426850804015026,0.1676216177537978,,,0.23410840468407515
meta_analysis,OIS,HALLMARK PANCREAS BETA CELLS,15.0,-0.005517251017336588,0.0004621847502166314,,,0.0013755498518352126
meta_analysis,OIS,HALLMARK PEROXISOME,15.0,0.013619733326357072,7.285083540328035e-06,,,3.311401609240015e-05
meta_analysis,OIS,HALLMARK PI3K AKT MTOR SIGNALING,15.0,0.03312775305359629,0.00039103053527118274,,,0.001192166266070679
meta_analysis,OIS,HALLMARK PROTEIN SECRETION,15.0,0.011260913177844372,0.012553214394197522,,,0.024517996863667034
meta_analysis,OIS,HALLMARK REACTIVE OXYGEN SPECIES PATHWAY,15.0,-0.008095885493438785,9.533770556850091e-09,,,8.218767721422493e-08
meta_analysis,OIS,HALLMARK SPERMATOGENESIS,15.0,0.008852474768845788,0.17737623965079008,,,0.2463558884038751
meta_analysis,OIS,HALLMARK TGF BETA SIGNALING,15.0,0.010268339211554697,0.008561284548712975,,,0.017688604439489615
meta_analysis,OIS,HALLMARK TNFA SIGNALING VIA NFKB,15.0,-0.02443260709515284,0.0696764951485699,,,0.11204782131471315
meta_analysis,OIS,HALLMARK UNFOLDED PROTEIN RESPONSE,15.0,-0.013484414705806705,0.00986958053472609,,,0.019582501060964465
meta_analysis,OIS,HALLMARK UV RESPONSE DN,15.0,-0.0013790342579472021,0.015109163412682394,,,0.028789323837220267
meta_analysis,OIS,HALLMARK UV RESPONSE UP,15.0,-0.008942926886439334,0.9241234389102214,,,0.9353476102330177
meta_analysis,OIS,HALLMARK WNT BETA CATENIN SIGNALING,15.0,-0.017483105762215335,3.956601082460144e-06,,,1.939510334539286e-05
meta_analysis,OIS,HALLMARK XENOBIOTIC METABOLISM,15.0,-0.0070368000036150485,0.3178321898550812,,,0.3933566706127243
meta_analysis,OIS,Lysosomal Genes,15.0,0.06803360197086687,2.2620478991939414e-14,,,7.068899684981067e-13
temporal_bytimepoint,Fibroblast_4_days,HALLMARK ADIPOGENESIS,,0.04251493148889629,0.09307359307359307,Fibroblast,4_days,0.1469583048530417
temporal_bytimepoint,Fibroblast_4_days,HALLMARK ALLOGRAFT REJECTION,,-0.008381432783350021,0.30952380952380953,Fibroblast,4_days,0.38690476190476186
temporal_bytimepoint,Fibroblast_4_days,HALLMARK ANDROGEN RESPONSE,,-0.06526611775979722,0.0021645021645021645,Fibroblast,4_days,0.005472056033853786
temporal_bytimepoint,Fibroblast_4_days,HALLMARK ANGIOGENESIS,,0.004921338104511678,0.48484848484848486,Fibroblast,4_days,0.5637773079633545
temporal_bytimepoint,Fibroblast_4_days,HALLMARK APICAL JUNCTION,,0.017340722178398126,0.025974025974025976,Fibroblast,4_days,0.049526744441998685
temporal_bytimepoint,Fibroblast_4_days,HALLMARK APICAL SURFACE,,-0.005621248193734466,0.04112554112554113,Fibroblast,4_days,0.07286021065548626
temporal_bytimepoint,Fibroblast_4_days,HALLMARK APOPTOSIS,,0.0032746363939266557,0.8181818181818182,Fibroblast,4_days,0.8483452031839128
temporal_bytimepoint,Fibroblast_4_days,HALLMARK BILE ACID METABOLISM,,0.02148264885567913,0.0021645021645021645,Fibroblast,4_days,0.005472056033853786
temporal_bytimepoint,Fibroblast_4_days,HALLMARK CHOLESTEROL HOMEOSTASIS,,-0.021630798313792148,0.06493506493506493,Fibroblast,4_days,0.10703582132153559
temporal_bytimepoint,Fibroblast_4_days,HALLMARK COAGULATION,,0.025484806396895737,0.0021645021645021645,Fibroblast,4_days,0.005472056033853786
temporal_bytimepoint,Fibroblast_4_days,HALLMARK COMPLEMENT,,-0.0024448452199298523,0.8181818181818182,Fibroblast,4_days,0.8483452031839128
temporal_bytimepoint,Fibroblast_4_days,HALLMARK DNA REPAIR,,-0.01757811134535683,0.0021645021645021645,Fibroblast,4_days,0.005472056033853786
temporal_bytimepoint,Fibroblast_4_days,HALLMARK E2F TARGETS,,0.12116962965912606,0.0021645021645021645,Fibroblast,4_days,0.005472056033853786
temporal_bytimepoint,Fibroblast_4_days,HALLMARK EPITHELIAL MESENCHYMAL TRANSITION,,-0.06681627598816092,0.0021645021645021645,Fibroblast,4_days,0.005472056033853786
temporal_bytimepoint,Fibroblast_4_days,HALLMARK ESTROGEN RESPONSE EARLY,,-0.005119047068519619,0.6991341991341992,Fibroblast,4_days,0.7617684978459798
temporal_bytimepoint,Fibroblast_4_days,HALLMARK ESTROGEN RESPONSE LATE,,-0.047785941342873464,0.0021645021645021645,Fibroblast,4_days,0.005472056033853786
temporal_bytimepoint,Fibroblast_4_days,HALLMARK FATTY ACID METABOLISM,,-0.0062551814822413565,0.30952380952380953,Fibroblast,4_days,0.38690476190476186
temporal_bytimepoint,Fibroblast_4_days,HALLMARK G2M CHECKPOINT,,-0.054338258214864585,0.0021645021645021645,Fibroblast,4_days,0.005472056033853786
temporal_bytimepoint,Fibroblast_4_days,HALLMARK GLYCOLYSIS,,0.013394775446089012,0.008658008658008658,Fibroblast,4_days,0.018291567587342236
temporal_bytimepoint,Fibroblast_4_days,HALLMARK HEDGEHOG SIGNALING,,-0.030853180387076982,0.0021645021645021645,Fibroblast,4_days,0.005472056033853786
temporal_bytimepoint,Fibroblast_4_days,HALLMARK HEME METABOLISM,,-0.004565799738029515,0.24025974025974026,Fibroblast,4_days,0.3170583082606543
temporal_bytimepoint,Fibroblast_4_days,HALLMARK HYPOXIA,,0.09885897416001561,0.0021645021645021645,Fibroblast,4_days,0.005472056033853786
temporal_bytimepoint,Fibroblast_4_days,HALLMARK IL2 STAT5 SIGNALING,,0.05413985738260735,0.0021645021645021645,Fibroblast,4_days,0.005472056033853786
temporal_bytimepoint,Fibroblast_4_days,HALLMARK IL6 JAK STAT3 SIGNALING,,-0.011410480738490422,0.004329004329004329,Fibroblast,4_days,0.009888588568791615
temporal_bytimepoint,Fibroblast_4_days,HALLMARK INFLAMMATORY RESPONSE,,0.010928598774001867,0.8181818181818182,Fibroblast,4_days,0.8483452031839128
temporal_bytimepoint,Fibroblast_4_days,HALLMARK INTERFERON ALPHA RESPONSE,,-0.017112018808223817,0.17965367965367965,Fibroblast,4_days,0.24875124875124874
temporal_bytimepoint,Fibroblast_4_days,HALLMARK INTERFERON GAMMA RESPONSE,,0.07310958668069917,0.0021645021645021645,Fibroblast,4_days,0.005472056033853786
temporal_bytimepoint,Fibroblast_4_days,HALLMARK KRAS SIGNALING DN,,-0.006098057890107329,0.3939393939393939,Fibroblast,4_days,0.47782406272972305
temporal_bytimepoint,Fibroblast_4_days,HALLMARK KRAS SIGNALING UP,,0.06830689313591318,0.0021645021645021645,Fibroblast,4_days,0.005472056033853786
temporal_bytimepoint,Fibroblast_4_days,HALLMARK MITOTIC SPINDLE,,-0.042662810417832805,0.0021645021645021645,Fibroblast,4_days,0.005472056033853786
temporal_bytimepoint,Fibroblast_4_days,HALLMARK MTORC1 SIGNALING,,-0.01741811975681353,0.17965367965367965,Fibroblast,4_days,0.24875124875124874
temporal_bytimepoint,Fibroblast_4_days,HALLMARK MYC TARGETS,,-0.10353006133591641,0.0021645021645021645,Fibroblast,4_days,0.005472056033853786
temporal_bytimepoint,Fibroblast_4_days,HALLMARK MYOGENESIS,,0.08600896832387486,0.0021645021645021645,Fibroblast,4_days,0.005472056033853786
temporal_bytimepoint,Fibroblast_4_days,HALLMARK NOTCH SIGNALING,,-0.02512069999127303,0.0021645021645021645,Fibroblast,4_days,0.005472056033853786
temporal_bytimepoint,Fibroblast_4_days,HALLMARK OXIDATIVE PHOSPHORYLATION,,-0.0027229460430611627,0.09307359307359307,Fibroblast,4_days,0.1469583048530417
temporal_bytimepoint,Fibroblast_4_days,HALLMARK P53 PATHWAY,,0.16710891542616038,0.0021645021645021645,Fibroblast,4_days,0.005472056033853786
temporal_bytimepoint,Fibroblast_4_days,HALLMARK PANCREAS BETA CELLS,,-0.004883657687395146,0.015151515151515152,Fibroblast,4_days,0.030574806359559722
temporal_bytimepoint,Fibroblast_4_days,HALLMARK PEROXISOME,,0.03271998255622258,0.0021645021645021645,Fibroblast,4_days,0.005472056033853786
temporal_bytimepoint,Fibroblast_4_days,HALLMARK PI3K AKT MTOR SIGNALING,,0.06640293281978477,0.0021645021645021645,Fibroblast,4_days,0.005472056033853786
temporal_bytimepoint,Fibroblast_4_days,HALLMARK PROTEIN SECRETION,,0.011081477312324846,0.17965367965367965,Fibroblast,4_days,0.24875124875124874
temporal_bytimepoint,Fibroblast_4_days,HALLMARK REACTIVE OXYGEN SPECIES PATHWAY,,-0.015445136784761403,0.0021645021645021645,Fibroblast,4_days,0.005472056033853786
temporal_bytimepoint,Fibroblast_4_days,HALLMARK SPERMATOGENESIS,,-0.01089707029643805,0.015151515151515152,Fibroblast,4_days,0.030574806359559722
temporal_bytimepoint,Fibroblast_4_days,HALLMARK TGF BETA SIGNALING,,-0.0175558747884095,0.17965367965367965,Fibroblast,4_days,0.24875124875124874
temporal_bytimepoint,Fibroblast_4_days,HALLMARK TNFA SIGNALING VIA NFKB,,-0.011341930239088228,0.24025974025974026,Fibroblast,4_days,0.3170583082606543
temporal_bytimepoint,Fibroblast_4_days,HALLMARK UNFOLDED PROTEIN RESPONSE,,0.014621810635232718,0.0021645021645021645,Fibroblast,4_days,0.005472056033853786
temporal_bytimepoint,Fibroblast_4_days,HALLMARK UV RESPONSE DN,,-0.01999410995143735,0.17965367965367965,Fibroblast,4_days,0.24875124875124874
temporal_bytimepoint,Fibroblast_4_days,HALLMARK UV RESPONSE UP,,0.005077637991040678,0.5887445887445888,Fibroblast,4_days,0.6623376623376623
temporal_bytimepoint,Fibroblast_4_days,HALLMARK WNT BETA CATENIN SIGNALING,,-0.009252831632564788,0.06493506493506493,Fibroblast,4_days,0.10703582132153559
temporal_bytimepoint,Fibroblast_4_days,HALLMARK XENOBIOTIC METABOLISM,,-0.01765930973424678,0.0021645021645021645,Fibroblast,4_days,0.005472056033853786
temporal_bytimepoint,Fibroblast_4_days,Lysosomal Genes,,0.024582139484646832,0.30952380952380953,Fibroblast,4_days,0.38690476190476186
temporal_bytimepoint,Fibroblast_10_days,HALLMARK ADIPOGENESIS,,0.04351600286184995,0.24025974025974026,Fibroblast,10_days,0.3170583082606543
temporal_bytimepoint,Fibroblast_10_days,HALLMARK ALLOGRAFT REJECTION,,0.009925395216624564,0.6991341991341992,Fibroblast,10_days,0.7617684978459798
temporal_bytimepoint,Fibroblast_10_days,HALLMARK ANDROGEN RESPONSE,,-0.07057420701361543,0.0021645021645021645,Fibroblast,10_days,0.005472056033853786
temporal_bytimepoint,Fibroblast_10_days,HALLMARK ANGIOGENESIS,,0.03343146428473727,0.008658008658008658,Fibroblast,10_days,0.018291567587342236
temporal_bytimepoint,Fibroblast_10_days,HALLMARK APICAL JUNCTION,,0.006984623213315431,0.48484848484848486,Fibroblast,10_days,0.5637773079633545
temporal_bytimepoint,Fibroblast_10_days,HALLMARK APICAL SURFACE,,-0.0018672017178837244,0.3939393939393939,Fibroblast,10_days,0.47782406272972305
temporal_bytimepoint,Fibroblast_10_days,HALLMARK APOPTOSIS,,0.0038212527978075555,0.3939393939393939,Fibroblast,10_days,0.47782406272972305
temporal_bytimepoint,Fibroblast_10_days,HALLMARK BILE ACID METABOLISM,,0.026708668816261587,0.0021645021645021645,Fibroblast,10_days,0.005472056033853786
temporal_bytimepoint,Fibroblast_10_days,HALLMARK CHOLESTEROL HOMEOSTASIS,,-0.006548999501440479,1.0,Fibroblast,10_days,1.0
temporal_bytimepoint,Fibroblast_10_days,HALLMARK COAGULATION,,0.07519870137641708,0.0021645021645021645,Fibroblast,10_days,0.005472056033853786
temporal_bytimepoint,Fibroblast_10_days,HALLMARK COMPLEMENT,,0.04793417972586163,0.004329004329004329,Fibroblast,10_days,0.009888588568791615
temporal_bytimepoint,Fibroblast_10_days,HALLMARK DNA REPAIR,,-0.004092428165958732,0.04112554112554113,Fibroblast,10_days,0.07286021065548626
temporal_bytimepoint,Fibroblast_10_days,HALLMARK E2F TARGETS,,0.05406765901958643,0.0021645021645021645,Fibroblast,10_days,0.005472056033853786
temporal_bytimepoint,Fibroblast_10_days,HALLMARK EPITHELIAL MESENCHYMAL TRANSITION,,-0.056266649257818546,0.0021645021645021645,Fibroblast,10_days,0.005472056033853786
temporal_bytimepoint,Fibroblast_10_days,HALLMARK ESTROGEN RESPONSE EARLY,,-0.03716000067578829,0.30952380952380953,Fibroblast,10_days,0.38690476190476186
temporal_bytimepoint,Fibroblast_10_days,HALLMARK ESTROGEN RESPONSE LATE,,-0.07758945190157729,0.0021645021645021645,Fibroblast,10_days,0.005472056033853786
temporal_bytimepoint,Fibroblast_10_days,HALLMARK FATTY ACID METABOLISM,,0.03586480912990441,0.0021645021645021645,Fibroblast,10_days,0.005472056033853786
temporal_bytimepoint,Fibroblast_10_days,HALLMARK G2M CHECKPOINT,,-0.06251225150526739,0.0021645021645021645,Fibroblast,10_days,0.005472056033853786
temporal_bytimepoint,Fibroblast_10_days,HALLMARK GLYCOLYSIS,,0.03407043915415252,0.0021645021645021645,Fibroblast,10_days,0.005472056033853786
temporal_bytimepoint,Fibroblast_10_days,HALLMARK HEDGEHOG SIGNALING,,-0.04583618268323709,0.0021645021645021645,Fibroblast,10_days,0.005472056033853786
temporal_bytimepoint,Fibroblast_10_days,HALLMARK HEME METABOLISM,,0.010949367450708476,0.5887445887445888,Fibroblast,10_days,0.6623376623376623
temporal_bytimepoint,Fibroblast_10_days,HALLMARK HYPOXIA,,0.09256239687216986,0.0021645021645021645,Fibroblast,10_days,0.005472056033853786
temporal_bytimepoint,Fibroblast_10_days,HALLMARK IL2 STAT5 SIGNALING,,0.03881056162991048,0.0021645021645021645,Fibroblast,10_days,0.005472056033853786
temporal_bytimepoint,Fibroblast_10_days,HALLMARK IL6 JAK STAT3 SIGNALING,,-0.04686485030334019,0.0021645021645021645,Fibroblast,10_days,0.005472056033853786
temporal_bytimepoint,Fibroblast_10_days,HALLMARK INFLAMMATORY RESPONSE,,0.015284033786490667,0.8181818181818182,Fibroblast,10_days,0.8483452031839128
temporal_bytimepoint,Fibroblast_10_days,HALLMARK INTERFERON ALPHA RESPONSE,,-0.016576758443120242,0.17965367965367965,Fibroblast,10_days,0.24875124875124874
temporal_bytimepoint,Fibroblast_10_days,HALLMARK INTERFERON GAMMA RESPONSE,,0.06170196811453364,0.0021645021645021645,Fibroblast,10_days,0.005472056033853786
temporal_bytimepoint,Fibroblast_10_days,HALLMARK KRAS SIGNALING DN,,-0.026915121780750062,0.004329004329004329,Fibroblast,10_days,0.009888588568791615
temporal_bytimepoint,Fibroblast_10_days,HALLMARK KRAS SIGNALING UP,,0.14236047391666398,0.0021645021645021645,Fibroblast,10_days,0.005472056033853786
temporal_bytimepoint,Fibroblast_10_days,HALLMARK MITOTIC SPINDLE,,-0.004338686573773272,0.48484848484848486,Fibroblast,10_days,0.5637773079633545
temporal_bytimepoint,Fibroblast_10_days,HALLMARK MTORC1 SIGNALING,,0.01714548807821869,0.13203463203463203,Fibroblast,10_days,0.2000524727797455
temporal_bytimepoint,Fibroblast_10_days,HALLMARK MYC TARGETS,,-0.06498594946703272,0.0021645021645021645,Fibroblast,10_days,0.005472056033853786
temporal_bytimepoint,Fibroblast_10_days,HALLMARK MYOGENESIS,,0.09146076839858414,0.0021645021645021645,Fibroblast,10_days,0.005472056033853786
temporal_bytimepoint,Fibroblast_10_days,HALLMARK NOTCH SIGNALING,,-0.024689842033512724,0.0021645021645021645,Fibroblast,10_days,0.005472056033853786
temporal_bytimepoint,Fibroblast_10_days,HALLMARK OXIDATIVE PHOSPHORYLATION,,0.006082705316058653,0.0021645021645021645,Fibroblast,10_days,0.005472056033853786
temporal_bytimepoint,Fibroblast_10_days,HALLMARK P53 PATHWAY,,0.12918816941238961,0.0021645021645021645,Fibroblast,10_days,0.005472056033853786
temporal_bytimepoint,Fibroblast_10_days,HALLMARK PANCREAS BETA CELLS,,-0.03403360633072542,0.0021645021645021645,Fibroblast,10_days,0.005472056033853786
temporal_bytimepoint,Fibroblast_10_days,HALLMARK PEROXISOME,,0.03292569263951656,0.0021645021645021645,Fibroblast,10_days,0.005472056033853786
temporal_bytimepoint,Fibroblast_10_days,HALLMARK PI3K AKT MTOR SIGNALING,,0.04824194671766117,0.0021645021645021645,Fibroblast,10_days,0.005472056033853786
temporal_bytimepoint,Fibroblast_10_days,HALLMARK PROTEIN SECRETION,,0.019904590557763332,0.17965367965367965,Fibroblast,10_days,0.24875124875124874
temporal_bytimepoint,Fibroblast_10_days,HALLMARK REACTIVE OXYGEN SPECIES PATHWAY,,-0.027352014204963263,0.0021645021645021645,Fibroblast,10_days,0.005472056033853786
temporal_bytimepoint,Fibroblast_10_days,HALLMARK SPERMATOGENESIS,,0.007800612129721522,0.30952380952380953,Fibroblast,10_days,0.38690476190476186
temporal_bytimepoint,Fibroblast_10_days,HALLMARK TGF BETA SIGNALING,,-0.019792013248244866,0.17965367965367965,Fibroblast,10_days,0.24875124875124874
temporal_bytimepoint,Fibroblast_10_days,HALLMARK TNFA SIGNALING VIA NFKB,,-0.09538368925648755,0.0021645021645021645,Fibroblast,10_days,0.005472056033853786
temporal_bytimepoint,Fibroblast_10_days,HALLMARK UNFOLDED PROTEIN RESPONSE,,0.019185730086579842,0.0021645021645021645,Fibroblast,10_days,0.005472056033853786
temporal_bytimepoint,Fibroblast_10_days,HALLMARK UV RESPONSE DN,,-0.02838965718486519,0.09307359307359307,Fibroblast,10_days,0.1469583048530417
temporal_bytimepoint,Fibroblast_10_days,HALLMARK UV RESPONSE UP,,-0.01244812922934668,0.30952380952380953,Fibroblast,10_days,0.38690476190476186
temporal_bytimepoint,Fibroblast_10_days,HALLMARK WNT BETA CATENIN SIGNALING,,-0.005053629579144307,0.48484848484848486,Fibroblast,10_days,0.5637773079633545
temporal_bytimepoint,Fibroblast_10_days,HALLMARK XENOBIOTIC METABOLISM,,-0.036806625788451494,0.0021645021645021645,Fibroblast,10_days,0.005472056033853786
temporal_bytimepoint,Fibroblast_10_days,Lysosomal Genes,,0.042473872668625075,0.13203463203463203,Fibroblast,10_days,0.2000524727797455
temporal_bytimepoint,Fibroblast_20_days,HALLMARK ADIPOGENESIS,,0.02679606783462789,0.13203463203463203,Fibroblast,20_days,0.2000524727797455
temporal_bytimepoint,Fibroblast_20_days,HALLMARK ALLOGRAFT REJECTION,,0.0010364818586708112,0.8181818181818182,Fibroblast,20_days,0.8483452031839128
temporal_bytimepoint,Fibroblast_20_days,HALLMARK ANDROGEN RESPONSE,,-0.08276486306509313,0.0021645021645021645,Fibroblast,20_days,0.005472056033853786
temporal_bytimepoint,Fibroblast_20_days,HALLMARK ANGIOGENESIS,,0.04163181236904934,0.0021645021645021645,Fibroblast,20_days,0.005472056033853786
temporal_bytimepoint,Fibroblast_20_days,HALLMARK APICAL JUNCTION,,0.013304500936955403,0.09307359307359307,Fibroblast,20_days,0.1469583048530417
temporal_bytimepoint,Fibroblast_20_days,HALLMARK APICAL SURFACE,,-0.0032515578146593708,0.17965367965367965,Fibroblast,20_days,0.24875124875124874
temporal_bytimepoint,Fibroblast_20_days,HALLMARK APOPTOSIS,,-0.021976453665336786,0.004329004329004329,Fibroblast,20_days,0.009888588568791615
temporal_bytimepoint,Fibroblast_20_days,HALLMARK BILE ACID METABOLISM,,0.01299992700200724,0.025974025974025976,Fibroblast,20_days,0.049526744441998685
temporal_bytimepoint,Fibroblast_20_days,HALLMARK CHOLESTEROL HOMEOSTASIS,,-0.0251478109394892,0.0021645021645021645,Fibroblast,20_days,0.005472056033853786
temporal_bytimepoint,Fibroblast_20_days,HALLMARK COAGULATION,,0.10903710699785532,0.0021645021645021645,Fibroblast,20_days,0.005472056033853786
temporal_bytimepoint,Fibroblast_20_days,HALLMARK COMPLEMENT,,0.11538957330012048,0.0021645021645021645,Fibroblast,20_days,0.005472056033853786
temporal_bytimepoint,Fibroblast_20_days,HALLMARK DNA REPAIR,,0.012868249129258413,0.0021645021645021645,Fibroblast,20_days,0.005472056033853786
temporal_bytimepoint,Fibroblast_20_days,HALLMARK E2F TARGETS,,0.04694691623029247,0.0021645021645021645,Fibroblast,20_days,0.005472056033853786
temporal_bytimepoint,Fibroblast_20_days,HALLMARK EPITHELIAL MESENCHYMAL TRANSITION,,-0.02641546883605503,0.30952380952380953,Fibroblast,20_days,0.38690476190476186
temporal_bytimepoint,Fibroblast_20_days,HALLMARK ESTROGEN RESPONSE EARLY,,-0.03225035442234862,0.004329004329004329,Fibroblast,20_days,0.009888588568791615
temporal_bytimepoint,Fibroblast_20_days,HALLMARK ESTROGEN RESPONSE LATE,,-0.08911234508976709,0.0021645021645021645,Fibroblast,20_days,0.005472056033853786
temporal_bytimepoint,Fibroblast_20_days,HALLMARK FATTY ACID METABOLISM,,0.045781811884802515,0.0021645021645021645,Fibroblast,20_days,0.005472056033853786
temporal_bytimepoint,Fibroblast_20_days,HALLMARK G2M CHECKPOINT,,-0.05050292672782122,0.0021645021645021645,Fibroblast,20_days,0.005472056033853786
temporal_bytimepoint,Fibroblast_20_days,HALLMARK GLYCOLYSIS,,0.04230463981721115,0.0021645021645021645,Fibroblast,20_days,0.005472056033853786
temporal_bytimepoint,Fibroblast_20_days,HALLMARK HEDGEHOG SIGNALING,,-0.0453832348850223,0.0021645021645021645,Fibroblast,20_days,0.005472056033853786
temporal_bytimepoint,Fibroblast_20_days,HALLMARK HEME METABOLISM,,0.02022940054303715,0.0021645021645021645,Fibroblast,20_days,0.005472056033853786
temporal_bytimepoint,Fibroblast_20_days,HALLMARK HYPOXIA,,0.10948570183741176,0.0021645021645021645,Fibroblast,20_days,0.005472056033853786
temporal_bytimepoint,Fibroblast_20_days,HALLMARK IL2 STAT5 SIGNALING,,-0.022912127506683956,0.004329004329004329,Fibroblast,20_days,0.009888588568791615
temporal_bytimepoint,Fibroblast_20_days,HALLMARK IL6 JAK STAT3 SIGNALING,,-0.10410138465922951,0.0021645021645021645,Fibroblast,20_days,0.005472056033853786
temporal_bytimepoint,Fibroblast_20_days,HALLMARK INFLAMMATORY RESPONSE,,-0.02488552919581019,0.008658008658008658,Fibroblast,20_days,0.018291567587342236
temporal_bytimepoint,Fibroblast_20_days,HALLMARK INTERFERON ALPHA RESPONSE,,-0.08219734937437707,0.0021645021645021645,Fibroblast,20_days,0.005472056033853786
temporal_bytimepoint,Fibroblast_20_days,HALLMARK INTERFERON GAMMA RESPONSE,,0.011041333266456909,0.24025974025974026,Fibroblast,20_days,0.3170583082606543
temporal_bytimepoint,Fibroblast_20_days,HALLMARK KRAS SIGNALING DN,,-0.044425368605743365,0.0021645021645021645,Fibroblast,20_days,0.005472056033853786
temporal_bytimepoint,Fibroblast_20_days,HALLMARK KRAS SIGNALING UP,,0.14347082345762202,0.0021645021645021645,Fibroblast,20_days,0.005472056033853786
temporal_bytimepoint,Fibroblast_20_days,HALLMARK MITOTIC SPINDLE,,-0.0015788049859688667,0.8181818181818182,Fibroblast,20_days,0.8483452031839128
temporal_bytimepoint,Fibroblast_20_days,HALLMARK MTORC1 SIGNALING,,0.044229190195700305,0.0021645021645021645,Fibroblast,20_days,0.005472056033853786
temporal_bytimepoint,Fibroblast_20_days,HALLMARK MYC TARGETS,,-0.0472618714426046,0.0021645021645021645,Fibroblast,20_days,0.005472056033853786
temporal_bytimepoint,Fibroblast_20_days,HALLMARK MYOGENESIS,,0.08287154570472248,0.0021645021645021645,Fibroblast,20_days,0.005472056033853786
temporal_bytimepoint,Fibroblast_20_days,HALLMARK NOTCH SIGNALING,,-0.039246041917041084,0.0021645021645021645,Fibroblast,20_days,0.005472056033853786
temporal_bytimepoint,Fibroblast_20_days,HALLMARK OXIDATIVE PHOSPHORYLATION,,0.0051271149817837345,0.06493506493506493,Fibroblast,20_days,0.10703582132153559
temporal_bytimepoint,Fibroblast_20_days,HALLMARK P53 PATHWAY,,0.0936331762626161,0.0021645021645021645,Fibroblast,20_days,0.005472056033853786
temporal_bytimepoint,Fibroblast_20_days,HALLMARK PANCREAS BETA CELLS,,-0.021679171609265763,0.0021645021645021645,Fibroblast,20_days,0.005472056033853786
temporal_bytimepoint,Fibroblast_20_days,HALLMARK PEROXISOME,,0.029943334849855598,0.0021645021645021645,Fibroblast,20_days,0.005472056033853786
temporal_bytimepoint,Fibroblast_20_days,HALLMARK PI3K AKT MTOR SIGNALING,,0.05251732672830083,0.0021645021645021645,Fibroblast,20_days,0.005472056033853786
temporal_bytimepoint,Fibroblast_20_days,HALLMARK PROTEIN SECRETION,,0.03215969107412804,0.0021645021645021645,Fibroblast,20_days,0.005472056033853786
temporal_bytimepoint,Fibroblast_20_days,HALLMARK REACTIVE OXYGEN SPECIES PATHWAY,,-0.03168780568685335,0.0021645021645021645,Fibroblast,20_days,0.005472056033853786
temporal_bytimepoint,Fibroblast_20_days,HALLMARK SPERMATOGENESIS,,0.021424312168110162,0.0021645021645021645,Fibroblast,20_days,0.005472056033853786
temporal_bytimepoint,Fibroblast_20_days,HALLMARK TGF BETA SIGNALING,,-0.01213341278425182,0.04112554112554113,Fibroblast,20_days,0.07286021065548626
temporal_bytimepoint,Fibroblast_20_days,HALLMARK TNFA SIGNALING VIA NFKB,,-0.15695036591384137,0.0021645021645021645,Fibroblast,20_days,0.005472056033853786
temporal_bytimepoint,Fibroblast_20_days,HALLMARK UNFOLDED PROTEIN RESPONSE,,0.01755992060298537,0.0021645021645021645,Fibroblast,20_days,0.005472056033853786
temporal_bytimepoint,Fibroblast_20_days,HALLMARK UV RESPONSE DN,,-0.047278660824161364,0.0021645021645021645,Fibroblast,20_days,0.005472056033853786
temporal_bytimepoint,Fibroblast_20_days,HALLMARK UV RESPONSE UP,,-0.033196391080226775,0.0021645021645021645,Fibroblast,20_days,0.005472056033853786
temporal_bytimepoint,Fibroblast_20_days,HALLMARK WNT BETA CATENIN SIGNALING,,-0.013769232266738023,0.008658008658008658,Fibroblast,20_days,0.018291567587342236
temporal_bytimepoint,Fibroblast_20_days,HALLMARK XENOBIOTIC METABOLISM,,-0.01775161979092709,0.008658008658008658,Fibroblast,20_days,0.018291567587342236
temporal_bytimepoint,Fibroblast_20_days,Lysosomal Genes,,0.0674072651289692,0.0021645021645021645,Fibroblast,20_days,0.005472056033853786
temporal_pooled,Fibroblast,HALLMARK ADIPOGENESIS,,0.03537946443873197,0.07692650598829089,Fibroblast,,0.12542365106786557
temporal_pooled,Fibroblast,HALLMARK ALLOGRAFT REJECTION,,-0.0006435181305660064,0.9741002704389433,Fibroblast,,0.9806378561465873
temporal_pooled,Fibroblast,HALLMARK ANDROGEN RESPONSE,,-0.07261875780447802,1.4859282593836369e-05,Fibroblast,,7.429641296918184e-05
temporal_pooled,Fibroblast,HALLMARK ANGIOGENESIS,,0.02624217501497341,0.014799845463461024,Fibroblast,,0.030833011382210465
temporal_pooled,Fibroblast,HALLMARK APICAL JUNCTION,,0.014569298118773864,0.033002466640910576,Fibroblast,,0.06429051943034528
temporal_pooled,Fibroblast,HALLMARK APICAL SURFACE,,-0.0030680846260408576,0.15563612588784212,Fibroblast,,0.2288766557174149
temporal_pooled,Fibroblast,HALLMARK APOPTOSIS,,-0.0008592086902427952,0.8711700199114387,Fibroblast,,0.9202500210332099
temporal_pooled,Fibroblast,HALLMARK BILE ACID METABOLISM,,0.01031014465017382,0.004428066212963238,Fibroblast,,0.010713063418459446
temporal_pooled,Fibroblast,HALLMARK CHOLESTEROL HOMEOSTASIS,,-0.018512864000906966,0.033002466640910576,Fibroblast,,0.06429051943034528
temporal_pooled,Fibroblast,HALLMARK COAGULATION,,0.0707433512877758,1.4859282593836369e-05,Fibroblast,,7.429641296918184e-05
temporal_pooled,Fibroblast,HALLMARK COMPLEMENT,,0.05337134915612772,0.033002466640910576,Fibroblast,,0.06429051943034528
temporal_pooled,Fibroblast,HALLMARK DNA REPAIR,,-0.003060907350540899,0.4148860293025053,Fibroblast,,0.5143215239287255
temporal_pooled,Fibroblast,HALLMARK E2F TARGETS,,0.0751416423857705,1.4859282593836369e-05,Fibroblast,,7.429641296918184e-05
temporal_pooled,Fibroblast,HALLMARK EPITHELIAL MESENCHYMAL TRANSITION,,-0.055129218527750774,0.0025112187583583466,Fibroblast,,0.006384454470402577
temporal_pooled,Fibroblast,HALLMARK ESTROGEN RESPONSE EARLY,,-0.04261939912782755,0.00017831139112603643,Fibroblast,,0.0005943713037534547
temporal_pooled,Fibroblast,HALLMARK ESTROGEN RESPONSE LATE,,-0.08026374706703605,1.4859282593836369e-05,Fibroblast,,7.429641296918184e-05
temporal_pooled,Fibroblast,HALLMARK FATTY ACID METABOLISM,,0.02506340204229529,0.03957026954738625,Fibroblast,,0.07151253532660165
temporal_pooled,Fibroblast,HALLMARK G2M CHECKPOINT,,-0.057046969691613644,1.4859282593836369e-05,Fibroblast,,7.429641296918184e-05
temporal_pooled,Fibroblast,HALLMARK GLYCOLYSIS,,0.029914863821526184,5.9437130375345475e-05,Fibroblast,,0.00023462025148162686
temporal_pooled,Fibroblast,HALLMARK HEDGEHOG SIGNALING,,-0.04161397075559188,1.4859282593836369e-05,Fibroblast,,7.429641296918184e-05
temporal_pooled,Fibroblast,HALLMARK HEME METABOLISM,,0.005433895168289338,0.49420487978840383,Fibroblast,,0.5837065509311856
temporal_pooled,Fibroblast,HALLMARK HYPOXIA,,0.1022094912835056,1.4859282593836369e-05,Fibroblast,,7.429641296918184e-05
temporal_pooled,Fibroblast,HALLMARK IL2 STAT5 SIGNALING,,0.0066193444739001675,0.9225385598383311,Fibroblast,,0.9609776664982616
temporal_pooled,Fibroblast,HALLMARK IL6 JAK STAT3 SIGNALING,,-0.06425357883040339,2.9718565187672738e-05,Fibroblast,,0.00013111131700443854
temporal_pooled,Fibroblast,HALLMARK INFLAMMATORY RESPONSE,,-0.0027361962682894217,0.9741002704389433,Fibroblast,,0.9806378561465873
temporal_pooled,Fibroblast,HALLMARK INTERFERON ALPHA RESPONSE,,-0.050176610425322746,5.9437130375345475e-05,Fibroblast,,0.00023462025148162686
temporal_pooled,Fibroblast,HALLMARK INTERFERON GAMMA RESPONSE,,0.041750544084729016,0.0025112187583583466,Fibroblast,,0.006384454470402577
temporal_pooled,Fibroblast,HALLMARK KRAS SIGNALING DN,,-0.019144407434303057,0.014799845463461024,Fibroblast,,0.030833011382210465
temporal_pooled,Fibroblast,HALLMARK KRAS SIGNALING UP,,0.09911079517297812,0.00017831139112603643,Fibroblast,,0.0005943713037534547
temporal_pooled,Fibroblast,HALLMARK MITOTIC SPINDLE,,-0.015178564233271779,0.10355434039644565,Fibroblast,,0.16702312967168653
temporal_pooled,Fibroblast,HALLMARK MTORC1 SIGNALING,,0.008976715166307329,0.49420487978840383,Fibroblast,,0.5837065509311856
temporal_pooled,Fibroblast,HALLMARK MYC TARGETS,,-0.0720103265336813,1.4859282593836369e-05,Fibroblast,,7.429641296918184e-05
temporal_pooled,Fibroblast,HALLMARK MYOGENESIS,,0.08377255932435551,1.4859282593836369e-05,Fibroblast,,7.429641296918184e-05
temporal_pooled,Fibroblast,HALLMARK NOTCH SIGNALING,,-0.030235865098461687,1.4859282593836369e-05,Fibroblast,,7.429641296918184e-05
temporal_pooled,Fibroblast,HALLMARK OXIDATIVE PHOSPHORYLATION,,0.0034737469125689755,0.13652708847216855,Fibroblast,,0.20685922495783113
temporal_pooled,Fibroblast,HALLMARK P53 PATHWAY,,0.12519039389779885,1.4859282593836369e-05,Fibroblast,,7.429641296918184e-05
temporal_pooled,Fibroblast,HALLMARK PANCREAS BETA CELLS,,-0.023248743599441395,5.9437130375345475e-05,Fibroblast,,0.00023462025148162686
temporal_pooled,Fibroblast,HALLMARK PEROXISOME,,0.021999561244747497,0.0018574103242295463,Fibroblast,,0.004975206225614856
temporal_pooled,Fibroblast,HALLMARK PI3K AKT MTOR SIGNALING,,0.0538070543967485,1.4859282593836369e-05,Fibroblast,,7.429641296918184e-05
temporal_pooled,Fibroblast,HALLMARK PROTEIN SECRETION,,0.02089006831156884,0.014799845463461024,Fibroblast,,0.030833011382210465
temporal_pooled,Fibroblast,HALLMARK REACTIVE OXYGEN SPECIES PATHWAY,,-0.024853544450294085,1.4859282593836369e-05,Fibroblast,,7.429641296918184e-05
temporal_pooled,Fibroblast,HALLMARK SPERMATOGENESIS,,0.004948444943399607,0.45368361615501207,Fibroblast,,0.5578077247807525
temporal_pooled,Fibroblast,HALLMARK TGF BETA SIGNALING,,-0.015923157514125305,0.03957026954738625,Fibroblast,,0.07151253532660165
temporal_pooled,Fibroblast,HALLMARK TNFA SIGNALING VIA NFKB,,-0.09339229816357211,0.0013373354334452734,Fibroblast,,0.003714820648459093
temporal_pooled,Fibroblast,HALLMARK UNFOLDED PROTEIN RESPONSE,,0.01711710988675499,1.4859282593836369e-05,Fibroblast,,7.429641296918184e-05
temporal_pooled,Fibroblast,HALLMARK UV RESPONSE DN,,-0.034083808785454334,0.005765401646408511,Fibroblast,,0.013304773030173486
temporal_pooled,Fibroblast,HALLMARK UV RESPONSE UP,,-0.015426039881652507,0.3432345686350263,Fibroblast,,0.43631512962079616
temporal_pooled,Fibroblast,HALLMARK WNT BETA CATENIN SIGNALING,,-0.005481537438115625,0.04719308151802431,Fibroblast,,0.08136738192762812
temporal_pooled,Fibroblast,HALLMARK XENOBIOTIC METABOLISM,,-0.027715447607891026,1.4859282593836369e-05,Fibroblast,,7.429641296918184e-05
temporal_pooled,Fibroblast,Lysosomal Genes,,0.0445784254793117,0.018276917590418735,Fibroblast,,0.03755531011729877
temporal_bytimepoint,Keratinocyte_4_days,HALLMARK ADIPOGENESIS,,0.06663567556735858,0.015151515151515152,Keratinocyte,4_days,0.030574806359559722
temporal_bytimepoint,Keratinocyte_4_days,HALLMARK ALLOGRAFT REJECTION,,0.029401764204036354,0.5887445887445888,Keratinocyte,4_days,0.6623376623376623
temporal_bytimepoint,Keratinocyte_4_days,HALLMARK ANDROGEN RESPONSE,,-0.007551151036225061,0.6991341991341992,Keratinocyte,4_days,0.7617684978459798
temporal_bytimepoint,Keratinocyte_4_days,HALLMARK ANGIOGENESIS,,0.05204637150591218,0.015151515151515152,Keratinocyte,4_days,0.030574806359559722
temporal_bytimepoint,Keratinocyte_4_days,HALLMARK APICAL JUNCTION,,0.025825622054858808,0.3939393939393939,Keratinocyte,4_days,0.47782406272972305
temporal_bytimepoint,Keratinocyte_4_days,HALLMARK APICAL SURFACE,,-0.0026056863262637247,0.5887445887445888,Keratinocyte,4_days,0.6623376623376623
temporal_bytimepoint,Keratinocyte_4_days,HALLMARK APOPTOSIS,,0.028054020536025983,0.48484848484848486,Keratinocyte,4_days,0.5637773079633545
temporal_bytimepoint,Keratinocyte_4_days,HALLMARK BILE ACID METABOLISM,,0.009840282807913433,0.24025974025974026,Keratinocyte,4_days,0.3170583082606543
temporal_bytimepoint,Keratinocyte_4_days,HALLMARK CHOLESTEROL HOMEOSTASIS,,0.0403006316707062,0.004329004329004329,Keratinocyte,4_days,0.009888588568791615
temporal_bytimepoint,Keratinocyte_4_days,HALLMARK COAGULATION,,0.030673065494557752,0.13203463203463203,Keratinocyte,4_days,0.2000524727797455
temporal_bytimepoint,Keratinocyte_4_days,HALLMARK COMPLEMENT,,0.09064837824666569,0.17965367965367965,Keratinocyte,4_days,0.24875124875124874
temporal_bytimepoint,Keratinocyte_4_days,HALLMARK DNA REPAIR,,-0.011746942048093628,0.0021645021645021645,Keratinocyte,4_days,0.005472056033853786
temporal_bytimepoint,Keratinocyte_4_days,HALLMARK E2F TARGETS,,0.0801068349186854,0.0021645021645021645,Keratinocyte,4_days,0.005472056033853786
temporal_bytimepoint,Keratinocyte_4_days,HALLMARK EPITHELIAL MESENCHYMAL TRANSITION,,0.05209853524562909,0.30952380952380953,Keratinocyte,4_days,0.38690476190476186
temporal_bytimepoint,Keratinocyte_4_days,HALLMARK ESTROGEN RESPONSE EARLY,,-0.04083817859122502,0.30952380952380953,Keratinocyte,4_days,0.38690476190476186
temporal_bytimepoint,Keratinocyte_4_days,HALLMARK ESTROGEN RESPONSE LATE,,0.005130729688354143,0.5887445887445888,Keratinocyte,4_days,0.6623376623376623
temporal_bytimepoint,Keratinocyte_4_days,HALLMARK FATTY ACID METABOLISM,,-0.021880041929257937,0.04112554112554113,Keratinocyte,4_days,0.07286021065548626
temporal_bytimepoint,Keratinocyte_4_days,HALLMARK G2M CHECKPOINT,,-0.005649921079903208,0.48484848484848486,Keratinocyte,4_days,0.5637773079633545
temporal_bytimepoint,Keratinocyte_4_days,HALLMARK GLYCOLYSIS,,0.04790650744256655,0.025974025974025976,Keratinocyte,4_days,0.049526744441998685
temporal_bytimepoint,Keratinocyte_4_days,HALLMARK HEDGEHOG SIGNALING,,-0.012010065899254622,0.06493506493506493,Keratinocyte,4_days,0.10703582132153559
temporal_bytimepoint,Keratinocyte_4_days,HALLMARK HEME METABOLISM,,0.044734956929369504,0.04112554112554113,Keratinocyte,4_days,0.07286021065548626
temporal_bytimepoint,Keratinocyte_4_days,HALLMARK HYPOXIA,,0.09229017128193416,0.06493506493506493,Keratinocyte,4_days,0.10703582132153559
temporal_bytimepoint,Keratinocyte_4_days,HALLMARK IL2 STAT5 SIGNALING,,0.002876579701814864,0.48484848484848486,Keratinocyte,4_days,0.5637773079633545
temporal_bytimepoint,Keratinocyte_4_days,HALLMARK IL6 JAK STAT3 SIGNALING,,-0.026019494641731717,0.13203463203463203,Keratinocyte,4_days,0.2000524727797455
temporal_bytimepoint,Keratinocyte_4_days,HALLMARK INFLAMMATORY RESPONSE,,0.05412051942384988,0.008658008658008658,Keratinocyte,4_days,0.018291567587342236
temporal_bytimepoint,Keratinocyte_4_days,HALLMARK INTERFERON ALPHA RESPONSE,,-0.029071338736956467,0.008658008658008658,Keratinocyte,4_days,0.018291567587342236
temporal_bytimepoint,Keratinocyte_4_days,HALLMARK INTERFERON GAMMA RESPONSE,,0.0010010673907336481,0.8181818181818182,Keratinocyte,4_days,0.8483452031839128
temporal_bytimepoint,Keratinocyte_4_days,HALLMARK KRAS SIGNALING DN,,0.009531332652692239,0.48484848484848486,Keratinocyte,4_days,0.5637773079633545
temporal_bytimepoint,Keratinocyte_4_days,HALLMARK KRAS SIGNALING UP,,0.03650765643555271,0.9372294372294373,Keratinocyte,4_days,0.9498946998947
temporal_bytimepoint,Keratinocyte_4_days,HALLMARK MITOTIC SPINDLE,,-0.03267085272734014,0.008658008658008658,Keratinocyte,4_days,0.018291567587342236
temporal_bytimepoint,Keratinocyte_4_days,HALLMARK MTORC1 SIGNALING,,0.08063429926191869,0.0021645021645021645,Keratinocyte,4_days,0.005472056033853786
temporal_bytimepoint,Keratinocyte_4_days,HALLMARK MYC TARGETS,,-0.05813573474375635,0.0021645021645021645,Keratinocyte,4_days,0.005472056033853786
temporal_bytimepoint,Keratinocyte_4_days,HALLMARK MYOGENESIS,,0.10478567926281704,0.0021645021645021645,Keratinocyte,4_days,0.005472056033853786
temporal_bytimepoint,Keratinocyte_4_days,HALLMARK NOTCH SIGNALING,,-0.022117529753669048,0.004329004329004329,Keratinocyte,4_days,0.009888588568791615
temporal_bytimepoint,Keratinocyte_4_days,HALLMARK OXIDATIVE PHOSPHORYLATION,,0.010798443049293135,0.48484848484848486,Keratinocyte,4_days,0.5637773079633545
temporal_bytimepoint,Keratinocyte_4_days,HALLMARK P53 PATHWAY,,0.09759239897497785,0.13203463203463203,Keratinocyte,4_days,0.2000524727797455
temporal_bytimepoint,Keratinocyte_4_days,HALLMARK PANCREAS BETA CELLS,,-0.005467302885899151,0.6991341991341992,Keratinocyte,4_days,0.7617684978459798
temporal_bytimepoint,Keratinocyte_4_days,HALLMARK PEROXISOME,,0.0036445547930643958,0.6991341991341992,Keratinocyte,4_days,0.7617684978459798
temporal_bytimepoint,Keratinocyte_4_days,HALLMARK PI3K AKT MTOR SIGNALING,,0.03549915855888015,0.0021645021645021645,Keratinocyte,4_days,0.005472056033853786
temporal_bytimepoint,Keratinocyte_4_days,HALLMARK PROTEIN SECRETION,,0.003694988212479458,0.6991341991341992,Keratinocyte,4_days,0.7617684978459798
temporal_bytimepoint,Keratinocyte_4_days,HALLMARK REACTIVE OXYGEN SPECIES PATHWAY,,-0.00456715620321336,0.09307359307359307,Keratinocyte,4_days,0.1469583048530417
temporal_bytimepoint,Keratinocyte_4_days,HALLMARK SPERMATOGENESIS,,-0.019872297333918643,0.025974025974025976,Keratinocyte,4_days,0.049526744441998685
temporal_bytimepoint,Keratinocyte_4_days,HALLMARK TGF BETA SIGNALING,,-0.009797399929870505,0.24025974025974026,Keratinocyte,4_days,0.3170583082606543
temporal_bytimepoint,Keratinocyte_4_days,HALLMARK TNFA SIGNALING VIA NFKB,,0.020924035181430545,0.025974025974025976,Keratinocyte,4_days,0.049526744441998685
temporal_bytimepoint,Keratinocyte_4_days,HALLMARK UNFOLDED PROTEIN RESPONSE,,0.026424446066534702,0.17965367965367965,Keratinocyte,4_days,0.24875124875124874
temporal_bytimepoint,Keratinocyte_4_days,HALLMARK UV RESPONSE DN,,-0.004011850009287223,0.9372294372294373,Keratinocyte,4_days,0.9498946998947
temporal_bytimepoint,Keratinocyte_4_days,HALLMARK UV RESPONSE UP,,0.012727115439894805,0.9372294372294373,Keratinocyte,4_days,0.9498946998947
temporal_bytimepoint,Keratinocyte_4_days,HALLMARK WNT BETA CATENIN SIGNALING,,0.00158048427406256,0.8181818181818182,Keratinocyte,4_days,0.8483452031839128
temporal_bytimepoint,Keratinocyte_4_days,HALLMARK XENOBIOTIC METABOLISM,,-0.04450136406720113,0.004329004329004329,Keratinocyte,4_days,0.009888588568791615
temporal_bytimepoint,Keratinocyte_4_days,Lysosomal Genes,,0.009810436844047067,0.9372294372294373,Keratinocyte,4_days,0.9498946998947
temporal_bytimepoint,Keratinocyte_10_days,HALLMARK ADIPOGENESIS,,0.1401402686517335,0.0021645021645021645,Keratinocyte,10_days,0.005472056033853786
temporal_bytimepoint,Keratinocyte_10_days,HALLMARK ALLOGRAFT REJECTION,,0.02919117338692559,0.8181818181818182,Keratinocyte,10_days,0.8483452031839128
temporal_bytimepoint,Keratinocyte_10_days,HALLMARK ANDROGEN RESPONSE,,-0.00031352596296751713,1.0,Keratinocyte,10_days,1.0
temporal_bytimepoint,Keratinocyte_10_days,HALLMARK ANGIOGENESIS,,0.10319401691892939,0.0021645021645021645,Keratinocyte,10_days,0.005472056033853786
temporal_bytimepoint,Keratinocyte_10_days,HALLMARK APICAL JUNCTION,,0.051976793922630854,0.09307359307359307,Keratinocyte,10_days,0.1469583048530417
temporal_bytimepoint,Keratinocyte_10_days,HALLMARK APICAL SURFACE,,-0.006759845448440447,0.17965367965367965,Keratinocyte,10_days,0.24875124875124874
temporal_bytimepoint,Keratinocyte_10_days,HALLMARK APOPTOSIS,,0.022253485264317696,0.3939393939393939,Keratinocyte,10_days,0.47782406272972305
temporal_bytimepoint,Keratinocyte_10_days,HALLMARK BILE ACID METABOLISM,,0.027339627035237075,0.0021645021645021645,Keratinocyte,10_days,0.005472056033853786
temporal_bytimepoint,Keratinocyte_10_days,HALLMARK CHOLESTEROL HOMEOSTASIS,,0.06282856729457742,0.0021645021645021645,Keratinocyte,10_days,0.005472056033853786
temporal_bytimepoint,Keratinocyte_10_days,HALLMARK COAGULATION,,0.031102988130346895,0.17965367965367965,Keratinocyte,10_days,0.24875124875124874
temporal_bytimepoint,Keratinocyte_10_days,HALLMARK COMPLEMENT,,0.09489568888054895,0.06493506493506493,Keratinocyte,10_days,0.10703582132153559
temporal_bytimepoint,Keratinocyte_10_days,HALLMARK DNA REPAIR,,-0.01224394295876586,0.008658008658008658,Keratinocyte,10_days,0.018291567587342236
temporal_bytimepoint,Keratinocyte_10_days,HALLMARK E2F TARGETS,,0.06853254222520538,0.0021645021645021645,Keratinocyte,10_days,0.005472056033853786
temporal_bytimepoint,Keratinocyte_10_days,HALLMARK EPITHELIAL MESENCHYMAL TRANSITION,,0.06596584427030569,0.24025974025974026,Keratinocyte,10_days,0.3170583082606543
temporal_bytimepoint,Keratinocyte_10_days,HALLMARK ESTROGEN RESPONSE EARLY,,-0.07158435127288856,0.04112554112554113,Keratinocyte,10_days,0.07286021065548626
temporal_bytimepoint,Keratinocyte_10_days,HALLMARK ESTROGEN RESPONSE LATE,,-0.017933972211290793,0.17965367965367965,Keratinocyte,10_days,0.24875124875124874
temporal_bytimepoint,Keratinocyte_10_days,HALLMARK FATTY ACID METABOLISM,,-0.031236503617161907,0.004329004329004329,Keratinocyte,10_days,0.009888588568791615
temporal_bytimepoint,Keratinocyte_10_days,HALLMARK G2M CHECKPOINT,,-0.018831970649134534,0.04112554112554113,Keratinocyte,10_days,0.07286021065548626
temporal_bytimepoint,Keratinocyte_10_days,HALLMARK GLYCOLYSIS,,0.10207000108053926,0.0021645021645021645,Keratinocyte,10_days,0.005472056033853786
temporal_bytimepoint,Keratinocyte_10_days,HALLMARK HEDGEHOG SIGNALING,,-0.020004478626015232,0.008658008658008658,Keratinocyte,10_days,0.018291567587342236
temporal_bytimepoint,Keratinocyte_10_days,HALLMARK HEME METABOLISM,,0.04090219008003053,0.17965367965367965,Keratinocyte,10_days,0.24875124875124874
temporal_bytimepoint,Keratinocyte_10_days,HALLMARK HYPOXIA,,0.11793097679521894,0.0021645021645021645,Keratinocyte,10_days,0.005472056033853786
temporal_bytimepoint,Keratinocyte_10_days,HALLMARK IL2 STAT5 SIGNALING,,-0.0171693605269167,0.015151515151515152,Keratinocyte,10_days,0.030574806359559722
temporal_bytimepoint,Keratinocyte_10_days,HALLMARK IL6 JAK STAT3 SIGNALING,,-0.07181422659664013,0.0021645021645021645,Keratinocyte,10_days,0.005472056033853786
temporal_bytimepoint,Keratinocyte_10_days,HALLMARK INFLAMMATORY RESPONSE,,0.05397674671749363,0.0021645021645021645,Keratinocyte,10_days,0.005472056033853786
temporal_bytimepoint,Keratinocyte_10_days,HALLMARK INTERFERON ALPHA RESPONSE,,-0.03820746903281475,0.0021645021645021645,Keratinocyte,10_days,0.005472056033853786
temporal_bytimepoint,Keratinocyte_10_days,HALLMARK INTERFERON GAMMA RESPONSE,,-0.01208004902629932,0.5887445887445888,Keratinocyte,10_days,0.6623376623376623
temporal_bytimepoint,Keratinocyte_10_days,HALLMARK KRAS SIGNALING DN,,0.01198661673553318,0.9372294372294373,Keratinocyte,10_days,0.9498946998947
temporal_bytimepoint,Keratinocyte_10_days,HALLMARK KRAS SIGNALING UP,,0.09227581375592306,0.13203463203463203,Keratinocyte,10_days,0.2000524727797455
temporal_bytimepoint,Keratinocyte_10_days,HALLMARK MITOTIC SPINDLE,,-0.050607564122901974,0.0021645021645021645,Keratinocyte,10_days,0.005472056033853786
temporal_bytimepoint,Keratinocyte_10_days,HALLMARK MTORC1 SIGNALING,,0.11558114359874458,0.0021645021645021645,Keratinocyte,10_days,0.005472056033853786
temporal_bytimepoint,Keratinocyte_10_days,HALLMARK MYC TARGETS,,-0.07198935104142484,0.0021645021645021645,Keratinocyte,10_days,0.005472056033853786
temporal_bytimepoint,Keratinocyte_10_days,HALLMARK MYOGENESIS,,0.154620876098867,0.0021645021645021645,Keratinocyte,10_days,0.005472056033853786
temporal_bytimepoint,Keratinocyte_10_days,HALLMARK NOTCH SIGNALING,,0.0012138255617186824,1.0,Keratinocyte,10_days,1.0
temporal_bytimepoint,Keratinocyte_10_days,HALLMARK OXIDATIVE PHOSPHORYLATION,,0.011574502915886275,0.6991341991341992,Keratinocyte,10_days,0.7617684978459798
temporal_bytimepoint,Keratinocyte_10_days,HALLMARK P53 PATHWAY,,0.06322737248455954,0.8181818181818182,Keratinocyte,10_days,0.8483452031839128
temporal_bytimepoint,Keratinocyte_10_days,HALLMARK PANCREAS BETA CELLS,,-0.008428314613222401,1.0,Keratinocyte,10_days,1.0
temporal_bytimepoint,Keratinocyte_10_days,HALLMARK PEROXISOME,,-0.0101206040847574,0.17965367965367965,Keratinocyte,10_days,0.24875124875124874
temporal_bytimepoint,Keratinocyte_10_days,HALLMARK PI3K AKT MTOR SIGNALING,,0.012916116155523506,0.04112554112554113,Keratinocyte,10_days,0.07286021065548626
temporal_bytimepoint,Keratinocyte_10_days,HALLMARK PROTEIN SECRETION,,0.009673585148466156,0.17965367965367965,Keratinocyte,10_days,0.24875124875124874
temporal_bytimepoint,Keratinocyte_10_days,HALLMARK REACTIVE OXYGEN SPECIES PATHWAY,,-0.003366345190390797,0.48484848484848486,Keratinocyte,10_days,0.5637773079633545
temporal_bytimepoint,Keratinocyte_10_days,HALLMARK SPERMATOGENESIS,,-0.026164578572692637,0.015151515151515152,Keratinocyte,10_days,0.030574806359559722
temporal_bytimepoint,Keratinocyte_10_days,HALLMARK TGF BETA SIGNALING,,-0.028411089670232478,0.0021645021645021645,Keratinocyte,10_days,0.005472056033853786
temporal_bytimepoint,Keratinocyte_10_days,HALLMARK TNFA SIGNALING VIA NFKB,,-0.04921053028375058,0.0021645021645021645,Keratinocyte,10_days,0.005472056033853786
temporal_bytimepoint,Keratinocyte_10_days,HALLMARK UNFOLDED PROTEIN RESPONSE,,0.0229866034514309,0.30952380952380953,Keratinocyte,10_days,0.38690476190476186
temporal_bytimepoint,Keratinocyte_10_days,HALLMARK UV RESPONSE DN,,-0.03193184908791981,0.30952380952380953,Keratinocyte,10_days,0.38690476190476186
temporal_bytimepoint,Keratinocyte_10_days,HALLMARK UV RESPONSE UP,,-0.00860327405908639,0.48484848484848486,Keratinocyte,10_days,0.5637773079633545
temporal_bytimepoint,Keratinocyte_10_days,HALLMARK WNT BETA CATENIN SIGNALING,,-0.003628798589418297,0.6991341991341992,Keratinocyte,10_days,0.7617684978459798
temporal_bytimepoint,Keratinocyte_10_days,HALLMARK XENOBIOTIC METABOLISM,,-0.054227342304719005,0.0021645021645021645,Keratinocyte,10_days,0.005472056033853786
temporal_bytimepoint,Keratinocyte_10_days,Lysosomal Genes,,0.02226826692565243,0.30952380952380953,Keratinocyte,10_days,0.38690476190476186
temporal_bytimepoint,Keratinocyte_20_days,HALLMARK ADIPOGENESIS,,0.12168989389521678,0.0021645021645021645,Keratinocyte,20_days,0.005472056033853786
temporal_bytimepoint,Keratinocyte_20_days,HALLMARK ALLOGRAFT REJECTION,,-0.02188460251695925,0.9372294372294373,Keratinocyte,20_days,0.9498946998947
temporal_bytimepoint,Keratinocyte_20_days,HALLMARK ANDROGEN RESPONSE,,0.011798824611400069,0.30952380952380953,Keratinocyte,20_days,0.38690476190476186
temporal_bytimepoint,Keratinocyte_20_days,HALLMARK ANGIOGENESIS,,0.14583318624746572,0.0021645021645021645,Keratinocyte,20_days,0.005472056033853786
temporal_bytimepoint,Keratinocyte_20_days,HALLMARK APICAL JUNCTION,,0.045963174161091754,0.24025974025974026,Keratinocyte,20_days,0.3170583082606543
temporal_bytimepoint,Keratinocyte_20_days,HALLMARK APICAL SURFACE,,-0.04530178201652965,0.0021645021645021645,Keratinocyte,20_days,0.005472056033853786
temporal_bytimepoint,Keratinocyte_20_days,HALLMARK APOPTOSIS,,-0.019844251254065984,0.6991341991341992,Keratinocyte,20_days,0.7617684978459798
temporal_bytimepoint,Keratinocyte_20_days,HALLMARK BILE ACID METABOLISM,,0.015583340106049722,0.008658008658008658,Keratinocyte,20_days,0.018291567587342236
temporal_bytimepoint,Keratinocyte_20_days,HALLMARK CHOLESTEROL HOMEOSTASIS,,0.04982571039135042,0.0021645021645021645,Keratinocyte,20_days,0.005472056033853786
temporal_bytimepoint,Keratinocyte_20_days,HALLMARK COAGULATION,,0.024054510828661616,0.30952380952380953,Keratinocyte,20_days,0.38690476190476186
temporal_bytimepoint,Keratinocyte_20_days,HALLMARK COMPLEMENT,,0.05001890355432953,1.0,Keratinocyte,20_days,1.0
temporal_bytimepoint,Keratinocyte_20_days,HALLMARK DNA REPAIR,,-0.019151141952101148,0.004329004329004329,Keratinocyte,20_days,0.009888588568791615
temporal_bytimepoint,Keratinocyte_20_days,HALLMARK E2F TARGETS,,0.0680332294336548,0.0021645021645021645,Keratinocyte,20_days,0.005472056033853786
temporal_bytimepoint,Keratinocyte_20_days,HALLMARK EPITHELIAL MESENCHYMAL TRANSITION,,0.09714229861816973,0.48484848484848486,Keratinocyte,20_days,0.5637773079633545
temporal_bytimepoint,Keratinocyte_20_days,HALLMARK ESTROGEN RESPONSE EARLY,,-0.1262001379269165,0.0021645021645021645,Keratinocyte,20_days,0.005472056033853786
temporal_bytimepoint,Keratinocyte_20_days,HALLMARK ESTROGEN RESPONSE LATE,,-0.031961379704268954,0.09307359307359307,Keratinocyte,20_days,0.1469583048530417
temporal_bytimepoint,Keratinocyte_20_days,HALLMARK FATTY ACID METABOLISM,,0.023976820176635407,0.025974025974025976,Keratinocyte,20_days,0.049526744441998685
temporal_bytimepoint,Keratinocyte_20_days,HALLMARK G2M CHECKPOINT,,-0.014019444637830432,0.13203463203463203,Keratinocyte,20_days,0.2000524727797455
temporal_bytimepoint,Keratinocyte_20_days,HALLMARK GLYCOLYSIS,,0.12421286497592947,0.0021645021645021645,Keratinocyte,20_days,0.005472056033853786
temporal_bytimepoint,Keratinocyte_20_days,HALLMARK HEDGEHOG SIGNALING,,0.029770936868564725,0.0021645021645021645,Keratinocyte,20_days,0.005472056033853786
temporal_bytimepoint,Keratinocyte_20_days,HALLMARK HEME METABOLISM,,0.015092161641232433,0.6991341991341992,Keratinocyte,20_days,0.7617684978459798
temporal_bytimepoint,Keratinocyte_20_days,HALLMARK HYPOXIA,,0.11852259315807606,0.0021645021645021645,Keratinocyte,20_days,0.005472056033853786
temporal_bytimepoint,Keratinocyte_20_days,HALLMARK IL2 STAT5 SIGNALING,,-0.02767887329614246,0.004329004329004329,Keratinocyte,20_days,0.009888588568791615
temporal_bytimepoint,Keratinocyte_20_days,HALLMARK IL6 JAK STAT3 SIGNALING,,-0.0379328983496201,0.04112554112554113,Keratinocyte,20_days,0.07286021065548626
temporal_bytimepoint,Keratinocyte_20_days,HALLMARK INFLAMMATORY RESPONSE,,0.03399094769178366,0.24025974025974026,Keratinocyte,20_days,0.3170583082606543
temporal_bytimepoint,Keratinocyte_20_days,HALLMARK INTERFERON ALPHA RESPONSE,,0.014062991023042822,0.6991341991341992,Keratinocyte,20_days,0.7617684978459798
temporal_bytimepoint,Keratinocyte_20_days,HALLMARK INTERFERON GAMMA RESPONSE,,0.021987156026103932,0.3939393939393939,Keratinocyte,20_days,0.47782406272972305
temporal_bytimepoint,Keratinocyte_20_days,HALLMARK KRAS SIGNALING DN,,0.014730552648208389,0.5887445887445888,Keratinocyte,20_days,0.6623376623376623
temporal_bytimepoint,Keratinocyte_20_days,HALLMARK KRAS SIGNALING UP,,0.05314261445087189,1.0,Keratinocyte,20_days,1.0
temporal_bytimepoint,Keratinocyte_20_days,HALLMARK MITOTIC SPINDLE,,-0.044040278025168314,0.0021645021645021645,Keratinocyte,20_days,0.005472056033853786
temporal_bytimepoint,Keratinocyte_20_days,HALLMARK MTORC1 SIGNALING,,0.11014241405068805,0.0021645021645021645,Keratinocyte,20_days,0.005472056033853786
temporal_bytimepoint,Keratinocyte_20_days,HALLMARK MYC TARGETS,,-0.09019101448630507,0.0021645021645021645,Keratinocyte,20_days,0.005472056033853786
temporal_bytimepoint,Keratinocyte_20_days,HALLMARK MYOGENESIS,,0.12868394225860935,0.0021645021645021645,Keratinocyte,20_days,0.005472056033853786
temporal_bytimepoint,Keratinocyte_20_days,HALLMARK NOTCH SIGNALING,,0.008455860832088475,0.48484848484848486,Keratinocyte,20_days,0.5637773079633545
temporal_bytimepoint,Keratinocyte_20_days,HALLMARK OXIDATIVE PHOSPHORYLATION,,0.01663219812230916,0.24025974025974026,Keratinocyte,20_days,0.3170583082606543
temporal_bytimepoint,Keratinocyte_20_days,HALLMARK P53 PATHWAY,,0.06006953713381166,0.9372294372294373,Keratinocyte,20_days,0.9498946998947
temporal_bytimepoint,Keratinocyte_20_days,HALLMARK PANCREAS BETA CELLS,,-0.0175683326888669,0.06493506493506493,Keratinocyte,20_days,0.10703582132153559
temporal_bytimepoint,Keratinocyte_20_days,HALLMARK PEROXISOME,,0.007360875319631,0.24025974025974026,Keratinocyte,20_days,0.3170583082606543
temporal_bytimepoint,Keratinocyte_20_days,HALLMARK PI3K AKT MTOR SIGNALING,,0.008143882571263977,0.17965367965367965,Keratinocyte,20_days,0.24875124875124874
temporal_bytimepoint,Keratinocyte_20_days,HALLMARK PROTEIN SECRETION,,0.00601068442075774,0.17965367965367965,Keratinocyte,20_days,0.24875124875124874
temporal_bytimepoint,Keratinocyte_20_days,HALLMARK REACTIVE OXYGEN SPECIES PATHWAY,,-0.002792518426274211,0.04112554112554113,Keratinocyte,20_days,0.07286021065548626
temporal_bytimepoint,Keratinocyte_20_days,HALLMARK SPERMATOGENESIS,,-0.01245246375143379,0.13203463203463203,Keratinocyte,20_days,0.2000524727797455
temporal_bytimepoint,Keratinocyte_20_days,HALLMARK TGF BETA SIGNALING,,-0.04003781155802463,0.0021645021645021645,Keratinocyte,20_days,0.005472056033853786
temporal_bytimepoint,Keratinocyte_20_days,HALLMARK TNFA SIGNALING VIA NFKB,,-0.06771976579989251,0.0021645021645021645,Keratinocyte,20_days,0.005472056033853786
temporal_bytimepoint,Keratinocyte_20_days,HALLMARK UNFOLDED PROTEIN RESPONSE,,0.021153748661683403,0.24025974025974026,Keratinocyte,20_days,0.3170583082606543
temporal_bytimepoint,Keratinocyte_20_days,HALLMARK UV RESPONSE DN,,-0.03354200013514032,0.3939393939393939,Keratinocyte,20_days,0.47782406272972305
temporal_bytimepoint,Keratinocyte_20_days,HALLMARK UV RESPONSE UP,,-0.0383583631145885,0.17965367965367965,Keratinocyte,20_days,0.24875124875124874
temporal_bytimepoint,Keratinocyte_20_days,HALLMARK WNT BETA CATENIN SIGNALING,,-0.008927257744205446,0.09307359307359307,Keratinocyte,20_days,0.1469583048530417
temporal_bytimepoint,Keratinocyte_20_days,HALLMARK XENOBIOTIC METABOLISM,,-0.037432332056373016,0.0021645021645021645,Keratinocyte,20_days,0.005472056033853786
temporal_bytimepoint,Keratinocyte_20_days,Lysosomal Genes,,-0.02276961402633386,0.48484848484848486,Keratinocyte,20_days,0.5637773079633545
temporal_pooled,Keratinocyte,HALLMARK ADIPOGENESIS,,0.09813207650372607,0.00017831139112603643,Keratinocyte,,0.0005943713037534547
temporal_pooled,Keratinocyte,HALLMARK ALLOGRAFT REJECTION,,0.01723572117790028,0.6260810128087017,Keratinocyte,,0.7061064054233478
temporal_pooled,Keratinocyte,HALLMARK ANDROGEN RESPONSE,,-0.0014796460684916486,0.6260810128087017,Keratinocyte,,0.7061064054233478
temporal_pooled,Keratinocyte,HALLMARK ANGIOGENESIS,,0.10179523922310076,0.00010401497815685458,Keratinocyte,,0.0003805426030128826
temporal_pooled,Keratinocyte,HALLMARK APICAL JUNCTION,,0.04715146641913668,0.03957026954738625,Keratinocyte,,0.07151253532660165
temporal_pooled,Keratinocyte,HALLMARK APICAL SURFACE,,-0.005783896644391786,0.13652708847216855,Keratinocyte,,0.20685922495783113
temporal_pooled,Keratinocyte,HALLMARK APOPTOSIS,,0.016662074948476484,0.49420487978840383,Keratinocyte,,0.5837065509311856
temporal_pooled,Keratinocyte,HALLMARK BILE ACID METABOLISM,,0.017645506334089334,0.003373057148800856,Keratinocyte,,0.008294402824920138
temporal_pooled,Keratinocyte,HALLMARK CHOLESTEROL HOMEOSTASIS,,0.05179209283083869,2.9718565187672738e-05,Keratinocyte,,0.00013111131700443854
temporal_pooled,Keratinocyte,HALLMARK COAGULATION,,0.03238191754282813,0.07692650598829089,Keratinocyte,,0.12542365106786557
temporal_pooled,Keratinocyte,HALLMARK COMPLEMENT,,0.07551911601460187,0.19935213527890872,Keratinocyte,,0.2794656102040776
temporal_pooled,Keratinocyte,HALLMARK DNA REPAIR,,-0.014965787986736657,0.00010401497815685458,Keratinocyte,,0.0003805426030128826
temporal_pooled,Keratinocyte,HALLMARK E2F TARGETS,,0.047514375397909356,1.4859282593836369e-05,Keratinocyte,,7.429641296918184e-05
temporal_pooled,Keratinocyte,HALLMARK EPITHELIAL MESENCHYMAL TRANSITION,,0.08274976832543308,0.19935213527890872,Keratinocyte,,0.2794656102040776
temporal_pooled,Keratinocyte,HALLMARK ESTROGEN RESPONSE EARLY,,-0.07067663278060518,0.033002466640910576,Keratinocyte,,0.06429051943034528
temporal_pooled,Keratinocyte,HALLMARK ESTROGEN RESPONSE LATE,,-0.009887071124833054,0.5365835537460252,Keratinocyte,,0.6288088520461232
temporal_pooled,Keratinocyte,HALLMARK FATTY ACID METABOLISM,,-0.011671184856394554,0.2240631222324586,Keratinocyte,,0.30554062122607994
temporal_pooled,Keratinocyte,HALLMARK G2M CHECKPOINT,,-0.020757129228405547,0.005765401646408511,Keratinocyte,,0.013304773030173486
temporal_pooled,Keratinocyte,HALLMARK GLYCOLYSIS,,0.08868136460871934,0.00017831139112603643,Keratinocyte,,0.0005943713037534547
temporal_pooled,Keratinocyte,HALLMARK HEDGEHOG SIGNALING,,0.010054613298270478,0.27959226128562514,Keratinocyte,,0.371140169848175
temporal_pooled,Keratinocyte,HALLMARK HEME METABOLISM,,0.03488962051779437,0.07692650598829089,Keratinocyte,,0.12542365106786557
temporal_pooled,Keratinocyte,HALLMARK HYPOXIA,,0.11150506252611461,0.00044577847781509107,Keratinocyte,,0.0013930577431721597
temporal_pooled,Keratinocyte,HALLMARK IL2 STAT5 SIGNALING,,-0.008307291190990128,0.3432345686350263,Keratinocyte,,0.43631512962079616
temporal_pooled,Keratinocyte,HALLMARK IL6 JAK STAT3 SIGNALING,,-0.03223426526169877,0.0025112187583583466,Keratinocyte,,0.006384454470402577
temporal_pooled,Keratinocyte,HALLMARK INFLAMMATORY RESPONSE,,0.049907250783032875,0.0013373354334452734,Keratinocyte,,0.003714820648459093
temporal_pooled,Keratinocyte,HALLMARK INTERFERON ALPHA RESPONSE,,-0.015785662858046837,0.04719308151802431,Keratinocyte,,0.08136738192762812
temporal_pooled,Keratinocyte,HALLMARK INTERFERON GAMMA RESPONSE,,0.008145720789595856,0.5805224523759993,Keratinocyte,,0.6698335988953837
temporal_pooled,Keratinocyte,HALLMARK KRAS SIGNALING DN,,0.03718262239999606,0.11924574281553685,Keratinocyte,,0.1863214731492763
temporal_pooled,Keratinocyte,HALLMARK KRAS SIGNALING UP,,0.07281222438612753,0.2240631222324586,Keratinocyte,,0.30554062122607994
temporal_pooled,Keratinocyte,HALLMARK MITOTIC SPINDLE,,-0.04782589014807242,5.9437130375345475e-05,Keratinocyte,,0.00023462025148162686
temporal_pooled,Keratinocyte,HALLMARK MTORC1 SIGNALING,,0.10236565808014332,1.4859282593836369e-05,Keratinocyte,,7.429641296918184e-05
temporal_pooled,Keratinocyte,HALLMARK MYC TARGETS,,-0.07423603774206534,1.4859282593836369e-05,Keratinocyte,,7.429641296918184e-05
temporal_pooled,Keratinocyte,HALLMARK MYOGENESIS,,0.14624544248409171,1.4859282593836369e-05,Keratinocyte,,7.429641296918184e-05
temporal_pooled,Keratinocyte,HALLMARK NOTCH SIGNALING,,-0.005029367327011822,0.3432345686350263,Keratinocyte,,0.43631512962079616
temporal_pooled,Keratinocyte,HALLMARK OXIDATIVE PHOSPHORYLATION,,0.014089051619097268,0.2508692680317394,Keratinocyte,,0.3359856268282225
temporal_pooled,Keratinocyte,HALLMARK P53 PATHWAY,,0.07528147005401792,0.4148860293025053,Keratinocyte,,0.5143215239287255
temporal_pooled,Keratinocyte,HALLMARK PANCREAS BETA CELLS,,-0.010576051182006156,0.31044013195042947,Keratinocyte,,0.40847385782951245
temporal_pooled,Keratinocyte,HALLMARK PEROXISOME,,-0.00011345612099888447,0.8711700199114387,Keratinocyte,,0.9202500210332099
temporal_pooled,Keratinocyte,HALLMARK PI3K AKT MTOR SIGNALING,,0.011534610654209465,0.15563612588784212,Keratinocyte,,0.2288766557174149
temporal_pooled,Keratinocyte,HALLMARK PROTEIN SECRETION,,0.00650159343174575,0.17651341793218223,Keratinocyte,,0.2570583756293916
temporal_pooled,Keratinocyte,HALLMARK REACTIVE OXYGEN SPECIES PATHWAY,,-0.0035157969893667715,0.07692650598829089,Keratinocyte,,0.12542365106786557
temporal_pooled,Keratinocyte,HALLMARK SPERMATOGENESIS,,-0.031076850393542067,0.00010401497815685458,Keratinocyte,,0.0003805426030128826
temporal_pooled,Keratinocyte,HALLMARK TGF BETA SIGNALING,,-0.02538560698998237,0.003373057148800856,Keratinocyte,,0.008294402824920138
temporal_pooled,Keratinocyte,HALLMARK TNFA SIGNALING VIA NFKB,,-0.027854026392891057,0.13652708847216855,Keratinocyte,,0.20685922495783113
temporal_pooled,Keratinocyte,HALLMARK UNFOLDED PROTEIN RESPONSE,,0.023535355665824386,0.11924574281553685,Keratinocyte,,0.1863214731492763
temporal_pooled,Keratinocyte,HALLMARK UV RESPONSE DN,,-0.023509818707594658,0.4148860293025053,Keratinocyte,,0.5143215239287255
temporal_pooled,Keratinocyte,HALLMARK UV RESPONSE UP,,-0.007293357634213567,0.721120984278879,Keratinocyte,,0.7895485229330792
temporal_pooled,Keratinocyte,HALLMARK WNT BETA CATENIN SIGNALING,,-0.003040400293511279,0.6260810128087017,Keratinocyte,,0.7061064054233478
temporal_pooled,Keratinocyte,HALLMARK XENOBIOTIC METABOLISM,,-0.04482196720221141,2.9718565187672738e-05,Keratinocyte,,0.00013111131700443854
temporal_pooled,Keratinocyte,Lysosomal Genes,,0.001938974019163986,0.9741002704389433,Keratinocyte,,0.9806378561465873
temporal_bytimepoint,Melanocyte_4_days,HALLMARK ADIPOGENESIS,,0.014625761748203705,0.24025974025974026,Melanocyte,4_days,0.3170583082606543
temporal_bytimepoint,Melanocyte_4_days,HALLMARK ALLOGRAFT REJECTION,,0.051930960021181326,0.0021645021645021645,Melanocyte,4_days,0.005472056033853786
temporal_bytimepoint,Melanocyte_4_days,HALLMARK ANDROGEN RESPONSE,,-0.02442403711537943,0.30952380952380953,Melanocyte,4_days,0.38690476190476186
temporal_bytimepoint,Melanocyte_4_days,HALLMARK ANGIOGENESIS,,0.022035856519992864,0.0021645021645021645,Melanocyte,4_days,0.005472056033853786
temporal_bytimepoint,Melanocyte_4_days,HALLMARK APICAL JUNCTION,,0.02206266797560974,0.06493506493506493,Melanocyte,4_days,0.10703582132153559
temporal_bytimepoint,Melanocyte_4_days,HALLMARK APICAL SURFACE,,0.021141624635281454,0.0021645021645021645,Melanocyte,4_days,0.005472056033853786
temporal_bytimepoint,Melanocyte_4_days,HALLMARK APOPTOSIS,,0.1719560923264039,0.0021645021645021645,Melanocyte,4_days,0.005472056033853786
temporal_bytimepoint,Melanocyte_4_days,HALLMARK BILE ACID METABOLISM,,-0.0017690550648954508,0.5887445887445888,Melanocyte,4_days,0.6623376623376623
temporal_bytimepoint,Melanocyte_4_days,HALLMARK CHOLESTEROL HOMEOSTASIS,,-0.0052984827227684815,0.5887445887445888,Melanocyte,4_days,0.6623376623376623
temporal_bytimepoint,Melanocyte_4_days,HALLMARK COAGULATION,,0.015330854111240627,0.06493506493506493,Melanocyte,4_days,0.10703582132153559
temporal_bytimepoint,Melanocyte_4_days,HALLMARK COMPLEMENT,,0.017999999380960478,0.015151515151515152,Melanocyte,4_days,0.030574806359559722
temporal_bytimepoint,Melanocyte_4_days,HALLMARK DNA REPAIR,,0.012087323641800676,0.0021645021645021645,Melanocyte,4_days,0.005472056033853786
temporal_bytimepoint,Melanocyte_4_days,HALLMARK E2F TARGETS,,0.06765509557079116,0.0021645021645021645,Melanocyte,4_days,0.005472056033853786
temporal_bytimepoint,Melanocyte_4_days,HALLMARK EPITHELIAL MESENCHYMAL TRANSITION,,-0.08180341716769489,0.0021645021645021645,Melanocyte,4_days,0.005472056033853786
temporal_bytimepoint,Melanocyte_4_days,HALLMARK ESTROGEN RESPONSE EARLY,,-0.08076185098535395,0.0021645021645021645,Melanocyte,4_days,0.005472056033853786
temporal_bytimepoint,Melanocyte_4_days,HALLMARK ESTROGEN RESPONSE LATE,,-0.04733700819982717,0.004329004329004329,Melanocyte,4_days,0.009888588568791615
temporal_bytimepoint,Melanocyte_4_days,HALLMARK FATTY ACID METABOLISM,,0.006402433879021995,0.13203463203463203,Melanocyte,4_days,0.2000524727797455
temporal_bytimepoint,Melanocyte_4_days,HALLMARK G2M CHECKPOINT,,0.03770648502956718,0.0021645021645021645,Melanocyte,4_days,0.005472056033853786
temporal_bytimepoint,Melanocyte_4_days,HALLMARK GLYCOLYSIS,,-0.01994282075976833,0.06493506493506493,Melanocyte,4_days,0.10703582132153559
temporal_bytimepoint,Melanocyte_4_days,HALLMARK HEDGEHOG SIGNALING,,-0.02337473912427852,0.0021645021645021645,Melanocyte,4_days,0.005472056033853786
temporal_bytimepoint,Melanocyte_4_days,HALLMARK HEME METABOLISM,,0.029536696557858663,0.0021645021645021645,Melanocyte,4_days,0.005472056033853786
temporal_bytimepoint,Melanocyte_4_days,HALLMARK HYPOXIA,,0.160037511244971,0.0021645021645021645,Melanocyte,4_days,0.005472056033853786
temporal_bytimepoint,Melanocyte_4_days,HALLMARK IL2 STAT5 SIGNALING,,-0.03283620418054019,0.06493506493506493,Melanocyte,4_days,0.10703582132153559
temporal_bytimepoint,Melanocyte_4_days,HALLMARK IL6 JAK STAT3 SIGNALING,,-0.00406355528494903,0.24025974025974026,Melanocyte,4_days,0.3170583082606543
temporal_bytimepoint,Melanocyte_4_days,HALLMARK INFLAMMATORY RESPONSE,,0.08008525444647419,0.0021645021645021645,Melanocyte,4_days,0.005472056033853786
temporal_bytimepoint,Melanocyte_4_days,HALLMARK INTERFERON ALPHA RESPONSE,,-0.08913405468271635,0.0021645021645021645,Melanocyte,4_days,0.005472056033853786
temporal_bytimepoint,Melanocyte_4_days,HALLMARK INTERFERON GAMMA RESPONSE,,-0.04032053415974206,0.04112554112554113,Melanocyte,4_days,0.07286021065548626
temporal_bytimepoint,Melanocyte_4_days,HALLMARK KRAS SIGNALING DN,,0.13134177508974898,0.0021645021645021645,Melanocyte,4_days,0.005472056033853786
temporal_bytimepoint,Melanocyte_4_days,HALLMARK KRAS SIGNALING UP,,0.050508324866376145,0.008658008658008658,Melanocyte,4_days,0.018291567587342236
temporal_bytimepoint,Melanocyte_4_days,HALLMARK MITOTIC SPINDLE,,0.05952370067180626,0.0021645021645021645,Melanocyte,4_days,0.005472056033853786
temporal_bytimepoint,Melanocyte_4_days,HALLMARK MTORC1 SIGNALING,,0.11277303812829237,0.0021645021645021645,Melanocyte,4_days,0.005472056033853786
temporal_bytimepoint,Melanocyte_4_days,HALLMARK MYC TARGETS,,0.036600997479172906,0.0021645021645021645,Melanocyte,4_days,0.005472056033853786
temporal_bytimepoint,Melanocyte_4_days,HALLMARK MYOGENESIS,,-0.019554520364102684,0.17965367965367965,Melanocyte,4_days,0.24875124875124874
temporal_bytimepoint,Melanocyte_4_days,HALLMARK NOTCH SIGNALING,,-0.013149567388290744,0.025974025974025976,Melanocyte,4_days,0.049526744441998685
temporal_bytimepoint,Melanocyte_4_days,HALLMARK OXIDATIVE PHOSPHORYLATION,,-0.00010148131100117794,0.9372294372294373,Melanocyte,4_days,0.9498946998947
temporal_bytimepoint,Melanocyte_4_days,HALLMARK P53 PATHWAY,,0.2193779008194709,0.0021645021645021645,Melanocyte,4_days,0.005472056033853786
temporal_bytimepoint,Melanocyte_4_days,HALLMARK PANCREAS BETA CELLS,,0.0020967361469115074,0.5887445887445888,Melanocyte,4_days,0.6623376623376623
temporal_bytimepoint,Melanocyte_4_days,HALLMARK PEROXISOME,,-0.013587194997349691,0.008658008658008658,Melanocyte,4_days,0.018291567587342236
temporal_bytimepoint,Melanocyte_4_days,HALLMARK PI3K AKT MTOR SIGNALING,,0.09831067657874887,0.0021645021645021645,Melanocyte,4_days,0.005472056033853786
temporal_bytimepoint,Melanocyte_4_days,HALLMARK PROTEIN SECRETION,,-0.004732348599472934,0.06493506493506493,Melanocyte,4_days,0.10703582132153559
temporal_bytimepoint,Melanocyte_4_days,HALLMARK REACTIVE OXYGEN SPECIES PATHWAY,,0.0021864573139882704,0.17965367965367965,Melanocyte,4_days,0.24875124875124874
temporal_bytimepoint,Melanocyte_4_days,HALLMARK SPERMATOGENESIS,,0.011674962391395441,0.06493506493506493,Melanocyte,4_days,0.10703582132153559
temporal_bytimepoint,Melanocyte_4_days,HALLMARK TGF BETA SIGNALING,,0.004144916147873871,0.09307359307359307,Melanocyte,4_days,0.1469583048530417
temporal_bytimepoint,Melanocyte_4_days,HALLMARK TNFA SIGNALING VIA NFKB,,0.01345875607362462,0.5887445887445888,Melanocyte,4_days,0.6623376623376623
temporal_bytimepoint,Melanocyte_4_days,HALLMARK UNFOLDED PROTEIN RESPONSE,,-0.00695907505367825,0.8181818181818182,Melanocyte,4_days,0.8483452031839128
temporal_bytimepoint,Melanocyte_4_days,HALLMARK UV RESPONSE DN,,-0.029000627191846998,0.5887445887445888,Melanocyte,4_days,0.6623376623376623
temporal_bytimepoint,Melanocyte_4_days,HALLMARK UV RESPONSE UP,,0.08980552649587466,0.0021645021645021645,Melanocyte,4_days,0.005472056033853786
temporal_bytimepoint,Melanocyte_4_days,HALLMARK WNT BETA CATENIN SIGNALING,,0.0024623077596612536,0.8181818181818182,Melanocyte,4_days,0.8483452031839128
temporal_bytimepoint,Melanocyte_4_days,HALLMARK XENOBIOTIC METABOLISM,,0.04209411484808234,0.0021645021645021645,Melanocyte,4_days,0.005472056033853786
temporal_bytimepoint,Melanocyte_4_days,Lysosomal Genes,,0.042854686406308934,0.0021645021645021645,Melanocyte,4_days,0.005472056033853786
temporal_bytimepoint,Melanocyte_10_days,HALLMARK ADIPOGENESIS,,-0.009452207002833016,0.8181818181818182,Melanocyte,10_days,0.8483452031839128
temporal_bytimepoint,Melanocyte_10_days,HALLMARK ALLOGRAFT REJECTION,,0.010917146487148791,0.06493506493506493,Melanocyte,10_days,0.10703582132153559
temporal_bytimepoint,Melanocyte_10_days,HALLMARK ANDROGEN RESPONSE,,-0.041824839477200476,0.008658008658008658,Melanocyte,10_days,0.018291567587342236
temporal_bytimepoint,Melanocyte_10_days,HALLMARK ANGIOGENESIS,,-0.025899810328149166,0.04112554112554113,Melanocyte,10_days,0.07286021065548626
temporal_bytimepoint,Melanocyte_10_days,HALLMARK APICAL JUNCTION,,0.04240855954377078,0.015151515151515152,Melanocyte,10_days,0.030574806359559722
temporal_bytimepoint,Melanocyte_10_days,HALLMARK APICAL SURFACE,,0.012389624737797702,0.004329004329004329,Melanocyte,10_days,0.009888588568791615
temporal_bytimepoint,Melanocyte_10_days,HALLMARK APOPTOSIS,,0.156448242533035,0.0021645021645021645,Melanocyte,10_days,0.005472056033853786
temporal_bytimepoint,Melanocyte_10_days,HALLMARK BILE ACID METABOLISM,,-0.012889338759570514,0.04112554112554113,Melanocyte,10_days,0.07286021065548626
temporal_bytimepoint,Melanocyte_10_days,HALLMARK CHOLESTEROL HOMEOSTASIS,,-0.025019461195480586,0.025974025974025976,Melanocyte,10_days,0.049526744441998685
temporal_bytimepoint,Melanocyte_10_days,HALLMARK COAGULATION,,-0.009762423861301526,0.6991341991341992,Melanocyte,10_days,0.7617684978459798
temporal_bytimepoint,Melanocyte_10_days,HALLMARK COMPLEMENT,,-0.027331061900715128,0.04112554112554113,Melanocyte,10_days,0.07286021065548626
temporal_bytimepoint,Melanocyte_10_days,HALLMARK DNA REPAIR,,-0.003030900142615674,0.48484848484848486,Melanocyte,10_days,0.5637773079633545
temporal_bytimepoint,Melanocyte_10_days,HALLMARK E2F TARGETS,,0.044193307793867195,0.0021645021645021645,Melanocyte,10_days,0.005472056033853786
temporal_bytimepoint,Melanocyte_10_days,HALLMARK EPITHELIAL MESENCHYMAL TRANSITION,,-0.12287373744884297,0.004329004329004329,Melanocyte,10_days,0.009888588568791615
temporal_bytimepoint,Melanocyte_10_days,HALLMARK ESTROGEN RESPONSE EARLY,,-0.06660520074120146,0.0021645021645021645,Melanocyte,10_days,0.005472056033853786
temporal_bytimepoint,Melanocyte_10_days,HALLMARK ESTROGEN RESPONSE LATE,,-0.040434765114878375,0.015151515151515152,Melanocyte,10_days,0.030574806359559722
temporal_bytimepoint,Melanocyte_10_days,HALLMARK FATTY ACID METABOLISM,,0.011939177994560714,0.025974025974025976,Melanocyte,10_days,0.049526744441998685
temporal_bytimepoint,Melanocyte_10_days,HALLMARK G2M CHECKPOINT,,-0.007265027943265971,0.3939393939393939,Melanocyte,10_days,0.47782406272972305
temporal_bytimepoint,Melanocyte_10_days,HALLMARK GLYCOLYSIS,,-0.033414455059641954,0.004329004329004329,Melanocyte,10_days,0.009888588568791615
temporal_bytimepoint,Melanocyte_10_days,HALLMARK HEDGEHOG SIGNALING,,-0.0195956947568911,0.0021645021645021645,Melanocyte,10_days,0.005472056033853786
temporal_bytimepoint,Melanocyte_10_days,HALLMARK HEME METABOLISM,,0.030956813897726733,0.0021645021645021645,Melanocyte,10_days,0.005472056033853786
temporal_bytimepoint,Melanocyte_10_days,HALLMARK HYPOXIA,,0.12838525701988718,0.0021645021645021645,Melanocyte,10_days,0.005472056033853786
temporal_bytimepoint,Melanocyte_10_days,HALLMARK IL2 STAT5 SIGNALING,,0.019946240986106766,0.17965367965367965,Melanocyte,10_days,0.24875124875124874
temporal_bytimepoint,Melanocyte_10_days,HALLMARK IL6 JAK STAT3 SIGNALING,,0.034416216323521605,0.0021645021645021645,Melanocyte,10_days,0.005472056033853786
temporal_bytimepoint,Melanocyte_10_days,HALLMARK INFLAMMATORY RESPONSE,,0.09972195430773521,0.0021645021645021645,Melanocyte,10_days,0.005472056033853786
temporal_bytimepoint,Melanocyte_10_days,HALLMARK INTERFERON ALPHA RESPONSE,,-0.0590640614246198,0.0021645021645021645,Melanocyte,10_days,0.005472056033853786
temporal_bytimepoint,Melanocyte_10_days,HALLMARK INTERFERON GAMMA RESPONSE,,0.00021362285830983652,0.5887445887445888,Melanocyte,10_days,0.6623376623376623
temporal_bytimepoint,Melanocyte_10_days,HALLMARK KRAS SIGNALING DN,,0.09792455633923391,0.0021645021645021645,Melanocyte,10_days,0.005472056033853786
temporal_bytimepoint,Melanocyte_10_days,HALLMARK KRAS SIGNALING UP,,0.012691117235196768,0.9372294372294373,Melanocyte,10_days,0.9498946998947
temporal_bytimepoint,Melanocyte_10_days,HALLMARK MITOTIC SPINDLE,,0.04631446321853103,0.0021645021645021645,Melanocyte,10_days,0.005472056033853786
temporal_bytimepoint,Melanocyte_10_days,HALLMARK MTORC1 SIGNALING,,0.0965913382803344,0.0021645021645021645,Melanocyte,10_days,0.005472056033853786
temporal_bytimepoint,Melanocyte_10_days,HALLMARK MYC TARGETS,,0.0181830879469494,0.06493506493506493,Melanocyte,10_days,0.10703582132153559
temporal_bytimepoint,Melanocyte_10_days,HALLMARK MYOGENESIS,,-0.06310825741286141,0.0021645021645021645,Melanocyte,10_days,0.005472056033853786
temporal_bytimepoint,Melanocyte_10_days,HALLMARK NOTCH SIGNALING,,-0.015167010140638478,0.008658008658008658,Melanocyte,10_days,0.018291567587342236
temporal_bytimepoint,Melanocyte_10_days,HALLMARK OXIDATIVE PHOSPHORYLATION,,-0.004726189758854504,0.30952380952380953,Melanocyte,10_days,0.38690476190476186
temporal_bytimepoint,Melanocyte_10_days,HALLMARK P53 PATHWAY,,0.20343315407503595,0.0021645021645021645,Melanocyte,10_days,0.005472056033853786
temporal_bytimepoint,Melanocyte_10_days,HALLMARK PANCREAS BETA CELLS,,0.0018488188145296368,0.8181818181818182,Melanocyte,10_days,0.8483452031839128
temporal_bytimepoint,Melanocyte_10_days,HALLMARK PEROXISOME,,-0.014406235837964701,0.04112554112554113,Melanocyte,10_days,0.07286021065548626
temporal_bytimepoint,Melanocyte_10_days,HALLMARK PI3K AKT MTOR SIGNALING,,0.09461709253457563,0.0021645021645021645,Melanocyte,10_days,0.005472056033853786
temporal_bytimepoint,Melanocyte_10_days,HALLMARK PROTEIN SECRETION,,-0.010932061328614155,0.06493506493506493,Melanocyte,10_days,0.10703582132153559
temporal_bytimepoint,Melanocyte_10_days,HALLMARK REACTIVE OXYGEN SPECIES PATHWAY,,0.0058016884135662205,0.004329004329004329,Melanocyte,10_days,0.009888588568791615
temporal_bytimepoint,Melanocyte_10_days,HALLMARK SPERMATOGENESIS,,0.012482690590778472,0.17965367965367965,Melanocyte,10_days,0.24875124875124874
temporal_bytimepoint,Melanocyte_10_days,HALLMARK TGF BETA SIGNALING,,0.009100619031577975,0.004329004329004329,Melanocyte,10_days,0.009888588568791615
temporal_bytimepoint,Melanocyte_10_days,HALLMARK TNFA SIGNALING VIA NFKB,,0.01480529537881615,0.3939393939393939,Melanocyte,10_days,0.47782406272972305
temporal_bytimepoint,Melanocyte_10_days,HALLMARK UNFOLDED PROTEIN RESPONSE,,-0.006124157745417716,0.9372294372294373,Melanocyte,10_days,0.9498946998947
temporal_bytimepoint,Melanocyte_10_days,HALLMARK UV RESPONSE DN,,-0.08378944971389936,0.0021645021645021645,Melanocyte,10_days,0.005472056033853786
temporal_bytimepoint,Melanocyte_10_days,HALLMARK UV RESPONSE UP,,0.0789178679132037,0.0021645021645021645,Melanocyte,10_days,0.005472056033853786
temporal_bytimepoint,Melanocyte_10_days,HALLMARK WNT BETA CATENIN SIGNALING,,0.006246229213300299,0.3939393939393939,Melanocyte,10_days,0.47782406272972305
temporal_bytimepoint,Melanocyte_10_days,HALLMARK XENOBIOTIC METABOLISM,,0.022050163340999684,0.015151515151515152,Melanocyte,10_days,0.030574806359559722
temporal_bytimepoint,Melanocyte_10_days,Lysosomal Genes,,0.004541682372335866,0.8181818181818182,Melanocyte,10_days,0.8483452031839128
temporal_bytimepoint,Melanocyte_20_days,HALLMARK ADIPOGENESIS,,-0.01592706074152788,0.30952380952380953,Melanocyte,20_days,0.38690476190476186
temporal_bytimepoint,Melanocyte_20_days,HALLMARK ALLOGRAFT REJECTION,,0.03480061174745219,0.004329004329004329,Melanocyte,20_days,0.009888588568791615
temporal_bytimepoint,Melanocyte_20_days,HALLMARK ANDROGEN RESPONSE,,-0.02177985678504268,0.24025974025974026,Melanocyte,20_days,0.3170583082606543
temporal_bytimepoint,Melanocyte_20_days,HALLMARK ANGIOGENESIS,,0.004860291826184441,0.8181818181818182,Melanocyte,20_days,0.8483452031839128
temporal_bytimepoint,Melanocyte_20_days,HALLMARK APICAL JUNCTION,,0.010602934589914674,0.8181818181818182,Melanocyte,20_days,0.8483452031839128
temporal_bytimepoint,Melanocyte_20_days,HALLMARK APICAL SURFACE,,0.0071109066613302295,0.025974025974025976,Melanocyte,20_days,0.049526744441998685
temporal_bytimepoint,Melanocyte_20_days,HALLMARK APOPTOSIS,,0.12008092215985078,0.0021645021645021645,Melanocyte,20_days,0.005472056033853786
temporal_bytimepoint,Melanocyte_20_days,HALLMARK BILE ACID METABOLISM,,0.01991606892063241,0.0021645021645021645,Melanocyte,20_days,0.005472056033853786
temporal_bytimepoint,Melanocyte_20_days,HALLMARK CHOLESTEROL HOMEOSTASIS,,-0.014118000793788853,0.09307359307359307,Melanocyte,20_days,0.1469583048530417
temporal_bytimepoint,Melanocyte_20_days,HALLMARK COAGULATION,,0.007115102876768543,0.3939393939393939,Melanocyte,20_days,0.47782406272972305
temporal_bytimepoint,Melanocyte_20_days,HALLMARK COMPLEMENT,,0.024541376014909265,0.04112554112554113,Melanocyte,20_days,0.07286021065548626
temporal_bytimepoint,Melanocyte_20_days,HALLMARK DNA REPAIR,,0.0019815481373163892,0.48484848484848486,Melanocyte,20_days,0.5637773079633545
temporal_bytimepoint,Melanocyte_20_days,HALLMARK E2F TARGETS,,0.07035155247536556,0.0021645021645021645,Melanocyte,20_days,0.005472056033853786
temporal_bytimepoint,Melanocyte_20_days,HALLMARK EPITHELIAL MESENCHYMAL TRANSITION,,-0.038954251221868325,0.09307359307359307,Melanocyte,20_days,0.1469583048530417
temporal_bytimepoint,Melanocyte_20_days,HALLMARK ESTROGEN RESPONSE EARLY,,-0.07876289297754836,0.008658008658008658,Melanocyte,20_days,0.018291567587342236
temporal_bytimepoint,Melanocyte_20_days,HALLMARK ESTROGEN RESPONSE LATE,,-0.038311052443388345,0.13203463203463203,Melanocyte,20_days,0.2000524727797455
temporal_bytimepoint,Melanocyte_20_days,HALLMARK FATTY ACID METABOLISM,,0.015207507223047333,0.025974025974025976,Melanocyte,20_days,0.049526744441998685
temporal_bytimepoint,Melanocyte_20_days,HALLMARK G2M CHECKPOINT,,-0.0560852681566172,0.0021645021645021645,Melanocyte,20_days,0.005472056033853786
temporal_bytimepoint,Melanocyte_20_days,HALLMARK GLYCOLYSIS,,-0.020692061078368476,0.09307359307359307,Melanocyte,20_days,0.1469583048530417
temporal_bytimepoint,Melanocyte_20_days,HALLMARK HEDGEHOG SIGNALING,,-0.009966045087906765,0.17965367965367965,Melanocyte,20_days,0.24875124875124874
temporal_bytimepoint,Melanocyte_20_days,HALLMARK HEME METABOLISM,,0.018729077743523635,0.025974025974025976,Melanocyte,20_days,0.049526744441998685
temporal_bytimepoint,Melanocyte_20_days,HALLMARK HYPOXIA,,0.11675985928904961,0.0021645021645021645,Melanocyte,20_days,0.005472056033853786
temporal_bytimepoint,Melanocyte_20_days,HALLMARK IL2 STAT5 SIGNALING,,0.021819647886109676,0.025974025974025976,Melanocyte,20_days,0.049526744441998685
temporal_bytimepoint,Melanocyte_20_days,HALLMARK IL6 JAK STAT3 SIGNALING,,0.005487379347232455,0.8181818181818182,Melanocyte,20_days,0.8483452031839128
temporal_bytimepoint,Melanocyte_20_days,HALLMARK INFLAMMATORY RESPONSE,,0.0870959377025719,0.0021645021645021645,Melanocyte,20_days,0.005472056033853786
temporal_bytimepoint,Melanocyte_20_days,HALLMARK INTERFERON ALPHA RESPONSE,,-0.07373393529743726,0.0021645021645021645,Melanocyte,20_days,0.005472056033853786
temporal_bytimepoint,Melanocyte_20_days,HALLMARK INTERFERON GAMMA RESPONSE,,-0.011829969929075285,0.06493506493506493,Melanocyte,20_days,0.10703582132153559
temporal_bytimepoint,Melanocyte_20_days,HALLMARK KRAS SIGNALING DN,,0.09957264627976391,0.0021645021645021645,Melanocyte,20_days,0.005472056033853786
temporal_bytimepoint,Melanocyte_20_days,HALLMARK KRAS SIGNALING UP,,-0.006393248912450509,0.30952380952380953,Melanocyte,20_days,0.38690476190476186
temporal_bytimepoint,Melanocyte_20_days,HALLMARK MITOTIC SPINDLE,,0.03573750431220518,0.0021645021645021645,Melanocyte,20_days,0.005472056033853786
temporal_bytimepoint,Melanocyte_20_days,HALLMARK MTORC1 SIGNALING,,0.06098237747954464,0.0021645021645021645,Melanocyte,20_days,0.005472056033853786
temporal_bytimepoint,Melanocyte_20_days,HALLMARK MYC TARGETS,,-0.013031858256366716,0.13203463203463203,Melanocyte,20_days,0.2000524727797455
temporal_bytimepoint,Melanocyte_20_days,HALLMARK MYOGENESIS,,0.035662839450284714,0.06493506493506493,Melanocyte,20_days,0.10703582132153559
temporal_bytimepoint,Melanocyte_20_days,HALLMARK NOTCH SIGNALING,,0.0010746903148253083,0.8181818181818182,Melanocyte,20_days,0.8483452031839128
temporal_bytimepoint,Melanocyte_20_days,HALLMARK OXIDATIVE PHOSPHORYLATION,,0.010275573441544695,0.17965367965367965,Melanocyte,20_days,0.24875124875124874
temporal_bytimepoint,Melanocyte_20_days,HALLMARK P53 PATHWAY,,0.22850647446552197,0.0021645021645021645,Melanocyte,20_days,0.005472056033853786
temporal_bytimepoint,Melanocyte_20_days,HALLMARK PANCREAS BETA CELLS,,-0.002670935498875039,0.24025974025974026,Melanocyte,20_days,0.3170583082606543
temporal_bytimepoint,Melanocyte_20_days,HALLMARK PEROXISOME,,0.004776024026144616,0.30952380952380953,Melanocyte,20_days,0.38690476190476186
temporal_bytimepoint,Melanocyte_20_days,HALLMARK PI3K AKT MTOR SIGNALING,,0.06361426271171061,0.0021645021645021645,Melanocyte,20_days,0.005472056033853786
temporal_bytimepoint,Melanocyte_20_days,HALLMARK PROTEIN SECRETION,,-0.01853946814920871,0.04112554112554113,Melanocyte,20_days,0.07286021065548626
temporal_bytimepoint,Melanocyte_20_days,HALLMARK REACTIVE OXYGEN SPECIES PATHWAY,,0.003313648637009375,0.04112554112554113,Melanocyte,20_days,0.07286021065548626
temporal_bytimepoint,Melanocyte_20_days,HALLMARK SPERMATOGENESIS,,0.0016421379938280924,0.6991341991341992,Melanocyte,20_days,0.7617684978459798
temporal_bytimepoint,Melanocyte_20_days,HALLMARK TGF BETA SIGNALING,,0.01808877183717865,0.0021645021645021645,Melanocyte,20_days,0.005472056033853786
temporal_bytimepoint,Melanocyte_20_days,HALLMARK TNFA SIGNALING VIA NFKB,,0.018937707299684803,0.17965367965367965,Melanocyte,20_days,0.24875124875124874
temporal_bytimepoint,Melanocyte_20_days,HALLMARK UNFOLDED PROTEIN RESPONSE,,-0.0029578752325536994,0.8181818181818182,Melanocyte,20_days,0.8483452031839128
temporal_bytimepoint,Melanocyte_20_days,HALLMARK UV RESPONSE DN,,-0.0276203770636006,0.8181818181818182,Melanocyte,20_days,0.8483452031839128
temporal_bytimepoint,Melanocyte_20_days,HALLMARK UV RESPONSE UP,,0.06620669719854984,0.0021645021645021645,Melanocyte,20_days,0.005472056033853786
temporal_bytimepoint,Melanocyte_20_days,HALLMARK WNT BETA CATENIN SIGNALING,,0.008206591834156353,0.06493506493506493,Melanocyte,20_days,0.10703582132153559
temporal_bytimepoint,Melanocyte_20_days,HALLMARK XENOBIOTIC METABOLISM,,0.02421719319033168,0.17965367965367965,Melanocyte,20_days,0.24875124875124874
temporal_bytimepoint,Melanocyte_20_days,Lysosomal Genes,,0.050025667600474964,0.0021645021645021645,Melanocyte,20_days,0.005472056033853786
temporal_pooled,Melanocyte,HALLMARK ADIPOGENESIS,,-0.000943994216236331,1.0,Melanocyte,,1.0
temporal_pooled,Melanocyte,HALLMARK ALLOGRAFT REJECTION,,0.029332950886644074,0.0013373354334452734,Melanocyte,,0.003714820648459093
temporal_pooled,Melanocyte,HALLMARK ANDROGEN RESPONSE,,-0.028978821600575886,0.03957026954738625,Melanocyte,,0.07151253532660165
temporal_pooled,Melanocyte,HALLMARK ANGIOGENESIS,,-0.0006921657399321917,0.6729174715444739,Melanocyte,,0.7532658263557543
temporal_pooled,Melanocyte,HALLMARK APICAL JUNCTION,,0.02490227225209693,0.04719308151802431,Melanocyte,,0.08136738192762812
temporal_pooled,Melanocyte,HALLMARK APICAL SURFACE,,0.013379139327381386,0.000282326369282891,Melanocyte,,0.0009206294650529054
temporal_pooled,Melanocyte,HALLMARK APOPTOSIS,,0.1467801853122813,1.4859282593836369e-05,Melanocyte,,7.429641296918184e-05
temporal_pooled,Melanocyte,HALLMARK BILE ACID METABOLISM,,-0.0006081979267079446,0.8711700199114387,Melanocyte,,0.9202500210332099
temporal_pooled,Melanocyte,HALLMARK CHOLESTEROL HOMEOSTASIS,,-0.014664621244776964,0.055856043270230915,Melanocyte,,0.09520916466516632
temporal_pooled,Melanocyte,HALLMARK COAGULATION,,-0.0008059764683494682,0.7702606318166959,Melanocyte,,0.8372398171920608
temporal_pooled,Melanocyte,HALLMARK COMPLEMENT,,0.0012793496835584726,0.49420487978840383,Melanocyte,,0.5837065509311856
temporal_pooled,Melanocyte,HALLMARK DNA REPAIR,,0.003630736724984411,0.2508692680317394,Melanocyte,,0.3359856268282225
temporal_pooled,Melanocyte,HALLMARK E2F TARGETS,,0.06002626539258674,1.4859282593836369e-05,Melanocyte,,7.429641296918184e-05
temporal_pooled,Melanocyte,HALLMARK EPITHELIAL MESENCHYMAL TRANSITION,,-0.07583906574843044,0.0018574103242295463,Melanocyte,,0.004975206225614856
temporal_pooled,Melanocyte,HALLMARK ESTROGEN RESPONSE EARLY,,-0.058083283838819944,2.9718565187672738e-05,Melanocyte,,0.00013111131700443854
temporal_pooled,Melanocyte,HALLMARK ESTROGEN RESPONSE LATE,,-0.02885896911006091,0.04719308151802431,Melanocyte,,0.08136738192762812
temporal_pooled,Melanocyte,HALLMARK FATTY ACID METABOLISM,,0.00936807525303373,0.009420785164492258,Melanocyte,,0.02078114374520351
temporal_pooled,Melanocyte,HALLMARK G2M CHECKPOINT,,-0.008484566802677082,0.721120984278879,Melanocyte,,0.7895485229330792
temporal_pooled,Melanocyte,HALLMARK GLYCOLYSIS,,-0.0243432910807724,0.005765401646408511,Melanocyte,,0.013304773030173486
temporal_pooled,Melanocyte,HALLMARK HEDGEHOG SIGNALING,,-0.017411783207403567,0.0013373354334452734,Melanocyte,,0.003714820648459093
temporal_pooled,Melanocyte,HALLMARK HEME METABOLISM,,0.02964547160013807,0.00044577847781509107,Melanocyte,,0.0013930577431721597
temporal_pooled,Melanocyte,HALLMARK HYPOXIA,,0.13845941206147705,1.4859282593836369e-05,Melanocyte,,7.429641296918184e-05
temporal_pooled,Melanocyte,HALLMARK IL2 STAT5 SIGNALING,,-0.0033980801852936046,0.49420487978840383,Melanocyte,,0.5837065509311856
temporal_pooled,Melanocyte,HALLMARK IL6 JAK STAT3 SIGNALING,,0.0027351429699482206,0.5805224523759993,Melanocyte,,0.6698335988953837
temporal_pooled,Melanocyte,HALLMARK INFLAMMATORY RESPONSE,,0.0792550202838728,1.4859282593836369e-05,Melanocyte,,7.429641296918184e-05
temporal_pooled,Melanocyte,HALLMARK INTERFERON ALPHA RESPONSE,,-0.08060981722883387,1.4859282593836369e-05,Melanocyte,,7.429641296918184e-05
temporal_pooled,Melanocyte,HALLMARK INTERFERON GAMMA RESPONSE,,-0.023199321190943326,0.03957026954738625,Melanocyte,,0.07151253532660165
temporal_pooled,Melanocyte,HALLMARK KRAS SIGNALING DN,,0.10379778242947386,1.4859282593836369e-05,Melanocyte,,7.429641296918184e-05
temporal_pooled,Melanocyte,HALLMARK KRAS SIGNALING UP,,0.013219561387361923,0.9741002704389433,Melanocyte,,0.9806378561465873
temporal_pooled,Melanocyte,HALLMARK MITOTIC SPINDLE,,0.046645045505826724,1.4859282593836369e-05,Melanocyte,,7.429641296918184e-05
temporal_pooled,Melanocyte,HALLMARK MTORC1 SIGNALING,,0.08986508030543278,1.4859282593836369e-05,Melanocyte,,7.429641296918184e-05
temporal_pooled,Melanocyte,HALLMARK MYC TARGETS,,0.013740458410592354,0.19935213527890872,Melanocyte,,0.2794656102040776
temporal_pooled,Melanocyte,HALLMARK MYOGENESIS,,-0.022506170704725898,0.3432345686350263,Melanocyte,,0.43631512962079616
temporal_pooled,Melanocyte,HALLMARK NOTCH SIGNALING,,-0.011069425162909518,0.03957026954738625,Melanocyte,,0.07151253532660165
temporal_pooled,Melanocyte,HALLMARK OXIDATIVE PHOSPHORYLATION,,0.0018159190943024687,0.9225385598383311,Melanocyte,,0.9609776664982616
temporal_pooled,Melanocyte,HALLMARK P53 PATHWAY,,0.2141245750664036,1.4859282593836369e-05,Melanocyte,,7.429641296918184e-05
temporal_pooled,Melanocyte,HALLMARK PANCREAS BETA CELLS,,-0.000558875980847089,0.721120984278879,Melanocyte,,0.7895485229330792
temporal_pooled,Melanocyte,HALLMARK PEROXISOME,,-0.007645253100602184,0.15563612588784212,Melanocyte,,0.2288766557174149
temporal_pooled,Melanocyte,HALLMARK PI3K AKT MTOR SIGNALING,,0.08240392163440151,1.4859282593836369e-05,Melanocyte,,7.429641296918184e-05
temporal_pooled,Melanocyte,HALLMARK PROTEIN SECRETION,,-0.011275788428454725,0.011842848227287586,Melanocyte,,0.025745322233233885
temporal_pooled,Melanocyte,HALLMARK REACTIVE OXYGEN SPECIES PATHWAY,,0.0037223354135970887,0.007399922731730511,Melanocyte,,0.016818006208478436
temporal_pooled,Melanocyte,HALLMARK SPERMATOGENESIS,,0.007279905924036262,0.19935213527890872,Melanocyte,,0.2794656102040776
temporal_pooled,Melanocyte,HALLMARK TGF BETA SIGNALING,,0.010533052290381909,0.0013373354334452734,Melanocyte,,0.003714820648459093
temporal_pooled,Melanocyte,HALLMARK TNFA SIGNALING VIA NFKB,,0.008998721838624997,0.8711700199114387,Melanocyte,,0.9202500210332099
temporal_pooled,Melanocyte,HALLMARK UNFOLDED PROTEIN RESPONSE,,-0.005258453628638047,0.9741002704389433,Melanocyte,,0.9806378561465873
temporal_pooled,Melanocyte,HALLMARK UV RESPONSE DN,,-0.0462526081559273,0.11924574281553685,Melanocyte,,0.1863214731492763
temporal_pooled,Melanocyte,HALLMARK UV RESPONSE UP,,0.08331512219622364,1.4859282593836369e-05,Melanocyte,,7.429641296918184e-05
temporal_pooled,Melanocyte,HALLMARK WNT BETA CATENIN SIGNALING,,0.005571651202325337,0.2240631222324586,Melanocyte,,0.30554062122607994
temporal_pooled,Melanocyte,HALLMARK XENOBIOTIC METABOLISM,,0.03206099052612134,0.0013373354334452734,Melanocyte,,0.003714820648459093
temporal_pooled,Melanocyte,Lysosomal Genes,,0.032037696720478924,0.009420785164492258,Melanocyte,,0.02078114374520351
