analysis,label,pathway,n_genes_in_model,cohens_d,null_mean_abs_d,null_q95_abs_d,p_empirical,p_floor,n_draws,model
meta_analysis,CICQ,HALLMARK ADIPOGENESIS,142,1.8939142317306947,0.7233784153348902,1.7056626417535146,0.029970029970029972,0.000999000999000999,1000,scaled
meta_analysis,CICQ,HALLMARK ALLOGRAFT REJECTION,133,-0.16216734172709366,0.7142832020236388,1.6653054941589431,0.8781218781218781,0.000999000999000999,1000,scaled
meta_analysis,CICQ,HALLMARK ANDROGEN RESPONSE,75,-1.8815582936357242,0.7133281659015246,1.6508547368201194,0.030969030969030968,0.000999000999000999,1000,scaled
meta_analysis,CICQ,HALLMARK ANGIOGENESIS,28,-0.14875647339078418,0.7353182328446893,1.77468067321461,0.8807615230460922,0.001002004008016032,997,scaled
meta_analysis,CICQ,HALLMARK APICAL JUNCTION,152,-0.3105777687411626,0.7297115381758987,1.6885521691210847,0.7502497502497503,0.000999000999000999,1000,scaled
meta_analysis,CICQ,HALLMARK APICAL SURFACE,31,0.6478352983206974,0.6989565773877197,1.7295169048574142,0.4542713567839196,0.0010050251256281408,994,scaled
meta_analysis,CICQ,HALLMARK APOPTOSIS,123,-0.4622504271758282,0.7254871759991456,1.733750604018189,0.6183816183816184,0.000999000999000999,1000,scaled
meta_analysis,CICQ,HALLMARK BILE ACID METABOLISM,79,-0.31812627937992866,0.7397360639913161,1.776930197325508,0.7502497502497503,0.000999000999000999,1000,scaled
meta_analysis,CICQ,HALLMARK CHOLESTEROL HOMEOSTASIS,58,-0.26047435122762,0.6952604605209244,1.6225747345169363,0.7762237762237763,0.000999000999000999,1000,scaled
meta_analysis,CICQ,HALLMARK COAGULATION,77,0.4445786389237867,0.697705145652315,1.6801335968284745,0.6173826173826173,0.000999000999000999,1000,scaled
meta_analysis,CICQ,HALLMARK COMPLEMENT,127,1.115952976390425,0.7038438626496202,1.7498522179059912,0.19080919080919082,0.000999000999000999,1000,scaled
meta_analysis,CICQ,HALLMARK DNA REPAIR,93,0.4657238455110693,0.7248193770667203,1.6991771623555072,0.6213786213786214,0.000999000999000999,1000,scaled
meta_analysis,CICQ,HALLMARK E2F TARGETS,136,0.1928825607989651,0.6998768960397533,1.7097323900107109,0.8281718281718282,0.000999000999000999,1000,scaled
meta_analysis,CICQ,HALLMARK EPITHELIAL MESENCHYMAL TRANSITION,153,-0.9636361261758608,0.7290578975887333,1.776601702849456,0.3036963036963037,0.000999000999000999,1000,scaled
meta_analysis,CICQ,HALLMARK ESTROGEN RESPONSE EARLY,150,1.081377716944914,0.7262464802202848,1.6847402942511815,0.23076923076923078,0.000999000999000999,1000,scaled
meta_analysis,CICQ,HALLMARK ESTROGEN RESPONSE LATE,150,-0.298166572653297,0.7207855916725211,1.7311165464807876,0.7262737262737263,0.000999000999000999,1000,scaled
meta_analysis,CICQ,HALLMARK FATTY ACID METABOLISM,107,0.8893229322894056,0.7003139185989221,1.6653410413278795,0.3166833166833167,0.000999000999000999,1000,scaled
meta_analysis,CICQ,HALLMARK G2M CHECKPOINT,142,0.39148500951264975,0.7272852458464258,1.7254587799552776,0.6803196803196803,0.000999000999000999,1000,scaled
meta_analysis,CICQ,HALLMARK GLYCOLYSIS,139,0.6717693958402396,0.7138601814357592,1.6865062431692581,0.46353646353646355,0.000999000999000999,1000,scaled
meta_analysis,CICQ,HALLMARK HEDGEHOG SIGNALING,32,-1.4342568368490827,0.712720574397577,1.6603696061173239,0.094,0.001,999,scaled
meta_analysis,CICQ,HALLMARK HEME METABOLISM,142,2.027641535255442,0.7237653073822025,1.7319868443007964,0.013986013986013986,0.000999000999000999,1000,scaled
meta_analysis,CICQ,HALLMARK HYPOXIA,142,1.558625897526385,0.7656728024966808,1.8393191831705478,0.09290709290709291,0.000999000999000999,1000,scaled
meta_analysis,CICQ,HALLMARK IL2 STAT5 SIGNALING,148,1.0840232673556989,0.7154261781924508,1.7062221624700038,0.22977022977022976,0.000999000999000999,1000,scaled
meta_analysis,CICQ,HALLMARK IL6 JAK STAT3 SIGNALING,57,1.4259554797452567,0.697589491513771,1.617149512930387,0.08491508491508491,0.000999000999000999,1000,scaled
meta_analysis,CICQ,HALLMARK INFLAMMATORY RESPONSE,146,0.07229764734232885,0.7406352075697555,1.6633595459327857,0.942057942057942,0.000999000999000999,1000,scaled
meta_analysis,CICQ,HALLMARK INTERFERON ALPHA RESPONSE,66,0.31453277702288324,0.7235866451106647,1.6759092081648852,0.7452547452547452,0.000999000999000999,1000,scaled
meta_analysis,CICQ,HALLMARK INTERFERON GAMMA RESPONSE,134,-0.5062018087593972,0.7138276578587206,1.699296259285009,0.5704295704295704,0.000999000999000999,1000,scaled
meta_analysis,CICQ,HALLMARK KRAS SIGNALING DN,110,-0.1614527302853198,0.7256772602649236,1.7389496096163928,0.8731268731268731,0.000999000999000999,1000,scaled
meta_analysis,CICQ,HALLMARK KRAS SIGNALING UP,155,2.3202465726064196,0.7176464075747399,1.7520515105165493,0.008991008991008992,0.000999000999000999,1000,scaled
meta_analysis,CICQ,HALLMARK MITOTIC SPINDLE,159,0.579257500520788,0.7114036820103352,1.649824482292967,0.5324675324675324,0.000999000999000999,1000,scaled
meta_analysis,CICQ,HALLMARK MTORC1 SIGNALING,131,0.20483903891646377,0.7332518466791448,1.758174912669452,0.8371628371628371,0.000999000999000999,1000,scaled
meta_analysis,CICQ,HALLMARK MYC TARGETS,137,0.7332092354182507,0.7229820151699818,1.737503122028948,0.4255744255744256,0.000999000999000999,1000,scaled
meta_analysis,CICQ,HALLMARK MYOGENESIS,156,0.4703275805116526,0.7421980163336982,1.7338747442773461,0.6333666333666333,0.000999000999000999,1000,scaled
meta_analysis,CICQ,HALLMARK NOTCH SIGNALING,26,-0.2243725364583635,0.7111107041773679,1.736846021090572,0.7903225806451613,0.0010080645161290322,991,scaled
meta_analysis,CICQ,HALLMARK OXIDATIVE PHOSPHORYLATION,103,-0.2138920141085496,0.7237454105749236,1.6879667735499413,0.8131868131868132,0.000999000999000999,1000,scaled
meta_analysis,CICQ,HALLMARK P53 PATHWAY,141,0.5831318507220533,0.7456156525564579,1.6881534360509576,0.5624375624375625,0.000999000999000999,1000,scaled
meta_analysis,CICQ,HALLMARK PANCREAS BETA CELLS,19,0.9817363277733714,0.7137441995419299,1.7660189812684333,0.28024819027921405,0.001034126163391934,966,scaled
meta_analysis,CICQ,HALLMARK PEROXISOME,78,0.9150926952396182,0.6833148174395808,1.5902457623761639,0.2647352647352647,0.000999000999000999,1000,scaled
meta_analysis,CICQ,HALLMARK PI3K AKT MTOR SIGNALING,77,-0.20850105455496398,0.704580666073202,1.6865195801637267,0.8191808191808192,0.000999000999000999,1000,scaled
meta_analysis,CICQ,HALLMARK PROTEIN SECRETION,76,0.8640613611784347,0.6907313549464128,1.7265727201870842,0.31368631368631367,0.000999000999000999,1000,scaled
meta_analysis,CICQ,HALLMARK REACTIVE OXYGEN SPECIES PATHWAY,28,-1.792496033360199,0.7347849493065586,1.8073541608678372,0.052525252525252523,0.00101010101010101,989,scaled
meta_analysis,CICQ,HALLMARK SPERMATOGENESIS,74,0.044322940864863485,0.6965554753702409,1.6813290197420663,0.965034965034965,0.000999000999000999,1000,scaled
meta_analysis,CICQ,HALLMARK TGF BETA SIGNALING,40,0.13977177358883394,0.7081848949646857,1.7397460586096078,0.8758758758758759,0.001001001001001001,998,scaled
meta_analysis,CICQ,HALLMARK TNFA SIGNALING VIA NFKB,164,-1.574926205672753,0.7136823979711132,1.696036036410653,0.06793206793206794,0.000999000999000999,1000,scaled
meta_analysis,CICQ,HALLMARK UNFOLDED PROTEIN RESPONSE,79,-0.34277605828599755,0.7194351765988363,1.731859092242793,0.7042957042957043,0.000999000999000999,1000,scaled
meta_analysis,CICQ,HALLMARK UV RESPONSE DN,128,0.16895075974771817,0.7264900812764631,1.756557670214186,0.8491508491508492,0.000999000999000999,1000,scaled
meta_analysis,CICQ,HALLMARK UV RESPONSE UP,104,0.025907082362676467,0.681091087742643,1.6015379598553705,0.987012987012987,0.000999000999000999,1000,scaled
meta_analysis,CICQ,HALLMARK WNT BETA CATENIN SIGNALING,29,-0.034526613082313556,0.7140681645913489,1.691937716318981,0.9758551307847082,0.001006036217303823,993,scaled
meta_analysis,CICQ,HALLMARK XENOBIOTIC METABOLISM,136,-0.34561372263396445,0.7229454972266881,1.8031491531900763,0.7162837162837162,0.000999000999000999,1000,scaled
meta_analysis,CICQ,Lysosomal Genes,138,1.4898317247956026,0.7006706353910488,1.675197274657994,0.08791208791208792,0.000999000999000999,1000,scaled
meta_analysis,SSCQ,HALLMARK ADIPOGENESIS,142,0.8796153770275916,0.5368380331482485,1.2827707415581233,0.1968031968031968,0.000999000999000999,1000,scaled
meta_analysis,SSCQ,HALLMARK ALLOGRAFT REJECTION,133,0.04179371045286226,0.5491096521929293,1.3297219936763287,0.9500499500499501,0.000999000999000999,1000,scaled
meta_analysis,SSCQ,HALLMARK ANDROGEN RESPONSE,75,-1.388332017430263,0.5549169358249539,1.3361453370557363,0.04695304695304695,0.000999000999000999,1000,scaled
meta_analysis,SSCQ,HALLMARK ANGIOGENESIS,28,-0.5507431065629329,0.574540018355495,1.4705284286186655,0.4214214214214214,0.001001001001001001,998,scaled
meta_analysis,SSCQ,HALLMARK APICAL JUNCTION,152,0.34927924065614435,0.5510854469307236,1.3625415103153067,0.6193806193806194,0.000999000999000999,1000,scaled
meta_analysis,SSCQ,HALLMARK APICAL SURFACE,31,0.8114881377487225,0.5405869769834735,1.3292934904158422,0.2359437751004016,0.001004016064257028,995,scaled
meta_analysis,SSCQ,HALLMARK APOPTOSIS,123,0.15031525214705516,0.5488771077274103,1.3492010406724184,0.8181818181818182,0.000999000999000999,1000,scaled
meta_analysis,SSCQ,HALLMARK BILE ACID METABOLISM,79,-0.1985257273904438,0.5376926561765616,1.3314772657822969,0.7552447552447552,0.000999000999000999,1000,scaled
meta_analysis,SSCQ,HALLMARK CHOLESTEROL HOMEOSTASIS,58,-0.6343348775881517,0.5385886224905705,1.3261455911895845,0.3546453546453546,0.000999000999000999,1000,scaled
meta_analysis,SSCQ,HALLMARK COAGULATION,77,0.7755586735516824,0.5307080775182551,1.310431614109603,0.24275724275724275,0.000999000999000999,1000,scaled
meta_analysis,SSCQ,HALLMARK COMPLEMENT,127,0.7753636733524403,0.5440172357326313,1.3441344698264655,0.25574425574425574,0.000999000999000999,1000,scaled
meta_analysis,SSCQ,HALLMARK DNA REPAIR,93,1.3258355859445132,0.5526122353565616,1.3545208649066074,0.056943056943056944,0.000999000999000999,1000,scaled
meta_analysis,SSCQ,HALLMARK E2F TARGETS,136,0.7046523509887478,0.5392749272050644,1.3766699917578151,0.2867132867132867,0.000999000999000999,1000,scaled
meta_analysis,SSCQ,HALLMARK EPITHELIAL MESENCHYMAL TRANSITION,153,-0.6586582538573917,0.5380542946687017,1.3004164702565657,0.3176823176823177,0.000999000999000999,1000,scaled
meta_analysis,SSCQ,HALLMARK ESTROGEN RESPONSE EARLY,150,0.3829114580609872,0.5507611125727863,1.302345926714888,0.5704295704295704,0.000999000999000999,1000,scaled
meta_analysis,SSCQ,HALLMARK ESTROGEN RESPONSE LATE,150,-0.6816263009171326,0.5315794692657844,1.3347892951819837,0.3106893106893107,0.000999000999000999,1000,scaled
meta_analysis,SSCQ,HALLMARK FATTY ACID METABOLISM,107,-0.22527768446843324,0.5448424459044134,1.3587550454396757,0.7482517482517482,0.000999000999000999,1000,scaled
meta_analysis,SSCQ,HALLMARK G2M CHECKPOINT,142,0.5349565145565893,0.5534649813642418,1.3514625209017461,0.4385614385614386,0.000999000999000999,1000,scaled
meta_analysis,SSCQ,HALLMARK GLYCOLYSIS,139,-0.02032133318417817,0.5446997205390783,1.3398595127865458,0.9790209790209791,0.000999000999000999,1000,scaled
meta_analysis,SSCQ,HALLMARK HEDGEHOG SIGNALING,32,-1.3247393892748585,0.5486981669116561,1.3615959513284355,0.059940059940059943,0.000999000999000999,1000,scaled
meta_analysis,SSCQ,HALLMARK HEME METABOLISM,142,1.6578272383598995,0.5488124504583519,1.3036448055749397,0.01098901098901099,0.000999000999000999,1000,scaled
meta_analysis,SSCQ,HALLMARK HYPOXIA,142,0.6533100319817166,0.5484782818678473,1.2976942931048454,0.33966033966033965,0.000999000999000999,1000,scaled
meta_analysis,SSCQ,HALLMARK IL2 STAT5 SIGNALING,148,0.6321364354421339,0.5381645836691565,1.3128609457182236,0.34265734265734266,0.000999000999000999,1000,scaled
meta_analysis,SSCQ,HALLMARK IL6 JAK STAT3 SIGNALING,57,-0.5587182345095071,0.5582581272311687,1.3489207086668362,0.4155844155844156,0.000999000999000999,1000,scaled
meta_analysis,SSCQ,HALLMARK INFLAMMATORY RESPONSE,146,0.23063394937761542,0.5410822441734793,1.3314781188141565,0.7342657342657343,0.000999000999000999,1000,scaled
meta_analysis,SSCQ,HALLMARK INTERFERON ALPHA RESPONSE,66,-0.5697810504358732,0.5461909665859016,1.284918921895083,0.40559440559440557,0.000999000999000999,1000,scaled
meta_analysis,SSCQ,HALLMARK INTERFERON GAMMA RESPONSE,134,-0.20855991456162157,0.5506781085440332,1.3999285183975079,0.7742257742257742,0.000999000999000999,1000,scaled
meta_analysis,SSCQ,HALLMARK KRAS SIGNALING DN,110,0.47646686463863996,0.5468149525136744,1.3095940614148107,0.4875124875124875,0.000999000999000999,1000,scaled
meta_analysis,SSCQ,HALLMARK KRAS SIGNALING UP,155,1.4637833984681254,0.5306253683424911,1.2589319503490435,0.029970029970029972,0.000999000999000999,1000,scaled
meta_analysis,SSCQ,HALLMARK MITOTIC SPINDLE,159,0.8784736322661058,0.5582677493008689,1.3871216240209034,0.21178821178821178,0.000999000999000999,1000,scaled
meta_analysis,SSCQ,HALLMARK MTORC1 SIGNALING,131,0.4992351749517949,0.5494939485837305,1.3381373788689805,0.46353646353646355,0.000999000999000999,1000,scaled
meta_analysis,SSCQ,HALLMARK MYC TARGETS,137,0.2769211350575838,0.5463492831044482,1.2730121580151936,0.7132867132867133,0.000999000999000999,1000,scaled
meta_analysis,SSCQ,HALLMARK MYOGENESIS,156,0.885988026908144,0.5269200893265582,1.2625596929720475,0.1838161838161838,0.000999000999000999,1000,scaled
meta_analysis,SSCQ,HALLMARK NOTCH SIGNALING,26,-0.3831356141115962,0.5842259436958265,1.4747957751538077,0.6149193548387096,0.0010080645161290322,991,scaled
meta_analysis,SSCQ,HALLMARK OXIDATIVE PHOSPHORYLATION,103,-0.5180906811978547,0.5350288254242388,1.3403075546988406,0.4435564435564436,0.000999000999000999,1000,scaled
meta_analysis,SSCQ,HALLMARK P53 PATHWAY,141,1.0059353531044695,0.5532954744117822,1.3465662012502222,0.15084915084915085,0.000999000999000999,1000,scaled
meta_analysis,SSCQ,HALLMARK PANCREAS BETA CELLS,19,0.2633802006972581,0.5832002601786364,1.4849890351129567,0.7210743801652892,0.0010330578512396695,967,scaled
meta_analysis,SSCQ,HALLMARK PEROXISOME,78,-0.14707341948712394,0.5432859161508493,1.3356297091819926,0.8311688311688312,0.000999000999000999,1000,scaled
meta_analysis,SSCQ,HALLMARK PI3K AKT MTOR SIGNALING,77,0.41041524176964345,0.5478369718414847,1.3684587170231954,0.5404595404595405,0.000999000999000999,1000,scaled
meta_analysis,SSCQ,HALLMARK PROTEIN SECRETION,76,0.5510194487702417,0.5605276899924646,1.3820471625046287,0.42857142857142855,0.000999000999000999,1000,scaled
meta_analysis,SSCQ,HALLMARK REACTIVE OXYGEN SPECIES PATHWAY,28,-0.9033105291250823,0.5630162453596628,1.4688283094367929,0.1891348088531187,0.001006036217303823,993,scaled
meta_analysis,SSCQ,HALLMARK SPERMATOGENESIS,74,0.19371977856871686,0.5509613148719852,1.4322767974158757,0.7842157842157842,0.000999000999000999,1000,scaled
meta_analysis,SSCQ,HALLMARK TGF BETA SIGNALING,40,0.14036069608467844,0.5314434966076306,1.3002353431359817,0.842,0.001,999,scaled
meta_analysis,SSCQ,HALLMARK TNFA SIGNALING VIA NFKB,164,-0.320286645868851,0.5510217429202134,1.3174227399353098,0.6563436563436563,0.000999000999000999,1000,scaled
meta_analysis,SSCQ,HALLMARK UNFOLDED PROTEIN RESPONSE,79,0.5562821347519812,0.5775037253358046,1.4379507955800381,0.44555444555444557,0.000999000999000999,1000,scaled
meta_analysis,SSCQ,HALLMARK UV RESPONSE DN,128,-0.2058460245468414,0.5432890458197696,1.3596668884209704,0.7452547452547452,0.000999000999000999,1000,scaled
meta_analysis,SSCQ,HALLMARK UV RESPONSE UP,104,0.6047947211630872,0.5280254463137641,1.2660574782810683,0.36363636363636365,0.000999000999000999,1000,scaled
meta_analysis,SSCQ,HALLMARK WNT BETA CATENIN SIGNALING,29,0.6120098846104419,0.5661398673650755,1.3802248333018616,0.38894472361809046,0.0010050251256281408,994,scaled
meta_analysis,SSCQ,HALLMARK XENOBIOTIC METABOLISM,136,-1.1734176634521212,0.5687321968895244,1.3482162106039073,0.09290709290709291,0.000999000999000999,1000,scaled
meta_analysis,SSCQ,Lysosomal Genes,138,0.7788726517028802,0.5328585722418089,1.3079687705712233,0.24775224775224775,0.000999000999000999,1000,scaled
meta_analysis,RS,HALLMARK ADIPOGENESIS,142,0.14107869252588304,0.7551277542293244,1.8258659555727015,0.9000999000999002,0.000999000999000999,1000,scaled
meta_analysis,RS,HALLMARK ALLOGRAFT REJECTION,133,0.17286283711185463,0.7406038786642891,1.8246122437857761,0.8531468531468531,0.000999000999000999,1000,scaled
meta_analysis,RS,HALLMARK ANDROGEN RESPONSE,75,-1.7266170128620695,0.7466076389068744,1.8213254198266895,0.06693306693306693,0.000999000999000999,1000,scaled
meta_analysis,RS,HALLMARK ANGIOGENESIS,28,0.2647598100495653,0.7806820621918824,1.997607771856797,0.7961847389558233,0.001004016064257028,995,scaled
meta_analysis,RS,HALLMARK APICAL JUNCTION,152,0.7554041704845724,0.7441481248283066,1.809360050618818,0.4115884115884116,0.000999000999000999,1000,scaled
meta_analysis,RS,HALLMARK APICAL SURFACE,31,1.0992146030199708,0.7797409527062893,2.0051290463029754,0.26506024096385544,0.001004016064257028,995,scaled
meta_analysis,RS,HALLMARK APOPTOSIS,123,1.4695603531026802,0.779186444677906,1.88949723295069,0.13986013986013987,0.000999000999000999,1000,scaled
meta_analysis,RS,HALLMARK BILE ACID METABOLISM,79,1.1745679543529175,0.7317145273010457,1.809764336182301,0.2057942057942058,0.000999000999000999,1000,scaled
meta_analysis,RS,HALLMARK CHOLESTEROL HOMEOSTASIS,58,-1.2338470107222193,0.7608593599678006,1.783143637369339,0.1978021978021978,0.000999000999000999,1000,scaled
meta_analysis,RS,HALLMARK COAGULATION,77,0.9830352265515577,0.763374146093064,1.9108239766064457,0.3146853146853147,0.000999000999000999,1000,scaled
meta_analysis,RS,HALLMARK COMPLEMENT,127,0.6444552974669273,0.7633459209154414,1.9601295579175313,0.4925074925074925,0.000999000999000999,1000,scaled
meta_analysis,RS,HALLMARK DNA REPAIR,93,-0.6313941235683777,0.7526954633640368,1.8009059219667214,0.5024975024975025,0.000999000999000999,1000,scaled
meta_analysis,RS,HALLMARK E2F TARGETS,136,1.1459519038094488,0.7183705262368312,1.8521865256164018,0.2007992007992008,0.000999000999000999,1000,scaled
meta_analysis,RS,HALLMARK EPITHELIAL MESENCHYMAL TRANSITION,153,0.0254614098615786,0.7630525812794281,1.766770616995336,0.977022977022977,0.000999000999000999,1000,scaled
meta_analysis,RS,HALLMARK ESTROGEN RESPONSE EARLY,150,0.20528259517756725,0.7479005642248296,1.8216492850618,0.8251748251748252,0.000999000999000999,1000,scaled
meta_analysis,RS,HALLMARK ESTROGEN RESPONSE LATE,150,0.13101014565478414,0.7466990389666357,1.8281857219924014,0.8941058941058941,0.000999000999000999,1000,scaled
meta_analysis,RS,HALLMARK FATTY ACID METABOLISM,107,-0.3304748990941817,0.7192131537555723,1.7996045152215905,0.7262737262737263,0.000999000999000999,1000,scaled
meta_analysis,RS,HALLMARK G2M CHECKPOINT,142,0.6637882854209145,0.746641449687546,1.8018472028290633,0.47052947052947053,0.000999000999000999,1000,scaled
meta_analysis,RS,HALLMARK GLYCOLYSIS,139,-0.007427005810059989,0.7372149884509205,1.7853569454215021,0.9920079920079921,0.000999000999000999,1000,scaled
meta_analysis,RS,HALLMARK HEDGEHOG SIGNALING,32,-0.8689335058307937,0.7830333097487832,1.8929724781203823,0.3777555110220441,0.001002004008016032,997,scaled
meta_analysis,RS,HALLMARK HEME METABOLISM,142,1.547191210463901,0.7777865428311224,1.9226662897375701,0.10989010989010989,0.000999000999000999,1000,scaled
meta_analysis,RS,HALLMARK HYPOXIA,142,0.7003717417308829,0.7561321871831092,1.8826900713276482,0.45554445554445555,0.000999000999000999,1000,scaled
meta_analysis,RS,HALLMARK IL2 STAT5 SIGNALING,148,-0.9133511842688616,0.7585532052689391,1.8928602637823515,0.3306693306693307,0.000999000999000999,1000,scaled
meta_analysis,RS,HALLMARK IL6 JAK STAT3 SIGNALING,57,0.041912124963000445,0.7729910593718287,1.911492151780578,0.962037962037962,0.000999000999000999,1000,scaled
meta_analysis,RS,HALLMARK INFLAMMATORY RESPONSE,146,0.885705635980858,0.736356993815549,1.9108562969951661,0.33966033966033965,0.000999000999000999,1000,scaled
meta_analysis,RS,HALLMARK INTERFERON ALPHA RESPONSE,66,-1.6995830656422728,0.7364996314608594,1.7578611652997336,0.06293706293706294,0.000999000999000999,1000,scaled
meta_analysis,RS,HALLMARK INTERFERON GAMMA RESPONSE,134,0.5727515656605553,0.7586679705743945,1.9095294303436294,0.5364635364635365,0.000999000999000999,1000,scaled
meta_analysis,RS,HALLMARK KRAS SIGNALING DN,110,0.46588668382785736,0.7633969697623334,1.8375478945057606,0.6463536463536463,0.000999000999000999,1000,scaled
meta_analysis,RS,HALLMARK KRAS SIGNALING UP,155,0.5566803394879405,0.7250075796019828,1.7760353412986225,0.5204795204795205,0.000999000999000999,1000,scaled
meta_analysis,RS,HALLMARK MITOTIC SPINDLE,159,2.450913843202584,0.7682419999845149,1.8906909166113093,0.008991008991008992,0.000999000999000999,1000,scaled
meta_analysis,RS,HALLMARK MTORC1 SIGNALING,131,0.6017106463511823,0.7432001963634365,1.8505587374274768,0.4995004995004995,0.000999000999000999,1000,scaled
meta_analysis,RS,HALLMARK MYC TARGETS,137,-1.659672068411993,0.7500102442356178,1.826986521599132,0.07692307692307693,0.000999000999000999,1000,scaled
meta_analysis,RS,HALLMARK MYOGENESIS,156,0.5321463192132005,0.7467581838789438,1.8086891122675888,0.5604395604395604,0.000999000999000999,1000,scaled
meta_analysis,RS,HALLMARK NOTCH SIGNALING,26,0.2271715376502476,0.7822982939254931,1.9793791191114014,0.8123107971745711,0.0010090817356205853,990,scaled
meta_analysis,RS,HALLMARK OXIDATIVE PHOSPHORYLATION,103,-0.6004317190768557,0.7740573108760095,1.9651605282410038,0.5434565434565435,0.000999000999000999,1000,scaled
meta_analysis,RS,HALLMARK P53 PATHWAY,141,0.16781140762983365,0.7231287531690161,1.80546496072288,0.8491508491508492,0.000999000999000999,1000,scaled
meta_analysis,RS,HALLMARK PANCREAS BETA CELLS,19,1.3779519018949329,0.8357132352054154,2.0807446178151983,0.18633540372670807,0.0010351966873706005,965,scaled
meta_analysis,RS,HALLMARK PEROXISOME,78,0.44936713684435703,0.7348386726334706,1.8172784325114575,0.6223776223776224,0.000999000999000999,1000,scaled
meta_analysis,RS,HALLMARK PI3K AKT MTOR SIGNALING,77,0.9462409307239904,0.7888885030925968,1.871282057835731,0.33666333666333664,0.000999000999000999,1000,scaled
meta_analysis,RS,HALLMARK PROTEIN SECRETION,76,1.945206882840844,0.7476452798076075,1.835330379966673,0.04395604395604396,0.000999000999000999,1000,scaled
meta_analysis,RS,HALLMARK REACTIVE OXYGEN SPECIES PATHWAY,28,-1.441840509475168,0.7884736350734106,1.9859475240158124,0.14688128772635814,0.001006036217303823,993,scaled
meta_analysis,RS,HALLMARK SPERMATOGENESIS,74,-0.6164818191927485,0.7731492756530667,1.9201321711699109,0.5044955044955045,0.000999000999000999,1000,scaled
meta_analysis,RS,HALLMARK TGF BETA SIGNALING,40,0.3279092239410796,0.7912277597071188,1.9514516860018256,0.7197197197197197,0.001001001001001001,998,scaled
meta_analysis,RS,HALLMARK TNFA SIGNALING VIA NFKB,164,0.13812849308128655,0.7691262574464802,1.9067158755535287,0.8881118881118881,0.000999000999000999,1000,scaled
meta_analysis,RS,HALLMARK UNFOLDED PROTEIN RESPONSE,79,2.199018787716977,0.7423764250137397,1.8584275914153008,0.022977022977022976,0.000999000999000999,1000,scaled
meta_analysis,RS,HALLMARK UV RESPONSE DN,128,0.08839755850131745,0.7394781677577646,1.8308085762945996,0.9250749250749251,0.000999000999000999,1000,scaled
meta_analysis,RS,HALLMARK UV RESPONSE UP,104,-0.03405352989454464,0.770880654334021,1.9095779400786077,0.973026973026973,0.000999000999000999,1000,scaled
meta_analysis,RS,HALLMARK WNT BETA CATENIN SIGNALING,29,1.382101973116289,0.8003384057168544,2.0571872387888144,0.1798994974874372,0.0010050251256281408,994,scaled
meta_analysis,RS,HALLMARK XENOBIOTIC METABOLISM,136,-0.38986288688891985,0.7450064667986424,1.9161506107902229,0.6753246753246753,0.000999000999000999,1000,scaled
meta_analysis,RS,Lysosomal Genes,138,0.312674747524463,0.7493117834017934,1.9172012942942984,0.7342657342657343,0.000999000999000999,1000,scaled
meta_analysis,SIPS,HALLMARK ADIPOGENESIS,142,0.705630127391528,0.6063047895573659,1.46403162458551,0.34865134865134867,0.000999000999000999,1000,scaled
meta_analysis,SIPS,HALLMARK ALLOGRAFT REJECTION,133,0.8717015164333354,0.558557835610836,1.3254217822955732,0.2037962037962038,0.000999000999000999,1000,scaled
meta_analysis,SIPS,HALLMARK ANDROGEN RESPONSE,75,-2.1584021885970603,0.6016880153030463,1.4889813887820367,0.003996003996003996,0.000999000999000999,1000,scaled
meta_analysis,SIPS,HALLMARK ANGIOGENESIS,28,0.10209472203200283,0.5869924675623813,1.6092521917847162,0.8837675350701403,0.001002004008016032,997,scaled
meta_analysis,SIPS,HALLMARK APICAL JUNCTION,152,0.7618299496243462,0.5878397837860924,1.426509078102662,0.3046953046953047,0.000999000999000999,1000,scaled
meta_analysis,SIPS,HALLMARK APICAL SURFACE,31,-0.8807183091865826,0.575865218623452,1.4381891521342947,0.21206030150753769,0.0010050251256281408,994,scaled
meta_analysis,SIPS,HALLMARK APOPTOSIS,123,1.222612306179125,0.6002234316956042,1.492928022113087,0.10989010989010989,0.000999000999000999,1000,scaled
meta_analysis,SIPS,HALLMARK BILE ACID METABOLISM,79,0.14081239651295868,0.5708452080134159,1.3496014951924558,0.8621378621378621,0.000999000999000999,1000,scaled
meta_analysis,SIPS,HALLMARK CHOLESTEROL HOMEOSTASIS,58,-0.4610929762223013,0.5684772157097305,1.4604825388157079,0.5114885114885115,0.000999000999000999,1000,scaled
meta_analysis,SIPS,HALLMARK COAGULATION,77,1.2094250497664678,0.5936788277702962,1.4493208758099683,0.0999000999000999,0.000999000999000999,1000,scaled
meta_analysis,SIPS,HALLMARK COMPLEMENT,127,1.3426813288879174,0.6092984822395904,1.4951954524226934,0.07992007992007992,0.000999000999000999,1000,scaled
meta_analysis,SIPS,HALLMARK DNA REPAIR,93,1.0801596526250314,0.5579654527729592,1.327775506865477,0.11688311688311688,0.000999000999000999,1000,scaled
meta_analysis,SIPS,HALLMARK E2F TARGETS,136,1.742179983665913,0.5752470022010031,1.334910267165578,0.017982017982017984,0.000999000999000999,1000,scaled
meta_analysis,SIPS,HALLMARK EPITHELIAL MESENCHYMAL TRANSITION,153,-0.3597843755123264,0.5967220756985621,1.4063300872967588,0.6463536463536463,0.000999000999000999,1000,scaled
meta_analysis,SIPS,HALLMARK ESTROGEN RESPONSE EARLY,150,0.19080072672948256,0.5900109993695591,1.3982016852932888,0.7992007992007992,0.000999000999000999,1000,scaled
meta_analysis,SIPS,HALLMARK ESTROGEN RESPONSE LATE,150,-0.6584696297745428,0.5725762971889329,1.384130148416427,0.3706293706293706,0.000999000999000999,1000,scaled
meta_analysis,SIPS,HALLMARK FATTY ACID METABOLISM,107,-0.30618965846601925,0.5747972287401851,1.3963591796489487,0.6833166833166833,0.000999000999000999,1000,scaled
meta_analysis,SIPS,HALLMARK G2M CHECKPOINT,142,1.059027091316141,0.5825447691691479,1.4763781067125092,0.13686313686313686,0.000999000999000999,1000,scaled
meta_analysis,SIPS,HALLMARK GLYCOLYSIS,139,-0.17264547792088192,0.597754803742802,1.4989707560011283,0.8251748251748252,0.000999000999000999,1000,scaled
meta_analysis,SIPS,HALLMARK HEDGEHOG SIGNALING,32,-0.9415479912323821,0.594335106247036,1.5955790795927558,0.1958041958041958,0.000999000999000999,1000,scaled
meta_analysis,SIPS,HALLMARK HEME METABOLISM,142,2.1982729085776267,0.6003734678199044,1.4312029292769306,0.001998001998001998,0.000999000999000999,1000,scaled
meta_analysis,SIPS,HALLMARK HYPOXIA,142,1.4187693883984058,0.552570003027066,1.3645017688021484,0.04095904095904096,0.000999000999000999,1000,scaled
meta_analysis,SIPS,HALLMARK IL2 STAT5 SIGNALING,148,0.13332182523149033,0.5894751695465853,1.4172078558461092,0.8611388611388612,0.000999000999000999,1000,scaled
meta_analysis,SIPS,HALLMARK IL6 JAK STAT3 SIGNALING,57,-0.5522130704311777,0.6006181572276539,1.5217410406521428,0.46853146853146854,0.000999000999000999,1000,scaled
meta_analysis,SIPS,HALLMARK INFLAMMATORY RESPONSE,146,1.8049255137666464,0.5738590451048432,1.4048317167304536,0.015984015984015984,0.000999000999000999,1000,scaled
meta_analysis,SIPS,HALLMARK INTERFERON ALPHA RESPONSE,66,-0.40709833986003263,0.579833405350068,1.3873430133084148,0.5954045954045954,0.000999000999000999,1000,scaled
meta_analysis,SIPS,HALLMARK INTERFERON GAMMA RESPONSE,134,1.4559274371970699,0.5964866476214392,1.4543758585584028,0.05094905094905095,0.000999000999000999,1000,scaled
meta_analysis,SIPS,HALLMARK KRAS SIGNALING DN,110,0.3297536267901892,0.5917831194736668,1.4867207118032306,0.6433566433566433,0.000999000999000999,1000,scaled
meta_analysis,SIPS,HALLMARK KRAS SIGNALING UP,155,0.6810058056317428,0.5771090726815817,1.4022383955680344,0.35264735264735264,0.000999000999000999,1000,scaled
meta_analysis,SIPS,HALLMARK MITOTIC SPINDLE,159,2.156006104834914,0.6056120466458963,1.4456804760368556,0.002997002997002997,0.000999000999000999,1000,scaled
meta_analysis,SIPS,HALLMARK MTORC1 SIGNALING,131,1.4665791389858107,0.6124126664954804,1.4864326664978007,0.055944055944055944,0.000999000999000999,1000,scaled
meta_analysis,SIPS,HALLMARK MYC TARGETS,137,-1.4523062825343296,0.5677472571459854,1.4060086353007926,0.04695304695304695,0.000999000999000999,1000,scaled
meta_analysis,SIPS,HALLMARK MYOGENESIS,156,1.2599326218699858,0.5857803607732784,1.3812889659503829,0.07192807192807193,0.000999000999000999,1000,scaled
meta_analysis,SIPS,HALLMARK NOTCH SIGNALING,26,-0.4663981252932391,0.6143394752433432,1.6497330751062096,0.5383064516129032,0.0010080645161290322,991,scaled
meta_analysis,SIPS,HALLMARK OXIDATIVE PHOSPHORYLATION,103,-1.3645236170630168,0.5957642982885297,1.4538884232009208,0.061938061938061936,0.000999000999000999,1000,scaled
meta_analysis,SIPS,HALLMARK P53 PATHWAY,141,1.4606450736176442,0.6112707842887978,1.47443926432729,0.054945054945054944,0.000999000999000999,1000,scaled
meta_analysis,SIPS,HALLMARK PANCREAS BETA CELLS,19,1.2898208042839998,0.6431510646287603,1.7775578409830182,0.1184346035015448,0.0010298661174047373,970,scaled
meta_analysis,SIPS,HALLMARK PEROXISOME,78,0.5916964056860867,0.5790481729376099,1.4279546742228464,0.4115884115884116,0.000999000999000999,1000,scaled
meta_analysis,SIPS,HALLMARK PI3K AKT MTOR SIGNALING,77,2.005264578329493,0.6116144257524723,1.4588282355733329,0.006993006993006993,0.000999000999000999,1000,scaled
meta_analysis,SIPS,HALLMARK PROTEIN SECRETION,76,2.1904496557083912,0.5817678730056385,1.4443357903768612,0.007992007992007992,0.000999000999000999,1000,scaled
meta_analysis,SIPS,HALLMARK REACTIVE OXYGEN SPECIES PATHWAY,28,-0.9642168271819472,0.5913018821791722,1.5351064486627897,0.18429003021148035,0.0010070493454179255,992,scaled
meta_analysis,SIPS,HALLMARK SPERMATOGENESIS,74,0.012362708734485006,0.5740876154644752,1.427044718045946,0.991008991008991,0.000999000999000999,1000,scaled
meta_analysis,SIPS,HALLMARK TGF BETA SIGNALING,40,0.3329748053516307,0.5973089266957929,1.4092200469266503,0.6606606606606606,0.001001001001001001,998,scaled
meta_analysis,SIPS,HALLMARK TNFA SIGNALING VIA NFKB,164,0.9047848967348465,0.6108743147319804,1.4579514105104563,0.23176823176823177,0.000999000999000999,1000,scaled
meta_analysis,SIPS,HALLMARK UNFOLDED PROTEIN RESPONSE,79,2.06345182008025,0.58112481647453,1.4077242597951634,0.00999000999000999,0.000999000999000999,1000,scaled
meta_analysis,SIPS,HALLMARK UV RESPONSE DN,128,-0.2953009955606762,0.5967666229732633,1.439420795264975,0.7172827172827173,0.000999000999000999,1000,scaled
meta_analysis,SIPS,HALLMARK UV RESPONSE UP,104,0.9919456460824446,0.6131212241799381,1.4966037633236748,0.19480519480519481,0.000999000999000999,1000,scaled
meta_analysis,SIPS,HALLMARK WNT BETA CATENIN SIGNALING,29,1.4443680380104356,0.6124890304259677,1.5822870567199736,0.06740442655935613,0.001006036217303823,993,scaled
meta_analysis,SIPS,HALLMARK XENOBIOTIC METABOLISM,136,-0.4659547279175136,0.5940071004972286,1.475426890556018,0.5234765234765235,0.000999000999000999,1000,scaled
meta_analysis,SIPS,Lysosomal Genes,138,0.2454714278125162,0.6115736749071263,1.5342544078144207,0.7482517482517482,0.000999000999000999,1000,scaled
meta_analysis,OIS,HALLMARK ADIPOGENESIS,142,0.522728174169349,0.774784054313885,1.8436083139224333,0.6023976023976024,0.000999000999000999,1000,scaled
meta_analysis,OIS,HALLMARK ALLOGRAFT REJECTION,133,1.6575621974620836,0.7249067422082374,1.7452540921593893,0.06593406593406594,0.000999000999000999,1000,scaled
meta_analysis,OIS,HALLMARK ANDROGEN RESPONSE,75,-1.5569178322510073,0.7875202280159193,1.8612607603132254,0.11688311688311688,0.000999000999000999,1000,scaled
meta_analysis,OIS,HALLMARK ANGIOGENESIS,28,1.504497782448215,0.7138959455790259,1.736833175155453,0.0963855421686747,0.001004016064257028,995,scaled
meta_analysis,OIS,HALLMARK APICAL JUNCTION,152,2.113270289813009,0.8155545917702522,1.9385043886648965,0.029970029970029972,0.000999000999000999,1000,scaled
meta_analysis,OIS,HALLMARK APICAL SURFACE,31,0.23217739001175622,0.7070600094064741,1.8553564042845534,0.7668341708542713,0.0010050251256281408,994,scaled
meta_analysis,OIS,HALLMARK APOPTOSIS,123,0.6438992473599807,0.791328209640623,2.0258830823468252,0.5094905094905094,0.000999000999000999,1000,scaled
meta_analysis,OIS,HALLMARK BILE ACID METABOLISM,79,0.04422561547219528,0.7981611906531673,1.9120824345556247,0.9660339660339661,0.000999000999000999,1000,scaled
meta_analysis,OIS,HALLMARK CHOLESTEROL HOMEOSTASIS,58,0.5893473825339841,0.7673954893930097,1.9498107555150894,0.5374625374625375,0.000999000999000999,1000,scaled
meta_analysis,OIS,HALLMARK COAGULATION,77,1.2791186334385134,0.7765874806342572,1.8535640641613769,0.1958041958041958,0.000999000999000999,1000,scaled
meta_analysis,OIS,HALLMARK COMPLEMENT,127,1.8424309624110444,0.7773049142954437,1.8078583129637367,0.04995004995004995,0.000999000999000999,1000,scaled
meta_analysis,OIS,HALLMARK DNA REPAIR,93,0.14719747433128905,0.7786526989968092,1.8878116424815516,0.8961038961038961,0.000999000999000999,1000,scaled
meta_analysis,OIS,HALLMARK E2F TARGETS,136,1.2320856420914403,0.771464444261941,1.9674317163378099,0.1938061938061938,0.000999000999000999,1000,scaled
meta_analysis,OIS,HALLMARK EPITHELIAL MESENCHYMAL TRANSITION,153,1.8248933245161398,0.7716429302003899,1.9207988347638287,0.06793206793206794,0.000999000999000999,1000,scaled
meta_analysis,OIS,HALLMARK ESTROGEN RESPONSE EARLY,150,-0.38266675495353514,0.7510057988681922,1.840347943219581,0.6743256743256744,0.000999000999000999,1000,scaled
meta_analysis,OIS,HALLMARK ESTROGEN RESPONSE LATE,150,-0.9493167347914674,0.7916032651938851,1.9736993195970953,0.34465534465534464,0.000999000999000999,1000,scaled
meta_analysis,OIS,HALLMARK FATTY ACID METABOLISM,107,0.24251803392196594,0.802223571749334,1.9381524451737258,0.8201798201798202,0.000999000999000999,1000,scaled
meta_analysis,OIS,HALLMARK G2M CHECKPOINT,142,1.1261713088475314,0.7893701874458402,1.902461013499378,0.2677322677322677,0.000999000999000999,1000,scaled
meta_analysis,OIS,HALLMARK GLYCOLYSIS,139,-1.0835742852957218,0.7552733679411765,1.7887531907544074,0.24775224775224775,0.000999000999000999,1000,scaled
meta_analysis,OIS,HALLMARK HEDGEHOG SIGNALING,32,0.1882471710716806,0.756343587217279,1.9595078679338473,0.8406813627254509,0.001002004008016032,997,scaled
meta_analysis,OIS,HALLMARK HEME METABOLISM,142,1.7166489505318128,0.7539329129764726,1.8707783287291044,0.08191808191808192,0.000999000999000999,1000,scaled
meta_analysis,OIS,HALLMARK HYPOXIA,142,-0.18992160222053422,0.7731798006810158,1.8605393130714163,0.8531468531468531,0.000999000999000999,1000,scaled
meta_analysis,OIS,HALLMARK IL2 STAT5 SIGNALING,148,-0.6844516607758326,0.7665894068385153,1.905860818869331,0.4775224775224775,0.000999000999000999,1000,scaled
meta_analysis,OIS,HALLMARK IL6 JAK STAT3 SIGNALING,57,-1.8973994018177622,0.755910409698192,1.8453167681267808,0.04395604395604396,0.000999000999000999,1000,scaled
meta_analysis,OIS,HALLMARK INFLAMMATORY RESPONSE,146,1.3359239954105768,0.7722250991390414,1.9034839198349096,0.16583416583416583,0.000999000999000999,1000,scaled
meta_analysis,OIS,HALLMARK INTERFERON ALPHA RESPONSE,66,-1.3392667516196635,0.7526616641067682,1.9443697507559121,0.16883116883116883,0.000999000999000999,1000,scaled
meta_analysis,OIS,HALLMARK INTERFERON GAMMA RESPONSE,134,1.7195404953002176,0.7845424475265087,1.8639020186456852,0.06793206793206794,0.000999000999000999,1000,scaled
meta_analysis,OIS,HALLMARK KRAS SIGNALING DN,110,0.22747374175633983,0.7461948224798349,1.8910297958627256,0.7942057942057942,0.000999000999000999,1000,scaled
meta_analysis,OIS,HALLMARK KRAS SIGNALING UP,155,1.551778428471024,0.7546273605611493,1.892953973534349,0.10989010989010989,0.000999000999000999,1000,scaled
meta_analysis,OIS,HALLMARK MITOTIC SPINDLE,159,1.4984256383600543,0.7585359929882841,1.866859779895212,0.11788211788211789,0.000999000999000999,1000,scaled
meta_analysis,OIS,HALLMARK MTORC1 SIGNALING,131,0.49097056887599877,0.7895949954709927,1.825193005056286,0.6293706293706294,0.000999000999000999,1000,scaled
meta_analysis,OIS,HALLMARK MYC TARGETS,137,-2.493251182007895,0.7601881976913829,1.939557341297323,0.011988011988011988,0.000999000999000999,1000,scaled
meta_analysis,OIS,HALLMARK MYOGENESIS,156,1.549683641119305,0.7793697848302674,1.9093655879440719,0.11388611388611389,0.000999000999000999,1000,scaled
meta_analysis,OIS,HALLMARK NOTCH SIGNALING,26,-2.4103368191037218,0.7226214082886859,1.8383833378392067,0.014127144298688193,0.0010090817356205853,990,scaled
meta_analysis,OIS,HALLMARK OXIDATIVE PHOSPHORYLATION,103,-0.4962936327719021,0.7446412998089322,1.8493539696104047,0.5824175824175825,0.000999000999000999,1000,scaled
meta_analysis,OIS,HALLMARK P53 PATHWAY,141,0.2128173992732119,0.7787533313005319,1.9477301371994202,0.8011988011988012,0.000999000999000999,1000,scaled
meta_analysis,OIS,HALLMARK PANCREAS BETA CELLS,19,0.554868336216832,0.7819209715302493,1.8906705909026003,0.5638629283489096,0.0010384215991692627,962,scaled
meta_analysis,OIS,HALLMARK PEROXISOME,78,-0.08259600718136174,0.7766455024378243,1.9287671934424493,0.938061938061938,0.000999000999000999,1000,scaled
meta_analysis,OIS,HALLMARK PI3K AKT MTOR SIGNALING,77,1.196121777571589,0.7860518505197809,1.9320225954521077,0.21978021978021978,0.000999000999000999,1000,scaled
meta_analysis,OIS,HALLMARK PROTEIN SECRETION,76,0.4089996223488177,0.777138709953394,1.9919273122444918,0.6603396603396603,0.000999000999000999,1000,scaled
meta_analysis,OIS,HALLMARK REACTIVE OXYGEN SPECIES PATHWAY,28,-0.18158172605432976,0.7453425048850004,1.9116848990482198,0.8248987854251012,0.0010121457489878543,987,scaled
meta_analysis,OIS,HALLMARK SPERMATOGENESIS,74,0.13183307367295982,0.7400468779566105,1.7657329145591953,0.8901098901098901,0.000999000999000999,1000,scaled
meta_analysis,OIS,HALLMARK TGF BETA SIGNALING,40,0.34709127953694563,0.7309470566443752,1.8203882845366708,0.6796796796796797,0.001001001001001001,998,scaled
meta_analysis,OIS,HALLMARK TNFA SIGNALING VIA NFKB,164,1.4551243075381948,0.769352435080385,1.880461611058872,0.13286713286713286,0.000999000999000999,1000,scaled
meta_analysis,OIS,HALLMARK UNFOLDED PROTEIN RESPONSE,79,-0.4199479650220591,0.7823286052607519,1.9466862933195348,0.6613386613386614,0.000999000999000999,1000,scaled
meta_analysis,OIS,HALLMARK UV RESPONSE DN,128,0.09029330405005606,0.7686450622987959,1.9176728380877133,0.9250749250749251,0.000999000999000999,1000,scaled
meta_analysis,OIS,HALLMARK UV RESPONSE UP,104,1.292306793050995,0.7703012118235225,1.9229397150821776,0.1888111888111888,0.000999000999000999,1000,scaled
meta_analysis,OIS,HALLMARK WNT BETA CATENIN SIGNALING,29,-0.4004869093434486,0.7642746239477879,1.9175568661782885,0.6442211055276382,0.0010050251256281408,994,scaled
meta_analysis,OIS,HALLMARK XENOBIOTIC METABOLISM,136,2.20475627848625,0.7636430122677984,1.826901837705665,0.015984015984015984,0.000999000999000999,1000,scaled
meta_analysis,OIS,Lysosomal Genes,138,1.4981352043311724,0.7326729342348443,1.8350899168855237,0.1018981018981019,0.000999000999000999,1000,scaled
temporal_pooled,Fibroblast,HALLMARK ADIPOGENESIS,142,1.5318248034979354,1.8891223229635365,4.83339969342624,0.5034965034965035,0.000999000999000999,1000,scaled
temporal_pooled,Fibroblast,HALLMARK ALLOGRAFT REJECTION,133,3.3382419843842324,1.8806180804804122,5.00267181973303,0.15084915084915085,0.000999000999000999,1000,scaled
temporal_pooled,Fibroblast,HALLMARK ANDROGEN RESPONSE,75,-9.057887716769429,1.8485740737531502,5.128250422427538,0.003996003996003996,0.000999000999000999,1000,scaled
temporal_pooled,Fibroblast,HALLMARK ANGIOGENESIS,28,0.9258760257389786,1.8342078360794827,4.29020266871034,0.7033299697275479,0.0010090817356205853,990,scaled
temporal_pooled,Fibroblast,HALLMARK APICAL JUNCTION,152,4.319987129976921,1.9021084942953925,4.952584837567081,0.07592407592407592,0.000999000999000999,1000,scaled
temporal_pooled,Fibroblast,HALLMARK APICAL SURFACE,31,-1.6328943625790278,1.7860378133291053,4.406470948751316,0.46464646464646464,0.00101010101010101,989,scaled
temporal_pooled,Fibroblast,HALLMARK APOPTOSIS,123,2.903688422804897,1.9343426740117888,4.946540504964375,0.21878121878121878,0.000999000999000999,1000,scaled
temporal_pooled,Fibroblast,HALLMARK BILE ACID METABOLISM,79,1.2350146424038468,1.886048364859791,4.505463622437299,0.6103896103896104,0.000999000999000999,1000,scaled
temporal_pooled,Fibroblast,HALLMARK CHOLESTEROL HOMEOSTASIS,58,-1.0378790953841572,1.8015007685272568,4.477984461374499,0.6313686313686314,0.000999000999000999,1000,scaled
temporal_pooled,Fibroblast,HALLMARK COAGULATION,77,2.7186195429019224,1.8422659855837629,4.630507923458929,0.22577422577422576,0.000999000999000999,1000,scaled
temporal_pooled,Fibroblast,HALLMARK COMPLEMENT,127,2.028831314158526,1.9034224538724835,4.86858891102601,0.3806193806193806,0.000999000999000999,1000,scaled
temporal_pooled,Fibroblast,HALLMARK DNA REPAIR,93,2.4122152160994923,1.8566902426405891,4.426897899028525,0.2887112887112887,0.000999000999000999,1000,scaled
temporal_pooled,Fibroblast,HALLMARK E2F TARGETS,136,5.275621702058781,1.8585785483788513,4.740933823113976,0.03196803196803197,0.000999000999000999,1000,scaled
temporal_pooled,Fibroblast,HALLMARK EPITHELIAL MESENCHYMAL TRANSITION,153,-2.6062277732175203,1.8321720274033724,4.55682231150048,0.25374625374625376,0.000999000999000999,1000,scaled
temporal_pooled,Fibroblast,HALLMARK ESTROGEN RESPONSE EARLY,150,-1.7443748093246827,1.9728127512727283,5.04463762545347,0.46853146853146854,0.000999000999000999,1000,scaled
temporal_pooled,Fibroblast,HALLMARK ESTROGEN RESPONSE LATE,150,-3.343540237127129,1.8956097007689787,4.659249653243362,0.14785214785214784,0.000999000999000999,1000,scaled
temporal_pooled,Fibroblast,HALLMARK FATTY ACID METABOLISM,107,0.8191126040518009,1.7436260683608753,4.268332845134081,0.7182817182817183,0.000999000999000999,1000,scaled
temporal_pooled,Fibroblast,HALLMARK G2M CHECKPOINT,142,5.678624775728145,1.9305707744188116,5.119097423580369,0.03796203796203796,0.000999000999000999,1000,scaled
temporal_pooled,Fibroblast,HALLMARK GLYCOLYSIS,139,-0.1309799230030257,1.9264115029655786,5.1916044528103145,0.952047952047952,0.000999000999000999,1000,scaled
temporal_pooled,Fibroblast,HALLMARK HEDGEHOG SIGNALING,32,-4.124287741892636,1.81592644467096,4.441889034617905,0.06760847628657922,0.0010090817356205853,990,scaled
temporal_pooled,Fibroblast,HALLMARK HEME METABOLISM,142,6.198834583948592,1.914229210826348,4.9525217804314,0.02197802197802198,0.000999000999000999,1000,scaled
temporal_pooled,Fibroblast,HALLMARK HYPOXIA,142,2.0813939725776285,1.8341339133701102,4.5627331318870405,0.34065934065934067,0.000999000999000999,1000,scaled
temporal_pooled,Fibroblast,HALLMARK IL2 STAT5 SIGNALING,148,-0.12773496194465472,1.9119911380118144,5.070454337577856,0.958041958041958,0.000999000999000999,1000,scaled
temporal_pooled,Fibroblast,HALLMARK IL6 JAK STAT3 SIGNALING,57,-2.445737028932321,1.9273883193316492,4.6786782947576695,0.287,0.001,999,scaled
temporal_pooled,Fibroblast,HALLMARK INFLAMMATORY RESPONSE,146,8.528794267083661,1.8311887541591212,4.65818733314374,0.004995004995004995,0.000999000999000999,1000,scaled
temporal_pooled,Fibroblast,HALLMARK INTERFERON ALPHA RESPONSE,66,-1.0698853460072024,1.757058335421072,4.390672564919051,0.6173826173826173,0.000999000999000999,1000,scaled
temporal_pooled,Fibroblast,HALLMARK INTERFERON GAMMA RESPONSE,134,5.350703584086595,1.928780407113728,5.049402187623083,0.03596403596403597,0.000999000999000999,1000,scaled
temporal_pooled,Fibroblast,HALLMARK KRAS SIGNALING DN,110,-0.1941329766571195,1.9488424262298034,4.890555744241933,0.9310689310689311,0.000999000999000999,1000,scaled
temporal_pooled,Fibroblast,HALLMARK KRAS SIGNALING UP,155,3.0090103527321843,1.8215910735901826,4.586309724458345,0.16383616383616384,0.000999000999000999,1000,scaled
temporal_pooled,Fibroblast,HALLMARK MITOTIC SPINDLE,159,9.674377944696968,1.8628249329015658,4.825818100967459,0.004995004995004995,0.000999000999000999,1000,scaled
temporal_pooled,Fibroblast,HALLMARK MTORC1 SIGNALING,131,2.4709648305483647,1.9717319763128203,4.913810818150931,0.2997002997002997,0.000999000999000999,1000,scaled
temporal_pooled,Fibroblast,HALLMARK MYC TARGETS,137,-3.075648785368829,1.9172400679242387,5.09933659593276,0.17182817182817184,0.000999000999000999,1000,scaled
temporal_pooled,Fibroblast,HALLMARK MYOGENESIS,156,3.7804339369004354,1.7933657758836097,4.559676493402624,0.10989010989010989,0.000999000999000999,1000,scaled
temporal_pooled,Fibroblast,HALLMARK NOTCH SIGNALING,26,-1.9019565660815827,1.9243154244198883,5.100514117594025,0.41725888324873095,0.0010152284263959391,984,scaled
temporal_pooled,Fibroblast,HALLMARK OXIDATIVE PHOSPHORYLATION,103,-1.9634287027645556,1.93303250778347,5.048488924074926,0.4085914085914086,0.000999000999000999,1000,scaled
temporal_pooled,Fibroblast,HALLMARK P53 PATHWAY,141,4.378318528171978,1.9374837713365864,5.136097736328267,0.0919080919080919,0.000999000999000999,1000,scaled
temporal_pooled,Fibroblast,HALLMARK PANCREAS BETA CELLS,19,0.43509464022451116,1.8875400798555346,4.542799876775989,0.8879492600422833,0.0010570824524312897,945,scaled
temporal_pooled,Fibroblast,HALLMARK PEROXISOME,78,1.3308738959374555,1.8652351569398598,4.810765428517256,0.5514485514485514,0.000999000999000999,1000,scaled
temporal_pooled,Fibroblast,HALLMARK PI3K AKT MTOR SIGNALING,77,3.621795401779779,1.8823774052458058,4.738344892486587,0.118,0.001,999,scaled
temporal_pooled,Fibroblast,HALLMARK PROTEIN SECRETION,76,4.826598109097575,1.8438130650981297,4.65755996587147,0.04795204795204795,0.000999000999000999,1000,scaled
temporal_pooled,Fibroblast,HALLMARK REACTIVE OXYGEN SPECIES PATHWAY,28,-1.7105892313315698,1.7976285480522882,4.55576163418941,0.44954128440366975,0.0010193679918450561,980,scaled
temporal_pooled,Fibroblast,HALLMARK SPERMATOGENESIS,74,1.0424870791571725,1.9288357591274599,5.0477381533384875,0.6723276723276723,0.000999000999000999,1000,scaled
temporal_pooled,Fibroblast,HALLMARK TGF BETA SIGNALING,40,-1.4079521460094284,1.9180420885630354,4.642061684889205,0.5646940822467402,0.0010030090270812437,996,scaled
temporal_pooled,Fibroblast,HALLMARK TNFA SIGNALING VIA NFKB,164,1.1903471021130139,2.017694335618783,5.189069750739011,0.6193806193806194,0.000999000999000999,1000,scaled
temporal_pooled,Fibroblast,HALLMARK UNFOLDED PROTEIN RESPONSE,79,7.414042136394266,1.8552455533945882,5.147495909542733,0.005994005994005994,0.000999000999000999,1000,scaled
temporal_pooled,Fibroblast,HALLMARK UV RESPONSE DN,128,-2.319639072448997,1.9042525889095498,4.896623427004443,0.3086913086913087,0.000999000999000999,1000,scaled
temporal_pooled,Fibroblast,HALLMARK UV RESPONSE UP,104,2.9493421890566984,1.9724718196360904,4.911886704801862,0.2097902097902098,0.000999000999000999,1000,scaled
temporal_pooled,Fibroblast,HALLMARK WNT BETA CATENIN SIGNALING,29,2.960754434161719,1.8753975627828796,4.619634070813257,0.1797979797979798,0.00101010101010101,989,scaled
temporal_pooled,Fibroblast,HALLMARK XENOBIOTIC METABOLISM,136,0.4579339542717693,1.88057361371884,4.88106906557967,0.8321678321678322,0.000999000999000999,1000,scaled
temporal_pooled,Fibroblast,Lysosomal Genes,138,0.5336215161909874,1.9216803840047567,4.737515479355674,0.8251748251748252,0.000999000999000999,1000,scaled
temporal_pooled,Keratinocyte,HALLMARK ADIPOGENESIS,142,3.4509189593809615,1.1211092058757004,2.6916094502472334,0.015984015984015984,0.000999000999000999,1000,scaled
temporal_pooled,Keratinocyte,HALLMARK ALLOGRAFT REJECTION,133,0.7777289265348283,1.1576936767512567,2.7448218220713714,0.6153846153846154,0.000999000999000999,1000,scaled
temporal_pooled,Keratinocyte,HALLMARK ANDROGEN RESPONSE,75,0.5779055252525459,1.1064269659973511,2.6206043437757285,0.6893106893106893,0.000999000999000999,1000,scaled
temporal_pooled,Keratinocyte,HALLMARK ANGIOGENESIS,28,1.0535819887801068,1.077276696458023,2.566559976509133,0.4380664652567976,0.0010070493454179255,992,scaled
temporal_pooled,Keratinocyte,HALLMARK APICAL JUNCTION,152,1.9240952659020667,1.1120984978814985,2.680240682900342,0.16583416583416583,0.000999000999000999,1000,scaled
temporal_pooled,Keratinocyte,HALLMARK APICAL SURFACE,31,-1.850826417417432,1.1092220606049592,2.602009812813419,0.1815415821501014,0.0010141987829614604,985,scaled
temporal_pooled,Keratinocyte,HALLMARK APOPTOSIS,123,0.1800388132211677,1.1633414794411259,2.77103767293859,0.9000999000999002,0.000999000999000999,1000,scaled
temporal_pooled,Keratinocyte,HALLMARK BILE ACID METABOLISM,79,1.1151508976014366,1.1396131923867496,2.626960073088464,0.4595404595404595,0.000999000999000999,1000,scaled
temporal_pooled,Keratinocyte,HALLMARK CHOLESTEROL HOMEOSTASIS,58,2.576552881518478,1.0918280352948873,2.5644512438270497,0.04995004995004995,0.000999000999000999,1000,scaled
temporal_pooled,Keratinocyte,HALLMARK COAGULATION,77,0.9373603095041421,1.1584065067020448,2.6288650703211385,0.5354645354645354,0.000999000999000999,1000,scaled
temporal_pooled,Keratinocyte,HALLMARK COMPLEMENT,127,1.9076573317017178,1.2100983994893222,2.8507622365293117,0.19080919080919082,0.000999000999000999,1000,scaled
temporal_pooled,Keratinocyte,HALLMARK DNA REPAIR,93,-0.3008757748858268,1.098785490839863,2.653712073483562,0.8401598401598401,0.000999000999000999,1000,scaled
temporal_pooled,Keratinocyte,HALLMARK E2F TARGETS,136,4.184878116409712,1.1078017535067657,2.706007541119452,0.002997002997002997,0.000999000999000999,1000,scaled
temporal_pooled,Keratinocyte,HALLMARK EPITHELIAL MESENCHYMAL TRANSITION,153,1.0789017756290151,1.154944783647034,2.8062479007261856,0.45554445554445555,0.000999000999000999,1000,scaled
temporal_pooled,Keratinocyte,HALLMARK ESTROGEN RESPONSE EARLY,150,-0.9891799690552482,1.122455456616728,2.810559655914396,0.4935064935064935,0.000999000999000999,1000,scaled
temporal_pooled,Keratinocyte,HALLMARK ESTROGEN RESPONSE LATE,150,-1.2432444863229097,1.1317033056742143,2.7432314549923156,0.3756243756243756,0.000999000999000999,1000,scaled
temporal_pooled,Keratinocyte,HALLMARK FATTY ACID METABOLISM,107,1.2317367056213875,1.1424284292822635,2.711353417733238,0.40559440559440557,0.000999000999000999,1000,scaled
temporal_pooled,Keratinocyte,HALLMARK G2M CHECKPOINT,142,3.9057717094300823,1.1459172934754494,2.7215373544686794,0.008991008991008992,0.000999000999000999,1000,scaled
temporal_pooled,Keratinocyte,HALLMARK GLYCOLYSIS,139,0.18935392804265322,1.085903046393506,2.646437719525455,0.8761238761238761,0.000999000999000999,1000,scaled
temporal_pooled,Keratinocyte,HALLMARK HEDGEHOG SIGNALING,32,-1.0637286449688081,1.1248411115728176,2.7164840022756893,0.459214501510574,0.0010070493454179255,992,scaled
temporal_pooled,Keratinocyte,HALLMARK HEME METABOLISM,142,2.5677796469032144,1.1331635001849991,2.6952699406046845,0.06493506493506493,0.000999000999000999,1000,scaled
temporal_pooled,Keratinocyte,HALLMARK HYPOXIA,142,0.39602473026148144,1.1170856233916338,2.678931830893581,0.8011988011988012,0.000999000999000999,1000,scaled
temporal_pooled,Keratinocyte,HALLMARK IL2 STAT5 SIGNALING,148,0.3697599205039793,1.0821403197915938,2.5872152070764938,0.8001998001998002,0.000999000999000999,1000,scaled
temporal_pooled,Keratinocyte,HALLMARK IL6 JAK STAT3 SIGNALING,57,-1.2336831961912367,1.059917615844281,2.5999180240022457,0.35235235235235235,0.001001001001001001,998,scaled
temporal_pooled,Keratinocyte,HALLMARK INFLAMMATORY RESPONSE,146,1.7141057430430489,1.1093243443567058,2.5297399518451313,0.22277722277722278,0.000999000999000999,1000,scaled
temporal_pooled,Keratinocyte,HALLMARK INTERFERON ALPHA RESPONSE,66,0.17962631681456778,1.107542605685365,2.722599386779059,0.8941058941058941,0.000999000999000999,1000,scaled
temporal_pooled,Keratinocyte,HALLMARK INTERFERON GAMMA RESPONSE,134,0.9036147436762946,1.1499866503460021,2.68334776253074,0.5544455544455544,0.000999000999000999,1000,scaled
temporal_pooled,Keratinocyte,HALLMARK KRAS SIGNALING DN,110,-0.08651555904398,1.1720071417310782,2.7760513376377465,0.954045954045954,0.000999000999000999,1000,scaled
temporal_pooled,Keratinocyte,HALLMARK KRAS SIGNALING UP,155,1.1599918856253522,1.1055132305154793,2.6610161266091037,0.4115884115884116,0.000999000999000999,1000,scaled
temporal_pooled,Keratinocyte,HALLMARK MITOTIC SPINDLE,159,2.773474740762821,1.133031756236086,2.6519310812590238,0.04595404595404595,0.000999000999000999,1000,scaled
temporal_pooled,Keratinocyte,HALLMARK MTORC1 SIGNALING,131,2.4497125562612436,1.2052378981272824,2.902155221888283,0.0999000999000999,0.000999000999000999,1000,scaled
temporal_pooled,Keratinocyte,HALLMARK MYC TARGETS,137,-1.0913567050760091,1.1426729561569378,2.700868821208888,0.4565434565434565,0.000999000999000999,1000,scaled
temporal_pooled,Keratinocyte,HALLMARK MYOGENESIS,156,2.302064495866863,1.1101662898896827,2.5912366205785005,0.08891108891108891,0.000999000999000999,1000,scaled
temporal_pooled,Keratinocyte,HALLMARK NOTCH SIGNALING,26,-0.011740827543661183,1.1228061096996063,2.6061205284065174,0.991869918699187,0.0010162601626016261,983,scaled
temporal_pooled,Keratinocyte,HALLMARK OXIDATIVE PHOSPHORYLATION,103,-2.116130793109341,1.1881098680021642,2.703235936578099,0.13386613386613386,0.000999000999000999,1000,scaled
temporal_pooled,Keratinocyte,HALLMARK P53 PATHWAY,141,4.027391177112811,1.16008662459094,2.7342170383418156,0.006993006993006993,0.000999000999000999,1000,scaled
temporal_pooled,Keratinocyte,HALLMARK PANCREAS BETA CELLS,19,-0.0701387019882963,1.1379072330559716,2.61492558683583,0.961864406779661,0.001059322033898305,943,scaled
temporal_pooled,Keratinocyte,HALLMARK PEROXISOME,78,1.4198078180422395,1.0937202124190422,2.487376815856038,0.3076923076923077,0.000999000999000999,1000,scaled
temporal_pooled,Keratinocyte,HALLMARK PI3K AKT MTOR SIGNALING,77,2.3362265649332823,1.0992496169021189,2.636719384458498,0.08291708291708291,0.000999000999000999,1000,scaled
temporal_pooled,Keratinocyte,HALLMARK PROTEIN SECRETION,76,1.052897553969481,1.1082075386232317,2.642075654364632,0.4485514485514486,0.000999000999000999,1000,scaled
temporal_pooled,Keratinocyte,HALLMARK REACTIVE OXYGEN SPECIES PATHWAY,28,-0.43625327010556875,1.1316285115667828,2.751247776688721,0.7697031729785057,0.0010235414534288639,976,scaled
temporal_pooled,Keratinocyte,HALLMARK SPERMATOGENESIS,74,1.6835947422251776,1.171370773010266,2.789134154013672,0.23776223776223776,0.000999000999000999,1000,scaled
temporal_pooled,Keratinocyte,HALLMARK TGF BETA SIGNALING,40,-0.4990682757890686,1.1355170299413162,2.5750210055371854,0.7432296890672017,0.0010030090270812437,996,scaled
temporal_pooled,Keratinocyte,HALLMARK TNFA SIGNALING VIA NFKB,164,0.5878794586643312,1.1205504790927927,2.650335467174832,0.6773226773226774,0.000999000999000999,1000,scaled
temporal_pooled,Keratinocyte,HALLMARK UNFOLDED PROTEIN RESPONSE,79,0.18566041232646865,1.1127035887059447,2.5745375303546574,0.8841158841158842,0.000999000999000999,1000,scaled
temporal_pooled,Keratinocyte,HALLMARK UV RESPONSE DN,128,-0.0306973379337835,1.134543036110112,2.732178772207556,0.985014985014985,0.000999000999000999,1000,scaled
temporal_pooled,Keratinocyte,HALLMARK UV RESPONSE UP,104,1.2155480819871674,1.1331121126432673,2.797569168046788,0.3876123876123876,0.000999000999000999,1000,scaled
temporal_pooled,Keratinocyte,HALLMARK WNT BETA CATENIN SIGNALING,29,-0.6864882109832097,1.0881262560827807,2.5988920908219737,0.6286579212916246,0.0010090817356205853,990,scaled
temporal_pooled,Keratinocyte,HALLMARK XENOBIOTIC METABOLISM,136,0.04598514505026569,1.1061569978328087,2.645232050637028,0.967032967032967,0.000999000999000999,1000,scaled
temporal_pooled,Keratinocyte,Lysosomal Genes,138,-0.3819819822233841,1.1335282587068942,2.7030098650027226,0.8031968031968032,0.000999000999000999,1000,scaled
temporal_pooled,Melanocyte,HALLMARK ADIPOGENESIS,142,-4.199250858723712,1.914924529233358,4.932885800533014,0.07492507492507493,0.000999000999000999,1000,scaled
temporal_pooled,Melanocyte,HALLMARK ALLOGRAFT REJECTION,133,0.16901815542030835,1.970325955394474,5.0207426502484225,0.9400599400599401,0.000999000999000999,1000,scaled
temporal_pooled,Melanocyte,HALLMARK ANDROGEN RESPONSE,75,-0.5163303076419974,2.017265172429184,5.0121089718874146,0.8261738261738262,0.000999000999000999,1000,scaled
temporal_pooled,Melanocyte,HALLMARK ANGIOGENESIS,28,-1.3046692955358912,1.8422267321954797,4.738620804094745,0.5558912386706949,0.0010070493454179255,992,scaled
temporal_pooled,Melanocyte,HALLMARK APICAL JUNCTION,152,-1.4917141144309747,1.9494950003108111,5.028939753636181,0.5224775224775224,0.000999000999000999,1000,scaled
temporal_pooled,Melanocyte,HALLMARK APICAL SURFACE,31,-2.589587032548753,1.8138861108766071,4.520398733982799,0.24392712550607287,0.0010121457489878543,987,scaled
temporal_pooled,Melanocyte,HALLMARK APOPTOSIS,123,4.250305742053959,1.8754633255416853,5.082187386535752,0.08791208791208792,0.000999000999000999,1000,scaled
temporal_pooled,Melanocyte,HALLMARK BILE ACID METABOLISM,79,-1.6474307622890423,2.090629510204146,5.040095355843847,0.5214785214785215,0.000999000999000999,1000,scaled
temporal_pooled,Melanocyte,HALLMARK CHOLESTEROL HOMEOSTASIS,58,-0.7177991270237176,1.955522439585228,4.879425788947696,0.7732267732267732,0.000999000999000999,1000,scaled
temporal_pooled,Melanocyte,HALLMARK COAGULATION,77,0.6183586840677096,1.9148984130658537,4.81299139943163,0.8021978021978022,0.000999000999000999,1000,scaled
temporal_pooled,Melanocyte,HALLMARK COMPLEMENT,127,2.643400527266181,2.0704480947087807,5.583883416790921,0.2817182817182817,0.000999000999000999,1000,scaled
temporal_pooled,Melanocyte,HALLMARK DNA REPAIR,93,1.105402347742289,1.9173371748397205,5.160842367444519,0.6363636363636364,0.000999000999000999,1000,scaled
temporal_pooled,Melanocyte,HALLMARK E2F TARGETS,136,4.732873681813803,1.9988529802309787,4.984611282303081,0.059940059940059943,0.000999000999000999,1000,scaled
temporal_pooled,Melanocyte,HALLMARK EPITHELIAL MESENCHYMAL TRANSITION,153,-1.2230872164157793,2.0242519215623163,5.269469806156927,0.6143856143856143,0.000999000999000999,1000,scaled
temporal_pooled,Melanocyte,HALLMARK ESTROGEN RESPONSE EARLY,150,3.425768806378688,2.031165051400028,5.174105577084417,0.17482517482517482,0.000999000999000999,1000,scaled
temporal_pooled,Melanocyte,HALLMARK ESTROGEN RESPONSE LATE,150,2.219849685913526,2.111396876024426,5.209604651112457,0.3906093906093906,0.000999000999000999,1000,scaled
temporal_pooled,Melanocyte,HALLMARK FATTY ACID METABOLISM,107,-1.0276940284398959,1.933779067870163,4.826500356033989,0.6733266733266733,0.000999000999000999,1000,scaled
temporal_pooled,Melanocyte,HALLMARK G2M CHECKPOINT,142,-0.6592205470998964,1.971015380335913,5.161274587698008,0.7832167832167832,0.000999000999000999,1000,scaled
temporal_pooled,Melanocyte,HALLMARK GLYCOLYSIS,139,-1.5544358408804368,2.0757742892247966,5.44520994433423,0.5384615384615384,0.000999000999000999,1000,scaled
temporal_pooled,Melanocyte,HALLMARK HEDGEHOG SIGNALING,32,-1.46540996444382,1.9375473844692817,5.231334142758825,0.5206030150753769,0.0010050251256281408,994,scaled
temporal_pooled,Melanocyte,HALLMARK HEME METABOLISM,142,-0.6542213245940557,2.0395808268111666,5.1350157087394805,0.8031968031968032,0.000999000999000999,1000,scaled
temporal_pooled,Melanocyte,HALLMARK HYPOXIA,142,5.076102939565155,1.9690795122064624,4.938929357370584,0.04695304695304695,0.000999000999000999,1000,scaled
temporal_pooled,Melanocyte,HALLMARK IL2 STAT5 SIGNALING,148,1.1912192184384511,2.062919629687164,5.457242487643955,0.6263736263736264,0.000999000999000999,1000,scaled
temporal_pooled,Melanocyte,HALLMARK IL6 JAK STAT3 SIGNALING,57,-0.6481370379575676,1.9321927743054785,4.792548560654711,0.792,0.001,999,scaled
temporal_pooled,Melanocyte,HALLMARK INFLAMMATORY RESPONSE,146,5.9464639457410815,2.1408504368141665,5.551559394142087,0.04095904095904096,0.000999000999000999,1000,scaled
temporal_pooled,Melanocyte,HALLMARK INTERFERON ALPHA RESPONSE,66,-10.359846535153217,2.0617037216218925,5.422230454339199,0.006993006993006993,0.000999000999000999,1000,scaled
temporal_pooled,Melanocyte,HALLMARK INTERFERON GAMMA RESPONSE,134,-1.954690729606098,2.069249001171613,5.529156392256259,0.42657342657342656,0.000999000999000999,1000,scaled
temporal_pooled,Melanocyte,HALLMARK KRAS SIGNALING DN,110,3.8182771155170285,2.0026027357242078,5.219103601399689,0.12687312687312688,0.000999000999000999,1000,scaled
temporal_pooled,Melanocyte,HALLMARK KRAS SIGNALING UP,155,0.6373076321676565,1.9945319080757506,5.3537100551304615,0.7872127872127872,0.000999000999000999,1000,scaled
temporal_pooled,Melanocyte,HALLMARK MITOTIC SPINDLE,159,-0.3747395399659284,2.058518932238929,5.693182345356506,0.8761238761238761,0.000999000999000999,1000,scaled
temporal_pooled,Melanocyte,HALLMARK MTORC1 SIGNALING,131,9.02138833820512,1.9290236762002466,5.037263313082209,0.002997002997002997,0.000999000999000999,1000,scaled
temporal_pooled,Melanocyte,HALLMARK MYC TARGETS,137,3.4333236239216873,2.047496416872358,5.257412999885267,0.17682317682317683,0.000999000999000999,1000,scaled
temporal_pooled,Melanocyte,HALLMARK MYOGENESIS,156,-0.8003973976468277,1.9481955439606677,4.943080898992556,0.7412587412587412,0.000999000999000999,1000,scaled
temporal_pooled,Melanocyte,HALLMARK NOTCH SIGNALING,26,-0.39484419823514705,1.930185472234281,4.855595340847,0.8697863682604272,0.001017293997965412,982,scaled
temporal_pooled,Melanocyte,HALLMARK OXIDATIVE PHOSPHORYLATION,103,-1.5579749559148963,2.038359858322752,5.396379872371137,0.5124875124875125,0.000999000999000999,1000,scaled
temporal_pooled,Melanocyte,HALLMARK P53 PATHWAY,141,7.07736150175769,1.9704631812224866,5.013726896742589,0.014985014985014986,0.000999000999000999,1000,scaled
temporal_pooled,Melanocyte,HALLMARK PANCREAS BETA CELLS,19,-1.7187544656134572,1.9891765412925297,5.172559929924389,0.4682875264270613,0.0010570824524312897,945,scaled
temporal_pooled,Melanocyte,HALLMARK PEROXISOME,78,-1.2423873323553936,2.060021087287423,5.252001293113366,0.6223776223776224,0.000999000999000999,1000,scaled
temporal_pooled,Melanocyte,HALLMARK PI3K AKT MTOR SIGNALING,77,8.131437901888894,1.969167183924434,4.77850622433005,0.007992007992007992,0.000999000999000999,1000,scaled
temporal_pooled,Melanocyte,HALLMARK PROTEIN SECRETION,76,-0.24518606548391486,1.94144611005286,4.898275736942491,0.9100899100899101,0.000999000999000999,1000,scaled
temporal_pooled,Melanocyte,HALLMARK REACTIVE OXYGEN SPECIES PATHWAY,28,0.5432237663284161,1.837886591693567,4.509313449121221,0.8109756097560976,0.0010162601626016261,983,scaled
temporal_pooled,Melanocyte,HALLMARK SPERMATOGENESIS,74,-0.8546908365974369,2.042412378695418,5.063744979101193,0.7362637362637363,0.000999000999000999,1000,scaled
temporal_pooled,Melanocyte,HALLMARK TGF BETA SIGNALING,40,2.0407352667085106,1.882413216220111,4.801836578268068,0.35843373493975905,0.001004016064257028,995,scaled
temporal_pooled,Melanocyte,HALLMARK TNFA SIGNALING VIA NFKB,164,3.3729038071079183,1.9458977880695854,5.170468547662818,0.17082917082917082,0.000999000999000999,1000,scaled
temporal_pooled,Melanocyte,HALLMARK UNFOLDED PROTEIN RESPONSE,79,3.54026841535357,1.9212389666352452,4.909402970654979,0.13386613386613386,0.000999000999000999,1000,scaled
temporal_pooled,Melanocyte,HALLMARK UV RESPONSE DN,128,-0.414975159579478,2.0012170548725643,5.169601397919972,0.8651348651348651,0.000999000999000999,1000,scaled
temporal_pooled,Melanocyte,HALLMARK UV RESPONSE UP,104,4.91758585800655,1.995593628948021,5.093993276821275,0.057942057942057944,0.000999000999000999,1000,scaled
temporal_pooled,Melanocyte,HALLMARK WNT BETA CATENIN SIGNALING,29,0.13502987245161524,1.9948262311835858,5.024341808283004,0.9565656565656566,0.00101010101010101,989,scaled
temporal_pooled,Melanocyte,HALLMARK XENOBIOTIC METABOLISM,136,3.1740707236599097,2.011217621053408,5.105978357493406,0.1928071928071928,0.000999000999000999,1000,scaled
temporal_pooled,Melanocyte,Lysosomal Genes,138,0.3881648299049982,2.003099208979854,5.411378398158869,0.8701298701298701,0.000999000999000999,1000,scaled
temporal_bytimepoint,Fibroblast_4_days,HALLMARK ADIPOGENESIS,142,1.4910914316624264,2.8118299083621645,7.8179441607409705,0.5984015984015985,0.000999000999000999,1000,scaled
temporal_bytimepoint,Fibroblast_4_days,HALLMARK ALLOGRAFT REJECTION,133,4.652395205497012,2.7238782299469886,8.16507217219703,0.16583416583416583,0.000999000999000999,1000,scaled
temporal_bytimepoint,Fibroblast_4_days,HALLMARK ANDROGEN RESPONSE,75,-9.571657041352756,2.67639086356174,7.610172847528597,0.01998001998001998,0.000999000999000999,1000,scaled
temporal_bytimepoint,Fibroblast_4_days,HALLMARK ANGIOGENESIS,28,-0.7193143651619975,2.8663397902799215,8.864275809373149,0.7942973523421588,0.0010183299389002036,981,scaled
temporal_bytimepoint,Fibroblast_4_days,HALLMARK APICAL JUNCTION,152,11.092482089897448,2.8333300542060322,7.643788122881033,0.01898101898101898,0.000999000999000999,1000,scaled
temporal_bytimepoint,Fibroblast_4_days,HALLMARK APICAL SURFACE,31,-3.3967436121448826,2.7700847749484487,7.432013154847315,0.24898785425101214,0.0010121457489878543,987,scaled
temporal_bytimepoint,Fibroblast_4_days,HALLMARK APOPTOSIS,123,1.582018618284789,2.860065825127661,7.949708247739657,0.6003996003996004,0.000999000999000999,1000,scaled
temporal_bytimepoint,Fibroblast_4_days,HALLMARK BILE ACID METABOLISM,79,1.5898678262920292,2.72326257160757,7.3569372950293195,0.5854145854145855,0.000999000999000999,1000,scaled
temporal_bytimepoint,Fibroblast_4_days,HALLMARK CHOLESTEROL HOMEOSTASIS,58,-1.5253105942643508,2.7452955752953816,7.790412196559245,0.597,0.001,999,scaled
temporal_bytimepoint,Fibroblast_4_days,HALLMARK COAGULATION,77,7.565633028121647,2.765909605838472,7.558074591327644,0.04995004995004995,0.000999000999000999,1000,scaled
temporal_bytimepoint,Fibroblast_4_days,HALLMARK COMPLEMENT,127,1.7722749545822691,2.952692731747513,8.236913582436921,0.5604395604395604,0.000999000999000999,1000,scaled
temporal_bytimepoint,Fibroblast_4_days,HALLMARK DNA REPAIR,93,1.7144149204808783,2.744779356478736,7.4225331139945885,0.5754245754245755,0.000999000999000999,1000,scaled
temporal_bytimepoint,Fibroblast_4_days,HALLMARK E2F TARGETS,136,12.302281568771885,2.680602973066119,7.604640792555526,0.01098901098901099,0.000999000999000999,1000,scaled
temporal_bytimepoint,Fibroblast_4_days,HALLMARK EPITHELIAL MESENCHYMAL TRANSITION,153,-3.1920161774931146,2.6366498324402685,7.560416394098676,0.2967032967032967,0.000999000999000999,1000,scaled
temporal_bytimepoint,Fibroblast_4_days,HALLMARK ESTROGEN RESPONSE EARLY,150,-1.792340573181162,2.9320878460060276,7.991528322962195,0.5884115884115884,0.000999000999000999,1000,scaled
temporal_bytimepoint,Fibroblast_4_days,HALLMARK ESTROGEN RESPONSE LATE,150,-12.06839265429808,2.6939072041003764,7.339966175833011,0.01098901098901099,0.000999000999000999,1000,scaled
temporal_bytimepoint,Fibroblast_4_days,HALLMARK FATTY ACID METABOLISM,107,-1.6527877488985312,2.5359341445962196,6.7558105105179695,0.5474525474525475,0.000999000999000999,1000,scaled
temporal_bytimepoint,Fibroblast_4_days,HALLMARK G2M CHECKPOINT,142,20.424428626191986,2.8607978540869863,8.208415325857748,0.004995004995004995,0.000999000999000999,1000,scaled
temporal_bytimepoint,Fibroblast_4_days,HALLMARK GLYCOLYSIS,139,-0.9660650587608106,2.905188471112092,8.387688397459181,0.7412587412587412,0.000999000999000999,1000,scaled
temporal_bytimepoint,Fibroblast_4_days,HALLMARK HEDGEHOG SIGNALING,32,-3.07371336467512,2.8380462707450347,7.8118140467592765,0.329938900203666,0.0010183299389002036,981,scaled
temporal_bytimepoint,Fibroblast_4_days,HALLMARK HEME METABOLISM,142,9.216037194303652,2.785756558491454,7.93736696330449,0.027972027972027972,0.000999000999000999,1000,scaled
temporal_bytimepoint,Fibroblast_4_days,HALLMARK HYPOXIA,142,8.457004416339231,2.6493467288597476,7.643884080226125,0.03696303696303696,0.000999000999000999,1000,scaled
temporal_bytimepoint,Fibroblast_4_days,HALLMARK IL2 STAT5 SIGNALING,148,2.2407232027490216,2.7392339418036107,7.207170354917124,0.45254745254745254,0.000999000999000999,1000,scaled
temporal_bytimepoint,Fibroblast_4_days,HALLMARK IL6 JAK STAT3 SIGNALING,57,-3.5006523449261038,2.8607807173365782,8.01386542216459,0.272,0.001,999,scaled
temporal_bytimepoint,Fibroblast_4_days,HALLMARK INFLAMMATORY RESPONSE,146,12.33508311081019,2.6937338473563006,7.289359458275049,0.015984015984015984,0.000999000999000999,1000,scaled
temporal_bytimepoint,Fibroblast_4_days,HALLMARK INTERFERON ALPHA RESPONSE,66,-0.6501129030046788,2.6604996876887865,7.56602923346668,0.8201798201798202,0.000999000999000999,1000,scaled
temporal_bytimepoint,Fibroblast_4_days,HALLMARK INTERFERON GAMMA RESPONSE,134,5.294347208523405,2.9179436435479174,8.070563553702817,0.14585414585414586,0.000999000999000999,1000,scaled
temporal_bytimepoint,Fibroblast_4_days,HALLMARK KRAS SIGNALING DN,110,-0.37807241364401856,2.896543970833327,8.410637268520539,0.8951048951048951,0.000999000999000999,1000,scaled
temporal_bytimepoint,Fibroblast_4_days,HALLMARK KRAS SIGNALING UP,155,4.759332265668723,2.6688581781499896,7.363949434882751,0.15884115884115885,0.000999000999000999,1000,scaled
temporal_bytimepoint,Fibroblast_4_days,HALLMARK MITOTIC SPINDLE,159,18.81372265373541,2.6733060838662484,7.6986785248586465,0.000999000999000999,0.000999000999000999,1000,scaled
temporal_bytimepoint,Fibroblast_4_days,HALLMARK MTORC1 SIGNALING,131,1.8743855795923214,2.995975131930045,8.841711607630918,0.5414585414585414,0.000999000999000999,1000,scaled
temporal_bytimepoint,Fibroblast_4_days,HALLMARK MYC TARGETS,137,-11.249571313366273,2.7797473515366464,7.800957058783361,0.01998001998001998,0.000999000999000999,1000,scaled
temporal_bytimepoint,Fibroblast_4_days,HALLMARK MYOGENESIS,156,5.576626845785931,2.5946767556267796,7.3017763012952415,0.0969030969030969,0.000999000999000999,1000,scaled
temporal_bytimepoint,Fibroblast_4_days,HALLMARK NOTCH SIGNALING,26,-2.3757440927649043,2.9338701901834585,8.769852411720564,0.4233128834355828,0.0010224948875255625,977,scaled
temporal_bytimepoint,Fibroblast_4_days,HALLMARK OXIDATIVE PHOSPHORYLATION,103,-2.472301737591785,2.845023457222903,7.78024500604771,0.43456543456543456,0.000999000999000999,1000,scaled
temporal_bytimepoint,Fibroblast_4_days,HALLMARK P53 PATHWAY,141,3.8063672475929375,2.9331058444290337,8.627385037310367,0.25674325674325676,0.000999000999000999,1000,scaled
temporal_bytimepoint,Fibroblast_4_days,HALLMARK PANCREAS BETA CELLS,19,-0.24591745530029008,2.7519492637379295,8.124633306345952,0.9136612021857924,0.001092896174863388,914,scaled
temporal_bytimepoint,Fibroblast_4_days,HALLMARK PEROXISOME,78,0.5868549008633941,2.746564669345127,7.675376832170211,0.8381618381618382,0.000999000999000999,1000,scaled
temporal_bytimepoint,Fibroblast_4_days,HALLMARK PI3K AKT MTOR SIGNALING,77,6.28774780305082,2.7128358728176267,7.902847641707506,0.078,0.001,999,scaled
temporal_bytimepoint,Fibroblast_4_days,HALLMARK PROTEIN SECRETION,76,4.538693358018889,2.7534291530075397,8.079616216765466,0.17482517482517482,0.000999000999000999,1000,scaled
temporal_bytimepoint,Fibroblast_4_days,HALLMARK REACTIVE OXYGEN SPECIES PATHWAY,28,-1.6851474048645843,2.8336700716061767,8.603665955843487,0.5574948665297741,0.001026694045174538,973,scaled
temporal_bytimepoint,Fibroblast_4_days,HALLMARK SPERMATOGENESIS,74,0.27619051090332364,2.7124780183345734,8.190791395305327,0.926073926073926,0.000999000999000999,1000,scaled
temporal_bytimepoint,Fibroblast_4_days,HALLMARK TGF BETA SIGNALING,40,-2.200315997679664,2.8633201263910055,8.865755409076277,0.4738430583501006,0.001006036217303823,993,scaled
temporal_bytimepoint,Fibroblast_4_days,HALLMARK TNFA SIGNALING VIA NFKB,164,2.403018670415437,2.9921839236031347,8.148742143371528,0.45454545454545453,0.000999000999000999,1000,scaled
temporal_bytimepoint,Fibroblast_4_days,HALLMARK UNFOLDED PROTEIN RESPONSE,79,7.378652961562128,2.839171934099382,7.781267866584082,0.061938061938061936,0.000999000999000999,1000,scaled
temporal_bytimepoint,Fibroblast_4_days,HALLMARK UV RESPONSE DN,128,-2.5526788636691315,2.774471205117442,7.533622826394436,0.4035964035964036,0.000999000999000999,1000,scaled
temporal_bytimepoint,Fibroblast_4_days,HALLMARK UV RESPONSE UP,104,3.252902080737713,2.974540017105683,8.195963695006048,0.32367632367632365,0.000999000999000999,1000,scaled
temporal_bytimepoint,Fibroblast_4_days,HALLMARK WNT BETA CATENIN SIGNALING,29,1.5453304889812058,2.68496020974888,8.263450883260298,0.595116988809766,0.001017293997965412,982,scaled
temporal_bytimepoint,Fibroblast_4_days,HALLMARK XENOBIOTIC METABOLISM,136,0.4609858780036558,2.7008451216186082,7.748854152518999,0.8481518481518482,0.000999000999000999,1000,scaled
temporal_bytimepoint,Fibroblast_4_days,Lysosomal Genes,138,-0.4832750370632915,2.7887433553815315,8.093022830912004,0.8691308691308691,0.000999000999000999,1000,scaled
temporal_bytimepoint,Fibroblast_10_days,HALLMARK ADIPOGENESIS,142,1.4058970361709564,2.463141164742102,6.608007109378021,0.6223776223776224,0.000999000999000999,1000,scaled
temporal_bytimepoint,Fibroblast_10_days,HALLMARK ALLOGRAFT REJECTION,133,2.7024751362809605,2.428414121213155,6.466954644204096,0.3336663336663337,0.000999000999000999,1000,scaled
temporal_bytimepoint,Fibroblast_10_days,HALLMARK ANDROGEN RESPONSE,75,-8.523162552009838,2.392924531668801,6.67408842317031,0.026973026973026972,0.000999000999000999,1000,scaled
temporal_bytimepoint,Fibroblast_10_days,HALLMARK ANGIOGENESIS,28,7.160487341660863,2.4104112961865067,7.094342449771265,0.0508646998982706,0.001017293997965412,982,scaled
temporal_bytimepoint,Fibroblast_10_days,HALLMARK APICAL JUNCTION,152,9.903437004709735,2.453330033049237,6.8661543294343605,0.016983016983016984,0.000999000999000999,1000,scaled
temporal_bytimepoint,Fibroblast_10_days,HALLMARK APICAL SURFACE,31,-1.0288946064545628,2.3337428666787536,6.339287558411816,0.7148634984833164,0.0010111223458038423,988,scaled
temporal_bytimepoint,Fibroblast_10_days,HALLMARK APOPTOSIS,123,2.763604483958251,2.507350241101369,6.897547412263249,0.34065934065934067,0.000999000999000999,1000,scaled
temporal_bytimepoint,Fibroblast_10_days,HALLMARK BILE ACID METABOLISM,79,2.69665097572655,2.5287580101352543,6.650226849531223,0.36563436563436563,0.000999000999000999,1000,scaled
temporal_bytimepoint,Fibroblast_10_days,HALLMARK CHOLESTEROL HOMEOSTASIS,58,-0.5090398942061142,2.3856376897275005,6.359870990738453,0.8611388611388612,0.000999000999000999,1000,scaled
temporal_bytimepoint,Fibroblast_10_days,HALLMARK COAGULATION,77,3.5248452399592183,2.4509400302096833,6.680136834013919,0.23776223776223776,0.000999000999000999,1000,scaled
temporal_bytimepoint,Fibroblast_10_days,HALLMARK COMPLEMENT,127,3.1018856041332286,2.4533941104724977,6.913597372564091,0.27972027972027974,0.000999000999000999,1000,scaled
temporal_bytimepoint,Fibroblast_10_days,HALLMARK DNA REPAIR,93,2.2228274774029684,2.4018234846125366,6.654797867102117,0.4255744255744256,0.000999000999000999,1000,scaled
temporal_bytimepoint,Fibroblast_10_days,HALLMARK E2F TARGETS,136,6.405517054584609,2.369408145887203,6.247328961906962,0.04895104895104895,0.000999000999000999,1000,scaled
temporal_bytimepoint,Fibroblast_10_days,HALLMARK EPITHELIAL MESENCHYMAL TRANSITION,153,-2.321877792174311,2.3890275972540116,6.714557953706021,0.3956043956043956,0.000999000999000999,1000,scaled
temporal_bytimepoint,Fibroblast_10_days,HALLMARK ESTROGEN RESPONSE EARLY,150,-1.3150325796396038,2.537588874593339,7.015684385159261,0.6393606393606394,0.000999000999000999,1000,scaled
temporal_bytimepoint,Fibroblast_10_days,HALLMARK ESTROGEN RESPONSE LATE,150,-3.0819087636770286,2.435469254865493,6.3709820926622704,0.2777222777222777,0.000999000999000999,1000,scaled
temporal_bytimepoint,Fibroblast_10_days,HALLMARK FATTY ACID METABOLISM,107,2.17637421749543,2.3256482852507157,6.240636272920242,0.4145854145854146,0.000999000999000999,1000,scaled
temporal_bytimepoint,Fibroblast_10_days,HALLMARK G2M CHECKPOINT,142,9.806160761948707,2.5444342648490994,7.3165389720653735,0.017982017982017984,0.000999000999000999,1000,scaled
temporal_bytimepoint,Fibroblast_10_days,HALLMARK GLYCOLYSIS,139,-0.2946813888785433,2.553371050183061,7.4451277817271295,0.919080919080919,0.000999000999000999,1000,scaled
temporal_bytimepoint,Fibroblast_10_days,HALLMARK HEDGEHOG SIGNALING,32,-3.608255912721023,2.405694844662668,6.316575890166931,0.20426829268292682,0.0010162601626016261,983,scaled
temporal_bytimepoint,Fibroblast_10_days,HALLMARK HEME METABOLISM,142,9.945048312726001,2.499890205079224,7.074202032042394,0.013986013986013986,0.000999000999000999,1000,scaled
temporal_bytimepoint,Fibroblast_10_days,HALLMARK HYPOXIA,142,0.9799487182789763,2.3564506433893033,6.459322931284786,0.7122877122877123,0.000999000999000999,1000,scaled
temporal_bytimepoint,Fibroblast_10_days,HALLMARK IL2 STAT5 SIGNALING,148,0.0662048585666907,2.4863900272616353,6.729900121653061,0.98001998001998,0.000999000999000999,1000,scaled
temporal_bytimepoint,Fibroblast_10_days,HALLMARK IL6 JAK STAT3 SIGNALING,57,-4.50723117666017,2.57473358299968,7.209352362288741,0.148,0.001,999,scaled
temporal_bytimepoint,Fibroblast_10_days,HALLMARK INFLAMMATORY RESPONSE,146,6.22212222811158,2.3204841538010377,6.344260098522849,0.056943056943056944,0.000999000999000999,1000,scaled
temporal_bytimepoint,Fibroblast_10_days,HALLMARK INTERFERON ALPHA RESPONSE,66,0.16476162485969437,2.336870586254773,6.549209713063538,0.952047952047952,0.000999000999000999,1000,scaled
temporal_bytimepoint,Fibroblast_10_days,HALLMARK INTERFERON GAMMA RESPONSE,134,5.202788038075428,2.4496924100089412,6.527314413000114,0.0969030969030969,0.000999000999000999,1000,scaled
temporal_bytimepoint,Fibroblast_10_days,HALLMARK KRAS SIGNALING DN,110,-1.2861293369212687,2.535418286816924,6.539476508153306,0.6523476523476524,0.000999000999000999,1000,scaled
temporal_bytimepoint,Fibroblast_10_days,HALLMARK KRAS SIGNALING UP,155,3.572153997253604,2.350160558090142,6.389318272169217,0.1958041958041958,0.000999000999000999,1000,scaled
temporal_bytimepoint,Fibroblast_10_days,HALLMARK MITOTIC SPINDLE,159,12.60087970971046,2.4349309504226646,6.5630918063142945,0.006993006993006993,0.000999000999000999,1000,scaled
temporal_bytimepoint,Fibroblast_10_days,HALLMARK MTORC1 SIGNALING,131,2.0754615334278155,2.5472946622958896,7.3050887143856995,0.4675324675324675,0.000999000999000999,1000,scaled
temporal_bytimepoint,Fibroblast_10_days,HALLMARK MYC TARGETS,137,-2.209441041941656,2.4861748226648315,7.013652159508371,0.42157842157842157,0.000999000999000999,1000,scaled
temporal_bytimepoint,Fibroblast_10_days,HALLMARK MYOGENESIS,156,3.9936173400497856,2.283111464981578,6.215722380747461,0.15884115884115885,0.000999000999000999,1000,scaled
temporal_bytimepoint,Fibroblast_10_days,HALLMARK NOTCH SIGNALING,26,-2.7906151867828743,2.52726907091237,7.090479297259273,0.33537832310838445,0.0010224948875255625,977,scaled
temporal_bytimepoint,Fibroblast_10_days,HALLMARK OXIDATIVE PHOSPHORYLATION,103,-2.825208825227039,2.5270469079522844,6.750728107046031,0.3386613386613387,0.000999000999000999,1000,scaled
temporal_bytimepoint,Fibroblast_10_days,HALLMARK P53 PATHWAY,141,3.069440413532943,2.437518113481542,6.577036668873542,0.2937062937062937,0.000999000999000999,1000,scaled
temporal_bytimepoint,Fibroblast_10_days,HALLMARK PANCREAS BETA CELLS,19,0.49278588526031186,2.4562267145882566,6.797868010780986,0.861504907306434,0.0010905125408942203,916,scaled
temporal_bytimepoint,Fibroblast_10_days,HALLMARK PEROXISOME,78,4.947652667274659,2.428280869889806,6.384024236331007,0.11588411588411589,0.000999000999000999,1000,scaled
temporal_bytimepoint,Fibroblast_10_days,HALLMARK PI3K AKT MTOR SIGNALING,77,3.1967213061923703,2.4662779313739125,6.393636774343112,0.286,0.001,999,scaled
temporal_bytimepoint,Fibroblast_10_days,HALLMARK PROTEIN SECRETION,76,9.241456837478406,2.4218568467517985,6.798721926036022,0.01898101898101898,0.000999000999000999,1000,scaled
temporal_bytimepoint,Fibroblast_10_days,HALLMARK REACTIVE OXYGEN SPECIES PATHWAY,28,-1.6364886233097928,2.2808686069542414,6.235689160834047,0.5158974358974359,0.0010256410256410256,974,scaled
temporal_bytimepoint,Fibroblast_10_days,HALLMARK SPERMATOGENESIS,74,0.8861709377349173,2.5589283167260346,7.039976328191238,0.7602397602397603,0.000999000999000999,1000,scaled
temporal_bytimepoint,Fibroblast_10_days,HALLMARK TGF BETA SIGNALING,40,-1.220494004719399,2.5182998851980916,7.109117894584606,0.6552763819095477,0.0010050251256281408,994,scaled
temporal_bytimepoint,Fibroblast_10_days,HALLMARK TNFA SIGNALING VIA NFKB,164,0.6785771688593814,2.644984755487315,7.236351797866828,0.8331668331668332,0.000999000999000999,1000,scaled
temporal_bytimepoint,Fibroblast_10_days,HALLMARK UNFOLDED PROTEIN RESPONSE,79,7.449240027674384,2.450046564632519,6.405665702522335,0.03396603396603397,0.000999000999000999,1000,scaled
temporal_bytimepoint,Fibroblast_10_days,HALLMARK UV RESPONSE DN,128,-1.6269399806438467,2.505654115635477,6.955649175206151,0.5674325674325674,0.000999000999000999,1000,scaled
temporal_bytimepoint,Fibroblast_10_days,HALLMARK UV RESPONSE UP,104,2.1190600559373993,2.5623803295031777,6.994128757533999,0.47052947052947053,0.000999000999000999,1000,scaled
temporal_bytimepoint,Fibroblast_10_days,HALLMARK WNT BETA CATENIN SIGNALING,29,3.209592929895251,2.4635387475851447,7.067754854534246,0.25127161749745675,0.001017293997965412,982,scaled
temporal_bytimepoint,Fibroblast_10_days,HALLMARK XENOBIOTIC METABOLISM,136,-0.29816594035186694,2.3923487109547623,6.0740331279324895,0.913086913086913,0.000999000999000999,1000,scaled
temporal_bytimepoint,Fibroblast_10_days,Lysosomal Genes,138,0.5096726660549569,2.455564755579632,6.973268125765886,0.8551448551448552,0.000999000999000999,1000,scaled
temporal_bytimepoint,Fibroblast_20_days,HALLMARK ADIPOGENESIS,142,2.5316805752625444,3.6474400461331427,9.812188026395852,0.5644355644355644,0.000999000999000999,1000,scaled
temporal_bytimepoint,Fibroblast_20_days,HALLMARK ALLOGRAFT REJECTION,133,15.606552812259505,3.7170444739248896,10.55024272355431,0.013986013986013986,0.000999000999000999,1000,scaled
temporal_bytimepoint,Fibroblast_20_days,HALLMARK ANDROGEN RESPONSE,75,-14.773743768455905,3.70732244073099,10.007053117882828,0.012987012987012988,0.000999000999000999,1000,scaled
temporal_bytimepoint,Fibroblast_20_days,HALLMARK ANGIOGENESIS,28,9.915605158680268,3.688181498247267,11.355443716567471,0.07019328585961343,0.001017293997965412,982,scaled
temporal_bytimepoint,Fibroblast_20_days,HALLMARK APICAL JUNCTION,152,13.453844613411007,3.7722357716955632,9.899195887892445,0.01998001998001998,0.000999000999000999,1000,scaled
temporal_bytimepoint,Fibroblast_20_days,HALLMARK APICAL SURFACE,31,-16.775616422575332,3.5823810773361413,10.51226908340825,0.00708502024291498,0.0010121457489878543,987,scaled
temporal_bytimepoint,Fibroblast_20_days,HALLMARK APOPTOSIS,123,2.864204625449259,3.7836381501713023,9.94354944163361,0.5024975024975025,0.000999000999000999,1000,scaled
temporal_bytimepoint,Fibroblast_20_days,HALLMARK BILE ACID METABOLISM,79,2.0696434123023644,3.842116940293555,10.59908931917812,0.6293706293706294,0.000999000999000999,1000,scaled
temporal_bytimepoint,Fibroblast_20_days,HALLMARK CHOLESTEROL HOMEOSTASIS,58,-1.7613873352760732,3.7406635308757488,10.933099779163442,0.6563436563436563,0.000999000999000999,1000,scaled
temporal_bytimepoint,Fibroblast_20_days,HALLMARK COAGULATION,77,12.988398162589965,3.7999517985504943,11.140661469260731,0.025974025974025976,0.000999000999000999,1000,scaled
temporal_bytimepoint,Fibroblast_20_days,HALLMARK COMPLEMENT,127,7.967111349381457,3.7335187421046565,9.545562162523641,0.0989010989010989,0.000999000999000999,1000,scaled
temporal_bytimepoint,Fibroblast_20_days,HALLMARK DNA REPAIR,93,2.0338641698274498,3.6892600190850766,9.819291357240509,0.6283716283716284,0.000999000999000999,1000,scaled
temporal_bytimepoint,Fibroblast_20_days,HALLMARK E2F TARGETS,136,10.262587925890298,3.6193598161944016,9.421033178505029,0.04195804195804196,0.000999000999000999,1000,scaled
temporal_bytimepoint,Fibroblast_20_days,HALLMARK EPITHELIAL MESENCHYMAL TRANSITION,153,-1.8462908043321056,3.6244374166520776,10.02911070670625,0.6443556443556444,0.000999000999000999,1000,scaled
temporal_bytimepoint,Fibroblast_20_days,HALLMARK ESTROGEN RESPONSE EARLY,150,-1.1027003310067327,3.95854663676325,10.807055273342467,0.8021978021978022,0.000999000999000999,1000,scaled
temporal_bytimepoint,Fibroblast_20_days,HALLMARK ESTROGEN RESPONSE LATE,150,-9.12473128752491,3.722535562154675,9.752113281751766,0.058941058941058944,0.000999000999000999,1000,scaled
temporal_bytimepoint,Fibroblast_20_days,HALLMARK FATTY ACID METABOLISM,107,6.140471560467663,3.621831146028041,10.10207445000215,0.16283716283716285,0.000999000999000999,1000,scaled
temporal_bytimepoint,Fibroblast_20_days,HALLMARK G2M CHECKPOINT,142,21.518890868754347,3.776859165342459,10.468161842045483,0.005994005994005994,0.000999000999000999,1000,scaled
temporal_bytimepoint,Fibroblast_20_days,HALLMARK GLYCOLYSIS,139,1.2012166266457343,3.8512042692214745,10.638564430850577,0.7942057942057942,0.000999000999000999,1000,scaled
temporal_bytimepoint,Fibroblast_20_days,HALLMARK HEDGEHOG SIGNALING,32,-3.650620996601561,3.6519590147528986,11.029178129964826,0.3640973630831643,0.0010141987829614604,985,scaled
temporal_bytimepoint,Fibroblast_20_days,HALLMARK HEME METABOLISM,142,14.728785969083527,3.8074005460023965,9.847144992589984,0.01998001998001998,0.000999000999000999,1000,scaled
temporal_bytimepoint,Fibroblast_20_days,HALLMARK HYPOXIA,142,11.111458147622395,3.5920653147223365,10.144540817576004,0.03996003996003996,0.000999000999000999,1000,scaled
temporal_bytimepoint,Fibroblast_20_days,HALLMARK IL2 STAT5 SIGNALING,148,-2.368855332555703,3.7363681153620525,10.430333128382692,0.5584415584415584,0.000999000999000999,1000,scaled
temporal_bytimepoint,Fibroblast_20_days,HALLMARK IL6 JAK STAT3 SIGNALING,57,-6.155960431911092,3.8887684135346574,10.5519193714464,0.19,0.001,999,scaled
temporal_bytimepoint,Fibroblast_20_days,HALLMARK INFLAMMATORY RESPONSE,146,9.576363389721879,3.529502554253929,9.27015341580972,0.04395604395604396,0.000999000999000999,1000,scaled
temporal_bytimepoint,Fibroblast_20_days,HALLMARK INTERFERON ALPHA RESPONSE,66,-2.1726779917874652,3.6997535827744614,10.418512550467184,0.6003996003996004,0.000999000999000999,1000,scaled
temporal_bytimepoint,Fibroblast_20_days,HALLMARK INTERFERON GAMMA RESPONSE,134,4.140852594022458,3.696485175749885,10.250810891165496,0.3306693306693307,0.000999000999000999,1000,scaled
temporal_bytimepoint,Fibroblast_20_days,HALLMARK KRAS SIGNALING DN,110,-0.6929512939766518,3.832857820231686,10.650586629913251,0.8711288711288712,0.000999000999000999,1000,scaled
temporal_bytimepoint,Fibroblast_20_days,HALLMARK KRAS SIGNALING UP,155,6.909166959943593,3.626263049047001,10.062552653851307,0.12887112887112886,0.000999000999000999,1000,scaled
temporal_bytimepoint,Fibroblast_20_days,HALLMARK MITOTIC SPINDLE,159,18.06587208992406,3.842757037932515,10.619935691544976,0.00999000999000999,0.000999000999000999,1000,scaled
temporal_bytimepoint,Fibroblast_20_days,HALLMARK MTORC1 SIGNALING,131,2.6718268711227133,3.889299599872815,11.181440026443527,0.5404595404595405,0.000999000999000999,1000,scaled
temporal_bytimepoint,Fibroblast_20_days,HALLMARK MYC TARGETS,137,-12.746095496866657,3.8078494501923474,10.31377315520111,0.027972027972027972,0.000999000999000999,1000,scaled
temporal_bytimepoint,Fibroblast_20_days,HALLMARK MYOGENESIS,156,6.100146424336341,3.599716739134105,9.639890195710723,0.15484515484515485,0.000999000999000999,1000,scaled
temporal_bytimepoint,Fibroblast_20_days,HALLMARK NOTCH SIGNALING,26,-1.8741040584376625,3.8377897492189947,11.103539173697847,0.6298568507157464,0.0010224948875255625,977,scaled
temporal_bytimepoint,Fibroblast_20_days,HALLMARK OXIDATIVE PHOSPHORYLATION,103,-1.6693056720052108,3.86473392573209,10.572484896999352,0.7072927072927073,0.000999000999000999,1000,scaled
temporal_bytimepoint,Fibroblast_20_days,HALLMARK P53 PATHWAY,141,4.0169051398017634,3.768926982155092,10.435657760973255,0.3546453546453546,0.000999000999000999,1000,scaled
temporal_bytimepoint,Fibroblast_20_days,HALLMARK PANCREAS BETA CELLS,19,2.6935378965900565,3.8900179438699616,11.838761219015852,0.5200433369447454,0.0010834236186348862,922,scaled
temporal_bytimepoint,Fibroblast_20_days,HALLMARK PEROXISOME,78,4.845179668156602,3.657603759001746,9.906616438863905,0.26873126873126874,0.000999000999000999,1000,scaled
temporal_bytimepoint,Fibroblast_20_days,HALLMARK PI3K AKT MTOR SIGNALING,77,4.610686514824442,3.7156954782374276,9.939686815547768,0.296,0.001,999,scaled
temporal_bytimepoint,Fibroblast_20_days,HALLMARK PROTEIN SECRETION,76,11.021738029592992,3.738269728337795,10.630015495229229,0.04595404595404595,0.000999000999000999,1000,scaled
temporal_bytimepoint,Fibroblast_20_days,HALLMARK REACTIVE OXYGEN SPECIES PATHWAY,28,-29.791842014445923,3.6063935146276926,10.319825395627017,0.0020512820512820513,0.0010256410256410256,974,scaled
temporal_bytimepoint,Fibroblast_20_days,HALLMARK SPERMATOGENESIS,74,3.616067756067203,3.8711219234466197,9.869359681836423,0.43156843156843155,0.000999000999000999,1000,scaled
temporal_bytimepoint,Fibroblast_20_days,HALLMARK TGF BETA SIGNALING,40,-2.113353411574057,3.7832126511691517,10.580866422326096,0.6,0.0010050251256281408,994,scaled
temporal_bytimepoint,Fibroblast_20_days,HALLMARK TNFA SIGNALING VIA NFKB,164,3.8949210014732527,3.99561962757433,11.172962460622553,0.3886113886113886,0.000999000999000999,1000,scaled
temporal_bytimepoint,Fibroblast_20_days,HALLMARK UNFOLDED PROTEIN RESPONSE,79,10.167816745692368,3.4741129353030518,9.36734958781165,0.04095904095904096,0.000999000999000999,1000,scaled
temporal_bytimepoint,Fibroblast_20_days,HALLMARK UV RESPONSE DN,128,-1.652207654006962,3.842232375044654,11.053953963177511,0.6953046953046953,0.000999000999000999,1000,scaled
temporal_bytimepoint,Fibroblast_20_days,HALLMARK UV RESPONSE UP,104,3.455596658299435,4.1596307191022115,11.5312785951311,0.46653346653346656,0.000999000999000999,1000,scaled
temporal_bytimepoint,Fibroblast_20_days,HALLMARK WNT BETA CATENIN SIGNALING,29,3.6807760067866777,3.8316442805180144,10.726196992853394,0.4071065989847716,0.0010152284263959391,984,scaled
temporal_bytimepoint,Fibroblast_20_days,HALLMARK XENOBIOTIC METABOLISM,136,2.774681143582465,3.597478222801037,9.097805749166259,0.5224775224775224,0.000999000999000999,1000,scaled
temporal_bytimepoint,Fibroblast_20_days,Lysosomal Genes,138,2.9277391887166844,3.7319591756472823,10.084544570656771,0.4825174825174825,0.000999000999000999,1000,scaled
temporal_bytimepoint,Keratinocyte_4_days,HALLMARK ADIPOGENESIS,142,3.4606863588922816,0.9740233668805738,2.803556646361518,0.02197802197802198,0.000999000999000999,1000,scaled
temporal_bytimepoint,Keratinocyte_4_days,HALLMARK ALLOGRAFT REJECTION,133,0.8946792982437468,1.003057933353636,2.796421328167689,0.4225774225774226,0.000999000999000999,1000,scaled
temporal_bytimepoint,Keratinocyte_4_days,HALLMARK ANDROGEN RESPONSE,75,-0.9526390343289032,0.9453627037378831,2.621821915772789,0.3776223776223776,0.000999000999000999,1000,scaled
temporal_bytimepoint,Keratinocyte_4_days,HALLMARK ANGIOGENESIS,28,0.41745150364289996,0.8816885735154384,2.408697429365928,0.6673448626653102,0.001017293997965412,982,scaled
temporal_bytimepoint,Keratinocyte_4_days,HALLMARK APICAL JUNCTION,152,1.4274891168384745,0.9535505932027437,2.6373753842383256,0.21578421578421578,0.000999000999000999,1000,scaled
temporal_bytimepoint,Keratinocyte_4_days,HALLMARK APICAL SURFACE,31,-1.0767791116105396,0.9331082165319714,2.6060309797269077,0.3269035532994924,0.0010152284263959391,984,scaled
temporal_bytimepoint,Keratinocyte_4_days,HALLMARK APOPTOSIS,123,1.9109885879821553,0.9740092678174618,2.6396947058424214,0.11888111888111888,0.000999000999000999,1000,scaled
temporal_bytimepoint,Keratinocyte_4_days,HALLMARK BILE ACID METABOLISM,79,0.051127942745069335,0.9447763807086238,2.561292449352603,0.962037962037962,0.000999000999000999,1000,scaled
temporal_bytimepoint,Keratinocyte_4_days,HALLMARK CHOLESTEROL HOMEOSTASIS,58,1.849869783884983,0.9362846080876306,2.648055242842109,0.12787212787212787,0.000999000999000999,1000,scaled
temporal_bytimepoint,Keratinocyte_4_days,HALLMARK COAGULATION,77,0.9392321526719402,0.9995474569909197,2.78406781820531,0.4115884115884116,0.000999000999000999,1000,scaled
temporal_bytimepoint,Keratinocyte_4_days,HALLMARK COMPLEMENT,127,1.5228177271486105,1.0452432229310076,2.943850799841567,0.22777222777222778,0.000999000999000999,1000,scaled
temporal_bytimepoint,Keratinocyte_4_days,HALLMARK DNA REPAIR,93,-0.3025853625010989,0.9385361495245457,2.493525642495019,0.7792207792207793,0.000999000999000999,1000,scaled
temporal_bytimepoint,Keratinocyte_4_days,HALLMARK E2F TARGETS,136,3.2763980490594755,0.9783039936095731,2.7919567737535895,0.027972027972027972,0.000999000999000999,1000,scaled
temporal_bytimepoint,Keratinocyte_4_days,HALLMARK EPITHELIAL MESENCHYMAL TRANSITION,153,0.47712145569230724,1.0074615602155208,2.8364275977719684,0.6503496503496503,0.000999000999000999,1000,scaled
temporal_bytimepoint,Keratinocyte_4_days,HALLMARK ESTROGEN RESPONSE EARLY,150,-0.6204087900778739,0.9779556789706608,2.6990548041800655,0.5754245754245755,0.000999000999000999,1000,scaled
temporal_bytimepoint,Keratinocyte_4_days,HALLMARK ESTROGEN RESPONSE LATE,150,-0.39375660783073857,0.9414644669627876,2.6784252170190306,0.6743256743256744,0.000999000999000999,1000,scaled
temporal_bytimepoint,Keratinocyte_4_days,HALLMARK FATTY ACID METABOLISM,107,0.2805498849629628,1.0086502359810394,2.7630143554310678,0.7932067932067932,0.000999000999000999,1000,scaled
temporal_bytimepoint,Keratinocyte_4_days,HALLMARK G2M CHECKPOINT,142,3.5196208424509967,0.9792503458942066,2.8047752726511406,0.02097902097902098,0.000999000999000999,1000,scaled
temporal_bytimepoint,Keratinocyte_4_days,HALLMARK GLYCOLYSIS,139,1.9328844145876463,0.9989465254613362,2.8298496654223375,0.13586413586413587,0.000999000999000999,1000,scaled
temporal_bytimepoint,Keratinocyte_4_days,HALLMARK HEDGEHOG SIGNALING,32,-3.435134486184108,0.9487532972909647,2.852517200211778,0.028282828282828285,0.00101010101010101,989,scaled
temporal_bytimepoint,Keratinocyte_4_days,HALLMARK HEME METABOLISM,142,3.232313794368412,0.9750708088097764,2.782503956647318,0.028971028971028972,0.000999000999000999,1000,scaled
temporal_bytimepoint,Keratinocyte_4_days,HALLMARK HYPOXIA,142,1.1694051813328552,0.943564206795788,2.615785204051303,0.2857142857142857,0.000999000999000999,1000,scaled
temporal_bytimepoint,Keratinocyte_4_days,HALLMARK IL2 STAT5 SIGNALING,148,1.1990434319334584,0.973278578498932,2.5899296422563545,0.2917082917082917,0.000999000999000999,1000,scaled
temporal_bytimepoint,Keratinocyte_4_days,HALLMARK IL6 JAK STAT3 SIGNALING,57,-0.8631577840082679,0.9277447028037306,2.578098880000215,0.415,0.001,999,scaled
temporal_bytimepoint,Keratinocyte_4_days,HALLMARK INFLAMMATORY RESPONSE,146,1.5406629965176375,0.9664156711741625,2.6513579106245553,0.1978021978021978,0.000999000999000999,1000,scaled
temporal_bytimepoint,Keratinocyte_4_days,HALLMARK INTERFERON ALPHA RESPONSE,66,-0.0657472383166861,0.9382982101859192,2.8791454313945843,0.9330669330669331,0.000999000999000999,1000,scaled
temporal_bytimepoint,Keratinocyte_4_days,HALLMARK INTERFERON GAMMA RESPONSE,134,0.8949574008887671,0.9580639296415697,2.774453384948399,0.4125874125874126,0.000999000999000999,1000,scaled
temporal_bytimepoint,Keratinocyte_4_days,HALLMARK KRAS SIGNALING DN,110,0.06697466425305529,1.0254937706468663,2.893257892749252,0.945054945054945,0.000999000999000999,1000,scaled
temporal_bytimepoint,Keratinocyte_4_days,HALLMARK KRAS SIGNALING UP,155,0.5070659930454642,0.9488568728303476,2.7575433997743732,0.6253746253746254,0.000999000999000999,1000,scaled
temporal_bytimepoint,Keratinocyte_4_days,HALLMARK MITOTIC SPINDLE,159,1.7365095653384477,0.9996134461816054,2.797014238537161,0.15784215784215785,0.000999000999000999,1000,scaled
temporal_bytimepoint,Keratinocyte_4_days,HALLMARK MTORC1 SIGNALING,131,3.026222608783375,1.0254885453911198,2.7771362009457015,0.03596403596403597,0.000999000999000999,1000,scaled
temporal_bytimepoint,Keratinocyte_4_days,HALLMARK MYC TARGETS,137,0.1507141708478889,0.9996656306617108,2.9850821036989093,0.8901098901098901,0.000999000999000999,1000,scaled
temporal_bytimepoint,Keratinocyte_4_days,HALLMARK MYOGENESIS,156,1.7313744492223901,0.9270717139652982,2.5150715468010234,0.14885114885114886,0.000999000999000999,1000,scaled
temporal_bytimepoint,Keratinocyte_4_days,HALLMARK NOTCH SIGNALING,26,-1.8864577470735884,0.9139472289896624,2.5587993560700846,0.11734693877551021,0.0010204081632653062,979,scaled
temporal_bytimepoint,Keratinocyte_4_days,HALLMARK OXIDATIVE PHOSPHORYLATION,103,-2.3108627365849936,1.012697797524644,2.8403994713487646,0.08291708291708291,0.000999000999000999,1000,scaled
temporal_bytimepoint,Keratinocyte_4_days,HALLMARK P53 PATHWAY,141,4.532997711307451,1.0276815381176279,2.9415192414074425,0.012987012987012988,0.000999000999000999,1000,scaled
temporal_bytimepoint,Keratinocyte_4_days,HALLMARK PANCREAS BETA CELLS,19,-0.9184435504423594,0.9561127579784583,2.758164274366393,0.3963083604777416,0.0010857763300760044,920,scaled
temporal_bytimepoint,Keratinocyte_4_days,HALLMARK PEROXISOME,78,0.5972502946510551,0.9859572044121969,2.7192738979996562,0.5744255744255744,0.000999000999000999,1000,scaled
temporal_bytimepoint,Keratinocyte_4_days,HALLMARK PI3K AKT MTOR SIGNALING,77,3.6022442698822323,0.9616256418424318,2.7168042939424173,0.02097902097902098,0.000999000999000999,1000,scaled
temporal_bytimepoint,Keratinocyte_4_days,HALLMARK PROTEIN SECRETION,76,0.22406395749967947,0.945774869901229,2.477353087650052,0.8271728271728271,0.000999000999000999,1000,scaled
temporal_bytimepoint,Keratinocyte_4_days,HALLMARK REACTIVE OXYGEN SPECIES PATHWAY,28,-1.0839629279730238,0.9300409547204599,2.5148595746107985,0.32440782698249226,0.0010298661174047373,970,scaled
temporal_bytimepoint,Keratinocyte_4_days,HALLMARK SPERMATOGENESIS,74,0.18393577037130143,1.0567466126973613,2.935553278526514,0.8771228771228772,0.000999000999000999,1000,scaled
temporal_bytimepoint,Keratinocyte_4_days,HALLMARK TGF BETA SIGNALING,40,-0.023694250278422334,0.9395796958175607,2.6580503697465865,0.9739478957915831,0.001002004008016032,997,scaled
temporal_bytimepoint,Keratinocyte_4_days,HALLMARK TNFA SIGNALING VIA NFKB,164,2.4143579265626425,0.9590783763783861,2.5923114105398897,0.06793206793206794,0.000999000999000999,1000,scaled
temporal_bytimepoint,Keratinocyte_4_days,HALLMARK UNFOLDED PROTEIN RESPONSE,79,0.15045997701249728,0.968322840164685,2.7464203678921746,0.8861138861138861,0.000999000999000999,1000,scaled
temporal_bytimepoint,Keratinocyte_4_days,HALLMARK UV RESPONSE DN,128,-0.3573003945302735,1.035596561454607,2.8428875820600013,0.7632367632367633,0.000999000999000999,1000,scaled
temporal_bytimepoint,Keratinocyte_4_days,HALLMARK UV RESPONSE UP,104,2.3826387163674645,0.9729446255248334,2.7772325400506928,0.07792207792207792,0.000999000999000999,1000,scaled
temporal_bytimepoint,Keratinocyte_4_days,HALLMARK WNT BETA CATENIN SIGNALING,29,0.12863463646817996,0.9205844294907641,2.5719579215204513,0.8879837067209776,0.0010183299389002036,981,scaled
temporal_bytimepoint,Keratinocyte_4_days,HALLMARK XENOBIOTIC METABOLISM,136,-0.24701646212314438,0.9577414813010854,2.5848415364840718,0.7942057942057942,0.000999000999000999,1000,scaled
temporal_bytimepoint,Keratinocyte_4_days,Lysosomal Genes,138,-0.3386355076242815,0.9809837554484798,2.8426095015839357,0.7252747252747253,0.000999000999000999,1000,scaled
temporal_bytimepoint,Keratinocyte_10_days,HALLMARK ADIPOGENESIS,142,4.6536129258751,1.672635526637056,4.5547753969673135,0.04695304695304695,0.000999000999000999,1000,scaled
temporal_bytimepoint,Keratinocyte_10_days,HALLMARK ALLOGRAFT REJECTION,133,1.1111822835613678,1.7625705115560804,5.2431042190251675,0.5554445554445554,0.000999000999000999,1000,scaled
temporal_bytimepoint,Keratinocyte_10_days,HALLMARK ANDROGEN RESPONSE,75,1.104575255040097,1.7337213454496576,4.779539918884439,0.5614385614385614,0.000999000999000999,1000,scaled
temporal_bytimepoint,Keratinocyte_10_days,HALLMARK ANGIOGENESIS,28,0.958192142532821,1.676306781310332,4.7284733127791325,0.570264765784114,0.0010183299389002036,981,scaled
temporal_bytimepoint,Keratinocyte_10_days,HALLMARK APICAL JUNCTION,152,1.9686342941508732,1.6681882846877711,4.501800858385324,0.3086913086913087,0.000999000999000999,1000,scaled
temporal_bytimepoint,Keratinocyte_10_days,HALLMARK APICAL SURFACE,31,-2.5236826712423217,1.7755952119502774,4.894483849539993,0.23882113821138212,0.0010162601626016261,983,scaled
temporal_bytimepoint,Keratinocyte_10_days,HALLMARK APOPTOSIS,123,-0.2842345966774802,1.7795293581869343,4.913233603732038,0.8761238761238761,0.000999000999000999,1000,scaled
temporal_bytimepoint,Keratinocyte_10_days,HALLMARK BILE ACID METABOLISM,79,1.779807184635368,1.7998156866819557,4.948044066774075,0.3966033966033966,0.000999000999000999,1000,scaled
temporal_bytimepoint,Keratinocyte_10_days,HALLMARK CHOLESTEROL HOMEOSTASIS,58,3.1613282807045957,1.6363420373736635,4.649198181719912,0.12687312687312688,0.000999000999000999,1000,scaled
temporal_bytimepoint,Keratinocyte_10_days,HALLMARK COAGULATION,77,0.7194620651504092,1.7787118527944148,4.9384428065754475,0.7142857142857143,0.000999000999000999,1000,scaled
temporal_bytimepoint,Keratinocyte_10_days,HALLMARK COMPLEMENT,127,1.989321891170706,1.9155396397054547,5.115128845449817,0.35864135864135865,0.000999000999000999,1000,scaled
temporal_bytimepoint,Keratinocyte_10_days,HALLMARK DNA REPAIR,93,-0.6491575606564854,1.7101175018089425,4.813467958916286,0.7502497502497503,0.000999000999000999,1000,scaled
temporal_bytimepoint,Keratinocyte_10_days,HALLMARK E2F TARGETS,136,4.687607524345762,1.6483020026971853,4.6465168993486134,0.05094905094905095,0.000999000999000999,1000,scaled
temporal_bytimepoint,Keratinocyte_10_days,HALLMARK EPITHELIAL MESENCHYMAL TRANSITION,153,0.9902042802417368,1.7638849264932024,4.770191991019486,0.6033966033966034,0.000999000999000999,1000,scaled
temporal_bytimepoint,Keratinocyte_10_days,HALLMARK ESTROGEN RESPONSE EARLY,150,-0.5212529907630117,1.7453880351254694,4.964700376402025,0.8001998001998002,0.000999000999000999,1000,scaled
temporal_bytimepoint,Keratinocyte_10_days,HALLMARK ESTROGEN RESPONSE LATE,150,-2.2056129652521688,1.6852106762678414,4.74530019746453,0.26173826173826176,0.000999000999000999,1000,scaled
temporal_bytimepoint,Keratinocyte_10_days,HALLMARK FATTY ACID METABOLISM,107,1.6390253829733585,1.744676092894138,4.7964176085557755,0.3946053946053946,0.000999000999000999,1000,scaled
temporal_bytimepoint,Keratinocyte_10_days,HALLMARK G2M CHECKPOINT,142,5.854812282172561,1.8166871451181665,5.2964457712332,0.03896103896103896,0.000999000999000999,1000,scaled
temporal_bytimepoint,Keratinocyte_10_days,HALLMARK GLYCOLYSIS,139,1.0313276058260088,1.6901152363262444,4.736367191557285,0.5624375624375625,0.000999000999000999,1000,scaled
temporal_bytimepoint,Keratinocyte_10_days,HALLMARK HEDGEHOG SIGNALING,32,-3.5562422858263023,1.6822470216399785,4.481141280825843,0.11313131313131314,0.00101010101010101,989,scaled
temporal_bytimepoint,Keratinocyte_10_days,HALLMARK HEME METABOLISM,142,5.442253381413815,1.7206462645149272,4.900295818880025,0.029970029970029972,0.000999000999000999,1000,scaled
temporal_bytimepoint,Keratinocyte_10_days,HALLMARK HYPOXIA,142,0.42194230279184797,1.716394446886495,4.926437518344071,0.8291708291708292,0.000999000999000999,1000,scaled
temporal_bytimepoint,Keratinocyte_10_days,HALLMARK IL2 STAT5 SIGNALING,148,0.7567739678032461,1.6292920451116806,4.563543773068052,0.6633366633366633,0.000999000999000999,1000,scaled
temporal_bytimepoint,Keratinocyte_10_days,HALLMARK IL6 JAK STAT3 SIGNALING,57,-1.5549484861767946,1.6457147387461502,4.865663207652508,0.404,0.001,999,scaled
temporal_bytimepoint,Keratinocyte_10_days,HALLMARK INFLAMMATORY RESPONSE,146,2.702955455492467,1.673682331342381,4.879827137221284,0.19080919080919082,0.000999000999000999,1000,scaled
temporal_bytimepoint,Keratinocyte_10_days,HALLMARK INTERFERON ALPHA RESPONSE,66,-0.2020797203387514,1.7174731809331685,4.644037621095257,0.9140859140859141,0.000999000999000999,1000,scaled
temporal_bytimepoint,Keratinocyte_10_days,HALLMARK INTERFERON GAMMA RESPONSE,134,1.1087500760495343,1.7443499889406089,4.58861539873814,0.5674325674325674,0.000999000999000999,1000,scaled
temporal_bytimepoint,Keratinocyte_10_days,HALLMARK KRAS SIGNALING DN,110,0.4102784846599233,1.7787276824734313,5.269322059057833,0.8141858141858141,0.000999000999000999,1000,scaled
temporal_bytimepoint,Keratinocyte_10_days,HALLMARK KRAS SIGNALING UP,155,1.1873098300768796,1.6200715287477205,4.576388032992876,0.4985014985014985,0.000999000999000999,1000,scaled
temporal_bytimepoint,Keratinocyte_10_days,HALLMARK MITOTIC SPINDLE,159,2.5959127108979874,1.7495239269166818,5.102789338402619,0.23976023976023977,0.000999000999000999,1000,scaled
temporal_bytimepoint,Keratinocyte_10_days,HALLMARK MTORC1 SIGNALING,131,5.775354119038652,1.8491750240166098,5.203191858687246,0.03996003996003996,0.000999000999000999,1000,scaled
temporal_bytimepoint,Keratinocyte_10_days,HALLMARK MYC TARGETS,137,-3.218232454318354,1.7536995702398168,4.915111605685943,0.15384615384615385,0.000999000999000999,1000,scaled
temporal_bytimepoint,Keratinocyte_10_days,HALLMARK MYOGENESIS,156,2.178861237183755,1.7160004010912708,4.831342161335074,0.2787212787212787,0.000999000999000999,1000,scaled
temporal_bytimepoint,Keratinocyte_10_days,HALLMARK NOTCH SIGNALING,26,0.8281389575403463,1.6795717065014089,4.449107502882998,0.6451942740286298,0.0010224948875255625,977,scaled
temporal_bytimepoint,Keratinocyte_10_days,HALLMARK OXIDATIVE PHOSPHORYLATION,103,-2.1469595046461514,1.7885882521496634,4.823930871449174,0.2907092907092907,0.000999000999000999,1000,scaled
temporal_bytimepoint,Keratinocyte_10_days,HALLMARK P53 PATHWAY,141,4.614055674876873,1.7008499180662053,4.6448124126184185,0.05194805194805195,0.000999000999000999,1000,scaled
temporal_bytimepoint,Keratinocyte_10_days,HALLMARK PANCREAS BETA CELLS,19,2.425673158911811,1.670810088136744,4.626854903431249,0.24591947769314473,0.001088139281828074,918,scaled
temporal_bytimepoint,Keratinocyte_10_days,HALLMARK PEROXISOME,78,2.8589701252443405,1.6850371405309041,4.654523124056729,0.17282717282717283,0.000999000999000999,1000,scaled
temporal_bytimepoint,Keratinocyte_10_days,HALLMARK PI3K AKT MTOR SIGNALING,77,3.773957677583057,1.7551249887818121,4.721219651693065,0.1068931068931069,0.000999000999000999,1000,scaled
temporal_bytimepoint,Keratinocyte_10_days,HALLMARK PROTEIN SECRETION,76,2.1123879995938233,1.6738651638619126,4.579952950675364,0.2917082917082917,0.000999000999000999,1000,scaled
temporal_bytimepoint,Keratinocyte_10_days,HALLMARK REACTIVE OXYGEN SPECIES PATHWAY,28,-0.6484275591241476,1.7102202855573907,4.487523610053474,0.7162022703818369,0.0010319917440660474,968,scaled
temporal_bytimepoint,Keratinocyte_10_days,HALLMARK SPERMATOGENESIS,74,5.547713980151887,1.834148791868629,5.271466933141803,0.04195804195804196,0.000999000999000999,1000,scaled
temporal_bytimepoint,Keratinocyte_10_days,HALLMARK TGF BETA SIGNALING,40,-0.17885955641052098,1.752834986043105,4.902240951248844,0.921765295887663,0.0010030090270812437,996,scaled
temporal_bytimepoint,Keratinocyte_10_days,HALLMARK TNFA SIGNALING VIA NFKB,164,1.9112022152614954,1.7226609336659153,4.811329439737623,0.32967032967032966,0.000999000999000999,1000,scaled
temporal_bytimepoint,Keratinocyte_10_days,HALLMARK UNFOLDED PROTEIN RESPONSE,79,0.1540460800760633,1.7360675134474945,4.942116864826035,0.9410589410589411,0.000999000999000999,1000,scaled
temporal_bytimepoint,Keratinocyte_10_days,HALLMARK UV RESPONSE DN,128,-0.3238331374186751,1.7090285264180407,4.637189338638648,0.8641358641358642,0.000999000999000999,1000,scaled
temporal_bytimepoint,Keratinocyte_10_days,HALLMARK UV RESPONSE UP,104,3.3291705267072422,1.7036745136331264,4.866854357205566,0.14485514485514486,0.000999000999000999,1000,scaled
temporal_bytimepoint,Keratinocyte_10_days,HALLMARK WNT BETA CATENIN SIGNALING,29,-1.1752931885886622,1.6358379142321287,4.348193914221421,0.5258883248730964,0.0010152284263959391,984,scaled
temporal_bytimepoint,Keratinocyte_10_days,HALLMARK XENOBIOTIC METABOLISM,136,-0.04980682356220954,1.7555199927202758,4.626613752667489,0.983016983016983,0.000999000999000999,1000,scaled
temporal_bytimepoint,Keratinocyte_10_days,Lysosomal Genes,138,0.1330843389761354,1.7087949364595179,4.665964097270623,0.952047952047952,0.000999000999000999,1000,scaled
temporal_bytimepoint,Keratinocyte_20_days,HALLMARK ADIPOGENESIS,142,3.8408463671588517,2.124862755776566,5.782244135598656,0.16483516483516483,0.000999000999000999,1000,scaled
temporal_bytimepoint,Keratinocyte_20_days,HALLMARK ALLOGRAFT REJECTION,133,0.2024536191944082,2.310802853026024,6.560462490760113,0.9410589410589411,0.000999000999000999,1000,scaled
temporal_bytimepoint,Keratinocyte_20_days,HALLMARK ANDROGEN RESPONSE,75,3.7247567431065067,2.250505183545637,6.292928244565909,0.18081918081918083,0.000999000999000999,1000,scaled
temporal_bytimepoint,Keratinocyte_20_days,HALLMARK ANGIOGENESIS,28,1.9230708154430691,2.0234106649531207,5.577881214961545,0.39898477157360407,0.0010152284263959391,984,scaled
temporal_bytimepoint,Keratinocyte_20_days,HALLMARK APICAL JUNCTION,152,2.131702750812887,2.1068345034027116,6.043319854264204,0.36563436563436563,0.000999000999000999,1000,scaled
temporal_bytimepoint,Keratinocyte_20_days,HALLMARK APICAL SURFACE,31,-4.118117834427846,2.0922016878875938,5.806726351317043,0.15126903553299492,0.0010152284263959391,984,scaled
temporal_bytimepoint,Keratinocyte_20_days,HALLMARK APOPTOSIS,123,-2.7384596175770954,2.2654724072843426,6.639843444445641,0.3026973026973027,0.000999000999000999,1000,scaled
temporal_bytimepoint,Keratinocyte_20_days,HALLMARK BILE ACID METABOLISM,79,3.371402160670304,2.29818121521834,6.831371331502118,0.22377622377622378,0.000999000999000999,1000,scaled
temporal_bytimepoint,Keratinocyte_20_days,HALLMARK CHOLESTEROL HOMEOSTASIS,58,4.363859615908525,2.1223313789094407,6.051186176409352,0.12887112887112886,0.000999000999000999,1000,scaled
temporal_bytimepoint,Keratinocyte_20_days,HALLMARK COAGULATION,77,0.7622066902561478,2.239145492170835,6.256382365473227,0.7572427572427572,0.000999000999000999,1000,scaled
temporal_bytimepoint,Keratinocyte_20_days,HALLMARK COMPLEMENT,127,1.6340664519927348,2.3984842316260293,6.793546715732787,0.5384615384615384,0.000999000999000999,1000,scaled
temporal_bytimepoint,Keratinocyte_20_days,HALLMARK DNA REPAIR,93,0.08890851941407496,2.184420110358735,6.445674808900247,0.965034965034965,0.000999000999000999,1000,scaled
temporal_bytimepoint,Keratinocyte_20_days,HALLMARK E2F TARGETS,136,4.084298349054482,2.172561131120104,6.110555451862873,0.14885114885114886,0.000999000999000999,1000,scaled
temporal_bytimepoint,Keratinocyte_20_days,HALLMARK EPITHELIAL MESENCHYMAL TRANSITION,153,1.4284005161076097,2.2121299265128944,6.064051785236522,0.5534465534465535,0.000999000999000999,1000,scaled
temporal_bytimepoint,Keratinocyte_20_days,HALLMARK ESTROGEN RESPONSE EARLY,150,-1.419890026535799,2.1158472982222256,6.297207791006616,0.5184815184815185,0.000999000999000999,1000,scaled
temporal_bytimepoint,Keratinocyte_20_days,HALLMARK ESTROGEN RESPONSE LATE,150,-5.171199945862927,2.2282840483718345,6.4332266646128735,0.08891108891108891,0.000999000999000999,1000,scaled
temporal_bytimepoint,Keratinocyte_20_days,HALLMARK FATTY ACID METABOLISM,107,2.2819243063835946,2.218402619445031,6.1496100634116155,0.35364635364635366,0.000999000999000999,1000,scaled
temporal_bytimepoint,Keratinocyte_20_days,HALLMARK G2M CHECKPOINT,142,5.711653706919557,2.2602092995567626,6.624149265042274,0.07492507492507493,0.000999000999000999,1000,scaled
temporal_bytimepoint,Keratinocyte_20_days,HALLMARK GLYCOLYSIS,139,-2.284849855097952,2.049046132602068,5.877811691833965,0.33466533466533466,0.000999000999000999,1000,scaled
temporal_bytimepoint,Keratinocyte_20_days,HALLMARK HEDGEHOG SIGNALING,32,0.10239505267819947,2.1402587089070013,6.007411531948358,0.9595959595959596,0.00101010101010101,989,scaled
temporal_bytimepoint,Keratinocyte_20_days,HALLMARK HEME METABOLISM,142,2.6936596453536614,2.1747360187768683,6.257638574163774,0.2857142857142857,0.000999000999000999,1000,scaled
temporal_bytimepoint,Keratinocyte_20_days,HALLMARK HYPOXIA,142,-0.5435173627673708,2.206793545362345,6.594103567909047,0.7982017982017982,0.000999000999000999,1000,scaled
temporal_bytimepoint,Keratinocyte_20_days,HALLMARK IL2 STAT5 SIGNALING,148,-1.0452898966072666,2.1085600140512506,5.982335128288872,0.6553446553446554,0.000999000999000999,1000,scaled
temporal_bytimepoint,Keratinocyte_20_days,HALLMARK IL6 JAK STAT3 SIGNALING,57,-4.7914134271577975,2.0908056277479288,6.188926678209517,0.0940940940940941,0.001001001001001001,998,scaled
temporal_bytimepoint,Keratinocyte_20_days,HALLMARK INFLAMMATORY RESPONSE,146,1.0828705150727556,2.2035539157911126,6.0706285990969775,0.6513486513486514,0.000999000999000999,1000,scaled
temporal_bytimepoint,Keratinocyte_20_days,HALLMARK INTERFERON ALPHA RESPONSE,66,0.6625758722797919,2.1579004093321585,6.146706195420804,0.7692307692307693,0.000999000999000999,1000,scaled
temporal_bytimepoint,Keratinocyte_20_days,HALLMARK INTERFERON GAMMA RESPONSE,134,0.4563159707325409,2.2756656466552942,6.366014435705913,0.8541458541458542,0.000999000999000999,1000,scaled
temporal_bytimepoint,Keratinocyte_20_days,HALLMARK KRAS SIGNALING DN,110,-0.6534571773385691,2.3163631795808786,6.875958491718109,0.7892107892107892,0.000999000999000999,1000,scaled
temporal_bytimepoint,Keratinocyte_20_days,HALLMARK KRAS SIGNALING UP,155,1.018707728413771,2.076910848546626,6.091590413027801,0.6303696303696303,0.000999000999000999,1000,scaled
temporal_bytimepoint,Keratinocyte_20_days,HALLMARK MITOTIC SPINDLE,159,3.064756874029468,2.2255774488892395,6.081568732581937,0.26073926073926074,0.000999000999000999,1000,scaled
temporal_bytimepoint,Keratinocyte_20_days,HALLMARK MTORC1 SIGNALING,131,1.9015054710279082,2.290351722667068,6.528585387711383,0.4325674325674326,0.000999000999000999,1000,scaled
temporal_bytimepoint,Keratinocyte_20_days,HALLMARK MYC TARGETS,137,-6.710586820824944,2.263600952088057,6.393027417071847,0.04595404595404595,0.000999000999000999,1000,scaled
temporal_bytimepoint,Keratinocyte_20_days,HALLMARK MYOGENESIS,156,2.992582386711572,2.2210251906915426,6.677712520904221,0.24675324675324675,0.000999000999000999,1000,scaled
temporal_bytimepoint,Keratinocyte_20_days,HALLMARK NOTCH SIGNALING,26,0.8341637653181416,2.115737006523111,6.038946379003464,0.7074413863404689,0.0010193679918450561,980,scaled
temporal_bytimepoint,Keratinocyte_20_days,HALLMARK OXIDATIVE PHOSPHORYLATION,103,-2.944286509580126,2.2626768155961976,6.003816785854892,0.27172827172827174,0.000999000999000999,1000,scaled
temporal_bytimepoint,Keratinocyte_20_days,HALLMARK P53 PATHWAY,141,4.07117908961422,2.1924671093982524,6.4898459948678395,0.13786213786213786,0.000999000999000999,1000,scaled
temporal_bytimepoint,Keratinocyte_20_days,HALLMARK PANCREAS BETA CELLS,19,8.157052359877339,2.093887889808721,6.032731756313628,0.01843817787418655,0.0010845986984815619,921,scaled
temporal_bytimepoint,Keratinocyte_20_days,HALLMARK PEROXISOME,78,9.824779914292083,2.2237887975140826,6.318450953400792,0.01098901098901099,0.000999000999000999,1000,scaled
temporal_bytimepoint,Keratinocyte_20_days,HALLMARK PI3K AKT MTOR SIGNALING,77,3.1804579582480654,2.277178451396202,6.610720001882511,0.24975024975024976,0.000999000999000999,1000,scaled
temporal_bytimepoint,Keratinocyte_20_days,HALLMARK PROTEIN SECRETION,76,1.1782367679093289,2.1662747937695874,6.357298433297609,0.6083916083916084,0.000999000999000999,1000,scaled
temporal_bytimepoint,Keratinocyte_20_days,HALLMARK REACTIVE OXYGEN SPECIES PATHWAY,28,0.667424215419326,2.15760364321469,5.816590255858346,0.776519052523172,0.0010298661174047373,970,scaled
temporal_bytimepoint,Keratinocyte_20_days,HALLMARK SPERMATOGENESIS,74,6.139919761057228,2.2845649498701017,6.578034149816988,0.061938061938061936,0.000999000999000999,1000,scaled
temporal_bytimepoint,Keratinocyte_20_days,HALLMARK TGF BETA SIGNALING,40,-2.0728905352349565,2.1502032614059727,6.359818667429542,0.3811434302908726,0.0010030090270812437,996,scaled
temporal_bytimepoint,Keratinocyte_20_days,HALLMARK TNFA SIGNALING VIA NFKB,164,-2.3010374996658287,2.0654627640605594,6.022205370468527,0.31868131868131866,0.000999000999000999,1000,scaled
temporal_bytimepoint,Keratinocyte_20_days,HALLMARK UNFOLDED PROTEIN RESPONSE,79,0.2742588715115857,2.11320820718802,6.119755147041366,0.9110889110889111,0.000999000999000999,1000,scaled
temporal_bytimepoint,Keratinocyte_20_days,HALLMARK UV RESPONSE DN,128,0.4397261092528881,2.299426088469696,6.357902267897261,0.8471528471528471,0.000999000999000999,1000,scaled
temporal_bytimepoint,Keratinocyte_20_days,HALLMARK UV RESPONSE UP,104,0.01667136401498422,2.158128721638941,5.994512156896808,0.995004995004995,0.000999000999000999,1000,scaled
temporal_bytimepoint,Keratinocyte_20_days,HALLMARK WNT BETA CATENIN SIGNALING,29,-1.439930900543279,2.0533216900029743,6.053514909771872,0.526369168356998,0.0010141987829614604,985,scaled
temporal_bytimepoint,Keratinocyte_20_days,HALLMARK XENOBIOTIC METABOLISM,136,0.5825433246567607,2.2102702861828147,6.262709029537908,0.7932067932067932,0.000999000999000999,1000,scaled
temporal_bytimepoint,Keratinocyte_20_days,Lysosomal Genes,138,-0.8123196053751762,2.110914571271429,6.028094414069954,0.7092907092907093,0.000999000999000999,1000,scaled
temporal_bytimepoint,Melanocyte_4_days,HALLMARK ADIPOGENESIS,142,-3.6156077645587756,2.857516163327822,7.408118905937091,0.2827172827172827,0.000999000999000999,1000,scaled
temporal_bytimepoint,Melanocyte_4_days,HALLMARK ALLOGRAFT REJECTION,133,2.701055138899223,2.978938561046395,7.44650465786372,0.43356643356643354,0.000999000999000999,1000,scaled
temporal_bytimepoint,Melanocyte_4_days,HALLMARK ANDROGEN RESPONSE,75,0.14921147972012194,3.1193915178447367,7.86977513831679,0.9660339660339661,0.000999000999000999,1000,scaled
temporal_bytimepoint,Melanocyte_4_days,HALLMARK ANGIOGENESIS,28,-0.8936243492770625,3.011513654728784,7.932471738911854,0.7822990844354019,0.001017293997965412,982,scaled
temporal_bytimepoint,Melanocyte_4_days,HALLMARK APICAL JUNCTION,152,-1.7297650861868978,2.9370220872655746,7.861736363124084,0.6033966033966034,0.000999000999000999,1000,scaled
temporal_bytimepoint,Melanocyte_4_days,HALLMARK APICAL SURFACE,31,-5.1195220838395405,2.8427981641776485,7.886814896188497,0.1431472081218274,0.0010152284263959391,984,scaled
temporal_bytimepoint,Melanocyte_4_days,HALLMARK APOPTOSIS,123,3.314460433028155,2.7598038222035286,7.135969272599212,0.3106893106893107,0.000999000999000999,1000,scaled
temporal_bytimepoint,Melanocyte_4_days,HALLMARK BILE ACID METABOLISM,79,-3.311607903004743,3.221809074439693,8.100292843217561,0.3966033966033966,0.000999000999000999,1000,scaled
temporal_bytimepoint,Melanocyte_4_days,HALLMARK CHOLESTEROL HOMEOSTASIS,58,0.6736718992568735,2.9833068832442233,8.26183050754793,0.8271728271728271,0.000999000999000999,1000,scaled
temporal_bytimepoint,Melanocyte_4_days,HALLMARK COAGULATION,77,0.9597001490108752,2.995379409382474,8.042407360456018,0.7952047952047953,0.000999000999000999,1000,scaled
temporal_bytimepoint,Melanocyte_4_days,HALLMARK COMPLEMENT,127,8.508151632420633,3.0925253600961087,8.127316121970521,0.04095904095904096,0.000999000999000999,1000,scaled
temporal_bytimepoint,Melanocyte_4_days,HALLMARK DNA REPAIR,93,-0.008373730270399362,3.012190746903799,8.022140208098197,1.0,0.000999000999000999,1000,scaled
temporal_bytimepoint,Melanocyte_4_days,HALLMARK E2F TARGETS,136,8.586633672609826,2.9701729978566744,7.818558948062486,0.03696303696303696,0.000999000999000999,1000,scaled
temporal_bytimepoint,Melanocyte_4_days,HALLMARK EPITHELIAL MESENCHYMAL TRANSITION,153,-2.7595668675870413,2.9350500579620364,7.976523804940506,0.41358641358641357,0.000999000999000999,1000,scaled
temporal_bytimepoint,Melanocyte_4_days,HALLMARK ESTROGEN RESPONSE EARLY,150,4.813819256261726,2.9311834604187887,8.008509425822162,0.16883116883116883,0.000999000999000999,1000,scaled
temporal_bytimepoint,Melanocyte_4_days,HALLMARK ESTROGEN RESPONSE LATE,150,2.9520220088287403,3.0442884635029572,7.894478443662055,0.42157842157842157,0.000999000999000999,1000,scaled
temporal_bytimepoint,Melanocyte_4_days,HALLMARK FATTY ACID METABOLISM,107,-0.8456855645855018,2.8958426630496152,7.529527911716348,0.8121878121878122,0.000999000999000999,1000,scaled
temporal_bytimepoint,Melanocyte_4_days,HALLMARK G2M CHECKPOINT,142,0.9669404014826884,3.046920272600456,8.27783340365333,0.7882117882117882,0.000999000999000999,1000,scaled
temporal_bytimepoint,Melanocyte_4_days,HALLMARK GLYCOLYSIS,139,-2.9769216716358664,3.036490411386465,8.205300134511628,0.4095904095904096,0.000999000999000999,1000,scaled
temporal_bytimepoint,Melanocyte_4_days,HALLMARK HEDGEHOG SIGNALING,32,-9.596333918897098,3.0224608641133064,7.844961561708529,0.02727272727272727,0.00101010101010101,989,scaled
temporal_bytimepoint,Melanocyte_4_days,HALLMARK HEME METABOLISM,142,-1.1340704410178526,2.918382761745932,7.356947799533266,0.7612387612387612,0.000999000999000999,1000,scaled
temporal_bytimepoint,Melanocyte_4_days,HALLMARK HYPOXIA,142,3.6779368909006207,2.9376795466638104,7.641368841578352,0.2957042957042957,0.000999000999000999,1000,scaled
temporal_bytimepoint,Melanocyte_4_days,HALLMARK IL2 STAT5 SIGNALING,148,0.42120303494866573,3.1638361305088427,8.33332293510413,0.9100899100899101,0.000999000999000999,1000,scaled
temporal_bytimepoint,Melanocyte_4_days,HALLMARK IL6 JAK STAT3 SIGNALING,57,-2.329123879708834,3.039372438976465,8.346424673380298,0.51,0.001,999,scaled
temporal_bytimepoint,Melanocyte_4_days,HALLMARK INFLAMMATORY RESPONSE,146,4.733363225140055,3.280683511953227,8.130790260488402,0.23376623376623376,0.000999000999000999,1000,scaled
temporal_bytimepoint,Melanocyte_4_days,HALLMARK INTERFERON ALPHA RESPONSE,66,-10.85003697980788,3.1085245239985193,8.681950485164885,0.023976023976023976,0.000999000999000999,1000,scaled
temporal_bytimepoint,Melanocyte_4_days,HALLMARK INTERFERON GAMMA RESPONSE,134,-2.192098048108073,3.050575679659584,8.673778215840558,0.5294705294705294,0.000999000999000999,1000,scaled
temporal_bytimepoint,Melanocyte_4_days,HALLMARK KRAS SIGNALING DN,110,3.9202159565110413,2.967394634457533,7.790617737900154,0.27472527472527475,0.000999000999000999,1000,scaled
temporal_bytimepoint,Melanocyte_4_days,HALLMARK KRAS SIGNALING UP,155,0.9649532432503654,3.0376268963427075,8.19635294464203,0.7862137862137862,0.000999000999000999,1000,scaled
temporal_bytimepoint,Melanocyte_4_days,HALLMARK MITOTIC SPINDLE,159,-0.35985310096189205,3.019927147255061,7.52268791738149,0.919080919080919,0.000999000999000999,1000,scaled
temporal_bytimepoint,Melanocyte_4_days,HALLMARK MTORC1 SIGNALING,131,11.37558697633973,2.8681702926008743,7.423448282146957,0.012987012987012988,0.000999000999000999,1000,scaled
temporal_bytimepoint,Melanocyte_4_days,HALLMARK MYC TARGETS,137,5.583389007299947,2.8841864771413164,7.2267507407178755,0.13086913086913088,0.000999000999000999,1000,scaled
temporal_bytimepoint,Melanocyte_4_days,HALLMARK MYOGENESIS,156,-1.1325966995304526,2.8293417672586503,7.457993257159209,0.7282717282717283,0.000999000999000999,1000,scaled
temporal_bytimepoint,Melanocyte_4_days,HALLMARK NOTCH SIGNALING,26,0.15412876166159825,3.169271976255574,8.722525391735891,0.9468302658486708,0.0010224948875255625,977,scaled
temporal_bytimepoint,Melanocyte_4_days,HALLMARK OXIDATIVE PHOSPHORYLATION,103,-1.1513566530927875,2.9866509009953113,8.114465501103734,0.7422577422577422,0.000999000999000999,1000,scaled
temporal_bytimepoint,Melanocyte_4_days,HALLMARK P53 PATHWAY,141,4.8998037050962875,2.9330041242966898,7.849841720191171,0.17282717282717283,0.000999000999000999,1000,scaled
temporal_bytimepoint,Melanocyte_4_days,HALLMARK PANCREAS BETA CELLS,19,-3.243145706777661,3.2053311557364563,8.938373851905554,0.37056928034371645,0.0010741138560687433,930,scaled
temporal_bytimepoint,Melanocyte_4_days,HALLMARK PEROXISOME,78,-1.6563912095171376,3.120756626267668,8.10174269463827,0.6523476523476524,0.000999000999000999,1000,scaled
temporal_bytimepoint,Melanocyte_4_days,HALLMARK PI3K AKT MTOR SIGNALING,77,6.171619332286138,3.0485675005527764,7.52947402249178,0.10989010989010989,0.000999000999000999,1000,scaled
temporal_bytimepoint,Melanocyte_4_days,HALLMARK PROTEIN SECRETION,76,-0.7355650945410908,3.079815610893293,7.825239919071131,0.8391608391608392,0.000999000999000999,1000,scaled
temporal_bytimepoint,Melanocyte_4_days,HALLMARK REACTIVE OXYGEN SPECIES PATHWAY,28,1.1729010615885562,3.013172011393897,7.986196358019458,0.7418367346938776,0.0010204081632653062,979,scaled
temporal_bytimepoint,Melanocyte_4_days,HALLMARK SPERMATOGENESIS,74,-1.0038786481851893,2.9975505496942887,7.820092929310121,0.782,0.001,999,scaled
temporal_bytimepoint,Melanocyte_4_days,HALLMARK TGF BETA SIGNALING,40,1.531926977708631,2.885140184867693,7.56035725169854,0.649546827794562,0.0010070493454179255,992,scaled
temporal_bytimepoint,Melanocyte_4_days,HALLMARK TNFA SIGNALING VIA NFKB,164,2.558612211536172,2.8049590676626988,7.29144604615672,0.44955044955044954,0.000999000999000999,1000,scaled
temporal_bytimepoint,Melanocyte_4_days,HALLMARK UNFOLDED PROTEIN RESPONSE,79,2.363518255477353,2.871502711815489,7.774421960753203,0.47352647352647353,0.000999000999000999,1000,scaled
temporal_bytimepoint,Melanocyte_4_days,HALLMARK UV RESPONSE DN,128,0.059599144402033344,2.906120994351614,7.626375496529029,0.9820179820179821,0.000999000999000999,1000,scaled
temporal_bytimepoint,Melanocyte_4_days,HALLMARK UV RESPONSE UP,104,10.466894575760415,2.92135802298003,7.443382334036862,0.017982017982017984,0.000999000999000999,1000,scaled
temporal_bytimepoint,Melanocyte_4_days,HALLMARK WNT BETA CATENIN SIGNALING,29,-1.4586320926934773,3.1557604721119388,8.466503474918229,0.6843177189409368,0.0010183299389002036,981,scaled
temporal_bytimepoint,Melanocyte_4_days,HALLMARK XENOBIOTIC METABOLISM,136,4.92505528198406,2.959854766124743,7.477360360772243,0.17182817182817184,0.000999000999000999,1000,scaled
temporal_bytimepoint,Melanocyte_4_days,Lysosomal Genes,138,1.8779681156783636,2.9276380613198127,7.877119754504332,0.5724275724275725,0.000999000999000999,1000,scaled
temporal_bytimepoint,Melanocyte_10_days,HALLMARK ADIPOGENESIS,142,-5.25808567432671,2.2051348013540952,5.639968562589233,0.061938061938061936,0.000999000999000999,1000,scaled
temporal_bytimepoint,Melanocyte_10_days,HALLMARK ALLOGRAFT REJECTION,133,-1.4260831663615035,2.3379747114993505,6.049804289559973,0.6263736263736264,0.000999000999000999,1000,scaled
temporal_bytimepoint,Melanocyte_10_days,HALLMARK ANDROGEN RESPONSE,75,-0.7596360057282303,2.3795452757978377,5.68607252274479,0.7862137862137862,0.000999000999000999,1000,scaled
temporal_bytimepoint,Melanocyte_10_days,HALLMARK ANGIOGENESIS,28,-2.4344078955373463,2.257053355828876,5.710815879710769,0.3597560975609756,0.0010162601626016261,983,scaled
temporal_bytimepoint,Melanocyte_10_days,HALLMARK APICAL JUNCTION,152,-1.407705028315123,2.2824297140262115,6.209455071751146,0.5994005994005994,0.000999000999000999,1000,scaled
temporal_bytimepoint,Melanocyte_10_days,HALLMARK APICAL SURFACE,31,-2.2509680758317456,2.2449840704273383,5.710090758343837,0.40973630831643004,0.0010141987829614604,985,scaled
temporal_bytimepoint,Melanocyte_10_days,HALLMARK APOPTOSIS,123,3.3524469720355223,2.2301898433551086,5.917730131989247,0.22077922077922077,0.000999000999000999,1000,scaled
temporal_bytimepoint,Melanocyte_10_days,HALLMARK BILE ACID METABOLISM,79,-2.2702440854575987,2.446800417143337,6.5527858064484565,0.4435564435564436,0.000999000999000999,1000,scaled
temporal_bytimepoint,Melanocyte_10_days,HALLMARK CHOLESTEROL HOMEOSTASIS,58,-1.681581162976329,2.3281957378890255,6.285739878218529,0.5244755244755245,0.000999000999000999,1000,scaled
temporal_bytimepoint,Melanocyte_10_days,HALLMARK COAGULATION,77,0.7535300497874856,2.2769181225652986,5.883907659777312,0.7872127872127872,0.000999000999000999,1000,scaled
temporal_bytimepoint,Melanocyte_10_days,HALLMARK COMPLEMENT,127,2.25053200151384,2.417744787084386,5.966199295447522,0.4355644355644356,0.000999000999000999,1000,scaled
temporal_bytimepoint,Melanocyte_10_days,HALLMARK DNA REPAIR,93,1.5724641515375593,2.2650882968325976,5.9306074378182005,0.5664335664335665,0.000999000999000999,1000,scaled
temporal_bytimepoint,Melanocyte_10_days,HALLMARK E2F TARGETS,136,4.594582437024963,2.3581772989219982,6.262538609099331,0.12287712287712288,0.000999000999000999,1000,scaled
temporal_bytimepoint,Melanocyte_10_days,HALLMARK EPITHELIAL MESENCHYMAL TRANSITION,153,-2.4305580758711836,2.315125267155615,5.787138146387888,0.3856143856143856,0.000999000999000999,1000,scaled
temporal_bytimepoint,Melanocyte_10_days,HALLMARK ESTROGEN RESPONSE EARLY,150,3.535795578363312,2.3430715423422686,6.0674940387812475,0.21878121878121878,0.000999000999000999,1000,scaled
temporal_bytimepoint,Melanocyte_10_days,HALLMARK ESTROGEN RESPONSE LATE,150,1.7353950913685194,2.3486801839850586,5.706926061596623,0.5714285714285714,0.000999000999000999,1000,scaled
temporal_bytimepoint,Melanocyte_10_days,HALLMARK FATTY ACID METABOLISM,107,-0.7508377044072395,2.209745230690518,6.061371083583595,0.7822177822177823,0.000999000999000999,1000,scaled
temporal_bytimepoint,Melanocyte_10_days,HALLMARK G2M CHECKPOINT,142,-1.7519850138618152,2.3008306163469228,5.875285113046662,0.5054945054945055,0.000999000999000999,1000,scaled
temporal_bytimepoint,Melanocyte_10_days,HALLMARK GLYCOLYSIS,139,-1.820499275349386,2.3932144923665333,5.688321109162575,0.5504495504495505,0.000999000999000999,1000,scaled
temporal_bytimepoint,Melanocyte_10_days,HALLMARK HEDGEHOG SIGNALING,32,-3.642954297025437,2.302732072190022,6.139071551817769,0.19292929292929292,0.00101010101010101,989,scaled
temporal_bytimepoint,Melanocyte_10_days,HALLMARK HEME METABOLISM,142,-0.0569007672084245,2.347841018951649,6.173499047681059,0.9790209790209791,0.000999000999000999,1000,scaled
temporal_bytimepoint,Melanocyte_10_days,HALLMARK HYPOXIA,142,3.413744672638631,2.301327405573503,5.805429871742084,0.22877122877122877,0.000999000999000999,1000,scaled
temporal_bytimepoint,Melanocyte_10_days,HALLMARK IL2 STAT5 SIGNALING,148,2.3864139425446953,2.370770238967011,5.84603837763046,0.40559440559440557,0.000999000999000999,1000,scaled
temporal_bytimepoint,Melanocyte_10_days,HALLMARK IL6 JAK STAT3 SIGNALING,57,1.1473568760579693,2.315672765047235,5.936311684261487,0.685,0.001,999,scaled
temporal_bytimepoint,Melanocyte_10_days,HALLMARK INFLAMMATORY RESPONSE,146,5.426655097531653,2.471379517669544,6.39764429087065,0.07992007992007992,0.000999000999000999,1000,scaled
temporal_bytimepoint,Melanocyte_10_days,HALLMARK INTERFERON ALPHA RESPONSE,66,-7.202860163014476,2.4649669372689433,6.338549093125879,0.03296703296703297,0.000999000999000999,1000,scaled
temporal_bytimepoint,Melanocyte_10_days,HALLMARK INTERFERON GAMMA RESPONSE,134,-1.8758303433315953,2.38540407918001,6.144444320731389,0.5154845154845155,0.000999000999000999,1000,scaled
temporal_bytimepoint,Melanocyte_10_days,HALLMARK KRAS SIGNALING DN,110,2.5133408064315033,2.257543007999103,5.756941223680688,0.35064935064935066,0.000999000999000999,1000,scaled
temporal_bytimepoint,Melanocyte_10_days,HALLMARK KRAS SIGNALING UP,155,0.18445898938743946,2.341237242519152,6.048927429954438,0.945054945054945,0.000999000999000999,1000,scaled
temporal_bytimepoint,Melanocyte_10_days,HALLMARK MITOTIC SPINDLE,159,-1.0458200618345437,2.403619217570652,6.07798744105172,0.7022977022977023,0.000999000999000999,1000,scaled
temporal_bytimepoint,Melanocyte_10_days,HALLMARK MTORC1 SIGNALING,131,11.626068158308389,2.2466779209724046,5.759811560101401,0.004995004995004995,0.000999000999000999,1000,scaled
temporal_bytimepoint,Melanocyte_10_days,HALLMARK MYC TARGETS,137,5.234299059402702,2.2969716680453027,5.919985642348381,0.07792207792207792,0.000999000999000999,1000,scaled
temporal_bytimepoint,Melanocyte_10_days,HALLMARK MYOGENESIS,156,-2.9320240721185384,2.2390663187681357,5.797119062954264,0.27472527472527475,0.000999000999000999,1000,scaled
temporal_bytimepoint,Melanocyte_10_days,HALLMARK NOTCH SIGNALING,26,-1.2301477128577447,2.349388372284438,6.369418850443312,0.6305015353121801,0.0010235414534288639,976,scaled
temporal_bytimepoint,Melanocyte_10_days,HALLMARK OXIDATIVE PHOSPHORYLATION,103,-2.727991243955098,2.350217860987237,5.989031999712953,0.34465534465534464,0.000999000999000999,1000,scaled
temporal_bytimepoint,Melanocyte_10_days,HALLMARK P53 PATHWAY,141,5.046770565830714,2.3302839278768244,6.047568610804423,0.08691308691308691,0.000999000999000999,1000,scaled
temporal_bytimepoint,Melanocyte_10_days,HALLMARK PANCREAS BETA CELLS,19,-0.9773879806691764,2.428853017518391,6.682988021989771,0.7252155172413793,0.0010775862068965517,927,scaled
temporal_bytimepoint,Melanocyte_10_days,HALLMARK PEROXISOME,78,-1.287122600899452,2.391840371302603,6.084189165447977,0.6643356643356644,0.000999000999000999,1000,scaled
temporal_bytimepoint,Melanocyte_10_days,HALLMARK PI3K AKT MTOR SIGNALING,77,5.9646605325718784,2.3202074349335144,5.737421740777941,0.04295704295704296,0.000999000999000999,1000,scaled
temporal_bytimepoint,Melanocyte_10_days,HALLMARK PROTEIN SECRETION,76,-0.7642770617968118,2.374805649290286,6.307744544331521,0.7912087912087912,0.000999000999000999,1000,scaled
temporal_bytimepoint,Melanocyte_10_days,HALLMARK REACTIVE OXYGEN SPECIES PATHWAY,28,0.886895551055469,2.1905823727015163,6.0164536623008456,0.736949846468782,0.0010235414534288639,976,scaled
temporal_bytimepoint,Melanocyte_10_days,HALLMARK SPERMATOGENESIS,74,-0.9321467928500934,2.359229354538439,6.186113873751514,0.7632367632367633,0.000999000999000999,1000,scaled
temporal_bytimepoint,Melanocyte_10_days,HALLMARK TGF BETA SIGNALING,40,1.3787466141097862,2.274154285469903,5.991042426582204,0.6154618473895582,0.001004016064257028,995,scaled
temporal_bytimepoint,Melanocyte_10_days,HALLMARK TNFA SIGNALING VIA NFKB,164,2.7105740305286306,2.26845677703402,5.774475368547711,0.3096903096903097,0.000999000999000999,1000,scaled
temporal_bytimepoint,Melanocyte_10_days,HALLMARK UNFOLDED PROTEIN RESPONSE,79,2.9309961320302116,2.27510694615768,5.858399129930939,0.2757242757242757,0.000999000999000999,1000,scaled
temporal_bytimepoint,Melanocyte_10_days,HALLMARK UV RESPONSE DN,128,-0.9604259285722262,2.314027902541653,6.104630131670315,0.7292707292707292,0.000999000999000999,1000,scaled
temporal_bytimepoint,Melanocyte_10_days,HALLMARK UV RESPONSE UP,104,5.628553602252362,2.3653371517527915,6.263913940142004,0.07492507492507493,0.000999000999000999,1000,scaled
temporal_bytimepoint,Melanocyte_10_days,HALLMARK WNT BETA CATENIN SIGNALING,29,0.44431148586789027,2.4763961152804668,6.5712244076699955,0.873598369011213,0.0010193679918450561,980,scaled
temporal_bytimepoint,Melanocyte_10_days,HALLMARK XENOBIOTIC METABOLISM,136,3.343598880931229,2.3605722099660937,6.085749345188176,0.24575424575424576,0.000999000999000999,1000,scaled
temporal_bytimepoint,Melanocyte_10_days,Lysosomal Genes,138,-1.2250869078046414,2.326714414269637,6.017073910614603,0.6673326673326674,0.000999000999000999,1000,scaled
temporal_bytimepoint,Melanocyte_20_days,HALLMARK ADIPOGENESIS,142,-3.1507151472661485,1.9498871051616076,5.015132279273044,0.18281718281718282,0.000999000999000999,1000,scaled
temporal_bytimepoint,Melanocyte_20_days,HALLMARK ALLOGRAFT REJECTION,133,-0.09339793800389792,2.0072955615766492,5.470217850767857,0.973026973026973,0.000999000999000999,1000,scaled
temporal_bytimepoint,Melanocyte_20_days,HALLMARK ANDROGEN RESPONSE,75,-0.6705298513852848,2.0475195006179865,5.201282038524465,0.7922077922077922,0.000999000999000999,1000,scaled
temporal_bytimepoint,Melanocyte_20_days,HALLMARK ANGIOGENESIS,28,-0.8953996268471147,1.8828454375547499,5.09478569765819,0.6852791878172588,0.0010152284263959391,984,scaled
temporal_bytimepoint,Melanocyte_20_days,HALLMARK APICAL JUNCTION,152,-1.394040779502839,2.021545039306827,5.184921691274128,0.5554445554445554,0.000999000999000999,1000,scaled
temporal_bytimepoint,Melanocyte_20_days,HALLMARK APICAL SURFACE,31,-2.540043594090443,1.8927220240421272,4.958372875436354,0.2651821862348178,0.0010121457489878543,987,scaled
temporal_bytimepoint,Melanocyte_20_days,HALLMARK APOPTOSIS,123,2.733211536499282,1.9463476782350544,5.287207613093295,0.23076923076923078,0.000999000999000999,1000,scaled
temporal_bytimepoint,Melanocyte_20_days,HALLMARK BILE ACID METABOLISM,79,-0.9245274518807605,2.0891249306857826,5.257575408576721,0.7112887112887113,0.000999000999000999,1000,scaled
temporal_bytimepoint,Melanocyte_20_days,HALLMARK CHOLESTEROL HOMEOSTASIS,58,-1.9811778149187211,2.0742729406188474,5.757892148022538,0.3936063936063936,0.000999000999000999,1000,scaled
temporal_bytimepoint,Melanocyte_20_days,HALLMARK COAGULATION,77,1.1586707497452424,1.9664875886751993,5.190340066080575,0.6123876123876124,0.000999000999000999,1000,scaled
temporal_bytimepoint,Melanocyte_20_days,HALLMARK COMPLEMENT,127,5.1577458384847015,2.1104560576490132,5.619075891486712,0.06993006993006994,0.000999000999000999,1000,scaled
temporal_bytimepoint,Melanocyte_20_days,HALLMARK DNA REPAIR,93,1.9357397881379925,1.943452194138169,5.0176272392196015,0.4035964035964036,0.000999000999000999,1000,scaled
temporal_bytimepoint,Melanocyte_20_days,HALLMARK E2F TARGETS,136,5.5048211605003985,2.0096254823680026,5.306156617578001,0.04395604395604396,0.000999000999000999,1000,scaled
temporal_bytimepoint,Melanocyte_20_days,HALLMARK EPITHELIAL MESENCHYMAL TRANSITION,153,-0.7321503036706205,2.122153867808345,5.879753413444761,0.7652347652347652,0.000999000999000999,1000,scaled
temporal_bytimepoint,Melanocyte_20_days,HALLMARK ESTROGEN RESPONSE EARLY,150,4.342891863016199,2.0677679959746285,5.8143195123767635,0.09490509490509491,0.000999000999000999,1000,scaled
temporal_bytimepoint,Melanocyte_20_days,HALLMARK ESTROGEN RESPONSE LATE,150,2.818650412157869,2.138280447378631,5.387870974843975,0.2757242757242757,0.000999000999000999,1000,scaled
temporal_bytimepoint,Melanocyte_20_days,HALLMARK FATTY ACID METABOLISM,107,-0.22685081212777367,1.9554632195120811,5.298897845067609,0.9120879120879121,0.000999000999000999,1000,scaled
temporal_bytimepoint,Melanocyte_20_days,HALLMARK G2M CHECKPOINT,142,-1.593685816765638,2.038291229719775,5.418333007829721,0.4865134865134865,0.000999000999000999,1000,scaled
temporal_bytimepoint,Melanocyte_20_days,HALLMARK GLYCOLYSIS,139,-0.7179312205061088,2.126263625519273,5.758531850165508,0.7722277722277723,0.000999000999000999,1000,scaled
temporal_bytimepoint,Melanocyte_20_days,HALLMARK HEDGEHOG SIGNALING,32,-0.6043780660143852,1.9424091983624927,5.25075017381832,0.7848484848484848,0.00101010101010101,989,scaled
temporal_bytimepoint,Melanocyte_20_days,HALLMARK HEME METABOLISM,142,1.50715175841333,2.054333129921871,5.499873903557165,0.5284715284715285,0.000999000999000999,1000,scaled
temporal_bytimepoint,Melanocyte_20_days,HALLMARK HYPOXIA,142,3.419559121208549,2.0375781926851353,5.48984486789501,0.17282717282717283,0.000999000999000999,1000,scaled
temporal_bytimepoint,Melanocyte_20_days,HALLMARK IL2 STAT5 SIGNALING,148,2.5209446830118187,2.1176323789762517,5.508251222976007,0.3206793206793207,0.000999000999000999,1000,scaled
temporal_bytimepoint,Melanocyte_20_days,HALLMARK IL6 JAK STAT3 SIGNALING,57,-0.753836194297019,1.9918692366146726,5.338892293145936,0.744,0.001,999,scaled
temporal_bytimepoint,Melanocyte_20_days,HALLMARK INFLAMMATORY RESPONSE,146,5.146278445382871,2.14008308715875,5.844463957660849,0.07792207792207792,0.000999000999000999,1000,scaled
temporal_bytimepoint,Melanocyte_20_days,HALLMARK INTERFERON ALPHA RESPONSE,66,-9.487835580474,2.139065323254981,5.574405682412094,0.012987012987012988,0.000999000999000999,1000,scaled
temporal_bytimepoint,Melanocyte_20_days,HALLMARK INTERFERON GAMMA RESPONSE,134,-2.5107334595306545,2.136299045242285,5.922388058097825,0.3106893106893107,0.000999000999000999,1000,scaled
temporal_bytimepoint,Melanocyte_20_days,HALLMARK KRAS SIGNALING DN,110,3.233020480886951,2.044993498916088,5.476468562400585,0.18681318681318682,0.000999000999000999,1000,scaled
temporal_bytimepoint,Melanocyte_20_days,HALLMARK KRAS SIGNALING UP,155,0.6746990535225137,2.0634647980943686,5.556716109733856,0.7772227772227772,0.000999000999000999,1000,scaled
temporal_bytimepoint,Melanocyte_20_days,HALLMARK MITOTIC SPINDLE,159,0.3608389285220737,2.11603473534797,5.713049396833972,0.8771228771228772,0.000999000999000999,1000,scaled
temporal_bytimepoint,Melanocyte_20_days,HALLMARK MTORC1 SIGNALING,131,10.665624788970922,2.0196934737759205,5.32499493488273,0.005994005994005994,0.000999000999000999,1000,scaled
temporal_bytimepoint,Melanocyte_20_days,HALLMARK MYC TARGETS,137,2.426467915399627,2.0672023472382044,5.332553088453755,0.32367632367632365,0.000999000999000999,1000,scaled
temporal_bytimepoint,Melanocyte_20_days,HALLMARK MYOGENESIS,156,0.354050405111233,1.9583414088257838,4.924361540697434,0.8701298701298701,0.000999000999000999,1000,scaled
temporal_bytimepoint,Melanocyte_20_days,HALLMARK NOTCH SIGNALING,26,-0.04646051224706697,1.98439288740324,5.518649614021453,0.9560327198364008,0.0010224948875255625,977,scaled
temporal_bytimepoint,Melanocyte_20_days,HALLMARK OXIDATIVE PHOSPHORYLATION,103,-1.0905546494733465,2.0526497668612644,5.458954322951839,0.6533466533466533,0.000999000999000999,1000,scaled
temporal_bytimepoint,Melanocyte_20_days,HALLMARK P53 PATHWAY,141,5.168412643696624,2.0803621281107425,5.346697384621768,0.056943056943056944,0.000999000999000999,1000,scaled
temporal_bytimepoint,Melanocyte_20_days,HALLMARK PANCREAS BETA CELLS,19,-3.0998313440307412,1.9930145542898579,5.577376216133865,0.1956989247311828,0.001075268817204301,929,scaled
temporal_bytimepoint,Melanocyte_20_days,HALLMARK PEROXISOME,78,-0.7962326037762834,2.090213574869592,5.322008711190027,0.7492507492507493,0.000999000999000999,1000,scaled
temporal_bytimepoint,Melanocyte_20_days,HALLMARK PI3K AKT MTOR SIGNALING,77,5.524729594749104,1.9523877463412913,4.965547794404867,0.03696303696303696,0.000999000999000999,1000,scaled
temporal_bytimepoint,Melanocyte_20_days,HALLMARK PROTEIN SECRETION,76,0.7805697497411557,1.985109072727651,5.17712614264686,0.7192807192807192,0.000999000999000999,1000,scaled
temporal_bytimepoint,Melanocyte_20_days,HALLMARK REACTIVE OXYGEN SPECIES PATHWAY,28,0.01929566890447842,1.8643358041696758,5.0770094184955274,0.9764344262295082,0.0010245901639344263,975,scaled
temporal_bytimepoint,Melanocyte_20_days,HALLMARK SPERMATOGENESIS,74,-1.5065161310457118,2.107577461367739,5.605964506043987,0.555,0.001,999,scaled
temporal_bytimepoint,Melanocyte_20_days,HALLMARK TGF BETA SIGNALING,40,1.9044332187076425,1.8837176045599173,4.954006563757035,0.37248995983935745,0.001004016064257028,995,scaled
temporal_bytimepoint,Melanocyte_20_days,HALLMARK TNFA SIGNALING VIA NFKB,164,2.614138261866086,1.9940046995497414,5.077793265096361,0.2777222777222777,0.000999000999000999,1000,scaled
temporal_bytimepoint,Melanocyte_20_days,HALLMARK UNFOLDED PROTEIN RESPONSE,79,3.1029963025850487,1.9443698734003179,5.217939319474717,0.18681318681318682,0.000999000999000999,1000,scaled
temporal_bytimepoint,Melanocyte_20_days,HALLMARK UV RESPONSE DN,128,-0.11713831417222616,2.0757832915161,5.6602306936503375,0.968031968031968,0.000999000999000999,1000,scaled
temporal_bytimepoint,Melanocyte_20_days,HALLMARK UV RESPONSE UP,104,8.445432027774384,2.0461959877017746,5.4177215820144715,0.008991008991008992,0.000999000999000999,1000,scaled
temporal_bytimepoint,Melanocyte_20_days,HALLMARK WNT BETA CATENIN SIGNALING,29,2.0469443168207757,2.084107844956645,5.433246833382799,0.3843017329255861,0.0010193679918450561,980,scaled
temporal_bytimepoint,Melanocyte_20_days,HALLMARK XENOBIOTIC METABOLISM,136,2.064970141796188,2.0499805670843836,5.51174633052428,0.37662337662337664,0.000999000999000999,1000,scaled
temporal_bytimepoint,Melanocyte_20_days,Lysosomal Genes,138,1.189566379847442,2.0745398909059776,5.538708380615324,0.6253746253746254,0.000999000999000999,1000,scaled
meta_analysis,CICQ,HALLMARK ADIPOGENESIS,142,1.3153068897369633,0.7272475809538164,1.6994213207027518,0.14985014985014986,0.000999000999000999,1000,yugene
meta_analysis,CICQ,HALLMARK ALLOGRAFT REJECTION,133,-0.812320878010013,0.6882546109335351,1.7057094609219312,0.33166833166833165,0.000999000999000999,1000,yugene
meta_analysis,CICQ,HALLMARK ANDROGEN RESPONSE,75,0.5260403963875397,0.6843095384524254,1.6793705024715908,0.5334665334665335,0.000999000999000999,1000,yugene
meta_analysis,CICQ,HALLMARK ANGIOGENESIS,28,0.22677713434881003,0.7064504655710504,1.6962134784024958,0.7923771313941825,0.0010030090270812437,996,yugene
meta_analysis,CICQ,HALLMARK APICAL JUNCTION,152,0.510167907498104,0.7005420758756636,1.7590883981231398,0.5574425574425574,0.000999000999000999,1000,yugene
meta_analysis,CICQ,HALLMARK APICAL SURFACE,31,-0.03068963201726854,0.6864912105406878,1.718747821845203,0.977,0.001,999,yugene
meta_analysis,CICQ,HALLMARK APOPTOSIS,123,-0.582665729760116,0.6982072573961244,1.6891059192343072,0.5034965034965035,0.000999000999000999,1000,yugene
meta_analysis,CICQ,HALLMARK BILE ACID METABOLISM,79,0.9994657704895797,0.70735022919035,1.695107117542794,0.2707292707292707,0.000999000999000999,1000,yugene
meta_analysis,CICQ,HALLMARK CHOLESTEROL HOMEOSTASIS,58,-0.8868063422448398,0.6829039238568907,1.601625546156221,0.2957042957042957,0.000999000999000999,1000,yugene
meta_analysis,CICQ,HALLMARK COAGULATION,77,-0.2983506396228863,0.7070885607262333,1.7524252562203602,0.7282717282717283,0.000999000999000999,1000,yugene
meta_analysis,CICQ,HALLMARK COMPLEMENT,127,0.8997442162287351,0.6764354535461545,1.731998516194152,0.27372627372627373,0.000999000999000999,1000,yugene
meta_analysis,CICQ,HALLMARK DNA REPAIR,93,0.12138813860399487,0.7373144489099172,1.7759202589625933,0.8901098901098901,0.000999000999000999,1000,yugene
meta_analysis,CICQ,HALLMARK E2F TARGETS,136,0.4091181161385886,0.717084849393299,1.7269169853613087,0.6623376623376623,0.000999000999000999,1000,yugene
meta_analysis,CICQ,HALLMARK EPITHELIAL MESENCHYMAL TRANSITION,153,0.3163671236107755,0.7303072854977924,1.8222781379225619,0.7302697302697303,0.000999000999000999,1000,yugene
meta_analysis,CICQ,HALLMARK ESTROGEN RESPONSE EARLY,150,-0.01530514962965814,0.7322231736223903,1.7000680294169814,0.986013986013986,0.000999000999000999,1000,yugene
meta_analysis,CICQ,HALLMARK ESTROGEN RESPONSE LATE,150,-0.8619145296289948,0.7496503555208051,1.7490931252806257,0.3856143856143856,0.000999000999000999,1000,yugene
meta_analysis,CICQ,HALLMARK FATTY ACID METABOLISM,107,1.1401684462701938,0.7000494662773585,1.705894641179763,0.2097902097902098,0.000999000999000999,1000,yugene
meta_analysis,CICQ,HALLMARK G2M CHECKPOINT,142,0.2602264179298063,0.7382606106820624,1.7722295873668672,0.7912087912087912,0.000999000999000999,1000,yugene
meta_analysis,CICQ,HALLMARK GLYCOLYSIS,139,1.2661122111651273,0.7140681646173013,1.7389183407420006,0.15384615384615385,0.000999000999000999,1000,yugene
meta_analysis,CICQ,HALLMARK HEDGEHOG SIGNALING,32,-0.29289277942657177,0.705880194764746,1.6821843442443543,0.755,0.001,999,yugene
meta_analysis,CICQ,HALLMARK HEME METABOLISM,142,1.3233716414935974,0.7110064051109339,1.6939840740369596,0.13986013986013987,0.000999000999000999,1000,yugene
meta_analysis,CICQ,HALLMARK HYPOXIA,142,-0.21843041973945376,0.7407533981012907,1.8932794495686638,0.8151848151848152,0.000999000999000999,1000,yugene
meta_analysis,CICQ,HALLMARK IL2 STAT5 SIGNALING,148,0.8007485733136017,0.6991452580073569,1.6774090638275765,0.37362637362637363,0.000999000999000999,1000,yugene
meta_analysis,CICQ,HALLMARK IL6 JAK STAT3 SIGNALING,57,0.8778767073685517,0.693251324702189,1.7546166463234498,0.3096903096903097,0.000999000999000999,1000,yugene
meta_analysis,CICQ,HALLMARK INFLAMMATORY RESPONSE,146,-0.7287544598954571,0.7332489081860545,1.7928638112102155,0.4245754245754246,0.000999000999000999,1000,yugene
meta_analysis,CICQ,HALLMARK INTERFERON ALPHA RESPONSE,66,-0.5260452196613709,0.7204202238649982,1.73265305002977,0.5604395604395604,0.000999000999000999,1000,yugene
meta_analysis,CICQ,HALLMARK INTERFERON GAMMA RESPONSE,134,-0.589010738592786,0.737593955997616,1.7017000144036203,0.5364635364635365,0.000999000999000999,1000,yugene
meta_analysis,CICQ,HALLMARK KRAS SIGNALING DN,110,0.42134760611374267,0.7370156370592974,1.7453805401463232,0.6413586413586414,0.000999000999000999,1000,yugene
meta_analysis,CICQ,HALLMARK KRAS SIGNALING UP,155,1.6929186388476496,0.7160669093632077,1.7638278845760134,0.056943056943056944,0.000999000999000999,1000,yugene
meta_analysis,CICQ,HALLMARK MITOTIC SPINDLE,159,1.0331464630384608,0.7180441284454188,1.7208699504876728,0.24575424575424576,0.000999000999000999,1000,yugene
meta_analysis,CICQ,HALLMARK MTORC1 SIGNALING,131,1.1018250623431078,0.702432888133198,1.6780576594069914,0.21178821178821178,0.000999000999000999,1000,yugene
meta_analysis,CICQ,HALLMARK MYC TARGETS,137,0.7736918671624013,0.7000303584316028,1.6937339511592853,0.3806193806193806,0.000999000999000999,1000,yugene
meta_analysis,CICQ,HALLMARK MYOGENESIS,156,1.042452848582366,0.7305070627691534,1.8223632193820969,0.2547452547452547,0.000999000999000999,1000,yugene
meta_analysis,CICQ,HALLMARK NOTCH SIGNALING,26,-1.0172493189190657,0.7142523773003445,1.716652982913793,0.24473420260782347,0.0010030090270812437,996,yugene
meta_analysis,CICQ,HALLMARK OXIDATIVE PHOSPHORYLATION,103,0.7432266228899999,0.6893130505217075,1.6849472240783347,0.40559440559440557,0.000999000999000999,1000,yugene
meta_analysis,CICQ,HALLMARK P53 PATHWAY,141,0.2448956882551131,0.7252267782977434,1.7720341258085401,0.7892107892107892,0.000999000999000999,1000,yugene
meta_analysis,CICQ,HALLMARK PANCREAS BETA CELLS,19,0.21373547687181366,0.6839645885510672,1.6510462215100399,0.8160569105691057,0.0010162601626016261,983,yugene
meta_analysis,CICQ,HALLMARK PEROXISOME,78,-0.1882298670187227,0.7134426317535995,1.7009192922318657,0.8431568431568431,0.000999000999000999,1000,yugene
meta_analysis,CICQ,HALLMARK PI3K AKT MTOR SIGNALING,77,0.35230690044357,0.7428887597331115,1.7750343286779977,0.7212787212787213,0.000999000999000999,1000,yugene
meta_analysis,CICQ,HALLMARK PROTEIN SECRETION,76,0.35457020036018777,0.7133336294755604,1.7067801120287205,0.7192807192807192,0.000999000999000999,1000,yugene
meta_analysis,CICQ,HALLMARK REACTIVE OXYGEN SPECIES PATHWAY,28,-2.096170237910743,0.7048537264253604,1.6810153813000457,0.012048192771084338,0.001004016064257028,995,yugene
meta_analysis,CICQ,HALLMARK SPERMATOGENESIS,74,0.4691716583725908,0.6944545279203076,1.7401006951193214,0.6073926073926074,0.000999000999000999,1000,yugene
meta_analysis,CICQ,HALLMARK TGF BETA SIGNALING,40,-0.054063564057263806,0.7022064541323846,1.7854576888418645,0.9500499500499501,0.000999000999000999,1000,yugene
meta_analysis,CICQ,HALLMARK TNFA SIGNALING VIA NFKB,164,-1.5605061114275816,0.7126274028269729,1.6872402358555498,0.07692307692307693,0.000999000999000999,1000,yugene
meta_analysis,CICQ,HALLMARK UNFOLDED PROTEIN RESPONSE,79,-1.0015958569118233,0.7019021020999121,1.700743179449829,0.27672327672327673,0.000999000999000999,1000,yugene
meta_analysis,CICQ,HALLMARK UV RESPONSE DN,128,0.5073960305889768,0.7238636909033221,1.780753051535688,0.5784215784215784,0.000999000999000999,1000,yugene
meta_analysis,CICQ,HALLMARK UV RESPONSE UP,104,0.22691674649318982,0.6547995774521176,1.612513415337684,0.7972027972027972,0.000999000999000999,1000,yugene
meta_analysis,CICQ,HALLMARK WNT BETA CATENIN SIGNALING,29,-0.15777737696099772,0.6893854174837769,1.645657897629766,0.8488488488488488,0.001001001001001001,998,yugene
meta_analysis,CICQ,HALLMARK XENOBIOTIC METABOLISM,136,0.8927656029374313,0.728580768148328,1.7326686660842805,0.3386613386613387,0.000999000999000999,1000,yugene
meta_analysis,CICQ,Lysosomal Genes,138,1.364723430898513,0.6956228891121182,1.681444452500084,0.11388611388611389,0.000999000999000999,1000,yugene
meta_analysis,SSCQ,HALLMARK ADIPOGENESIS,142,0.24615394266219948,0.5698768775712681,1.3928477694348183,0.7362637362637363,0.000999000999000999,1000,yugene
meta_analysis,SSCQ,HALLMARK ALLOGRAFT REJECTION,133,-0.0727869976768267,0.5781815765255776,1.4289843161512314,0.9170829170829171,0.000999000999000999,1000,yugene
meta_analysis,SSCQ,HALLMARK ANDROGEN RESPONSE,75,0.25275888923024636,0.5532392762611452,1.3550768065270646,0.7052947052947053,0.000999000999000999,1000,yugene
meta_analysis,SSCQ,HALLMARK ANGIOGENESIS,28,-0.5534967402511205,0.5776727247683435,1.381149301397998,0.4633901705115346,0.0010030090270812437,996,yugene
meta_analysis,SSCQ,HALLMARK APICAL JUNCTION,152,1.0188668637053615,0.5565985829749638,1.3859480756058444,0.15484515484515485,0.000999000999000999,1000,yugene
meta_analysis,SSCQ,HALLMARK APICAL SURFACE,31,-0.04921770979219607,0.5772659589908421,1.4379768257236811,0.945,0.001,999,yugene
meta_analysis,SSCQ,HALLMARK APOPTOSIS,123,0.07991992431573852,0.5708699501751096,1.3587547626261303,0.913086913086913,0.000999000999000999,1000,yugene
meta_analysis,SSCQ,HALLMARK BILE ACID METABOLISM,79,1.2212877777835403,0.5499268123184676,1.4709360187097797,0.0999000999000999,0.000999000999000999,1000,yugene
meta_analysis,SSCQ,HALLMARK CHOLESTEROL HOMEOSTASIS,58,-0.47086088966608064,0.563073808433258,1.406435571423421,0.4875124875124875,0.000999000999000999,1000,yugene
meta_analysis,SSCQ,HALLMARK COAGULATION,77,0.2949486370893731,0.5627578451667671,1.421624502456196,0.6603396603396603,0.000999000999000999,1000,yugene
meta_analysis,SSCQ,HALLMARK COMPLEMENT,127,0.42599891347331004,0.554285351955172,1.3050884555085203,0.5414585414585414,0.000999000999000999,1000,yugene
meta_analysis,SSCQ,HALLMARK DNA REPAIR,93,0.2881778379014339,0.593702946473946,1.387367920138633,0.7102897102897103,0.000999000999000999,1000,yugene
meta_analysis,SSCQ,HALLMARK E2F TARGETS,136,0.31885775220875084,0.5532519003384211,1.3501030809169818,0.6713286713286714,0.000999000999000999,1000,yugene
meta_analysis,SSCQ,HALLMARK EPITHELIAL MESENCHYMAL TRANSITION,153,0.5631808558168862,0.5785840776477178,1.357295788856959,0.4515484515484515,0.000999000999000999,1000,yugene
meta_analysis,SSCQ,HALLMARK ESTROGEN RESPONSE EARLY,150,0.10091541321913346,0.5579769497929502,1.399474423151843,0.8901098901098901,0.000999000999000999,1000,yugene
meta_analysis,SSCQ,HALLMARK ESTROGEN RESPONSE LATE,150,-0.5569277902759897,0.580006889994271,1.3980993287790044,0.44955044955044954,0.000999000999000999,1000,yugene
meta_analysis,SSCQ,HALLMARK FATTY ACID METABOLISM,107,0.5675198154175238,0.5856511208896094,1.4350758815787201,0.43356643356643354,0.000999000999000999,1000,yugene
meta_analysis,SSCQ,HALLMARK G2M CHECKPOINT,142,0.5101398237479579,0.5744626523140175,1.3219215399041364,0.4925074925074925,0.000999000999000999,1000,yugene
meta_analysis,SSCQ,HALLMARK GLYCOLYSIS,139,0.18456469453433313,0.5818918748120393,1.436044983454075,0.8071928071928072,0.000999000999000999,1000,yugene
meta_analysis,SSCQ,HALLMARK HEDGEHOG SIGNALING,32,-0.6296970734279805,0.5652564085704531,1.4241014949588506,0.385,0.001,999,yugene
meta_analysis,SSCQ,HALLMARK HEME METABOLISM,142,0.455129140931616,0.5782704902645123,1.35038084238235,0.5624375624375625,0.000999000999000999,1000,yugene
meta_analysis,SSCQ,HALLMARK HYPOXIA,142,0.3421041647540061,0.5749769472163542,1.3512524383081868,0.6523476523476524,0.000999000999000999,1000,yugene
meta_analysis,SSCQ,HALLMARK IL2 STAT5 SIGNALING,148,0.38527908370031516,0.5461094650968751,1.3193882333115396,0.5654345654345654,0.000999000999000999,1000,yugene
meta_analysis,SSCQ,HALLMARK IL6 JAK STAT3 SIGNALING,57,-0.09790366160729873,0.5572691252625007,1.4120081047100852,0.8801198801198801,0.000999000999000999,1000,yugene
meta_analysis,SSCQ,HALLMARK INFLAMMATORY RESPONSE,146,-0.22538870791787385,0.5663274629842378,1.4020048957102609,0.7442557442557443,0.000999000999000999,1000,yugene
meta_analysis,SSCQ,HALLMARK INTERFERON ALPHA RESPONSE,66,-1.1388679797480907,0.5521091489059078,1.3276699320755951,0.09090909090909091,0.000999000999000999,1000,yugene
meta_analysis,SSCQ,HALLMARK INTERFERON GAMMA RESPONSE,134,-0.34271896717207895,0.5860958524073123,1.4187171707258934,0.6453546453546454,0.000999000999000999,1000,yugene
meta_analysis,SSCQ,HALLMARK KRAS SIGNALING DN,110,1.3205813241192486,0.5681035157595964,1.3391830517818664,0.055944055944055944,0.000999000999000999,1000,yugene
meta_analysis,SSCQ,HALLMARK KRAS SIGNALING UP,155,0.7294276642705649,0.5665238017053738,1.3160290387147269,0.3126873126873127,0.000999000999000999,1000,yugene
meta_analysis,SSCQ,HALLMARK MITOTIC SPINDLE,159,0.9475574745163995,0.5981787145582237,1.413164453076859,0.2137862137862138,0.000999000999000999,1000,yugene
meta_analysis,SSCQ,HALLMARK MTORC1 SIGNALING,131,0.4539882188531117,0.5608003616260515,1.375813264399573,0.5244755244755245,0.000999000999000999,1000,yugene
meta_analysis,SSCQ,HALLMARK MYC TARGETS,137,0.05810471211799984,0.5820749741701091,1.3286613419756512,0.9440559440559441,0.000999000999000999,1000,yugene
meta_analysis,SSCQ,HALLMARK MYOGENESIS,156,1.3119117558526407,0.5738740891301244,1.3385193329617968,0.057942057942057944,0.000999000999000999,1000,yugene
meta_analysis,SSCQ,HALLMARK NOTCH SIGNALING,26,-1.1124378263675851,0.5687904215151566,1.3883030922672646,0.11735205616850551,0.0010030090270812437,996,yugene
meta_analysis,SSCQ,HALLMARK OXIDATIVE PHOSPHORYLATION,103,0.4918599612859131,0.5615400253871683,1.3288111690380164,0.5034965034965035,0.000999000999000999,1000,yugene
meta_analysis,SSCQ,HALLMARK P53 PATHWAY,141,1.0864176440857334,0.5744698960893799,1.4332803506297092,0.13286713286713286,0.000999000999000999,1000,yugene
meta_analysis,SSCQ,HALLMARK PANCREAS BETA CELLS,19,-0.3798903598749551,0.5778943484872315,1.48513831532758,0.6020304568527919,0.0010152284263959391,984,yugene
meta_analysis,SSCQ,HALLMARK PEROXISOME,78,-0.6292207695449349,0.5674200609839243,1.3593223205518954,0.3886113886113886,0.000999000999000999,1000,yugene
meta_analysis,SSCQ,HALLMARK PI3K AKT MTOR SIGNALING,77,0.16230077939781654,0.5724940046539475,1.4260874487580923,0.8111888111888111,0.000999000999000999,1000,yugene
meta_analysis,SSCQ,HALLMARK PROTEIN SECRETION,76,0.6799623628444343,0.5708635693697358,1.3945973114764432,0.35664335664335667,0.000999000999000999,1000,yugene
meta_analysis,SSCQ,HALLMARK REACTIVE OXYGEN SPECIES PATHWAY,28,-1.482247116911818,0.5806116067035197,1.4709734671777432,0.04819277108433735,0.001004016064257028,995,yugene
meta_analysis,SSCQ,HALLMARK SPERMATOGENESIS,74,-0.22323507302362344,0.5656939780039592,1.3766743671919892,0.7162837162837162,0.000999000999000999,1000,yugene
meta_analysis,SSCQ,HALLMARK TGF BETA SIGNALING,40,0.029683924101823758,0.5683019311758745,1.3589080353667404,0.971028971028971,0.000999000999000999,1000,yugene
meta_analysis,SSCQ,HALLMARK TNFA SIGNALING VIA NFKB,164,-0.6200816018303875,0.5865428180511565,1.4300212415311975,0.3856143856143856,0.000999000999000999,1000,yugene
meta_analysis,SSCQ,HALLMARK UNFOLDED PROTEIN RESPONSE,79,-0.4149021961762241,0.5893163289372643,1.4686259397136758,0.5774225774225774,0.000999000999000999,1000,yugene
meta_analysis,SSCQ,HALLMARK UV RESPONSE DN,128,0.5492407846877273,0.586388841546817,1.4261004066982712,0.4595404595404595,0.000999000999000999,1000,yugene
meta_analysis,SSCQ,HALLMARK UV RESPONSE UP,104,0.6943778171277736,0.555596035599481,1.4204786342030435,0.3166833166833167,0.000999000999000999,1000,yugene
meta_analysis,SSCQ,HALLMARK WNT BETA CATENIN SIGNALING,29,-0.11670629099105527,0.5580268410460573,1.4269905884741676,0.8568568568568569,0.001001001001001001,998,yugene
meta_analysis,SSCQ,HALLMARK XENOBIOTIC METABOLISM,136,0.28505361575386284,0.5845886380473598,1.4499043180633062,0.6923076923076923,0.000999000999000999,1000,yugene
meta_analysis,SSCQ,Lysosomal Genes,138,1.1065732570079398,0.5656902729206557,1.3715509306530258,0.11888111888111888,0.000999000999000999,1000,yugene
meta_analysis,RS,HALLMARK ADIPOGENESIS,142,0.22658205452066715,0.7813781088237324,1.8609706157243977,0.8191808191808192,0.000999000999000999,1000,yugene
meta_analysis,RS,HALLMARK ALLOGRAFT REJECTION,133,0.6936927006930738,0.7565730921625006,1.8037488168253217,0.46353646353646355,0.000999000999000999,1000,yugene
meta_analysis,RS,HALLMARK ANDROGEN RESPONSE,75,0.0975317176130194,0.758226981048216,1.8559663823732495,0.9200799200799201,0.000999000999000999,1000,yugene
meta_analysis,RS,HALLMARK ANGIOGENESIS,28,1.0517772357146573,0.7690711196394937,1.9642451935897622,0.2778335005015045,0.0010030090270812437,996,yugene
meta_analysis,RS,HALLMARK APICAL JUNCTION,152,0.624165210175025,0.7480135321767564,1.8098314765548211,0.5134865134865135,0.000999000999000999,1000,yugene
meta_analysis,RS,HALLMARK APICAL SURFACE,31,2.1117429007167163,0.7615788561558331,1.921125181832851,0.039,0.001,999,yugene
meta_analysis,RS,HALLMARK APOPTOSIS,123,1.1759781542972234,0.7493718649388246,1.8817744600338753,0.2087912087912088,0.000999000999000999,1000,yugene
meta_analysis,RS,HALLMARK BILE ACID METABOLISM,79,1.8237587507008595,0.7602135567078725,1.8477284056899599,0.052947052947052944,0.000999000999000999,1000,yugene
meta_analysis,RS,HALLMARK CHOLESTEROL HOMEOSTASIS,58,-0.9410485630551634,0.7669460313511838,1.8812059566403352,0.33466533466533466,0.000999000999000999,1000,yugene
meta_analysis,RS,HALLMARK COAGULATION,77,1.3382361449718834,0.7570487513890203,1.8275887862096354,0.16183816183816183,0.000999000999000999,1000,yugene
meta_analysis,RS,HALLMARK COMPLEMENT,127,1.3013739242953208,0.8031523808044359,1.9284229733844749,0.1998001998001998,0.000999000999000999,1000,yugene
meta_analysis,RS,HALLMARK DNA REPAIR,93,-0.891608221013334,0.773687383339907,1.865635396321878,0.3706293706293706,0.000999000999000999,1000,yugene
meta_analysis,RS,HALLMARK E2F TARGETS,136,0.37432677944864706,0.742162914467333,1.7497872942984634,0.6993006993006993,0.000999000999000999,1000,yugene
meta_analysis,RS,HALLMARK EPITHELIAL MESENCHYMAL TRANSITION,153,0.14185020092879683,0.748799674383079,1.7452188673249327,0.8811188811188811,0.000999000999000999,1000,yugene
meta_analysis,RS,HALLMARK ESTROGEN RESPONSE EARLY,150,-0.07823962057790818,0.7856764552225332,1.780904450359789,0.9470529470529471,0.000999000999000999,1000,yugene
meta_analysis,RS,HALLMARK ESTROGEN RESPONSE LATE,150,-0.29347004955182093,0.7487590935683202,1.8257340976787548,0.7572427572427572,0.000999000999000999,1000,yugene
meta_analysis,RS,HALLMARK FATTY ACID METABOLISM,107,0.4325884857792437,0.7471950855537627,1.8205696162818785,0.6363636363636364,0.000999000999000999,1000,yugene
meta_analysis,RS,HALLMARK G2M CHECKPOINT,142,0.5916832313628875,0.7700758430695632,1.8808901558532736,0.5364635364635365,0.000999000999000999,1000,yugene
meta_analysis,RS,HALLMARK GLYCOLYSIS,139,-0.37602456316122257,0.7787001449860333,1.9201577914953607,0.7132867132867133,0.000999000999000999,1000,yugene
meta_analysis,RS,HALLMARK HEDGEHOG SIGNALING,32,-0.5737767015628634,0.7917736900581693,1.9905649938176653,0.544,0.001,999,yugene
meta_analysis,RS,HALLMARK HEME METABOLISM,142,1.1885880835868443,0.75218960420556,1.8296418675069033,0.1998001998001998,0.000999000999000999,1000,yugene
meta_analysis,RS,HALLMARK HYPOXIA,142,0.804783567957777,0.7580648929859221,1.8318699722149,0.3936063936063936,0.000999000999000999,1000,yugene
meta_analysis,RS,HALLMARK IL2 STAT5 SIGNALING,148,-0.4058574444762846,0.7494372973473135,1.7556634902445711,0.6793206793206793,0.000999000999000999,1000,yugene
meta_analysis,RS,HALLMARK IL6 JAK STAT3 SIGNALING,57,0.28430783218262135,0.7986259292266413,1.92606052676019,0.7722277722277723,0.000999000999000999,1000,yugene
meta_analysis,RS,HALLMARK INFLAMMATORY RESPONSE,146,0.6462010403318591,0.7617998501453837,1.8745082690258803,0.4965034965034965,0.000999000999000999,1000,yugene
meta_analysis,RS,HALLMARK INTERFERON ALPHA RESPONSE,66,-1.849243157687009,0.7624629076870024,1.8797798694906358,0.056943056943056944,0.000999000999000999,1000,yugene
meta_analysis,RS,HALLMARK INTERFERON GAMMA RESPONSE,134,0.310808946089971,0.7997360099230295,1.9481398550745073,0.7562437562437563,0.000999000999000999,1000,yugene
meta_analysis,RS,HALLMARK KRAS SIGNALING DN,110,-0.009551081460515011,0.7515035517787002,1.8574732323345697,0.995004995004995,0.000999000999000999,1000,yugene
meta_analysis,RS,HALLMARK KRAS SIGNALING UP,155,0.3377477803889882,0.7335103249594039,1.7524326853034065,0.7112887112887113,0.000999000999000999,1000,yugene
meta_analysis,RS,HALLMARK MITOTIC SPINDLE,159,1.9811056694237723,0.7902714619752278,1.9033054977312867,0.04195804195804196,0.000999000999000999,1000,yugene
meta_analysis,RS,HALLMARK MTORC1 SIGNALING,131,-0.03407103106434702,0.7472622355339815,1.8588863063153362,0.97002997002997,0.000999000999000999,1000,yugene
meta_analysis,RS,HALLMARK MYC TARGETS,137,-1.4641094861809425,0.7722611159142301,1.8839724247964444,0.13086913086913088,0.000999000999000999,1000,yugene
meta_analysis,RS,HALLMARK MYOGENESIS,156,0.23348270350822378,0.7968399933504643,1.8901100625541056,0.8191808191808192,0.000999000999000999,1000,yugene
meta_analysis,RS,HALLMARK NOTCH SIGNALING,26,0.9050790886317369,0.7589190250789403,1.8698841454193447,0.3293172690763052,0.001004016064257028,995,yugene
meta_analysis,RS,HALLMARK OXIDATIVE PHOSPHORYLATION,103,1.8169962244835973,0.746201116298796,1.8299686723704793,0.05194805194805195,0.000999000999000999,1000,yugene
meta_analysis,RS,HALLMARK P53 PATHWAY,141,0.7763866818604455,0.74530989036671,1.7926515719935698,0.4255744255744256,0.000999000999000999,1000,yugene
meta_analysis,RS,HALLMARK PANCREAS BETA CELLS,19,0.015237886962721724,0.8149058627875295,2.0152808941219056,0.9796954314720813,0.0010152284263959391,984,yugene
meta_analysis,RS,HALLMARK PEROXISOME,78,1.0940120139638667,0.7673193541371238,1.8294894218322288,0.2547452547452547,0.000999000999000999,1000,yugene
meta_analysis,RS,HALLMARK PI3K AKT MTOR SIGNALING,77,-0.322490481579823,0.7662011025419724,1.8197965962036882,0.7172827172827173,0.000999000999000999,1000,yugene
meta_analysis,RS,HALLMARK PROTEIN SECRETION,76,2.336062919186157,0.7557129867504289,1.8542585071972488,0.013986013986013986,0.000999000999000999,1000,yugene
meta_analysis,RS,HALLMARK REACTIVE OXYGEN SPECIES PATHWAY,28,-1.5625016133588592,0.7928089550370646,2.0687109464096176,0.11546184738955824,0.001004016064257028,995,yugene
meta_analysis,RS,HALLMARK SPERMATOGENESIS,74,-0.056244648324967735,0.7821571510434712,1.9194910060329113,0.961038961038961,0.000999000999000999,1000,yugene
meta_analysis,RS,HALLMARK TGF BETA SIGNALING,40,0.2162040918550588,0.7838348827755883,1.945469151920982,0.8401598401598401,0.000999000999000999,1000,yugene
meta_analysis,RS,HALLMARK TNFA SIGNALING VIA NFKB,164,0.14265884449261484,0.8023144344696166,1.9337419945521472,0.8821178821178821,0.000999000999000999,1000,yugene
meta_analysis,RS,HALLMARK UNFOLDED PROTEIN RESPONSE,79,0.8030050797341513,0.777923152007577,1.9631852946657142,0.4025974025974026,0.000999000999000999,1000,yugene
meta_analysis,RS,HALLMARK UV RESPONSE DN,128,0.41041529942807553,0.7809941983773836,1.892608536651804,0.6653346653346653,0.000999000999000999,1000,yugene
meta_analysis,RS,HALLMARK UV RESPONSE UP,104,-0.10073094059027453,0.757138200131229,1.8738841389140608,0.916083916083916,0.000999000999000999,1000,yugene
meta_analysis,RS,HALLMARK WNT BETA CATENIN SIGNALING,29,1.16096516777046,0.7733982029707346,1.9193305996969403,0.23423423423423423,0.001001001001001001,998,yugene
meta_analysis,RS,HALLMARK XENOBIOTIC METABOLISM,136,1.6379080578917842,0.779228325136917,1.9455720205464775,0.0969030969030969,0.000999000999000999,1000,yugene
meta_analysis,RS,Lysosomal Genes,138,1.879830426786589,0.7557857050224099,1.840316128873186,0.04695304695304695,0.000999000999000999,1000,yugene
meta_analysis,SIPS,HALLMARK ADIPOGENESIS,142,1.8892742241123262,0.6354294176361083,1.5273221694202344,0.011988011988011988,0.000999000999000999,1000,yugene
meta_analysis,SIPS,HALLMARK ALLOGRAFT REJECTION,133,0.8700984707796897,0.5783548440330083,1.4076265875129075,0.2217782217782218,0.000999000999000999,1000,yugene
meta_analysis,SIPS,HALLMARK ANDROGEN RESPONSE,75,-0.09388837446703141,0.5993761758069986,1.4448024657906482,0.8971028971028971,0.000999000999000999,1000,yugene
meta_analysis,SIPS,HALLMARK ANGIOGENESIS,28,0.20096036735323874,0.5573160900161915,1.4157220355722546,0.7642928786359077,0.0010030090270812437,996,yugene
meta_analysis,SIPS,HALLMARK APICAL JUNCTION,152,1.2640174623339318,0.596675596824167,1.477010117066434,0.0939060939060939,0.000999000999000999,1000,yugene
meta_analysis,SIPS,HALLMARK APICAL SURFACE,31,-0.5641052598797119,0.5724247444719587,1.3799887884683177,0.425,0.001,999,yugene
meta_analysis,SIPS,HALLMARK APOPTOSIS,123,0.5377886801954207,0.594344720885963,1.3979196310478694,0.46853146853146854,0.000999000999000999,1000,yugene
meta_analysis,SIPS,HALLMARK BILE ACID METABOLISM,79,1.580731531321066,0.586815274098431,1.3797316747315636,0.027972027972027972,0.000999000999000999,1000,yugene
meta_analysis,SIPS,HALLMARK CHOLESTEROL HOMEOSTASIS,58,-0.10790878975532463,0.572824521680628,1.4578202025373264,0.8691308691308691,0.000999000999000999,1000,yugene
meta_analysis,SIPS,HALLMARK COAGULATION,77,1.4216493663788403,0.5902188208277185,1.414307381725679,0.04695304695304695,0.000999000999000999,1000,yugene
meta_analysis,SIPS,HALLMARK COMPLEMENT,127,1.2676284161220255,0.6188037428249046,1.48616426645188,0.09290709290709291,0.000999000999000999,1000,yugene
meta_analysis,SIPS,HALLMARK DNA REPAIR,93,0.9231858201113118,0.5737829719425226,1.3879166508838643,0.1958041958041958,0.000999000999000999,1000,yugene
meta_analysis,SIPS,HALLMARK E2F TARGETS,136,0.8210631614795753,0.5833273090922767,1.3893798517993095,0.2517482517482518,0.000999000999000999,1000,yugene
meta_analysis,SIPS,HALLMARK EPITHELIAL MESENCHYMAL TRANSITION,153,0.34697092616714187,0.6066611451246137,1.4369519501624222,0.6613386613386614,0.000999000999000999,1000,yugene
meta_analysis,SIPS,HALLMARK ESTROGEN RESPONSE EARLY,150,0.3882305545115652,0.5825482994154019,1.3975284118880382,0.5784215784215784,0.000999000999000999,1000,yugene
meta_analysis,SIPS,HALLMARK ESTROGEN RESPONSE LATE,150,-0.235065351564844,0.604133316905319,1.4129829437721064,0.7672327672327672,0.000999000999000999,1000,yugene
meta_analysis,SIPS,HALLMARK FATTY ACID METABOLISM,107,0.48833673344084544,0.5890233220488251,1.4555433095960852,0.5084915084915085,0.000999000999000999,1000,yugene
meta_analysis,SIPS,HALLMARK G2M CHECKPOINT,142,0.7069911821467273,0.6005510137042238,1.458684197017679,0.35264735264735264,0.000999000999000999,1000,yugene
meta_analysis,SIPS,HALLMARK GLYCOLYSIS,139,-0.5779527339327903,0.6134925831916455,1.4627792087607119,0.45254745254745254,0.000999000999000999,1000,yugene
meta_analysis,SIPS,HALLMARK HEDGEHOG SIGNALING,32,-0.9031870790220209,0.5768857696203794,1.4218212575990792,0.206,0.001,999,yugene
meta_analysis,SIPS,HALLMARK HEME METABOLISM,142,2.2436644918942017,0.5986137252116992,1.3815177001514802,0.003996003996003996,0.000999000999000999,1000,yugene
meta_analysis,SIPS,HALLMARK HYPOXIA,142,0.7309493550961023,0.5988681539338525,1.4290241342540497,0.32167832167832167,0.000999000999000999,1000,yugene
meta_analysis,SIPS,HALLMARK IL2 STAT5 SIGNALING,148,0.10577427506811017,0.6135183502340764,1.4867816812805423,0.8951048951048951,0.000999000999000999,1000,yugene
meta_analysis,SIPS,HALLMARK IL6 JAK STAT3 SIGNALING,57,0.08425188360935405,0.5920450455893065,1.477691644484432,0.9040959040959041,0.000999000999000999,1000,yugene
meta_analysis,SIPS,HALLMARK INFLAMMATORY RESPONSE,146,0.9186391990030403,0.5977482018758064,1.4298467702375925,0.22477522477522477,0.000999000999000999,1000,yugene
meta_analysis,SIPS,HALLMARK INTERFERON ALPHA RESPONSE,66,-0.8044500033897026,0.5612779659662326,1.3957612926218401,0.2707292707292707,0.000999000999000999,1000,yugene
meta_analysis,SIPS,HALLMARK INTERFERON GAMMA RESPONSE,134,1.257492245019706,0.5945235148903049,1.4539266638568193,0.0999000999000999,0.000999000999000999,1000,yugene
meta_analysis,SIPS,HALLMARK KRAS SIGNALING DN,110,0.4205757576339711,0.5899210157259742,1.4386336348882274,0.5704295704295704,0.000999000999000999,1000,yugene
meta_analysis,SIPS,HALLMARK KRAS SIGNALING UP,155,0.22403406340773024,0.6020129451376167,1.4278406277515365,0.7682317682317682,0.000999000999000999,1000,yugene
meta_analysis,SIPS,HALLMARK MITOTIC SPINDLE,159,1.8803902079417847,0.6206501211757989,1.4982023977224816,0.012987012987012988,0.000999000999000999,1000,yugene
meta_analysis,SIPS,HALLMARK MTORC1 SIGNALING,131,0.018474122859944538,0.6151904735168084,1.4456039180187745,0.978021978021978,0.000999000999000999,1000,yugene
meta_analysis,SIPS,HALLMARK MYC TARGETS,137,-1.4572185870379921,0.6051354842255907,1.4607148672793315,0.05194805194805195,0.000999000999000999,1000,yugene
meta_analysis,SIPS,HALLMARK MYOGENESIS,156,0.8758128425101315,0.600866013993471,1.4417790675991329,0.24675324675324675,0.000999000999000999,1000,yugene
meta_analysis,SIPS,HALLMARK NOTCH SIGNALING,26,-0.24722314866684053,0.5799664696217038,1.5048870133361258,0.7412236710130391,0.0010030090270812437,996,yugene
meta_analysis,SIPS,HALLMARK OXIDATIVE PHOSPHORYLATION,103,0.14477810647147873,0.5909066415711275,1.4222709660571224,0.8561438561438561,0.000999000999000999,1000,yugene
meta_analysis,SIPS,HALLMARK P53 PATHWAY,141,2.0635575694863397,0.6148388490484197,1.4298008446048136,0.007992007992007992,0.000999000999000999,1000,yugene
meta_analysis,SIPS,HALLMARK PANCREAS BETA CELLS,19,-0.059561222736824584,0.5788708766521306,1.5871736159298,0.9188640973630832,0.0010141987829614604,985,yugene
meta_analysis,SIPS,HALLMARK PEROXISOME,78,0.7486150415483022,0.5969240334046589,1.5082619845475516,0.3116883116883117,0.000999000999000999,1000,yugene
meta_analysis,SIPS,HALLMARK PI3K AKT MTOR SIGNALING,77,0.30189253907214364,0.5726719145675122,1.4166449908319205,0.6673326673326674,0.000999000999000999,1000,yugene
meta_analysis,SIPS,HALLMARK PROTEIN SECRETION,76,1.1806014830478497,0.567146232145287,1.3811686024259997,0.0919080919080919,0.000999000999000999,1000,yugene
meta_analysis,SIPS,HALLMARK REACTIVE OXYGEN SPECIES PATHWAY,28,-0.4615117428095858,0.552689576910131,1.3840857386693504,0.4979919678714859,0.001004016064257028,995,yugene
meta_analysis,SIPS,HALLMARK SPERMATOGENESIS,74,0.6583436018913954,0.5858028853725255,1.4620062156380278,0.36363636363636365,0.000999000999000999,1000,yugene
meta_analysis,SIPS,HALLMARK TGF BETA SIGNALING,40,0.05217427487317805,0.578892820287735,1.4819762060683204,0.954045954045954,0.000999000999000999,1000,yugene
meta_analysis,SIPS,HALLMARK TNFA SIGNALING VIA NFKB,164,0.544333374545533,0.6248919782036739,1.52092268027579,0.5104895104895105,0.000999000999000999,1000,yugene
meta_analysis,SIPS,HALLMARK UNFOLDED PROTEIN RESPONSE,79,-0.4641144634187371,0.5867235834282982,1.3947165670176058,0.5474525474525475,0.000999000999000999,1000,yugene
meta_analysis,SIPS,HALLMARK UV RESPONSE DN,128,0.4839357913845312,0.634250110533395,1.4362121993933297,0.5654345654345654,0.000999000999000999,1000,yugene
meta_analysis,SIPS,HALLMARK UV RESPONSE UP,104,0.9859564725467483,0.6282324982454269,1.47434513902803,0.2127872127872128,0.000999000999000999,1000,yugene
meta_analysis,SIPS,HALLMARK WNT BETA CATENIN SIGNALING,29,0.31938178857593924,0.5782652546161141,1.4211339639771492,0.6736736736736737,0.001001001001001001,998,yugene
meta_analysis,SIPS,HALLMARK XENOBIOTIC METABOLISM,136,1.1474343666938296,0.5729454582658616,1.428956169273942,0.11888111888111888,0.000999000999000999,1000,yugene
meta_analysis,SIPS,Lysosomal Genes,138,1.3655891317491198,0.5818649223777261,1.4630166415520625,0.07392607392607392,0.000999000999000999,1000,yugene
meta_analysis,OIS,HALLMARK ADIPOGENESIS,142,1.1063608959718976,0.7737269746106564,2.0548460701201843,0.24875124875124874,0.000999000999000999,1000,yugene
meta_analysis,OIS,HALLMARK ALLOGRAFT REJECTION,133,1.5493038273472333,0.7469042806759223,1.9094849190321332,0.1018981018981019,0.000999000999000999,1000,yugene
meta_analysis,OIS,HALLMARK ANDROGEN RESPONSE,75,-0.4737663065157885,0.7741277841557368,2.017844400115967,0.6333666333666333,0.000999000999000999,1000,yugene
meta_analysis,OIS,HALLMARK ANGIOGENESIS,28,0.5016555286429113,0.6365936787116451,1.6827429999759431,0.5025075225677031,0.0010030090270812437,996,yugene
meta_analysis,OIS,HALLMARK APICAL JUNCTION,152,2.4392610912502,0.7944653946235346,2.0612830234051516,0.022977022977022976,0.000999000999000999,1000,yugene
meta_analysis,OIS,HALLMARK APICAL SURFACE,31,0.35008614835927027,0.6926006471068906,1.7989519631349737,0.682,0.001,999,yugene
meta_analysis,OIS,HALLMARK APOPTOSIS,123,1.1202281238990324,0.7151228325496197,1.8750066846387747,0.22077922077922077,0.000999000999000999,1000,yugene
meta_analysis,OIS,HALLMARK BILE ACID METABOLISM,79,0.9194257309027732,0.7441885970341662,2.033350242695307,0.2917082917082917,0.000999000999000999,1000,yugene
meta_analysis,OIS,HALLMARK CHOLESTEROL HOMEOSTASIS,58,-0.5140721309449195,0.7316614051937397,1.894049977969272,0.5594405594405595,0.000999000999000999,1000,yugene
meta_analysis,OIS,HALLMARK COAGULATION,77,1.063755613230594,0.7078606663260449,1.8904730529534721,0.22877122877122877,0.000999000999000999,1000,yugene
meta_analysis,OIS,HALLMARK COMPLEMENT,127,1.6289721806258344,0.7564278311647732,2.039786694760982,0.10789210789210789,0.000999000999000999,1000,yugene
meta_analysis,OIS,HALLMARK DNA REPAIR,93,0.5030885796824752,0.7098951976491248,1.8363824636127415,0.5384615384615384,0.000999000999000999,1000,yugene
meta_analysis,OIS,HALLMARK E2F TARGETS,136,0.7078106060758403,0.7568486121994366,2.009822839659255,0.45254745254745254,0.000999000999000999,1000,yugene
meta_analysis,OIS,HALLMARK EPITHELIAL MESENCHYMAL TRANSITION,153,1.856146965734294,0.7515597930626929,1.975546606753285,0.06393606393606394,0.000999000999000999,1000,yugene
meta_analysis,OIS,HALLMARK ESTROGEN RESPONSE EARLY,150,-0.24464204778511767,0.7652451592964726,1.9199678383371013,0.7962037962037962,0.000999000999000999,1000,yugene
meta_analysis,OIS,HALLMARK ESTROGEN RESPONSE LATE,150,0.7538618634748445,0.7882384314895056,2.121674159275958,0.41358641358641357,0.000999000999000999,1000,yugene
meta_analysis,OIS,HALLMARK FATTY ACID METABOLISM,107,0.5981283900171636,0.7689833780927077,2.040257305942403,0.5194805194805194,0.000999000999000999,1000,yugene
meta_analysis,OIS,HALLMARK G2M CHECKPOINT,142,0.8294322058101309,0.7755993805621659,2.044751511724047,0.3786213786213786,0.000999000999000999,1000,yugene
meta_analysis,OIS,HALLMARK GLYCOLYSIS,139,-1.0938539175099178,0.7511547199181814,1.970552852982609,0.23876123876123875,0.000999000999000999,1000,yugene
meta_analysis,OIS,HALLMARK HEDGEHOG SIGNALING,32,1.0888765623566483,0.6843182393820662,1.8121757357849075,0.2,0.001,999,yugene
meta_analysis,OIS,HALLMARK HEME METABOLISM,142,1.5637372660822062,0.7538710520398997,2.0133883641502557,0.11288711288711288,0.000999000999000999,1000,yugene
meta_analysis,OIS,HALLMARK HYPOXIA,142,0.6389730862120253,0.7412833848241864,1.9145877500962323,0.4645354645354645,0.000999000999000999,1000,yugene
meta_analysis,OIS,HALLMARK IL2 STAT5 SIGNALING,148,-0.307893908927726,0.7551610525240013,1.9457765659637416,0.7342657342657343,0.000999000999000999,1000,yugene
meta_analysis,OIS,HALLMARK IL6 JAK STAT3 SIGNALING,57,-1.6221700115370299,0.6978417455260955,1.7806895966976386,0.07292707292707293,0.000999000999000999,1000,yugene
meta_analysis,OIS,HALLMARK INFLAMMATORY RESPONSE,146,0.679298445234759,0.7746937458640768,1.9771928185911616,0.46553446553446554,0.000999000999000999,1000,yugene
meta_analysis,OIS,HALLMARK INTERFERON ALPHA RESPONSE,66,-1.4841874883025643,0.7427245893836323,1.884130640945539,0.12087912087912088,0.000999000999000999,1000,yugene
meta_analysis,OIS,HALLMARK INTERFERON GAMMA RESPONSE,134,2.7074043965443537,0.7446486244413716,1.980546313460483,0.013986013986013986,0.000999000999000999,1000,yugene
meta_analysis,OIS,HALLMARK KRAS SIGNALING DN,110,0.006973172690992914,0.741480339645671,1.9424647842293923,0.995004995004995,0.000999000999000999,1000,yugene
meta_analysis,OIS,HALLMARK KRAS SIGNALING UP,155,1.5143752179245364,0.7477425217231034,1.9447925074673416,0.11588411588411589,0.000999000999000999,1000,yugene
meta_analysis,OIS,HALLMARK MITOTIC SPINDLE,159,1.3243336486399846,0.7798640028531827,2.0567553107401064,0.18581418581418582,0.000999000999000999,1000,yugene
meta_analysis,OIS,HALLMARK MTORC1 SIGNALING,131,0.09310774643874734,0.7559200442549725,1.9688278393911502,0.906093906093906,0.000999000999000999,1000,yugene
meta_analysis,OIS,HALLMARK MYC TARGETS,137,-2.5172122433189843,0.7682482685932803,1.9680931228550367,0.012987012987012988,0.000999000999000999,1000,yugene
meta_analysis,OIS,HALLMARK MYOGENESIS,156,1.4784160508518513,0.773693966329445,1.9159078114874908,0.14385614385614387,0.000999000999000999,1000,yugene
meta_analysis,OIS,HALLMARK NOTCH SIGNALING,26,-1.7421544936465556,0.6760387960037603,1.7655991141901493,0.05220883534136546,0.001004016064257028,995,yugene
meta_analysis,OIS,HALLMARK OXIDATIVE PHOSPHORYLATION,103,0.7683153304917818,0.7362539483173909,1.9503214192663785,0.3786213786213786,0.000999000999000999,1000,yugene
meta_analysis,OIS,HALLMARK P53 PATHWAY,141,1.0385486667066703,0.7905859382226206,2.099704896162204,0.2827172827172827,0.000999000999000999,1000,yugene
meta_analysis,OIS,HALLMARK PANCREAS BETA CELLS,19,0.5149421563634567,0.6997453097056228,1.7735520569072347,0.5422177009155646,0.001017293997965412,982,yugene
meta_analysis,OIS,HALLMARK PEROXISOME,78,1.1200717938185822,0.7734015431067588,2.004056017883174,0.25674325674325676,0.000999000999000999,1000,yugene
meta_analysis,OIS,HALLMARK PI3K AKT MTOR SIGNALING,77,-0.07173077164720264,0.7576163794377249,1.891452184894824,0.939060939060939,0.000999000999000999,1000,yugene
meta_analysis,OIS,HALLMARK PROTEIN SECRETION,76,0.12387336881615593,0.7559821421802312,2.0504589668305897,0.8891108891108891,0.000999000999000999,1000,yugene
meta_analysis,OIS,HALLMARK REACTIVE OXYGEN SPECIES PATHWAY,28,0.22405682215156897,0.6817216328769294,1.7810342570188418,0.785140562248996,0.001004016064257028,995,yugene
meta_analysis,OIS,HALLMARK SPERMATOGENESIS,74,0.957803207127671,0.7273775195463773,1.8916679545812103,0.2917082917082917,0.000999000999000999,1000,yugene
meta_analysis,OIS,HALLMARK TGF BETA SIGNALING,40,-0.1553120353682345,0.6968444642149948,1.8011492013429502,0.8491508491508492,0.000999000999000999,1000,yugene
meta_analysis,OIS,HALLMARK TNFA SIGNALING VIA NFKB,164,0.794032459219756,0.7793532179825888,2.0424014225975737,0.3946053946053946,0.000999000999000999,1000,yugene
meta_analysis,OIS,HALLMARK UNFOLDED PROTEIN RESPONSE,79,-0.2576463229068481,0.7117578188967202,1.828259683439225,0.7492507492507493,0.000999000999000999,1000,yugene
meta_analysis,OIS,HALLMARK UV RESPONSE DN,128,-0.7021636874116592,0.7739433478726749,2.028602533163336,0.45554445554445555,0.000999000999000999,1000,yugene
meta_analysis,OIS,HALLMARK UV RESPONSE UP,104,0.9942092812469323,0.7316441238761879,1.9607582206844005,0.2597402597402597,0.000999000999000999,1000,yugene
meta_analysis,OIS,HALLMARK WNT BETA CATENIN SIGNALING,29,-1.2445078079467493,0.6928203931315138,1.845144014320958,0.14914914914914915,0.001001001001001001,998,yugene
meta_analysis,OIS,HALLMARK XENOBIOTIC METABOLISM,136,3.5927356703230138,0.7470327206123982,1.9323488213083826,0.001998001998001998,0.000999000999000999,1000,yugene
meta_analysis,OIS,Lysosomal Genes,138,1.4164175071883909,0.7626404240987653,1.9659667867718085,0.15484515484515485,0.000999000999000999,1000,yugene
temporal_pooled,Fibroblast,HALLMARK ADIPOGENESIS,142,3.867419045773223,1.976265568355313,5.172243530187648,0.11188811188811189,0.000999000999000999,1000,yugene
temporal_pooled,Fibroblast,HALLMARK ALLOGRAFT REJECTION,133,3.07227597343438,1.8975186398975739,4.896752771452684,0.1918081918081918,0.000999000999000999,1000,yugene
temporal_pooled,Fibroblast,HALLMARK ANDROGEN RESPONSE,75,-3.290032016785492,1.8912592367035286,5.297937799005,0.16183816183816183,0.000999000999000999,1000,yugene
temporal_pooled,Fibroblast,HALLMARK ANGIOGENESIS,28,2.2635993731995434,1.8641868648217115,5.161074363698795,0.29547738693467335,0.0010050251256281408,994,yugene
temporal_pooled,Fibroblast,HALLMARK APICAL JUNCTION,152,4.691590359762089,1.9606185046255316,5.223340617971037,0.07092907092907093,0.000999000999000999,1000,yugene
temporal_pooled,Fibroblast,HALLMARK APICAL SURFACE,31,2.4702456102928245,1.9405522448606491,5.268715313446831,0.2775551102204409,0.001002004008016032,997,yugene
temporal_pooled,Fibroblast,HALLMARK APOPTOSIS,123,2.651001610541321,1.93536680379997,5.145187940899668,0.23476523476523475,0.000999000999000999,1000,yugene
temporal_pooled,Fibroblast,HALLMARK BILE ACID METABOLISM,79,4.059890295605651,1.8388388965809537,4.965866485079625,0.09290709290709291,0.000999000999000999,1000,yugene
temporal_pooled,Fibroblast,HALLMARK CHOLESTEROL HOMEOSTASIS,58,0.5717255639488862,1.8713589751132205,4.957864387660407,0.8051948051948052,0.000999000999000999,1000,yugene
temporal_pooled,Fibroblast,HALLMARK COAGULATION,77,1.983423525354083,1.8409550637117456,4.954016370571214,0.3676323676323676,0.000999000999000999,1000,yugene
temporal_pooled,Fibroblast,HALLMARK COMPLEMENT,127,2.999493753742873,1.970100470394279,5.198893602597654,0.1928071928071928,0.000999000999000999,1000,yugene
temporal_pooled,Fibroblast,HALLMARK DNA REPAIR,93,1.5381679082216932,1.940974623704004,5.3603827842413425,0.4885114885114885,0.000999000999000999,1000,yugene
temporal_pooled,Fibroblast,HALLMARK E2F TARGETS,136,4.9616456280443355,1.9240417898643978,5.332016219777811,0.057942057942057944,0.000999000999000999,1000,yugene
temporal_pooled,Fibroblast,HALLMARK EPITHELIAL MESENCHYMAL TRANSITION,153,5.096563202265367,1.9945010666026328,5.539483724724411,0.06293706293706294,0.000999000999000999,1000,yugene
temporal_pooled,Fibroblast,HALLMARK ESTROGEN RESPONSE EARLY,150,1.1966945382997896,1.9412751900526064,5.175325150866606,0.6093906093906094,0.000999000999000999,1000,yugene
temporal_pooled,Fibroblast,HALLMARK ESTROGEN RESPONSE LATE,150,0.16868430529634382,1.975320907951886,5.179100170974892,0.954045954045954,0.000999000999000999,1000,yugene
temporal_pooled,Fibroblast,HALLMARK FATTY ACID METABOLISM,107,4.793491596130489,1.8799262598462978,4.867428279852745,0.054945054945054944,0.000999000999000999,1000,yugene
temporal_pooled,Fibroblast,HALLMARK G2M CHECKPOINT,142,5.924147366789495,1.9615072746981506,5.032295554079066,0.03496503496503497,0.000999000999000999,1000,yugene
temporal_pooled,Fibroblast,HALLMARK GLYCOLYSIS,139,1.058326608433304,2.0351288619497936,5.288874285451211,0.6693306693306693,0.000999000999000999,1000,yugene
temporal_pooled,Fibroblast,HALLMARK HEDGEHOG SIGNALING,32,-4.261737339847942,1.9187568129201424,4.8569525015534145,0.08108108108108109,0.001001001001001001,998,yugene
temporal_pooled,Fibroblast,HALLMARK HEME METABOLISM,142,6.6291549581761275,1.9962889822509655,5.048676350415094,0.02097902097902098,0.000999000999000999,1000,yugene
temporal_pooled,Fibroblast,HALLMARK HYPOXIA,142,0.5859995652158538,1.9037531948262594,5.01722213208233,0.7932067932067932,0.000999000999000999,1000,yugene
temporal_pooled,Fibroblast,HALLMARK IL2 STAT5 SIGNALING,148,1.876993856862699,1.9887135884003433,5.395353617275961,0.42157842157842157,0.000999000999000999,1000,yugene
temporal_pooled,Fibroblast,HALLMARK IL6 JAK STAT3 SIGNALING,57,-1.0522919091451086,1.9314941374611077,4.972844277240477,0.6413586413586414,0.000999000999000999,1000,yugene
temporal_pooled,Fibroblast,HALLMARK INFLAMMATORY RESPONSE,146,1.8586071834290412,1.9248763018168662,5.041846543558121,0.4025974025974026,0.000999000999000999,1000,yugene
temporal_pooled,Fibroblast,HALLMARK INTERFERON ALPHA RESPONSE,66,-1.2742181208192205,1.8437186375460843,4.6789360961635,0.5684315684315684,0.000999000999000999,1000,yugene
temporal_pooled,Fibroblast,HALLMARK INTERFERON GAMMA RESPONSE,134,3.3102787373004676,1.9344541650644371,4.971536054995338,0.16183816183816183,0.000999000999000999,1000,yugene
temporal_pooled,Fibroblast,HALLMARK KRAS SIGNALING DN,110,1.216161638644336,1.919057018545971,4.740148168277976,0.5894105894105894,0.000999000999000999,1000,yugene
temporal_pooled,Fibroblast,HALLMARK KRAS SIGNALING UP,155,0.7075406596848655,2.001104298958269,5.496664198522112,0.7622377622377622,0.000999000999000999,1000,yugene
temporal_pooled,Fibroblast,HALLMARK MITOTIC SPINDLE,159,5.394335770038811,1.966497617753958,5.136658206739511,0.04495504495504495,0.000999000999000999,1000,yugene
temporal_pooled,Fibroblast,HALLMARK MTORC1 SIGNALING,131,0.7993920595446844,2.006802010457965,5.367348025244512,0.7352647352647352,0.000999000999000999,1000,yugene
temporal_pooled,Fibroblast,HALLMARK MYC TARGETS,137,-0.21637126300201204,1.9738533468612318,5.015780636197302,0.939060939060939,0.000999000999000999,1000,yugene
temporal_pooled,Fibroblast,HALLMARK MYOGENESIS,156,1.7918049388131871,1.9223122090469926,5.146983579926873,0.4255744255744256,0.000999000999000999,1000,yugene
temporal_pooled,Fibroblast,HALLMARK NOTCH SIGNALING,26,-0.857899058891415,1.8972793740822798,5.145477601785233,0.7075376884422111,0.0010050251256281408,994,yugene
temporal_pooled,Fibroblast,HALLMARK OXIDATIVE PHOSPHORYLATION,103,0.6116623393675665,1.8976021582223968,4.881404634881975,0.7852147852147852,0.000999000999000999,1000,yugene
temporal_pooled,Fibroblast,HALLMARK P53 PATHWAY,141,5.279093891413983,2.0692251525450276,5.438781894243172,0.06293706293706294,0.000999000999000999,1000,yugene
temporal_pooled,Fibroblast,HALLMARK PANCREAS BETA CELLS,19,1.4893216453255862,1.7907885597506121,4.873569224914174,0.47368421052631576,0.0010319917440660474,968,yugene
temporal_pooled,Fibroblast,HALLMARK PEROXISOME,78,1.5697434978978428,1.917001284600715,5.103400954826282,0.4785214785214785,0.000999000999000999,1000,yugene
temporal_pooled,Fibroblast,HALLMARK PI3K AKT MTOR SIGNALING,77,1.1426549435190807,1.9486387291478768,5.117385357946792,0.6213786213786214,0.000999000999000999,1000,yugene
temporal_pooled,Fibroblast,HALLMARK PROTEIN SECRETION,76,3.107698651951695,1.8796744140524302,4.9171895562214285,0.17682317682317683,0.000999000999000999,1000,yugene
temporal_pooled,Fibroblast,HALLMARK REACTIVE OXYGEN SPECIES PATHWAY,28,0.8737188398401292,1.868558957467867,5.230203026552057,0.6892028254288597,0.0010090817356205853,990,yugene
temporal_pooled,Fibroblast,HALLMARK SPERMATOGENESIS,74,1.9807393619084326,1.9192801112043307,5.060820191672273,0.3806193806193806,0.000999000999000999,1000,yugene
temporal_pooled,Fibroblast,HALLMARK TGF BETA SIGNALING,40,-2.7819996231182547,1.9034063894411335,4.9088123811216,0.215,0.001,999,yugene
temporal_pooled,Fibroblast,HALLMARK TNFA SIGNALING VIA NFKB,164,1.8042972910284099,2.0558249319130364,5.332289399199977,0.46153846153846156,0.000999000999000999,1000,yugene
temporal_pooled,Fibroblast,HALLMARK UNFOLDED PROTEIN RESPONSE,79,-3.251109125302274,1.9197120271419685,4.874232729791382,0.16483516483516483,0.000999000999000999,1000,yugene
temporal_pooled,Fibroblast,HALLMARK UV RESPONSE DN,128,0.7774704514192221,1.941057705694752,4.889949663385874,0.7512487512487512,0.000999000999000999,1000,yugene
temporal_pooled,Fibroblast,HALLMARK UV RESPONSE UP,104,2.378497729658988,2.011924933702593,5.704720471336686,0.3276723276723277,0.000999000999000999,1000,yugene
temporal_pooled,Fibroblast,HALLMARK WNT BETA CATENIN SIGNALING,29,0.3916867855000897,1.9552090601999175,4.986829393508408,0.8667334669338678,0.001002004008016032,997,yugene
temporal_pooled,Fibroblast,HALLMARK XENOBIOTIC METABOLISM,136,2.4294335194451886,1.9803050714468193,5.201532811593096,0.2997002997002997,0.000999000999000999,1000,yugene
temporal_pooled,Fibroblast,Lysosomal Genes,138,2.9188319789356476,1.966805912163732,5.297169513423638,0.23376623376623376,0.000999000999000999,1000,yugene
temporal_pooled,Keratinocyte,HALLMARK ADIPOGENESIS,142,3.4830884399061786,1.046035855907238,2.7070352708158425,0.01898101898101898,0.000999000999000999,1000,yugene
temporal_pooled,Keratinocyte,HALLMARK ALLOGRAFT REJECTION,133,0.5598735044744494,1.0628357788191183,2.604262111810221,0.6933066933066933,0.000999000999000999,1000,yugene
temporal_pooled,Keratinocyte,HALLMARK ANDROGEN RESPONSE,75,0.7286675398438839,1.048302029609049,2.518652359202841,0.5804195804195804,0.000999000999000999,1000,yugene
temporal_pooled,Keratinocyte,HALLMARK ANGIOGENESIS,28,0.8034805015146984,1.075514303907996,2.4764863141552853,0.5642570281124498,0.001004016064257028,995,yugene
temporal_pooled,Keratinocyte,HALLMARK APICAL JUNCTION,152,1.4878646824235113,1.0669253292626495,2.6732632885859675,0.25874125874125875,0.000999000999000999,1000,yugene
temporal_pooled,Keratinocyte,HALLMARK APICAL SURFACE,31,-2.1358670076808037,1.0981206208191139,2.668752363929927,0.10542168674698796,0.001004016064257028,995,yugene
temporal_pooled,Keratinocyte,HALLMARK APOPTOSIS,123,-0.5505443022584066,1.034412232668742,2.6321312920022515,0.6513486513486514,0.000999000999000999,1000,yugene
temporal_pooled,Keratinocyte,HALLMARK BILE ACID METABOLISM,79,0.8753495178705099,1.0501752106496283,2.6091401483258307,0.5024975024975025,0.000999000999000999,1000,yugene
temporal_pooled,Keratinocyte,HALLMARK CHOLESTEROL HOMEOSTASIS,58,2.4641691574631834,1.0446106769027528,2.5498458215340887,0.059940059940059943,0.000999000999000999,1000,yugene
temporal_pooled,Keratinocyte,HALLMARK COAGULATION,77,1.424700149131696,1.0562525593853627,2.6307724894105737,0.2627372627372627,0.000999000999000999,1000,yugene
temporal_pooled,Keratinocyte,HALLMARK COMPLEMENT,127,2.3888559909460167,1.0720147276050143,2.744003397571563,0.07592407592407592,0.000999000999000999,1000,yugene
temporal_pooled,Keratinocyte,HALLMARK DNA REPAIR,93,0.30257812836930337,1.0589115268701115,2.5714669882604517,0.8221778221778222,0.000999000999000999,1000,yugene
temporal_pooled,Keratinocyte,HALLMARK E2F TARGETS,136,4.075624921730235,1.0437392704287194,2.548104894873033,0.005994005994005994,0.000999000999000999,1000,yugene
temporal_pooled,Keratinocyte,HALLMARK EPITHELIAL MESENCHYMAL TRANSITION,153,0.9984183218904008,1.0462121264129216,2.4918539295107145,0.46153846153846156,0.000999000999000999,1000,yugene
temporal_pooled,Keratinocyte,HALLMARK ESTROGEN RESPONSE EARLY,150,0.5593747357247976,1.0639059749763282,2.6501297416711638,0.6913086913086913,0.000999000999000999,1000,yugene
temporal_pooled,Keratinocyte,HALLMARK ESTROGEN RESPONSE LATE,150,0.013796987496065073,1.0495800074145927,2.6431748846971974,0.991008991008991,0.000999000999000999,1000,yugene
temporal_pooled,Keratinocyte,HALLMARK FATTY ACID METABOLISM,107,1.6553146966785153,1.0570745100838268,2.499467814564931,0.2047952047952048,0.000999000999000999,1000,yugene
temporal_pooled,Keratinocyte,HALLMARK G2M CHECKPOINT,142,3.325255411958478,1.0972578543737455,2.7672616046872993,0.029970029970029972,0.000999000999000999,1000,yugene
temporal_pooled,Keratinocyte,HALLMARK GLYCOLYSIS,139,0.1642416127663461,1.0707105766270437,2.799319613846046,0.8971028971028971,0.000999000999000999,1000,yugene
temporal_pooled,Keratinocyte,HALLMARK HEDGEHOG SIGNALING,32,-1.4642731183384723,1.1099413109665162,2.6632618250669515,0.276,0.001,999,yugene
temporal_pooled,Keratinocyte,HALLMARK HEME METABOLISM,142,2.065859247211585,1.0785620313850517,2.6010958924773706,0.11788211788211789,0.000999000999000999,1000,yugene
temporal_pooled,Keratinocyte,HALLMARK HYPOXIA,142,0.3546857436495618,1.0459370467961433,2.6097099533651784,0.7982017982017982,0.000999000999000999,1000,yugene
temporal_pooled,Keratinocyte,HALLMARK IL2 STAT5 SIGNALING,148,0.0743578937552221,0.9929020911988571,2.5238148328456522,0.9460539460539461,0.000999000999000999,1000,yugene
temporal_pooled,Keratinocyte,HALLMARK IL6 JAK STAT3 SIGNALING,57,-0.6841761277382388,1.0491961965912742,2.533603115357897,0.5964035964035964,0.000999000999000999,1000,yugene
temporal_pooled,Keratinocyte,HALLMARK INFLAMMATORY RESPONSE,146,0.6317314862683259,1.0615957990803595,2.6381166734262855,0.6343656343656343,0.000999000999000999,1000,yugene
temporal_pooled,Keratinocyte,HALLMARK INTERFERON ALPHA RESPONSE,66,0.7431883279261735,1.028532170486757,2.5311295396030418,0.5654345654345654,0.000999000999000999,1000,yugene
temporal_pooled,Keratinocyte,HALLMARK INTERFERON GAMMA RESPONSE,134,1.1025523978330376,1.0252984491722836,2.6538237224813446,0.3696303696303696,0.000999000999000999,1000,yugene
temporal_pooled,Keratinocyte,HALLMARK KRAS SIGNALING DN,110,-0.09693526371059953,1.0376730407853845,2.5757568586506845,0.9560439560439561,0.000999000999000999,1000,yugene
temporal_pooled,Keratinocyte,HALLMARK KRAS SIGNALING UP,155,1.1478077055899654,1.030093215006034,2.5123525949041454,0.36563436563436563,0.000999000999000999,1000,yugene
temporal_pooled,Keratinocyte,HALLMARK MITOTIC SPINDLE,159,2.1000069402344654,1.0078219938925879,2.431307657624553,0.0979020979020979,0.000999000999000999,1000,yugene
temporal_pooled,Keratinocyte,HALLMARK MTORC1 SIGNALING,131,2.111500006071829,1.0967163809013736,2.914971349884738,0.13386613386613386,0.000999000999000999,1000,yugene
temporal_pooled,Keratinocyte,HALLMARK MYC TARGETS,137,-1.2160472206952042,1.0990024049260787,2.7341089675158687,0.36863136863136864,0.000999000999000999,1000,yugene
temporal_pooled,Keratinocyte,HALLMARK MYOGENESIS,156,2.0583866473649377,1.0358832498557027,2.4552498801349683,0.10789210789210789,0.000999000999000999,1000,yugene
temporal_pooled,Keratinocyte,HALLMARK NOTCH SIGNALING,26,-0.7559918932937308,1.0720717020481894,2.535196021507342,0.5865191146881288,0.001006036217303823,993,yugene
temporal_pooled,Keratinocyte,HALLMARK OXIDATIVE PHOSPHORYLATION,103,-1.0935693308806214,1.0509666160180702,2.5565061109962572,0.4075924075924076,0.000999000999000999,1000,yugene
temporal_pooled,Keratinocyte,HALLMARK P53 PATHWAY,141,0.7818278249658694,1.054141517574998,2.4730418077689595,0.5614385614385614,0.000999000999000999,1000,yugene
temporal_pooled,Keratinocyte,HALLMARK PANCREAS BETA CELLS,19,-0.5167371420071204,1.0920321830049993,2.5445294085157784,0.7317574511819116,0.0010277492291880781,972,yugene
temporal_pooled,Keratinocyte,HALLMARK PEROXISOME,78,1.5704536286133661,1.0283569065711158,2.4197684349255377,0.21178821178821178,0.000999000999000999,1000,yugene
temporal_pooled,Keratinocyte,HALLMARK PI3K AKT MTOR SIGNALING,77,1.7538395063956338,1.0676095736858238,2.641481326851978,0.18681318681318682,0.000999000999000999,1000,yugene
temporal_pooled,Keratinocyte,HALLMARK PROTEIN SECRETION,76,0.7056601363954429,1.071865762206101,2.645980910340285,0.6053946053946054,0.000999000999000999,1000,yugene
temporal_pooled,Keratinocyte,HALLMARK REACTIVE OXYGEN SPECIES PATHWAY,28,-0.46736902403203356,1.0806794547181546,2.630235526837761,0.7315842583249244,0.0010090817356205853,990,yugene
temporal_pooled,Keratinocyte,HALLMARK SPERMATOGENESIS,74,1.1304880284246521,1.119879066760715,2.761616857544578,0.4255744255744256,0.000999000999000999,1000,yugene
temporal_pooled,Keratinocyte,HALLMARK TGF BETA SIGNALING,40,-1.7799732897508491,1.0729159317197314,2.6709372807218816,0.18,0.001,999,yugene
temporal_pooled,Keratinocyte,HALLMARK TNFA SIGNALING VIA NFKB,164,0.2242545133991204,1.0840987328900653,2.6943463490759187,0.8711288711288712,0.000999000999000999,1000,yugene
temporal_pooled,Keratinocyte,HALLMARK UNFOLDED PROTEIN RESPONSE,79,-0.49051812348759316,1.0626122855762024,2.9101807666011243,0.7172827172827173,0.000999000999000999,1000,yugene
temporal_pooled,Keratinocyte,HALLMARK UV RESPONSE DN,128,-0.4758725250035453,1.070329709916064,2.543777728324117,0.7332667332667333,0.000999000999000999,1000,yugene
temporal_pooled,Keratinocyte,HALLMARK UV RESPONSE UP,104,1.645040875900031,1.0943721479485122,2.754024371118952,0.20679320679320679,0.000999000999000999,1000,yugene
temporal_pooled,Keratinocyte,HALLMARK WNT BETA CATENIN SIGNALING,29,-1.0687662580405077,1.0340926558378924,2.444581337118552,0.41541541541541543,0.001001001001001001,998,yugene
temporal_pooled,Keratinocyte,HALLMARK XENOBIOTIC METABOLISM,136,0.49122501993199924,1.078150333056243,2.5873716803200004,0.7252747252747253,0.000999000999000999,1000,yugene
temporal_pooled,Keratinocyte,Lysosomal Genes,138,0.7068024213210399,1.073931375868451,2.757611168930067,0.5974025974025974,0.000999000999000999,1000,yugene
temporal_pooled,Melanocyte,HALLMARK ADIPOGENESIS,142,-2.523260505556716,2.1416109974395785,5.429775150882295,0.33266733266733267,0.000999000999000999,1000,yugene
temporal_pooled,Melanocyte,HALLMARK ALLOGRAFT REJECTION,133,1.3539390016228454,2.11311140511737,5.6370588570980855,0.5874125874125874,0.000999000999000999,1000,yugene
temporal_pooled,Melanocyte,HALLMARK ANDROGEN RESPONSE,75,-1.4343861202038,2.0357199006885325,5.317359856066385,0.5404595404595405,0.000999000999000999,1000,yugene
temporal_pooled,Melanocyte,HALLMARK ANGIOGENESIS,28,-1.693115642773465,1.8730635606059172,5.300125362710676,0.42771084337349397,0.001004016064257028,995,yugene
temporal_pooled,Melanocyte,HALLMARK APICAL JUNCTION,152,-2.4105595101426394,2.1239739579686274,5.7149095685957025,0.33266733266733267,0.000999000999000999,1000,yugene
temporal_pooled,Melanocyte,HALLMARK APICAL SURFACE,31,-1.1263938424753634,1.7864767296013218,4.697012897717887,0.5787362086258776,0.0010030090270812437,996,yugene
temporal_pooled,Melanocyte,HALLMARK APOPTOSIS,123,1.2213405701571247,2.036187362492816,5.445695655746797,0.6023976023976024,0.000999000999000999,1000,yugene
temporal_pooled,Melanocyte,HALLMARK BILE ACID METABOLISM,79,-0.589237399503405,2.036560027050698,4.9252385340194085,0.8061938061938062,0.000999000999000999,1000,yugene
temporal_pooled,Melanocyte,HALLMARK CHOLESTEROL HOMEOSTASIS,58,-1.4266651979979232,1.992453271203879,4.937994690494297,0.5524475524475524,0.000999000999000999,1000,yugene
temporal_pooled,Melanocyte,HALLMARK COAGULATION,77,2.947566685678617,2.042882811295721,5.438405127556312,0.22777222777222778,0.000999000999000999,1000,yugene
temporal_pooled,Melanocyte,HALLMARK COMPLEMENT,127,2.2058420775099803,2.0863665208988085,5.623774765058727,0.36863136863136864,0.000999000999000999,1000,yugene
temporal_pooled,Melanocyte,HALLMARK DNA REPAIR,93,3.4132019910011224,1.9257327906376516,4.77131680625227,0.14485514485514486,0.000999000999000999,1000,yugene
temporal_pooled,Melanocyte,HALLMARK E2F TARGETS,136,1.1795409746914476,2.157047001118074,5.256801586196008,0.6703296703296703,0.000999000999000999,1000,yugene
temporal_pooled,Melanocyte,HALLMARK EPITHELIAL MESENCHYMAL TRANSITION,153,-0.663317485540167,2.1996389698349765,5.867839300975313,0.7932067932067932,0.000999000999000999,1000,yugene
temporal_pooled,Melanocyte,HALLMARK ESTROGEN RESPONSE EARLY,150,1.757011821114231,2.282995169878952,6.1990911044355155,0.5124875124875125,0.000999000999000999,1000,yugene
temporal_pooled,Melanocyte,HALLMARK ESTROGEN RESPONSE LATE,150,0.4229371912098755,2.061677889198491,4.9524629478050395,0.8811188811188811,0.000999000999000999,1000,yugene
temporal_pooled,Melanocyte,HALLMARK FATTY ACID METABOLISM,107,-1.244442940487564,2.1587000135445775,5.745887603185567,0.6323676323676324,0.000999000999000999,1000,yugene
temporal_pooled,Melanocyte,HALLMARK G2M CHECKPOINT,142,-0.5211088874808463,2.1291158759466584,5.730297852796714,0.8321678321678322,0.000999000999000999,1000,yugene
temporal_pooled,Melanocyte,HALLMARK GLYCOLYSIS,139,-3.0119047285682314,2.160261605050335,5.6322379858717,0.2627372627372627,0.000999000999000999,1000,yugene
temporal_pooled,Melanocyte,HALLMARK HEDGEHOG SIGNALING,32,-2.4512401477181176,1.9174869505563152,4.9994373885336225,0.26926926926926925,0.001001001001001001,998,yugene
temporal_pooled,Melanocyte,HALLMARK HEME METABOLISM,142,1.6412193597378368,2.0877258367696814,5.592980299788315,0.5034965034965035,0.000999000999000999,1000,yugene
temporal_pooled,Melanocyte,HALLMARK HYPOXIA,142,1.0603011928309023,2.1624491798547743,6.0394979465962635,0.6733266733266733,0.000999000999000999,1000,yugene
temporal_pooled,Melanocyte,HALLMARK IL2 STAT5 SIGNALING,148,-0.835826735907838,2.2227647484180313,5.605528020937306,0.7662337662337663,0.000999000999000999,1000,yugene
temporal_pooled,Melanocyte,HALLMARK IL6 JAK STAT3 SIGNALING,57,4.80651537935986,1.9686438694059052,5.066963990442678,0.06293706293706294,0.000999000999000999,1000,yugene
temporal_pooled,Melanocyte,HALLMARK INFLAMMATORY RESPONSE,146,4.844617213865848,2.179187236371545,5.813918502423022,0.08291708291708291,0.000999000999000999,1000,yugene
temporal_pooled,Melanocyte,HALLMARK INTERFERON ALPHA RESPONSE,66,-10.504194001267091,2.089093086831185,5.255374500287296,0.004995004995004995,0.000999000999000999,1000,yugene
temporal_pooled,Melanocyte,HALLMARK INTERFERON GAMMA RESPONSE,134,-0.46006955389828635,2.0705338284716395,5.520647523383955,0.8491508491508492,0.000999000999000999,1000,yugene
temporal_pooled,Melanocyte,HALLMARK KRAS SIGNALING DN,110,6.40575250325263,2.1761938461316412,5.388046810542098,0.029970029970029972,0.000999000999000999,1000,yugene
temporal_pooled,Melanocyte,HALLMARK KRAS SIGNALING UP,155,0.15206124759501755,2.273423771125537,6.043705059160927,0.958041958041958,0.000999000999000999,1000,yugene
temporal_pooled,Melanocyte,HALLMARK MITOTIC SPINDLE,159,0.057298188870113,2.2588872077999467,5.876907460106513,0.984015984015984,0.000999000999000999,1000,yugene
temporal_pooled,Melanocyte,HALLMARK MTORC1 SIGNALING,131,-1.328517761519879,2.1240338981499542,5.735154723993617,0.5944055944055944,0.000999000999000999,1000,yugene
temporal_pooled,Melanocyte,HALLMARK MYC TARGETS,137,3.0146337545072432,2.1674638923003045,5.501188112822769,0.24675324675324675,0.000999000999000999,1000,yugene
temporal_pooled,Melanocyte,HALLMARK MYOGENESIS,156,-1.4241722629456737,2.0756212495506654,5.378045491476844,0.5704295704295704,0.000999000999000999,1000,yugene
temporal_pooled,Melanocyte,HALLMARK NOTCH SIGNALING,26,-0.7918083809601478,1.8488692752586544,4.524814092388217,0.7226130653266332,0.0010050251256281408,994,yugene
temporal_pooled,Melanocyte,HALLMARK OXIDATIVE PHOSPHORYLATION,103,-0.9656532147124472,2.043180122754943,5.137697617769059,0.6863136863136863,0.000999000999000999,1000,yugene
temporal_pooled,Melanocyte,HALLMARK P53 PATHWAY,141,5.791441930953888,2.0726961278517155,5.41101453253836,0.03896103896103896,0.000999000999000999,1000,yugene
temporal_pooled,Melanocyte,HALLMARK PANCREAS BETA CELLS,19,-0.3467264380844893,1.8546768582910158,4.607047426315966,0.8726899383983573,0.001026694045174538,973,yugene
temporal_pooled,Melanocyte,HALLMARK PEROXISOME,78,0.874376335434929,2.0411141484099375,5.0757710819908155,0.7512487512487512,0.000999000999000999,1000,yugene
temporal_pooled,Melanocyte,HALLMARK PI3K AKT MTOR SIGNALING,77,2.2199470992708377,2.087417196476208,5.355335668375671,0.37362637362637363,0.000999000999000999,1000,yugene
temporal_pooled,Melanocyte,HALLMARK PROTEIN SECRETION,76,-2.535409008299668,2.028981861701701,5.316452394064448,0.3036963036963037,0.000999000999000999,1000,yugene
temporal_pooled,Melanocyte,HALLMARK REACTIVE OXYGEN SPECIES PATHWAY,28,2.755698114891491,1.7858210736884659,4.773671024744768,0.18731117824773413,0.0010070493454179255,992,yugene
temporal_pooled,Melanocyte,HALLMARK SPERMATOGENESIS,74,2.374160635777187,2.0229796548692676,5.319817427821717,0.32667332667332666,0.000999000999000999,1000,yugene
temporal_pooled,Melanocyte,HALLMARK TGF BETA SIGNALING,40,0.6550028887352538,1.8557472770859555,4.506348784602608,0.777,0.001,999,yugene
temporal_pooled,Melanocyte,HALLMARK TNFA SIGNALING VIA NFKB,164,2.6452293266043623,2.1741357503356173,5.561354164486696,0.3156843156843157,0.000999000999000999,1000,yugene
temporal_pooled,Melanocyte,HALLMARK UNFOLDED PROTEIN RESPONSE,79,-2.1034758398831035,1.9958547528952197,5.173974128361216,0.3726273726273726,0.000999000999000999,1000,yugene
temporal_pooled,Melanocyte,HALLMARK UV RESPONSE DN,128,-0.8474128773582467,2.157154058758957,5.733601436845601,0.7492507492507493,0.000999000999000999,1000,yugene
temporal_pooled,Melanocyte,HALLMARK UV RESPONSE UP,104,3.915154901498811,2.1344843744321094,5.842499047958922,0.13986013986013987,0.000999000999000999,1000,yugene
temporal_pooled,Melanocyte,HALLMARK WNT BETA CATENIN SIGNALING,29,0.8496599445061664,1.9287750547973364,5.5622896610806585,0.6990972918756269,0.0010030090270812437,996,yugene
temporal_pooled,Melanocyte,HALLMARK XENOBIOTIC METABOLISM,136,5.073631328609201,2.083373675479891,5.1964066259548725,0.056943056943056944,0.000999000999000999,1000,yugene
temporal_pooled,Melanocyte,Lysosomal Genes,138,0.29311506540527305,2.119981218204688,5.655078993481659,0.903096903096903,0.000999000999000999,1000,yugene
temporal_bytimepoint,Fibroblast_4_days,HALLMARK ADIPOGENESIS,142,4.018065984390878,3.020467935867882,8.854267066124525,0.24175824175824176,0.000999000999000999,1000,yugene
temporal_bytimepoint,Fibroblast_4_days,HALLMARK ALLOGRAFT REJECTION,133,5.286079065805597,2.789864845481249,8.20923623108971,0.14185814185814186,0.000999000999000999,1000,yugene
temporal_bytimepoint,Fibroblast_4_days,HALLMARK ANDROGEN RESPONSE,75,-4.067717230039672,2.808718336518308,8.197163694571275,0.2177822177822178,0.000999000999000999,1000,yugene
temporal_bytimepoint,Fibroblast_4_days,HALLMARK ANGIOGENESIS,28,1.8262758889485742,2.8256098176465327,7.909258841285451,0.5216515609264853,0.0010070493454179255,992,yugene
temporal_bytimepoint,Fibroblast_4_days,HALLMARK APICAL JUNCTION,152,9.148434335965405,2.9769383992664333,8.782373763707907,0.04395604395604396,0.000999000999000999,1000,yugene
temporal_bytimepoint,Fibroblast_4_days,HALLMARK APICAL SURFACE,31,1.8021151848870978,2.788128027705964,7.982857186807365,0.5362903225806451,0.0010080645161290322,991,yugene
temporal_bytimepoint,Fibroblast_4_days,HALLMARK APOPTOSIS,123,2.3390841140012597,2.861290091666424,8.589755020027145,0.44955044955044954,0.000999000999000999,1000,yugene
temporal_bytimepoint,Fibroblast_4_days,HALLMARK BILE ACID METABOLISM,79,6.041310799955953,2.6611756913849463,7.505971420566423,0.0939060939060939,0.000999000999000999,1000,yugene
temporal_bytimepoint,Fibroblast_4_days,HALLMARK CHOLESTEROL HOMEOSTASIS,58,0.22479325347217743,2.874210806382677,7.561932675979078,0.9530469530469531,0.000999000999000999,1000,yugene
temporal_bytimepoint,Fibroblast_4_days,HALLMARK COAGULATION,77,1.7271625105774975,2.683879176530283,8.022706339055572,0.5254745254745254,0.000999000999000999,1000,yugene
temporal_bytimepoint,Fibroblast_4_days,HALLMARK COMPLEMENT,127,13.66366961599315,2.8885511570694353,8.623702311782388,0.015984015984015984,0.000999000999000999,1000,yugene
temporal_bytimepoint,Fibroblast_4_days,HALLMARK DNA REPAIR,93,0.8634688330715121,2.8291084153376267,8.147707744629276,0.7502497502497503,0.000999000999000999,1000,yugene
temporal_bytimepoint,Fibroblast_4_days,HALLMARK E2F TARGETS,136,10.371461642277366,2.865871223796635,8.221914112709902,0.03396603396603397,0.000999000999000999,1000,yugene
temporal_bytimepoint,Fibroblast_4_days,HALLMARK EPITHELIAL MESENCHYMAL TRANSITION,153,7.130981629027076,2.779320122534413,8.214648692621525,0.06993006993006994,0.000999000999000999,1000,yugene
temporal_bytimepoint,Fibroblast_4_days,HALLMARK ESTROGEN RESPONSE EARLY,150,0.7733608495498157,2.8555902016849726,8.463439934032145,0.8011988011988012,0.000999000999000999,1000,yugene
temporal_bytimepoint,Fibroblast_4_days,HALLMARK ESTROGEN RESPONSE LATE,150,-0.6323350165825316,2.8704951801952547,7.90922590578804,0.8191808191808192,0.000999000999000999,1000,yugene
temporal_bytimepoint,Fibroblast_4_days,HALLMARK FATTY ACID METABOLISM,107,5.223565895890195,2.747547405891059,8.107169778878848,0.14585414585414586,0.000999000999000999,1000,yugene
temporal_bytimepoint,Fibroblast_4_days,HALLMARK G2M CHECKPOINT,142,8.11904930625681,2.855866099574462,8.086974191706311,0.05094905094905095,0.000999000999000999,1000,yugene
temporal_bytimepoint,Fibroblast_4_days,HALLMARK GLYCOLYSIS,139,1.0154106466211392,2.8657930001384613,8.235547350854326,0.7292707292707292,0.000999000999000999,1000,yugene
temporal_bytimepoint,Fibroblast_4_days,HALLMARK HEDGEHOG SIGNALING,32,-2.8142687084471714,3.0018811411774697,8.404155522309042,0.3895582329317269,0.001004016064257028,995,yugene
temporal_bytimepoint,Fibroblast_4_days,HALLMARK HEME METABOLISM,142,8.256395632301512,2.854033803326406,8.059660656875785,0.04795204795204795,0.000999000999000999,1000,yugene
temporal_bytimepoint,Fibroblast_4_days,HALLMARK HYPOXIA,142,0.21752798847772067,2.9083420607121355,8.268130181136726,0.9400599400599401,0.000999000999000999,1000,yugene
temporal_bytimepoint,Fibroblast_4_days,HALLMARK IL2 STAT5 SIGNALING,148,1.682936548121426,2.840967249930896,8.024092295736505,0.5874125874125874,0.000999000999000999,1000,yugene
temporal_bytimepoint,Fibroblast_4_days,HALLMARK IL6 JAK STAT3 SIGNALING,57,0.17904170798612087,2.8285922114827518,7.871558474258431,0.9460539460539461,0.000999000999000999,1000,yugene
temporal_bytimepoint,Fibroblast_4_days,HALLMARK INFLAMMATORY RESPONSE,146,1.812699635799563,2.6676934237129752,8.05174059825323,0.5194805194805194,0.000999000999000999,1000,yugene
temporal_bytimepoint,Fibroblast_4_days,HALLMARK INTERFERON ALPHA RESPONSE,66,-0.7839285444829366,2.7184844705941513,8.087887598869832,0.7522477522477522,0.000999000999000999,1000,yugene
temporal_bytimepoint,Fibroblast_4_days,HALLMARK INTERFERON GAMMA RESPONSE,134,3.1177727918696303,2.9918206229588917,8.442269727208279,0.32867132867132864,0.000999000999000999,1000,yugene
temporal_bytimepoint,Fibroblast_4_days,HALLMARK KRAS SIGNALING DN,110,1.2345789301215753,2.7370430238783268,7.6173668516193045,0.6783216783216783,0.000999000999000999,1000,yugene
temporal_bytimepoint,Fibroblast_4_days,HALLMARK KRAS SIGNALING UP,155,-1.0198865950228566,2.7659360237384756,8.346993239671251,0.7152847152847153,0.000999000999000999,1000,yugene
temporal_bytimepoint,Fibroblast_4_days,HALLMARK MITOTIC SPINDLE,159,15.532866711985248,2.8508454505374683,7.949394067467016,0.006993006993006993,0.000999000999000999,1000,yugene
temporal_bytimepoint,Fibroblast_4_days,HALLMARK MTORC1 SIGNALING,131,-0.18184313483241007,2.961645347441256,8.606406661826016,0.9440559440559441,0.000999000999000999,1000,yugene
temporal_bytimepoint,Fibroblast_4_days,HALLMARK MYC TARGETS,137,-1.078572123103181,2.8646444034638026,8.512038016438126,0.7232767232767233,0.000999000999000999,1000,yugene
temporal_bytimepoint,Fibroblast_4_days,HALLMARK MYOGENESIS,156,3.5052366748908605,2.8044257877947203,7.663023099099587,0.26973026973026976,0.000999000999000999,1000,yugene
temporal_bytimepoint,Fibroblast_4_days,HALLMARK NOTCH SIGNALING,26,-0.39738032659682543,2.7914713175132015,7.625040948588063,0.9004024144869215,0.001006036217303823,993,yugene
temporal_bytimepoint,Fibroblast_4_days,HALLMARK OXIDATIVE PHOSPHORYLATION,103,0.4199753214594111,2.869894912242442,7.563560713615687,0.8861138861138861,0.000999000999000999,1000,yugene
temporal_bytimepoint,Fibroblast_4_days,HALLMARK P53 PATHWAY,141,5.794508069164561,3.0317673594728975,9.17397123490265,0.13786213786213786,0.000999000999000999,1000,yugene
temporal_bytimepoint,Fibroblast_4_days,HALLMARK PANCREAS BETA CELLS,19,0.5902742888968858,2.74548500707843,7.894177275504132,0.8202716823406478,0.0010449320794148381,956,yugene
temporal_bytimepoint,Fibroblast_4_days,HALLMARK PEROXISOME,78,0.43995701232263407,2.706344597382471,7.610868599409338,0.8581418581418582,0.000999000999000999,1000,yugene
temporal_bytimepoint,Fibroblast_4_days,HALLMARK PI3K AKT MTOR SIGNALING,77,1.0819850664113049,2.8248000381804372,8.35852499364786,0.7282717282717283,0.000999000999000999,1000,yugene
temporal_bytimepoint,Fibroblast_4_days,HALLMARK PROTEIN SECRETION,76,2.797592927043264,2.7157248061127564,7.83890641572203,0.33666333666333664,0.000999000999000999,1000,yugene
temporal_bytimepoint,Fibroblast_4_days,HALLMARK REACTIVE OXYGEN SPECIES PATHWAY,28,1.1942348253336232,2.6393877558472085,7.695378345344317,0.6268958543983822,0.0010111223458038423,988,yugene
temporal_bytimepoint,Fibroblast_4_days,HALLMARK SPERMATOGENESIS,74,2.695287393909791,2.8890525664805655,8.36586166544335,0.36863136863136864,0.000999000999000999,1000,yugene
temporal_bytimepoint,Fibroblast_4_days,HALLMARK TGF BETA SIGNALING,40,-2.209023517074754,2.8114164073104106,8.548849892748745,0.43043043043043044,0.001001001001001001,998,yugene
temporal_bytimepoint,Fibroblast_4_days,HALLMARK TNFA SIGNALING VIA NFKB,164,1.4637524239873505,3.0394422958584,8.851024021091876,0.6453546453546454,0.000999000999000999,1000,yugene
temporal_bytimepoint,Fibroblast_4_days,HALLMARK UNFOLDED PROTEIN RESPONSE,79,-5.535709833833549,2.948759439629455,8.421151163528679,0.1258741258741259,0.000999000999000999,1000,yugene
temporal_bytimepoint,Fibroblast_4_days,HALLMARK UV RESPONSE DN,128,2.389122812747237,3.0194976814048418,7.831104173341816,0.45454545454545453,0.000999000999000999,1000,yugene
temporal_bytimepoint,Fibroblast_4_days,HALLMARK UV RESPONSE UP,104,2.7765661067212517,3.005673602623236,8.470372565206512,0.3906093906093906,0.000999000999000999,1000,yugene
temporal_bytimepoint,Fibroblast_4_days,HALLMARK WNT BETA CATENIN SIGNALING,29,0.3851639439051612,2.7703344611497474,8.067566555646335,0.8855421686746988,0.001004016064257028,995,yugene
temporal_bytimepoint,Fibroblast_4_days,HALLMARK XENOBIOTIC METABOLISM,136,3.1261630949618806,3.0341161635438767,8.946061078774052,0.3516483516483517,0.000999000999000999,1000,yugene
temporal_bytimepoint,Fibroblast_4_days,Lysosomal Genes,138,2.992269044182878,2.824568321353189,8.316181382587152,0.3386613386613387,0.000999000999000999,1000,yugene
temporal_bytimepoint,Fibroblast_10_days,HALLMARK ADIPOGENESIS,142,3.3365386372144985,2.6080054462969957,7.091065381554582,0.26173826173826176,0.000999000999000999,1000,yugene
temporal_bytimepoint,Fibroblast_10_days,HALLMARK ALLOGRAFT REJECTION,133,2.4368875351495434,2.469584644534034,6.816613717500232,0.3706293706293706,0.000999000999000999,1000,yugene
temporal_bytimepoint,Fibroblast_10_days,HALLMARK ANDROGEN RESPONSE,75,-3.5274596034723533,2.522900991182999,7.287647276269363,0.24275724275724275,0.000999000999000999,1000,yugene
temporal_bytimepoint,Fibroblast_10_days,HALLMARK ANGIOGENESIS,28,2.1989305794975706,2.439705565045146,7.237462850167203,0.41330645161290325,0.0010080645161290322,991,yugene
temporal_bytimepoint,Fibroblast_10_days,HALLMARK APICAL JUNCTION,152,6.414533580415124,2.4815711255171187,7.354966289844831,0.07092907092907093,0.000999000999000999,1000,yugene
temporal_bytimepoint,Fibroblast_10_days,HALLMARK APICAL SURFACE,31,3.2817171626140182,2.6136795949271137,8.014603386416175,0.272452068617558,0.0010090817356205853,990,yugene
temporal_bytimepoint,Fibroblast_10_days,HALLMARK APOPTOSIS,123,7.257518857045661,2.4571102232046207,6.846667146331012,0.04195804195804196,0.000999000999000999,1000,yugene
temporal_bytimepoint,Fibroblast_10_days,HALLMARK BILE ACID METABOLISM,79,4.597793004680031,2.42989270953134,6.960168488758281,0.14285714285714285,0.000999000999000999,1000,yugene
temporal_bytimepoint,Fibroblast_10_days,HALLMARK CHOLESTEROL HOMEOSTASIS,58,1.1938310167304937,2.437726316354705,6.644568886254603,0.6623376623376623,0.000999000999000999,1000,yugene
temporal_bytimepoint,Fibroblast_10_days,HALLMARK COAGULATION,77,2.73213880535467,2.352215977729994,6.6534723020953175,0.32967032967032966,0.000999000999000999,1000,yugene
temporal_bytimepoint,Fibroblast_10_days,HALLMARK COMPLEMENT,127,3.809943027549856,2.5805893262449096,7.176854841874876,0.2087912087912088,0.000999000999000999,1000,yugene
temporal_bytimepoint,Fibroblast_10_days,HALLMARK DNA REPAIR,93,1.2425101694430642,2.5261192237459773,7.201604714995912,0.6363636363636364,0.000999000999000999,1000,yugene
temporal_bytimepoint,Fibroblast_10_days,HALLMARK E2F TARGETS,136,3.4253854938260915,2.536575032261486,7.193749739298358,0.24575424575424576,0.000999000999000999,1000,yugene
temporal_bytimepoint,Fibroblast_10_days,HALLMARK EPITHELIAL MESENCHYMAL TRANSITION,153,9.724784403149627,2.601140016684872,7.615268085176815,0.02097902097902098,0.000999000999000999,1000,yugene
temporal_bytimepoint,Fibroblast_10_days,HALLMARK ESTROGEN RESPONSE EARLY,150,1.3972067464223106,2.5592423659214862,7.245422383729011,0.6173826173826173,0.000999000999000999,1000,yugene
temporal_bytimepoint,Fibroblast_10_days,HALLMARK ESTROGEN RESPONSE LATE,150,-0.5538042516129097,2.590206598462681,7.56488040825288,0.8301698301698301,0.000999000999000999,1000,yugene
temporal_bytimepoint,Fibroblast_10_days,HALLMARK FATTY ACID METABOLISM,107,6.932193245688046,2.4004214790239957,6.764674831992857,0.04895104895104895,0.000999000999000999,1000,yugene
temporal_bytimepoint,Fibroblast_10_days,HALLMARK G2M CHECKPOINT,142,5.815049447125798,2.6280903953533636,6.932474147219463,0.1048951048951049,0.000999000999000999,1000,yugene
temporal_bytimepoint,Fibroblast_10_days,HALLMARK GLYCOLYSIS,139,0.7186055973921973,2.6115576191644254,7.1796859794608725,0.8111888111888111,0.000999000999000999,1000,yugene
temporal_bytimepoint,Fibroblast_10_days,HALLMARK HEDGEHOG SIGNALING,32,-3.5574570585268654,2.5283589415763745,7.284416275513555,0.2319277108433735,0.001004016064257028,995,yugene
temporal_bytimepoint,Fibroblast_10_days,HALLMARK HEME METABOLISM,142,6.462308613129896,2.6232473211313763,7.302938393912254,0.07292707292707293,0.000999000999000999,1000,yugene
temporal_bytimepoint,Fibroblast_10_days,HALLMARK HYPOXIA,142,0.5175522162859476,2.5228613958105575,7.430545875766712,0.8411588411588412,0.000999000999000999,1000,yugene
temporal_bytimepoint,Fibroblast_10_days,HALLMARK IL2 STAT5 SIGNALING,148,1.9198912036627087,2.521665616364767,7.285044131611012,0.47952047952047955,0.000999000999000999,1000,yugene
temporal_bytimepoint,Fibroblast_10_days,HALLMARK IL6 JAK STAT3 SIGNALING,57,-0.5573732460904586,2.483478802335275,6.517009670545541,0.8241758241758241,0.000999000999000999,1000,yugene
temporal_bytimepoint,Fibroblast_10_days,HALLMARK INFLAMMATORY RESPONSE,146,1.6213143244807848,2.5211112101045945,7.042342676441904,0.5514485514485514,0.000999000999000999,1000,yugene
temporal_bytimepoint,Fibroblast_10_days,HALLMARK INTERFERON ALPHA RESPONSE,66,-0.5881161770837083,2.451389465974733,7.153209852914717,0.8281718281718282,0.000999000999000999,1000,yugene
temporal_bytimepoint,Fibroblast_10_days,HALLMARK INTERFERON GAMMA RESPONSE,134,3.8853793681998545,2.5180765097321545,7.000541614810619,0.1878121878121878,0.000999000999000999,1000,yugene
temporal_bytimepoint,Fibroblast_10_days,HALLMARK KRAS SIGNALING DN,110,1.7497551923301924,2.537904537989499,7.400953606734884,0.5314685314685315,0.000999000999000999,1000,yugene
temporal_bytimepoint,Fibroblast_10_days,HALLMARK KRAS SIGNALING UP,155,1.026693733749299,2.5737871133253756,7.2255432396338835,0.7092907092907093,0.000999000999000999,1000,yugene
temporal_bytimepoint,Fibroblast_10_days,HALLMARK MITOTIC SPINDLE,159,3.841337561570686,2.5599088658091707,7.549555189869145,0.20279720279720279,0.000999000999000999,1000,yugene
temporal_bytimepoint,Fibroblast_10_days,HALLMARK MTORC1 SIGNALING,131,1.7902584821662586,2.64498332558765,7.671363005648368,0.5414585414585414,0.000999000999000999,1000,yugene
temporal_bytimepoint,Fibroblast_10_days,HALLMARK MYC TARGETS,137,-0.6482079578586325,2.5249117079124765,6.997307767924128,0.8211788211788211,0.000999000999000999,1000,yugene
temporal_bytimepoint,Fibroblast_10_days,HALLMARK MYOGENESIS,156,2.6937051145083295,2.5740372060307513,7.054045839619623,0.3546453546453546,0.000999000999000999,1000,yugene
temporal_bytimepoint,Fibroblast_10_days,HALLMARK NOTCH SIGNALING,26,-2.293451030563456,2.443991220403537,6.896757934152827,0.4120603015075377,0.0010050251256281408,994,yugene
temporal_bytimepoint,Fibroblast_10_days,HALLMARK OXIDATIVE PHOSPHORYLATION,103,0.18103228757855988,2.5116060950711434,7.0826819977938635,0.9560439560439561,0.000999000999000999,1000,yugene
temporal_bytimepoint,Fibroblast_10_days,HALLMARK P53 PATHWAY,141,6.785319714341524,2.7088315128408578,7.990999889347658,0.07592407592407592,0.000999000999000999,1000,yugene
temporal_bytimepoint,Fibroblast_10_days,HALLMARK PANCREAS BETA CELLS,19,2.049725621617747,2.3867140234477917,6.790000529310966,0.4561586638830898,0.0010438413361169101,957,yugene
temporal_bytimepoint,Fibroblast_10_days,HALLMARK PEROXISOME,78,6.471475534698901,2.526259387796143,6.776318446505032,0.061938061938061936,0.000999000999000999,1000,yugene
temporal_bytimepoint,Fibroblast_10_days,HALLMARK PI3K AKT MTOR SIGNALING,77,0.4243795382701934,2.4750378151175356,6.966089371262421,0.8651348651348651,0.000999000999000999,1000,yugene
temporal_bytimepoint,Fibroblast_10_days,HALLMARK PROTEIN SECRETION,76,5.351082977427013,2.4835044519338902,7.147943170825703,0.1048951048951049,0.000999000999000999,1000,yugene
temporal_bytimepoint,Fibroblast_10_days,HALLMARK REACTIVE OXYGEN SPECIES PATHWAY,28,0.32513312444994735,2.338924336661679,6.51757984203072,0.9019211324570273,0.0010111223458038423,988,yugene
temporal_bytimepoint,Fibroblast_10_days,HALLMARK SPERMATOGENESIS,74,2.008408845279291,2.5137084708327775,6.757559677785169,0.4865134865134865,0.000999000999000999,1000,yugene
temporal_bytimepoint,Fibroblast_10_days,HALLMARK TGF BETA SIGNALING,40,-2.834722151255605,2.458730218024873,6.8617181471872275,0.305,0.001,999,yugene
temporal_bytimepoint,Fibroblast_10_days,HALLMARK TNFA SIGNALING VIA NFKB,164,2.450802317138342,2.660649983571051,7.448453448786818,0.41058941058941056,0.000999000999000999,1000,yugene
temporal_bytimepoint,Fibroblast_10_days,HALLMARK UNFOLDED PROTEIN RESPONSE,79,-3.0069435396147823,2.4947027832973583,7.152211768243835,0.2827172827172827,0.000999000999000999,1000,yugene
temporal_bytimepoint,Fibroblast_10_days,HALLMARK UV RESPONSE DN,128,0.942799616599874,2.501680376172777,6.731969355463469,0.7472527472527473,0.000999000999000999,1000,yugene
temporal_bytimepoint,Fibroblast_10_days,HALLMARK UV RESPONSE UP,104,2.230844928747422,2.627158207010321,7.447485334559132,0.4405594405594406,0.000999000999000999,1000,yugene
temporal_bytimepoint,Fibroblast_10_days,HALLMARK WNT BETA CATENIN SIGNALING,29,-0.5495930654342169,2.585994157291686,6.976605456070653,0.8534136546184738,0.001004016064257028,995,yugene
temporal_bytimepoint,Fibroblast_10_days,HALLMARK XENOBIOTIC METABOLISM,136,3.1980811914574154,2.575481915160405,7.338693694504347,0.2757242757242757,0.000999000999000999,1000,yugene
temporal_bytimepoint,Fibroblast_10_days,Lysosomal Genes,138,3.0375024325236852,2.591977940350449,7.150980833170067,0.3096903096903097,0.000999000999000999,1000,yugene
temporal_bytimepoint,Fibroblast_20_days,HALLMARK ADIPOGENESIS,142,7.2439674126796945,3.9274754865811685,10.822921385932826,0.16183816183816183,0.000999000999000999,1000,yugene
temporal_bytimepoint,Fibroblast_20_days,HALLMARK ALLOGRAFT REJECTION,133,5.170948143535325,3.953253239507475,11.364867175905298,0.2627372627372627,0.000999000999000999,1000,yugene
temporal_bytimepoint,Fibroblast_20_days,HALLMARK ANDROGEN RESPONSE,75,-10.042273906329525,3.798099416687571,10.410760061553017,0.057942057942057944,0.000999000999000999,1000,yugene
temporal_bytimepoint,Fibroblast_20_days,HALLMARK ANGIOGENESIS,28,2.036478675976624,3.6912054908856313,10.729716983017472,0.5885311871227364,0.001006036217303823,993,yugene
temporal_bytimepoint,Fibroblast_20_days,HALLMARK APICAL JUNCTION,152,14.661874422654925,4.087151166898308,11.326640946853898,0.024975024975024976,0.000999000999000999,1000,yugene
temporal_bytimepoint,Fibroblast_20_days,HALLMARK APICAL SURFACE,31,3.8252432735757496,3.7789489660981066,11.0910694261187,0.35786290322580644,0.0010080645161290322,991,yugene
temporal_bytimepoint,Fibroblast_20_days,HALLMARK APOPTOSIS,123,15.97892926934996,3.986441566358045,11.301104461819573,0.015984015984015984,0.000999000999000999,1000,yugene
temporal_bytimepoint,Fibroblast_20_days,HALLMARK BILE ACID METABOLISM,79,7.875992412074099,3.726733257244691,10.870131783375546,0.10589410589410589,0.000999000999000999,1000,yugene
temporal_bytimepoint,Fibroblast_20_days,HALLMARK CHOLESTEROL HOMEOSTASIS,58,0.8776943552039147,3.8625834066784375,11.339958490822326,0.8091908091908092,0.000999000999000999,1000,yugene
temporal_bytimepoint,Fibroblast_20_days,HALLMARK COAGULATION,77,8.543975625002185,3.788046928885051,10.899430657637268,0.08191808191808192,0.000999000999000999,1000,yugene
temporal_bytimepoint,Fibroblast_20_days,HALLMARK COMPLEMENT,127,18.294666777583647,4.0274990212305655,11.03470416406719,0.007992007992007992,0.000999000999000999,1000,yugene
temporal_bytimepoint,Fibroblast_20_days,HALLMARK DNA REPAIR,93,2.486860868772809,3.9176341120542664,11.189848482552387,0.5594405594405595,0.000999000999000999,1000,yugene
temporal_bytimepoint,Fibroblast_20_days,HALLMARK E2F TARGETS,136,10.659364625683567,4.092105645098281,11.654689970805007,0.06393606393606394,0.000999000999000999,1000,yugene
temporal_bytimepoint,Fibroblast_20_days,HALLMARK EPITHELIAL MESENCHYMAL TRANSITION,153,6.813253468643931,4.2369039901719345,12.237717433185338,0.1968031968031968,0.000999000999000999,1000,yugene
temporal_bytimepoint,Fibroblast_20_days,HALLMARK ESTROGEN RESPONSE EARLY,150,3.096507326827175,4.1336220144347235,11.620475421921954,0.4875124875124875,0.000999000999000999,1000,yugene
temporal_bytimepoint,Fibroblast_20_days,HALLMARK ESTROGEN RESPONSE LATE,150,1.6700779241555974,4.0878581153632485,11.513379352622987,0.7102897102897103,0.000999000999000999,1000,yugene
temporal_bytimepoint,Fibroblast_20_days,HALLMARK FATTY ACID METABOLISM,107,10.137681656814664,3.920450867033954,10.860803732290538,0.06993006993006994,0.000999000999000999,1000,yugene
temporal_bytimepoint,Fibroblast_20_days,HALLMARK G2M CHECKPOINT,142,16.207658350909945,4.214453251110746,12.014899227099393,0.023976023976023976,0.000999000999000999,1000,yugene
temporal_bytimepoint,Fibroblast_20_days,HALLMARK GLYCOLYSIS,139,10.21650945310643,4.207508583692436,11.800326723332498,0.07792207792207792,0.000999000999000999,1000,yugene
temporal_bytimepoint,Fibroblast_20_days,HALLMARK HEDGEHOG SIGNALING,32,-3.4959346651071885,3.75956472394436,10.336604193593617,0.4006024096385542,0.001004016064257028,995,yugene
temporal_bytimepoint,Fibroblast_20_days,HALLMARK HEME METABOLISM,142,10.849518467308275,4.0071235156274945,11.446160661211643,0.061938061938061936,0.000999000999000999,1000,yugene
temporal_bytimepoint,Fibroblast_20_days,HALLMARK HYPOXIA,142,1.7122630721955239,3.974507473385637,11.234452192613102,0.6813186813186813,0.000999000999000999,1000,yugene
temporal_bytimepoint,Fibroblast_20_days,HALLMARK IL2 STAT5 SIGNALING,148,3.0107477551582744,4.095783674421931,12.10756724495634,0.4835164835164835,0.000999000999000999,1000,yugene
temporal_bytimepoint,Fibroblast_20_days,HALLMARK IL6 JAK STAT3 SIGNALING,57,-2.4985617192479044,3.9172203302056032,11.681039234665226,0.5294705294705294,0.000999000999000999,1000,yugene
temporal_bytimepoint,Fibroblast_20_days,HALLMARK INFLAMMATORY RESPONSE,146,3.728623493087179,4.0667154672493036,11.097430007347606,0.3996003996003996,0.000999000999000999,1000,yugene
temporal_bytimepoint,Fibroblast_20_days,HALLMARK INTERFERON ALPHA RESPONSE,66,-2.2309689905211334,3.832448168912968,11.055643608506676,0.5944055944055944,0.000999000999000999,1000,yugene
temporal_bytimepoint,Fibroblast_20_days,HALLMARK INTERFERON GAMMA RESPONSE,134,4.929237498765803,3.89973301303569,10.790289434045667,0.2857142857142857,0.000999000999000999,1000,yugene
temporal_bytimepoint,Fibroblast_20_days,HALLMARK KRAS SIGNALING DN,110,1.0513752492322435,3.948011175405426,10.86497402223124,0.8171828171828172,0.000999000999000999,1000,yugene
temporal_bytimepoint,Fibroblast_20_days,HALLMARK KRAS SIGNALING UP,155,9.06683606611808,4.075463232400874,11.371573704329014,0.0989010989010989,0.000999000999000999,1000,yugene
temporal_bytimepoint,Fibroblast_20_days,HALLMARK MITOTIC SPINDLE,159,18.206398427192443,4.090719106003749,11.662279466480953,0.01098901098901099,0.000999000999000999,1000,yugene
temporal_bytimepoint,Fibroblast_20_days,HALLMARK MTORC1 SIGNALING,131,1.7101279078574791,3.9951303745764153,11.397295668822041,0.6923076923076923,0.000999000999000999,1000,yugene
temporal_bytimepoint,Fibroblast_20_days,HALLMARK MYC TARGETS,137,0.9786824706490314,4.04539352450338,11.07126705994271,0.8241758241758241,0.000999000999000999,1000,yugene
temporal_bytimepoint,Fibroblast_20_days,HALLMARK MYOGENESIS,156,9.147672774948239,4.024170684131412,11.792876557577758,0.0959040959040959,0.000999000999000999,1000,yugene
temporal_bytimepoint,Fibroblast_20_days,HALLMARK NOTCH SIGNALING,26,-0.9484395207744122,3.7742006224492934,11.28103633044136,0.8169014084507042,0.001006036217303823,993,yugene
temporal_bytimepoint,Fibroblast_20_days,HALLMARK OXIDATIVE PHOSPHORYLATION,103,1.6527839727247184,3.922905723720249,10.849905639431586,0.6843156843156843,0.000999000999000999,1000,yugene
temporal_bytimepoint,Fibroblast_20_days,HALLMARK P53 PATHWAY,141,9.32144141124306,4.2458494126951205,12.44933889224776,0.1028971028971029,0.000999000999000999,1000,yugene
temporal_bytimepoint,Fibroblast_20_days,HALLMARK PANCREAS BETA CELLS,19,3.4096501040577816,3.675013918619285,10.955780611020511,0.3862212943632568,0.0010438413361169101,957,yugene
temporal_bytimepoint,Fibroblast_20_days,HALLMARK PEROXISOME,78,9.31681167326482,3.83596094495688,10.623973594880201,0.06893106893106893,0.000999000999000999,1000,yugene
temporal_bytimepoint,Fibroblast_20_days,HALLMARK PI3K AKT MTOR SIGNALING,77,1.2201876483046767,3.9165132476166082,10.366331312899892,0.7652347652347652,0.000999000999000999,1000,yugene
temporal_bytimepoint,Fibroblast_20_days,HALLMARK PROTEIN SECRETION,76,6.600550336058366,3.915439055582864,11.115016038531152,0.17782217782217782,0.000999000999000999,1000,yugene
temporal_bytimepoint,Fibroblast_20_days,HALLMARK REACTIVE OXYGEN SPECIES PATHWAY,28,0.5382660025289165,3.533779106547665,10.309896599963848,0.8920282542885973,0.0010090817356205853,990,yugene
temporal_bytimepoint,Fibroblast_20_days,HALLMARK SPERMATOGENESIS,74,7.934804692464355,4.052418534697429,11.66020442228102,0.13186813186813187,0.000999000999000999,1000,yugene
temporal_bytimepoint,Fibroblast_20_days,HALLMARK TGF BETA SIGNALING,40,-6.202081459643147,3.731597963754626,10.572843530523832,0.17917917917917917,0.001001001001001001,998,yugene
temporal_bytimepoint,Fibroblast_20_days,HALLMARK TNFA SIGNALING VIA NFKB,164,5.919932887604743,4.260614752123094,11.58959459846874,0.25074925074925075,0.000999000999000999,1000,yugene
temporal_bytimepoint,Fibroblast_20_days,HALLMARK UNFOLDED PROTEIN RESPONSE,79,-6.915666153365735,3.7618354058250523,11.094819721895442,0.14685314685314685,0.000999000999000999,1000,yugene
temporal_bytimepoint,Fibroblast_20_days,HALLMARK UV RESPONSE DN,128,-0.24961552536787723,4.201183966918511,12.339611370410713,0.9590409590409591,0.000999000999000999,1000,yugene
temporal_bytimepoint,Fibroblast_20_days,HALLMARK UV RESPONSE UP,104,2.782583765540781,4.214542446938059,11.795438810113435,0.5254745254745254,0.000999000999000999,1000,yugene
temporal_bytimepoint,Fibroblast_20_days,HALLMARK WNT BETA CATENIN SIGNALING,29,0.4154749980836114,3.916877577495695,11.174034010436841,0.9086345381526104,0.001004016064257028,995,yugene
temporal_bytimepoint,Fibroblast_20_days,HALLMARK XENOBIOTIC METABOLISM,136,9.936186043266328,4.094036287151839,11.319681558424413,0.07792207792207792,0.000999000999000999,1000,yugene
temporal_bytimepoint,Fibroblast_20_days,Lysosomal Genes,138,5.752113840923909,4.043577662295989,10.655693948225732,0.24375624375624375,0.000999000999000999,1000,yugene
temporal_bytimepoint,Keratinocyte_4_days,HALLMARK ADIPOGENESIS,142,3.1617667813408645,0.9658561523491315,2.69718219222643,0.025974025974025976,0.000999000999000999,1000,yugene
temporal_bytimepoint,Keratinocyte_4_days,HALLMARK ALLOGRAFT REJECTION,133,0.7351865329490245,0.9330881771805064,2.49225490307123,0.47152847152847155,0.000999000999000999,1000,yugene
temporal_bytimepoint,Keratinocyte_4_days,HALLMARK ANDROGEN RESPONSE,75,-0.615615129583927,0.9731140780848602,2.668366988611327,0.5644355644355644,0.000999000999000999,1000,yugene
temporal_bytimepoint,Keratinocyte_4_days,HALLMARK ANGIOGENESIS,28,0.5089537507924342,0.9340977609359572,2.612651517482365,0.6129032258064516,0.0010080645161290322,991,yugene
temporal_bytimepoint,Keratinocyte_4_days,HALLMARK APICAL JUNCTION,152,1.1279353260129166,0.9930144504437278,2.8401158416458356,0.3276723276723277,0.000999000999000999,1000,yugene
temporal_bytimepoint,Keratinocyte_4_days,HALLMARK APICAL SURFACE,31,-2.0717521899418623,0.9793318179239116,2.6877240064126315,0.10462776659959759,0.001006036217303823,993,yugene
temporal_bytimepoint,Keratinocyte_4_days,HALLMARK APOPTOSIS,123,0.5905831533562639,0.976684775537846,2.6311820986395524,0.6063936063936064,0.000999000999000999,1000,yugene
temporal_bytimepoint,Keratinocyte_4_days,HALLMARK BILE ACID METABOLISM,79,0.30833274661536664,0.9948117343807259,2.7252521460340793,0.7742257742257742,0.000999000999000999,1000,yugene
temporal_bytimepoint,Keratinocyte_4_days,HALLMARK CHOLESTEROL HOMEOSTASIS,58,2.1268531719337163,1.0007922473924802,3.0868726292810957,0.11888111888111888,0.000999000999000999,1000,yugene
temporal_bytimepoint,Keratinocyte_4_days,HALLMARK COAGULATION,77,1.2509563368896797,0.9563973556065959,2.7374592905969597,0.2757242757242757,0.000999000999000999,1000,yugene
temporal_bytimepoint,Keratinocyte_4_days,HALLMARK COMPLEMENT,127,1.5740725172138594,0.9803602417771066,2.9285056910708596,0.1958041958041958,0.000999000999000999,1000,yugene
temporal_bytimepoint,Keratinocyte_4_days,HALLMARK DNA REPAIR,93,1.1514539759019145,0.9691204930659644,2.5907200744167938,0.3166833166833167,0.000999000999000999,1000,yugene
temporal_bytimepoint,Keratinocyte_4_days,HALLMARK E2F TARGETS,136,3.171520669163304,0.9909110018902655,2.8387393186555174,0.03796203796203796,0.000999000999000999,1000,yugene
temporal_bytimepoint,Keratinocyte_4_days,HALLMARK EPITHELIAL MESENCHYMAL TRANSITION,153,0.7305501074146438,0.9564533391595829,2.7116193883946114,0.4695304695304695,0.000999000999000999,1000,yugene
temporal_bytimepoint,Keratinocyte_4_days,HALLMARK ESTROGEN RESPONSE EARLY,150,0.03183013186389353,0.9748392896576259,2.6759560650489536,0.967032967032967,0.000999000999000999,1000,yugene
temporal_bytimepoint,Keratinocyte_4_days,HALLMARK ESTROGEN RESPONSE LATE,150,0.29466440155245927,1.0165254649805895,2.748166282725733,0.7732267732267732,0.000999000999000999,1000,yugene
temporal_bytimepoint,Keratinocyte_4_days,HALLMARK FATTY ACID METABOLISM,107,0.7991269076551196,0.9711426882944889,2.728458994746535,0.46553446553446554,0.000999000999000999,1000,yugene
temporal_bytimepoint,Keratinocyte_4_days,HALLMARK G2M CHECKPOINT,142,2.1930005110556188,1.0100413234586452,2.836966948503446,0.09490509490509491,0.000999000999000999,1000,yugene
temporal_bytimepoint,Keratinocyte_4_days,HALLMARK GLYCOLYSIS,139,1.7888632724570126,0.9948127170878924,3.0055255348641574,0.15784215784215785,0.000999000999000999,1000,yugene
temporal_bytimepoint,Keratinocyte_4_days,HALLMARK HEDGEHOG SIGNALING,32,-3.435752201707181,0.9880221353651675,2.862332328331297,0.0371859296482412,0.0010050251256281408,994,yugene
temporal_bytimepoint,Keratinocyte_4_days,HALLMARK HEME METABOLISM,142,2.5195739489901605,1.0506956948734079,3.1099658966434727,0.08591408591408592,0.000999000999000999,1000,yugene
temporal_bytimepoint,Keratinocyte_4_days,HALLMARK HYPOXIA,142,2.446836559520842,0.9637897084146848,2.9337166244326514,0.07492507492507493,0.000999000999000999,1000,yugene
temporal_bytimepoint,Keratinocyte_4_days,HALLMARK IL2 STAT5 SIGNALING,148,4.336561687900701,0.9721872047063778,2.76580595619929,0.01098901098901099,0.000999000999000999,1000,yugene
temporal_bytimepoint,Keratinocyte_4_days,HALLMARK IL6 JAK STAT3 SIGNALING,57,-0.26696979760227957,0.9436503573999332,2.5833221309818977,0.7682317682317682,0.000999000999000999,1000,yugene
temporal_bytimepoint,Keratinocyte_4_days,HALLMARK INFLAMMATORY RESPONSE,146,0.874409868533195,1.0181024168390345,2.9357614254334123,0.4275724275724276,0.000999000999000999,1000,yugene
temporal_bytimepoint,Keratinocyte_4_days,HALLMARK INTERFERON ALPHA RESPONSE,66,0.16551638044706155,0.9270051474611027,2.691385289441645,0.8761238761238761,0.000999000999000999,1000,yugene
temporal_bytimepoint,Keratinocyte_4_days,HALLMARK INTERFERON GAMMA RESPONSE,134,0.7150758669008909,0.9364428422285045,2.6171725481065753,0.4985014985014985,0.000999000999000999,1000,yugene
temporal_bytimepoint,Keratinocyte_4_days,HALLMARK KRAS SIGNALING DN,110,1.0826872891064392,0.9748967625111307,2.786494578459366,0.3336663336663337,0.000999000999000999,1000,yugene
temporal_bytimepoint,Keratinocyte_4_days,HALLMARK KRAS SIGNALING UP,155,0.40740158131933124,0.98521563143871,2.7625606187517313,0.6893106893106893,0.000999000999000999,1000,yugene
temporal_bytimepoint,Keratinocyte_4_days,HALLMARK MITOTIC SPINDLE,159,1.5815333137959873,0.9305495769320059,2.6003167619124445,0.1798201798201798,0.000999000999000999,1000,yugene
temporal_bytimepoint,Keratinocyte_4_days,HALLMARK MTORC1 SIGNALING,131,1.404310084905165,1.0972388637407353,3.080591105245984,0.2857142857142857,0.000999000999000999,1000,yugene
temporal_bytimepoint,Keratinocyte_4_days,HALLMARK MYC TARGETS,137,-0.005160154225680884,0.986928146079926,2.74150596295845,0.989010989010989,0.000999000999000999,1000,yugene
temporal_bytimepoint,Keratinocyte_4_days,HALLMARK MYOGENESIS,156,1.150457654043832,0.9668603299530051,2.7454629106838015,0.31868131868131866,0.000999000999000999,1000,yugene
temporal_bytimepoint,Keratinocyte_4_days,HALLMARK NOTCH SIGNALING,26,-0.8611184488772364,0.912375214267789,2.5506625797784266,0.4163306451612903,0.0010080645161290322,991,yugene
temporal_bytimepoint,Keratinocyte_4_days,HALLMARK OXIDATIVE PHOSPHORYLATION,103,0.10076514521830153,0.9732475670847698,2.729153516803822,0.916083916083916,0.000999000999000999,1000,yugene
temporal_bytimepoint,Keratinocyte_4_days,HALLMARK P53 PATHWAY,141,2.1447207600589198,0.9831709222675514,2.7853135538067986,0.1038961038961039,0.000999000999000999,1000,yugene
temporal_bytimepoint,Keratinocyte_4_days,HALLMARK PANCREAS BETA CELLS,19,-3.2339817104008484,0.9316265958285426,2.6823010784015997,0.025052192066805846,0.0010438413361169101,957,yugene
temporal_bytimepoint,Keratinocyte_4_days,HALLMARK PEROXISOME,78,2.1357114427208836,0.9914219310252922,2.7557146993376977,0.1088911088911089,0.000999000999000999,1000,yugene
temporal_bytimepoint,Keratinocyte_4_days,HALLMARK PI3K AKT MTOR SIGNALING,77,1.5253725412465522,0.9867569211856219,2.6691882942631597,0.21178821178821178,0.000999000999000999,1000,yugene
temporal_bytimepoint,Keratinocyte_4_days,HALLMARK PROTEIN SECRETION,76,0.026145253881681325,1.035192507784444,2.7816295794094135,0.984015984015984,0.000999000999000999,1000,yugene
temporal_bytimepoint,Keratinocyte_4_days,HALLMARK REACTIVE OXYGEN SPECIES PATHWAY,28,-0.19233190925490637,0.954863398971037,2.712527705827351,0.8451417004048583,0.0010121457489878543,987,yugene
temporal_bytimepoint,Keratinocyte_4_days,HALLMARK SPERMATOGENESIS,74,0.2680036785015349,1.0190836976711057,2.900588580961032,0.7942057942057942,0.000999000999000999,1000,yugene
temporal_bytimepoint,Keratinocyte_4_days,HALLMARK TGF BETA SIGNALING,40,-0.7639130106938911,0.9908600916207252,2.689448115615713,0.4885114885114885,0.000999000999000999,1000,yugene
temporal_bytimepoint,Keratinocyte_4_days,HALLMARK TNFA SIGNALING VIA NFKB,164,1.3962336309955639,1.002512701766888,2.7637613308464157,0.26073926073926074,0.000999000999000999,1000,yugene
temporal_bytimepoint,Keratinocyte_4_days,HALLMARK UNFOLDED PROTEIN RESPONSE,79,0.70716442948764,0.960886884087738,2.8179291453669717,0.4875124875124875,0.000999000999000999,1000,yugene
temporal_bytimepoint,Keratinocyte_4_days,HALLMARK UV RESPONSE DN,128,-0.13311571978474734,1.0077589042751989,2.7789274133651376,0.8971028971028971,0.000999000999000999,1000,yugene
temporal_bytimepoint,Keratinocyte_4_days,HALLMARK UV RESPONSE UP,104,2.0308895934081113,1.0140088744593392,2.8002721071704997,0.11788211788211789,0.000999000999000999,1000,yugene
temporal_bytimepoint,Keratinocyte_4_days,HALLMARK WNT BETA CATENIN SIGNALING,29,-0.479095662625229,0.9512624229664082,2.7435800325081496,0.6583166332665331,0.001002004008016032,997,yugene
temporal_bytimepoint,Keratinocyte_4_days,HALLMARK XENOBIOTIC METABOLISM,136,0.08033711181076371,1.0236280297843845,2.8396972178285798,0.9430569430569431,0.000999000999000999,1000,yugene
temporal_bytimepoint,Keratinocyte_4_days,Lysosomal Genes,138,0.06473829787014136,0.9873385123431742,2.647232173181408,0.9500499500499501,0.000999000999000999,1000,yugene
temporal_bytimepoint,Keratinocyte_10_days,HALLMARK ADIPOGENESIS,142,4.399049797672069,1.692809570320759,4.9146326120844845,0.07092907092907093,0.000999000999000999,1000,yugene
temporal_bytimepoint,Keratinocyte_10_days,HALLMARK ALLOGRAFT REJECTION,133,0.8845991620541408,1.66786373305204,4.477758725366688,0.6343656343656343,0.000999000999000999,1000,yugene
temporal_bytimepoint,Keratinocyte_10_days,HALLMARK ANDROGEN RESPONSE,75,1.0881178128046627,1.6338128653960495,4.878411737990568,0.5264735264735265,0.000999000999000999,1000,yugene
temporal_bytimepoint,Keratinocyte_10_days,HALLMARK ANGIOGENESIS,28,0.5974949875996871,1.652902339999744,4.615737873013185,0.7348790322580645,0.0010080645161290322,991,yugene
temporal_bytimepoint,Keratinocyte_10_days,HALLMARK APICAL JUNCTION,152,2.4798374957768368,1.6663290984413148,4.629045625894011,0.21578421578421578,0.000999000999000999,1000,yugene
temporal_bytimepoint,Keratinocyte_10_days,HALLMARK APICAL SURFACE,31,-4.646478062839665,1.6489043449871177,4.424750504580033,0.044221105527638194,0.0010050251256281408,994,yugene
temporal_bytimepoint,Keratinocyte_10_days,HALLMARK APOPTOSIS,123,-0.4680616633514331,1.6853889947682192,4.911383654743809,0.7942057942057942,0.000999000999000999,1000,yugene
temporal_bytimepoint,Keratinocyte_10_days,HALLMARK BILE ACID METABOLISM,79,0.802752519360395,1.701737974426015,5.017301371124443,0.6393606393606394,0.000999000999000999,1000,yugene
temporal_bytimepoint,Keratinocyte_10_days,HALLMARK CHOLESTEROL HOMEOSTASIS,58,5.402313374399741,1.6488339688346367,4.920117177409338,0.04295704295704296,0.000999000999000999,1000,yugene
temporal_bytimepoint,Keratinocyte_10_days,HALLMARK COAGULATION,77,1.653839800878425,1.6286891742510288,4.4458046973471355,0.3596403596403596,0.000999000999000999,1000,yugene
temporal_bytimepoint,Keratinocyte_10_days,HALLMARK COMPLEMENT,127,2.2067192044622588,1.732129318363995,5.06597616310597,0.26373626373626374,0.000999000999000999,1000,yugene
temporal_bytimepoint,Keratinocyte_10_days,HALLMARK DNA REPAIR,93,0.04738711099641215,1.7213409797213648,4.980455731368234,0.984015984015984,0.000999000999000999,1000,yugene
temporal_bytimepoint,Keratinocyte_10_days,HALLMARK E2F TARGETS,136,4.94784505660018,1.5889359345912415,4.251010051117088,0.03296703296703297,0.000999000999000999,1000,yugene
temporal_bytimepoint,Keratinocyte_10_days,HALLMARK EPITHELIAL MESENCHYMAL TRANSITION,153,0.9199595655951761,1.6844657879731457,4.9526911998163605,0.6303696303696303,0.000999000999000999,1000,yugene
temporal_bytimepoint,Keratinocyte_10_days,HALLMARK ESTROGEN RESPONSE EARLY,150,0.9010979012084829,1.7121622447546614,4.9325645033251035,0.6473526473526473,0.000999000999000999,1000,yugene
temporal_bytimepoint,Keratinocyte_10_days,HALLMARK ESTROGEN RESPONSE LATE,150,0.637581029217518,1.61892701436058,4.781612399162795,0.6813186813186813,0.000999000999000999,1000,yugene
temporal_bytimepoint,Keratinocyte_10_days,HALLMARK FATTY ACID METABOLISM,107,2.5136839271612086,1.6561782085446102,4.644722081510879,0.21978021978021978,0.000999000999000999,1000,yugene
temporal_bytimepoint,Keratinocyte_10_days,HALLMARK G2M CHECKPOINT,142,3.189983266376193,1.7309747827421489,5.02309333286176,0.14985014985014986,0.000999000999000999,1000,yugene
temporal_bytimepoint,Keratinocyte_10_days,HALLMARK GLYCOLYSIS,139,1.0378406201245376,1.6942379731175299,4.810030580874063,0.5814185814185814,0.000999000999000999,1000,yugene
temporal_bytimepoint,Keratinocyte_10_days,HALLMARK HEDGEHOG SIGNALING,32,-5.092564204452503,1.7325405460158114,5.066204759388668,0.05025125628140704,0.0010050251256281408,994,yugene
temporal_bytimepoint,Keratinocyte_10_days,HALLMARK HEME METABOLISM,142,3.6320271110287465,1.6737404407366179,4.744161629887148,0.0979020979020979,0.000999000999000999,1000,yugene
temporal_bytimepoint,Keratinocyte_10_days,HALLMARK HYPOXIA,142,2.624140662701196,1.658970602264584,4.789898026864431,0.18581418581418582,0.000999000999000999,1000,yugene
temporal_bytimepoint,Keratinocyte_10_days,HALLMARK IL2 STAT5 SIGNALING,148,1.9498745293881588,1.5896108421685422,4.56453305635221,0.2777222777222777,0.000999000999000999,1000,yugene
temporal_bytimepoint,Keratinocyte_10_days,HALLMARK IL6 JAK STAT3 SIGNALING,57,-0.5501172871391345,1.6654567538524387,4.655560730478981,0.7522477522477522,0.000999000999000999,1000,yugene
temporal_bytimepoint,Keratinocyte_10_days,HALLMARK INFLAMMATORY RESPONSE,146,1.1601963236431896,1.7008806847972697,5.060908203370725,0.5144855144855145,0.000999000999000999,1000,yugene
temporal_bytimepoint,Keratinocyte_10_days,HALLMARK INTERFERON ALPHA RESPONSE,66,0.9190905772854244,1.6252687106537753,4.672724369878351,0.5994005994005994,0.000999000999000999,1000,yugene
temporal_bytimepoint,Keratinocyte_10_days,HALLMARK INTERFERON GAMMA RESPONSE,134,1.5949880590156906,1.560550710603597,4.250673837698629,0.36863136863136864,0.000999000999000999,1000,yugene
temporal_bytimepoint,Keratinocyte_10_days,HALLMARK KRAS SIGNALING DN,110,-0.26313642146540817,1.5658661220441026,4.543964370852176,0.8701298701298701,0.000999000999000999,1000,yugene
temporal_bytimepoint,Keratinocyte_10_days,HALLMARK KRAS SIGNALING UP,155,1.5739192005662108,1.554253119132389,4.347268107445232,0.37462537462537465,0.000999000999000999,1000,yugene
temporal_bytimepoint,Keratinocyte_10_days,HALLMARK MITOTIC SPINDLE,159,1.71078045050888,1.6641724521913352,5.00355439242488,0.3646353646353646,0.000999000999000999,1000,yugene
temporal_bytimepoint,Keratinocyte_10_days,HALLMARK MTORC1 SIGNALING,131,2.7616051503454173,1.7575086831277542,5.092736804775377,0.2007992007992008,0.000999000999000999,1000,yugene
temporal_bytimepoint,Keratinocyte_10_days,HALLMARK MYC TARGETS,137,-2.690175302785589,1.7510930389753543,4.808925721114294,0.2037962037962038,0.000999000999000999,1000,yugene
temporal_bytimepoint,Keratinocyte_10_days,HALLMARK MYOGENESIS,156,3.4877559316187443,1.606247434182971,4.4748803151553895,0.09490509490509491,0.000999000999000999,1000,yugene
temporal_bytimepoint,Keratinocyte_10_days,HALLMARK NOTCH SIGNALING,26,-0.5351441647552275,1.7150880050618675,4.766990067851198,0.7671370967741935,0.0010080645161290322,991,yugene
temporal_bytimepoint,Keratinocyte_10_days,HALLMARK OXIDATIVE PHOSPHORYLATION,103,-2.08507389930579,1.6582623763396944,4.7077906442647866,0.2727272727272727,0.000999000999000999,1000,yugene
temporal_bytimepoint,Keratinocyte_10_days,HALLMARK P53 PATHWAY,141,1.7029659100218792,1.626121349152552,4.384042263031065,0.3676323676323676,0.000999000999000999,1000,yugene
temporal_bytimepoint,Keratinocyte_10_days,HALLMARK PANCREAS BETA CELLS,19,-0.925213147459538,1.656336166942994,4.3919436593862615,0.6346555323590815,0.0010438413361169101,957,yugene
temporal_bytimepoint,Keratinocyte_10_days,HALLMARK PEROXISOME,78,1.4255479497243155,1.7032507429064918,5.111073960588982,0.44755244755244755,0.000999000999000999,1000,yugene
temporal_bytimepoint,Keratinocyte_10_days,HALLMARK PI3K AKT MTOR SIGNALING,77,2.066591285137732,1.6751603586478068,4.884838629074651,0.3036963036963037,0.000999000999000999,1000,yugene
temporal_bytimepoint,Keratinocyte_10_days,HALLMARK PROTEIN SECRETION,76,1.978907689931548,1.72098847370889,4.951293107910888,0.3146853146853147,0.000999000999000999,1000,yugene
temporal_bytimepoint,Keratinocyte_10_days,HALLMARK REACTIVE OXYGEN SPECIES PATHWAY,28,-0.24357775618652658,1.7051454238191974,4.742100845108722,0.8947368421052632,0.0010121457489878543,987,yugene
temporal_bytimepoint,Keratinocyte_10_days,HALLMARK SPERMATOGENESIS,74,2.163722001558904,1.7333164856040162,4.601362018872564,0.2917082917082917,0.000999000999000999,1000,yugene
temporal_bytimepoint,Keratinocyte_10_days,HALLMARK TGF BETA SIGNALING,40,-3.1840286842513295,1.6992460556861708,5.135460660502606,0.144,0.001,999,yugene
temporal_bytimepoint,Keratinocyte_10_days,HALLMARK TNFA SIGNALING VIA NFKB,164,0.6724348046836982,1.7243708431840392,5.331031905222646,0.7052947052947053,0.000999000999000999,1000,yugene
temporal_bytimepoint,Keratinocyte_10_days,HALLMARK UNFOLDED PROTEIN RESPONSE,79,-1.0340626493777236,1.6639690548051285,4.655374615061718,0.5534465534465535,0.000999000999000999,1000,yugene
temporal_bytimepoint,Keratinocyte_10_days,HALLMARK UV RESPONSE DN,128,-0.12004387504680439,1.6582284732947932,4.7159072703554505,0.942057942057942,0.000999000999000999,1000,yugene
temporal_bytimepoint,Keratinocyte_10_days,HALLMARK UV RESPONSE UP,104,3.09645644469182,1.6626491679733904,4.403255166798631,0.15284715284715283,0.000999000999000999,1000,yugene
temporal_bytimepoint,Keratinocyte_10_days,HALLMARK WNT BETA CATENIN SIGNALING,29,-1.3068277612419663,1.6188309826933744,4.6540948062689695,0.46693386773547096,0.001002004008016032,997,yugene
temporal_bytimepoint,Keratinocyte_10_days,HALLMARK XENOBIOTIC METABOLISM,136,0.7100811547492333,1.670215556970214,4.651353320327042,0.6853146853146853,0.000999000999000999,1000,yugene
temporal_bytimepoint,Keratinocyte_10_days,Lysosomal Genes,138,1.3425967960976928,1.670146970564665,4.828980172091578,0.46853146853146854,0.000999000999000999,1000,yugene
temporal_bytimepoint,Keratinocyte_20_days,HALLMARK ADIPOGENESIS,142,3.55999484233981,2.0197116148434877,5.6657726058221805,0.16283716283716285,0.000999000999000999,1000,yugene
temporal_bytimepoint,Keratinocyte_20_days,HALLMARK ALLOGRAFT REJECTION,133,-0.04013553045338459,2.007591493933767,5.808452511210541,0.985014985014985,0.000999000999000999,1000,yugene
temporal_bytimepoint,Keratinocyte_20_days,HALLMARK ANDROGEN RESPONSE,75,4.778693600898767,2.0981313878226158,6.0043806278098275,0.0959040959040959,0.000999000999000999,1000,yugene
temporal_bytimepoint,Keratinocyte_20_days,HALLMARK ANGIOGENESIS,28,0.8597716749282995,1.9516603628098461,5.301830459766957,0.676737160120846,0.0010070493454179255,992,yugene
temporal_bytimepoint,Keratinocyte_20_days,HALLMARK APICAL JUNCTION,152,1.2183326500970737,2.033660106950986,5.948328354432437,0.5694305694305695,0.000999000999000999,1000,yugene
temporal_bytimepoint,Keratinocyte_20_days,HALLMARK APICAL SURFACE,31,-2.768842250712862,2.0079861651579387,5.905368459318738,0.24446680080482897,0.001006036217303823,993,yugene
temporal_bytimepoint,Keratinocyte_20_days,HALLMARK APOPTOSIS,123,-2.8007577261479177,2.0982008860900283,6.391428455600166,0.2517482517482518,0.000999000999000999,1000,yugene
temporal_bytimepoint,Keratinocyte_20_days,HALLMARK BILE ACID METABOLISM,79,3.1169646010015524,2.0388270277780083,5.904946041526307,0.21078921078921078,0.000999000999000999,1000,yugene
temporal_bytimepoint,Keratinocyte_20_days,HALLMARK CHOLESTEROL HOMEOSTASIS,58,6.137006133184498,1.9045806029715378,5.224779877909646,0.03196803196803197,0.000999000999000999,1000,yugene
temporal_bytimepoint,Keratinocyte_20_days,HALLMARK COAGULATION,77,0.8019939396506801,2.026905096100235,5.630617085892689,0.7202797202797203,0.000999000999000999,1000,yugene
temporal_bytimepoint,Keratinocyte_20_days,HALLMARK COMPLEMENT,127,1.8652599400101721,2.049229139175755,5.706209308166673,0.4035964035964036,0.000999000999000999,1000,yugene
temporal_bytimepoint,Keratinocyte_20_days,HALLMARK DNA REPAIR,93,-0.5213432364997436,2.045167187055318,6.030119281808863,0.7812187812187812,0.000999000999000999,1000,yugene
temporal_bytimepoint,Keratinocyte_20_days,HALLMARK E2F TARGETS,136,3.7814272568765523,1.9363562019880318,5.629465159220858,0.13486513486513488,0.000999000999000999,1000,yugene
temporal_bytimepoint,Keratinocyte_20_days,HALLMARK EPITHELIAL MESENCHYMAL TRANSITION,153,1.3011157843835535,2.0436855269274847,6.016489643812384,0.5404595404595405,0.000999000999000999,1000,yugene
temporal_bytimepoint,Keratinocyte_20_days,HALLMARK ESTROGEN RESPONSE EARLY,150,0.6065615281253748,2.038939837749198,5.807346955293357,0.7742257742257742,0.000999000999000999,1000,yugene
temporal_bytimepoint,Keratinocyte_20_days,HALLMARK ESTROGEN RESPONSE LATE,150,-0.7405459767184663,2.0649885353131374,6.158423744239765,0.7042957042957043,0.000999000999000999,1000,yugene
temporal_bytimepoint,Keratinocyte_20_days,HALLMARK FATTY ACID METABOLISM,107,3.186117566378329,2.0191944696261204,5.826790036271192,0.1888111888111888,0.000999000999000999,1000,yugene
temporal_bytimepoint,Keratinocyte_20_days,HALLMARK G2M CHECKPOINT,142,3.0707628751190783,2.149071284714685,6.310562427109595,0.23576423576423577,0.000999000999000999,1000,yugene
temporal_bytimepoint,Keratinocyte_20_days,HALLMARK GLYCOLYSIS,139,-1.1691295416553444,2.1265361978616455,6.048462563486992,0.5994005994005994,0.000999000999000999,1000,yugene
temporal_bytimepoint,Keratinocyte_20_days,HALLMARK HEDGEHOG SIGNALING,32,-0.39062181703304033,2.065973713058417,5.8719286678355616,0.8381909547738694,0.0010050251256281408,994,yugene
temporal_bytimepoint,Keratinocyte_20_days,HALLMARK HEME METABOLISM,142,1.2572821689500338,2.117890828739066,6.22611661367209,0.5444555444555444,0.000999000999000999,1000,yugene
temporal_bytimepoint,Keratinocyte_20_days,HALLMARK HYPOXIA,142,-1.3917414070711611,2.150544123334256,6.2553148316744425,0.5164835164835165,0.000999000999000999,1000,yugene
temporal_bytimepoint,Keratinocyte_20_days,HALLMARK IL2 STAT5 SIGNALING,148,-3.925125627426314,1.9421738046148493,5.7677987116065115,0.11988011988011989,0.000999000999000999,1000,yugene
temporal_bytimepoint,Keratinocyte_20_days,HALLMARK IL6 JAK STAT3 SIGNALING,57,-2.199406580023242,1.9322789660926714,5.64428756375902,0.3096903096903097,0.000999000999000999,1000,yugene
temporal_bytimepoint,Keratinocyte_20_days,HALLMARK INFLAMMATORY RESPONSE,146,-0.1835773147707269,2.0873256884665428,6.332157752800429,0.9230769230769231,0.000999000999000999,1000,yugene
temporal_bytimepoint,Keratinocyte_20_days,HALLMARK INTERFERON ALPHA RESPONSE,66,1.4478779155842763,1.9469765553183902,5.527014201185963,0.4925074925074925,0.000999000999000999,1000,yugene
temporal_bytimepoint,Keratinocyte_20_days,HALLMARK INTERFERON GAMMA RESPONSE,134,1.048578530423122,1.9407578504493754,5.41593862511968,0.6163836163836164,0.000999000999000999,1000,yugene
temporal_bytimepoint,Keratinocyte_20_days,HALLMARK KRAS SIGNALING DN,110,-0.9615536462911809,2.064739730700623,5.903959913683731,0.6413586413586414,0.000999000999000999,1000,yugene
temporal_bytimepoint,Keratinocyte_20_days,HALLMARK KRAS SIGNALING UP,155,1.113033129267193,2.0297890525438085,5.971638151464706,0.5904095904095904,0.000999000999000999,1000,yugene
temporal_bytimepoint,Keratinocyte_20_days,HALLMARK MITOTIC SPINDLE,159,1.6733025334478813,2.098769051542088,5.787951682761338,0.45254745254745254,0.000999000999000999,1000,yugene
temporal_bytimepoint,Keratinocyte_20_days,HALLMARK MTORC1 SIGNALING,131,1.546400515778726,2.102744333172771,6.022697146378653,0.4745254745254745,0.000999000999000999,1000,yugene
temporal_bytimepoint,Keratinocyte_20_days,HALLMARK MYC TARGETS,137,-9.493844166982488,2.1693486738542505,6.522311515130632,0.014985014985014986,0.000999000999000999,1000,yugene
temporal_bytimepoint,Keratinocyte_20_days,HALLMARK MYOGENESIS,156,2.61719340799013,2.0115117093613124,5.708524945334098,0.25374625374625376,0.000999000999000999,1000,yugene
temporal_bytimepoint,Keratinocyte_20_days,HALLMARK NOTCH SIGNALING,26,-0.78336283828662,2.0371336888492326,5.383832083650365,0.6895161290322581,0.0010080645161290322,991,yugene
temporal_bytimepoint,Keratinocyte_20_days,HALLMARK OXIDATIVE PHOSPHORYLATION,103,-2.728778853847955,2.073811721367293,6.192288423936927,0.2517482517482518,0.000999000999000999,1000,yugene
temporal_bytimepoint,Keratinocyte_20_days,HALLMARK P53 PATHWAY,141,-0.7143597276306145,1.963429681037157,5.8306917949870645,0.7222777222777222,0.000999000999000999,1000,yugene
temporal_bytimepoint,Keratinocyte_20_days,HALLMARK PANCREAS BETA CELLS,19,1.4875833830916867,1.977732321862106,5.690860070776825,0.48125,0.0010416666666666667,959,yugene
temporal_bytimepoint,Keratinocyte_20_days,HALLMARK PEROXISOME,78,5.719215627616448,2.061288672638629,6.324327270591551,0.059940059940059943,0.000999000999000999,1000,yugene
temporal_bytimepoint,Keratinocyte_20_days,HALLMARK PI3K AKT MTOR SIGNALING,77,1.8216426800032146,2.056425762163072,5.666609093555797,0.42957042957042957,0.000999000999000999,1000,yugene
temporal_bytimepoint,Keratinocyte_20_days,HALLMARK PROTEIN SECRETION,76,0.6355897688171664,2.1312942111408795,6.577579843836718,0.7532467532467533,0.000999000999000999,1000,yugene
temporal_bytimepoint,Keratinocyte_20_days,HALLMARK REACTIVE OXYGEN SPECIES PATHWAY,28,-0.8232027634017923,1.9932966372128904,6.092852105226149,0.6996966632962589,0.0010111223458038423,988,yugene
temporal_bytimepoint,Keratinocyte_20_days,HALLMARK SPERMATOGENESIS,74,2.484294535143657,2.1662316945368674,6.111281890995348,0.3256743256743257,0.000999000999000999,1000,yugene
temporal_bytimepoint,Keratinocyte_20_days,HALLMARK TGF BETA SIGNALING,40,-3.5597359586791884,2.0265389387470583,5.866980679583029,0.163,0.001,999,yugene
temporal_bytimepoint,Keratinocyte_20_days,HALLMARK TNFA SIGNALING VIA NFKB,164,-1.7904228660399077,2.056444452497021,6.5473278869467135,0.3966033966033966,0.000999000999000999,1000,yugene
temporal_bytimepoint,Keratinocyte_20_days,HALLMARK UNFOLDED PROTEIN RESPONSE,79,-1.7639739864544324,2.089802226752537,6.265590162556105,0.43456543456543456,0.000999000999000999,1000,yugene
temporal_bytimepoint,Keratinocyte_20_days,HALLMARK UV RESPONSE DN,128,-0.9802727905503117,2.064251827364528,5.9044268932496795,0.6383616383616384,0.000999000999000999,1000,yugene
temporal_bytimepoint,Keratinocyte_20_days,HALLMARK UV RESPONSE UP,104,1.1877855148079521,2.065199718017489,5.822781005653064,0.5764235764235764,0.000999000999000999,1000,yugene
temporal_bytimepoint,Keratinocyte_20_days,HALLMARK WNT BETA CATENIN SIGNALING,29,-1.7525094459324004,1.9213261685425451,5.553295984319653,0.40781563126252507,0.001002004008016032,997,yugene
temporal_bytimepoint,Keratinocyte_20_days,HALLMARK XENOBIOTIC METABOLISM,136,0.5030425023752672,1.9999711409645538,5.913270173407269,0.8121878121878122,0.000999000999000999,1000,yugene
temporal_bytimepoint,Keratinocyte_20_days,Lysosomal Genes,138,0.8621781720817456,2.133228316381572,6.306622061039397,0.6943056943056943,0.000999000999000999,1000,yugene
temporal_bytimepoint,Melanocyte_4_days,HALLMARK ADIPOGENESIS,142,-1.5428397409847894,3.6651593464694616,10.256585714877463,0.6853146853146853,0.000999000999000999,1000,yugene
temporal_bytimepoint,Melanocyte_4_days,HALLMARK ALLOGRAFT REJECTION,133,7.582085543462037,3.531440153003687,10.05399382036326,0.1068931068931069,0.000999000999000999,1000,yugene
temporal_bytimepoint,Melanocyte_4_days,HALLMARK ANDROGEN RESPONSE,75,-0.796347060374936,3.6418181091660915,9.977238043645686,0.8301698301698301,0.000999000999000999,1000,yugene
temporal_bytimepoint,Melanocyte_4_days,HALLMARK ANGIOGENESIS,28,-1.3022437643376255,3.3057662671669052,9.448109492904573,0.7243460764587525,0.001006036217303823,993,yugene
temporal_bytimepoint,Melanocyte_4_days,HALLMARK APICAL JUNCTION,152,-4.914754056352913,3.5638298131851345,9.657666666653611,0.24875124875124874,0.000999000999000999,1000,yugene
temporal_bytimepoint,Melanocyte_4_days,HALLMARK APICAL SURFACE,31,-2.694030362257546,3.266639503282293,9.112218115019452,0.4462311557788945,0.0010050251256281408,994,yugene
temporal_bytimepoint,Melanocyte_4_days,HALLMARK APOPTOSIS,123,0.9014362708424333,3.3610762683574427,8.829602259348071,0.8091908091908092,0.000999000999000999,1000,yugene
temporal_bytimepoint,Melanocyte_4_days,HALLMARK BILE ACID METABOLISM,79,-0.7499687055091749,3.559062992696853,9.609478414713877,0.8451548451548452,0.000999000999000999,1000,yugene
temporal_bytimepoint,Melanocyte_4_days,HALLMARK CHOLESTEROL HOMEOSTASIS,58,-0.3104054024493283,3.5046095822887016,9.659029347927401,0.936063936063936,0.000999000999000999,1000,yugene
temporal_bytimepoint,Melanocyte_4_days,HALLMARK COAGULATION,77,4.210576061196239,3.62095516181394,9.88322161221281,0.2917082917082917,0.000999000999000999,1000,yugene
temporal_bytimepoint,Melanocyte_4_days,HALLMARK COMPLEMENT,127,12.722828003414516,3.535083966060375,9.949053521581195,0.01998001998001998,0.000999000999000999,1000,yugene
temporal_bytimepoint,Melanocyte_4_days,HALLMARK DNA REPAIR,93,3.931069501999831,3.323840712708188,9.083964732104565,0.3006993006993007,0.000999000999000999,1000,yugene
temporal_bytimepoint,Melanocyte_4_days,HALLMARK E2F TARGETS,136,4.798439624448209,3.482300712686415,9.768542799216023,0.24475524475524477,0.000999000999000999,1000,yugene
temporal_bytimepoint,Melanocyte_4_days,HALLMARK EPITHELIAL MESENCHYMAL TRANSITION,153,-0.5950378538177953,3.687623788355034,10.477235807759948,0.8871128871128872,0.000999000999000999,1000,yugene
temporal_bytimepoint,Melanocyte_4_days,HALLMARK ESTROGEN RESPONSE EARLY,150,4.519482168590573,3.7482191338345765,10.002178425502086,0.2987012987012987,0.000999000999000999,1000,yugene
temporal_bytimepoint,Melanocyte_4_days,HALLMARK ESTROGEN RESPONSE LATE,150,2.281606281284399,3.370500059120028,9.118612407641326,0.5384615384615384,0.000999000999000999,1000,yugene
temporal_bytimepoint,Melanocyte_4_days,HALLMARK FATTY ACID METABOLISM,107,-1.1950766069510335,3.6773626353283126,10.131010557469187,0.7652347652347652,0.000999000999000999,1000,yugene
temporal_bytimepoint,Melanocyte_4_days,HALLMARK G2M CHECKPOINT,142,0.9631465871999285,3.719021482328726,9.624994666292704,0.8121878121878122,0.000999000999000999,1000,yugene
temporal_bytimepoint,Melanocyte_4_days,HALLMARK GLYCOLYSIS,139,-6.423856562308465,3.576488848900936,9.485838982450293,0.15184815184815184,0.000999000999000999,1000,yugene
temporal_bytimepoint,Melanocyte_4_days,HALLMARK HEDGEHOG SIGNALING,32,-3.9191709580867746,3.577980647619878,9.939226920786375,0.3102409638554217,0.001004016064257028,995,yugene
temporal_bytimepoint,Melanocyte_4_days,HALLMARK HEME METABOLISM,142,1.6873664353830427,3.4698743845364417,9.477574686993858,0.6523476523476524,0.000999000999000999,1000,yugene
temporal_bytimepoint,Melanocyte_4_days,HALLMARK HYPOXIA,142,0.9040250865834638,3.7812167746404337,10.654691813890214,0.8291708291708292,0.000999000999000999,1000,yugene
temporal_bytimepoint,Melanocyte_4_days,HALLMARK IL2 STAT5 SIGNALING,148,-6.736843968196134,3.6598111322279356,9.795101646089249,0.14585414585414586,0.000999000999000999,1000,yugene
temporal_bytimepoint,Melanocyte_4_days,HALLMARK IL6 JAK STAT3 SIGNALING,57,7.763557041332745,3.4754347896847584,9.965617734869333,0.1018981018981019,0.000999000999000999,1000,yugene
temporal_bytimepoint,Melanocyte_4_days,HALLMARK INFLAMMATORY RESPONSE,146,4.237565486010621,3.6151067834510604,9.578215940129315,0.32667332667332666,0.000999000999000999,1000,yugene
temporal_bytimepoint,Melanocyte_4_days,HALLMARK INTERFERON ALPHA RESPONSE,66,-21.655534384263845,3.6867753134007732,9.846479496469305,0.005994005994005994,0.000999000999000999,1000,yugene
temporal_bytimepoint,Melanocyte_4_days,HALLMARK INTERFERON GAMMA RESPONSE,134,0.8564666962896413,3.594043067981001,9.847566367779999,0.8191808191808192,0.000999000999000999,1000,yugene
temporal_bytimepoint,Melanocyte_4_days,HALLMARK KRAS SIGNALING DN,110,9.216087398913032,3.6883550564253564,9.689424602358935,0.056943056943056944,0.000999000999000999,1000,yugene
temporal_bytimepoint,Melanocyte_4_days,HALLMARK KRAS SIGNALING UP,155,1.0355688815822865,3.784788679678734,9.903146911430442,0.7912087912087912,0.000999000999000999,1000,yugene
temporal_bytimepoint,Melanocyte_4_days,HALLMARK MITOTIC SPINDLE,159,0.8698884134056313,3.8461810869460664,10.977896944475432,0.8291708291708292,0.000999000999000999,1000,yugene
temporal_bytimepoint,Melanocyte_4_days,HALLMARK MTORC1 SIGNALING,131,-2.8746103408939554,3.43003078094611,9.625401107233882,0.45354645354645357,0.000999000999000999,1000,yugene
temporal_bytimepoint,Melanocyte_4_days,HALLMARK MYC TARGETS,137,7.740318300785222,3.543792624544696,9.778557209368525,0.0969030969030969,0.000999000999000999,1000,yugene
temporal_bytimepoint,Melanocyte_4_days,HALLMARK MYOGENESIS,156,-1.6926415148421543,3.4421075482226744,9.173815397137863,0.6483516483516484,0.000999000999000999,1000,yugene
temporal_bytimepoint,Melanocyte_4_days,HALLMARK NOTCH SIGNALING,26,-0.36754597246819665,3.3850505451870463,9.3818058376344,0.9112008072653885,0.0010090817356205853,990,yugene
temporal_bytimepoint,Melanocyte_4_days,HALLMARK OXIDATIVE PHOSPHORYLATION,103,-0.6907255007002745,3.44253905965727,9.685876694964682,0.8621378621378621,0.000999000999000999,1000,yugene
temporal_bytimepoint,Melanocyte_4_days,HALLMARK P53 PATHWAY,141,5.694935350354979,3.407666922411676,9.635563017442397,0.17682317682317683,0.000999000999000999,1000,yugene
temporal_bytimepoint,Melanocyte_4_days,HALLMARK PANCREAS BETA CELLS,19,-0.9638301097377315,3.325293445319466,9.345005825535134,0.7793814432989691,0.0010309278350515464,969,yugene
temporal_bytimepoint,Melanocyte_4_days,HALLMARK PEROXISOME,78,1.1988363708113,3.3119222261121855,8.572921231169156,0.7422577422577422,0.000999000999000999,1000,yugene
temporal_bytimepoint,Melanocyte_4_days,HALLMARK PI3K AKT MTOR SIGNALING,77,2.8140519673842217,3.670702997505756,10.13448991753994,0.4905094905094905,0.000999000999000999,1000,yugene
temporal_bytimepoint,Melanocyte_4_days,HALLMARK PROTEIN SECRETION,76,-5.9780450344902185,3.45941677051568,9.73067393682795,0.16083916083916083,0.000999000999000999,1000,yugene
temporal_bytimepoint,Melanocyte_4_days,HALLMARK REACTIVE OXYGEN SPECIES PATHWAY,28,14.709736662206698,3.2418262631199513,8.991037352510517,0.01310483870967742,0.0010080645161290322,991,yugene
temporal_bytimepoint,Melanocyte_4_days,HALLMARK SPERMATOGENESIS,74,2.9242461460311686,3.5311774856653138,9.337839294939435,0.4515484515484515,0.000999000999000999,1000,yugene
temporal_bytimepoint,Melanocyte_4_days,HALLMARK TGF BETA SIGNALING,40,0.32966741176487124,3.2906774974559303,9.280552130445646,0.924,0.001,999,yugene
temporal_bytimepoint,Melanocyte_4_days,HALLMARK TNFA SIGNALING VIA NFKB,164,2.4926588674738017,3.6354772175657355,10.288124400708789,0.5454545454545454,0.000999000999000999,1000,yugene
temporal_bytimepoint,Melanocyte_4_days,HALLMARK UNFOLDED PROTEIN RESPONSE,79,-3.3697316174300713,3.405858276928046,9.45545218878767,0.3866133866133866,0.000999000999000999,1000,yugene
temporal_bytimepoint,Melanocyte_4_days,HALLMARK UV RESPONSE DN,128,-0.6242746375683451,3.593407340713633,9.739820830640223,0.8871128871128872,0.000999000999000999,1000,yugene
temporal_bytimepoint,Melanocyte_4_days,HALLMARK UV RESPONSE UP,104,11.05318036762799,3.693196942201331,10.128736675865929,0.03696303696303696,0.000999000999000999,1000,yugene
temporal_bytimepoint,Melanocyte_4_days,HALLMARK WNT BETA CATENIN SIGNALING,29,1.1521083443620725,3.3707827592465476,10.120032967298728,0.7505030181086519,0.001006036217303823,993,yugene
temporal_bytimepoint,Melanocyte_4_days,HALLMARK XENOBIOTIC METABOLISM,136,18.00414545053848,3.4990139221882965,9.601879826697225,0.004995004995004995,0.000999000999000999,1000,yugene
temporal_bytimepoint,Melanocyte_4_days,Lysosomal Genes,138,2.6943010742101894,3.508100139215652,9.534346051696216,0.4885114885114885,0.000999000999000999,1000,yugene
temporal_bytimepoint,Melanocyte_10_days,HALLMARK ADIPOGENESIS,142,-2.704628103875638,2.696087939660322,6.988185281415182,0.3916083916083916,0.000999000999000999,1000,yugene
temporal_bytimepoint,Melanocyte_10_days,HALLMARK ALLOGRAFT REJECTION,133,0.10904448815612239,2.612858630505245,7.111801175918887,0.973026973026973,0.000999000999000999,1000,yugene
temporal_bytimepoint,Melanocyte_10_days,HALLMARK ANDROGEN RESPONSE,75,-1.6633482110233673,2.6579204199768336,7.015681524891122,0.5814185814185814,0.000999000999000999,1000,yugene
temporal_bytimepoint,Melanocyte_10_days,HALLMARK ANGIOGENESIS,28,-3.9503975767117696,2.3663159293504052,6.440756494104249,0.1659959758551308,0.001006036217303823,993,yugene
temporal_bytimepoint,Melanocyte_10_days,HALLMARK APICAL JUNCTION,152,-4.371139942373861,2.6898786515029545,7.050301423275948,0.1928071928071928,0.000999000999000999,1000,yugene
temporal_bytimepoint,Melanocyte_10_days,HALLMARK APICAL SURFACE,31,-0.6018884776804696,2.2818407447163165,6.133745587622975,0.8341708542713567,0.0010050251256281408,994,yugene
temporal_bytimepoint,Melanocyte_10_days,HALLMARK APOPTOSIS,123,1.2837913738659772,2.633327016256079,7.100263538375879,0.6823176823176823,0.000999000999000999,1000,yugene
temporal_bytimepoint,Melanocyte_10_days,HALLMARK BILE ACID METABOLISM,79,-0.47998287594448524,2.6003543582194797,7.107019552168199,0.8581418581418582,0.000999000999000999,1000,yugene
temporal_bytimepoint,Melanocyte_10_days,HALLMARK CHOLESTEROL HOMEOSTASIS,58,-2.5039474325792757,2.5355084361767353,6.806238517710075,0.37962037962037964,0.000999000999000999,1000,yugene
temporal_bytimepoint,Melanocyte_10_days,HALLMARK COAGULATION,77,5.1269497377151865,2.647203195094438,7.169253101847745,0.13186813186813187,0.000999000999000999,1000,yugene
temporal_bytimepoint,Melanocyte_10_days,HALLMARK COMPLEMENT,127,4.013709080201123,2.608359517094105,7.033997242922,0.2177822177822178,0.000999000999000999,1000,yugene
temporal_bytimepoint,Melanocyte_10_days,HALLMARK DNA REPAIR,93,3.160253560931065,2.4488354732610214,6.692358299664103,0.25874125874125875,0.000999000999000999,1000,yugene
temporal_bytimepoint,Melanocyte_10_days,HALLMARK E2F TARGETS,136,0.36974793410925777,2.7633394734005954,7.523156160288539,0.922077922077922,0.000999000999000999,1000,yugene
temporal_bytimepoint,Melanocyte_10_days,HALLMARK EPITHELIAL MESENCHYMAL TRANSITION,153,-2.300489264476375,2.727168023288123,7.174388368147755,0.46553446553446554,0.000999000999000999,1000,yugene
temporal_bytimepoint,Melanocyte_10_days,HALLMARK ESTROGEN RESPONSE EARLY,150,0.6273203479573639,2.8624881215877584,7.473046960616455,0.8481518481518482,0.000999000999000999,1000,yugene
temporal_bytimepoint,Melanocyte_10_days,HALLMARK ESTROGEN RESPONSE LATE,150,-0.6297402761884758,2.6089628705251293,7.004039307984212,0.8421578421578422,0.000999000999000999,1000,yugene
temporal_bytimepoint,Melanocyte_10_days,HALLMARK FATTY ACID METABOLISM,107,-1.1445981073059095,2.701991042298385,7.077486781622077,0.7082917082917083,0.000999000999000999,1000,yugene
temporal_bytimepoint,Melanocyte_10_days,HALLMARK G2M CHECKPOINT,142,-1.9614689562980208,2.6665397466418037,7.189006381313593,0.5184815184815185,0.000999000999000999,1000,yugene
temporal_bytimepoint,Melanocyte_10_days,HALLMARK GLYCOLYSIS,139,-3.081221635394907,2.7234472671663075,7.329945353626367,0.3196803196803197,0.000999000999000999,1000,yugene
temporal_bytimepoint,Melanocyte_10_days,HALLMARK HEDGEHOG SIGNALING,32,-2.8614376271236304,2.4460038196298655,6.536801175217268,0.3112449799196787,0.001004016064257028,995,yugene
temporal_bytimepoint,Melanocyte_10_days,HALLMARK HEME METABOLISM,142,1.6507774286554056,2.654476516063302,7.08820561496477,0.5754245754245755,0.000999000999000999,1000,yugene
temporal_bytimepoint,Melanocyte_10_days,HALLMARK HYPOXIA,142,0.8164272382262121,2.679517173905255,7.564491391713026,0.7912087912087912,0.000999000999000999,1000,yugene
temporal_bytimepoint,Melanocyte_10_days,HALLMARK IL2 STAT5 SIGNALING,148,-1.2624034723639175,2.8100883819528626,7.198585190391196,0.7022977022977023,0.000999000999000999,1000,yugene
temporal_bytimepoint,Melanocyte_10_days,HALLMARK IL6 JAK STAT3 SIGNALING,57,8.185918342346588,2.517111115196895,6.756034571487619,0.030969030969030968,0.000999000999000999,1000,yugene
temporal_bytimepoint,Melanocyte_10_days,HALLMARK INFLAMMATORY RESPONSE,146,3.2057776191984875,2.7697566592223466,7.411836630839977,0.33766233766233766,0.000999000999000999,1000,yugene
temporal_bytimepoint,Melanocyte_10_days,HALLMARK INTERFERON ALPHA RESPONSE,66,-10.009240654101964,2.630372760455821,7.267651409999879,0.013986013986013986,0.000999000999000999,1000,yugene
temporal_bytimepoint,Melanocyte_10_days,HALLMARK INTERFERON GAMMA RESPONSE,134,-0.8624210683416856,2.704888489705041,7.357447018467039,0.7792207792207793,0.000999000999000999,1000,yugene
temporal_bytimepoint,Melanocyte_10_days,HALLMARK KRAS SIGNALING DN,110,5.077401178663442,2.746128918908461,7.017366343799676,0.12787212787212787,0.000999000999000999,1000,yugene
temporal_bytimepoint,Melanocyte_10_days,HALLMARK KRAS SIGNALING UP,155,-0.48591082886107895,2.8474283162901446,7.5545593682376015,0.8891108891108891,0.000999000999000999,1000,yugene
temporal_bytimepoint,Melanocyte_10_days,HALLMARK MITOTIC SPINDLE,159,-1.0363474088879356,2.8672511977783035,7.6796890886171125,0.7662337662337663,0.000999000999000999,1000,yugene
temporal_bytimepoint,Melanocyte_10_days,HALLMARK MTORC1 SIGNALING,131,-1.0642783616323348,2.7075024968278694,7.70748635162076,0.7222777222777222,0.000999000999000999,1000,yugene
temporal_bytimepoint,Melanocyte_10_days,HALLMARK MYC TARGETS,137,5.503876045007412,2.651351510765093,6.719784441546848,0.09290709290709291,0.000999000999000999,1000,yugene
temporal_bytimepoint,Melanocyte_10_days,HALLMARK MYOGENESIS,156,-4.5951991183383525,2.5905964381104245,6.998698294406724,0.14985014985014986,0.000999000999000999,1000,yugene
temporal_bytimepoint,Melanocyte_10_days,HALLMARK NOTCH SIGNALING,26,-1.6466363834369695,2.3992316342479216,6.111763508532238,0.553877139979859,0.0010070493454179255,992,yugene
temporal_bytimepoint,Melanocyte_10_days,HALLMARK OXIDATIVE PHOSPHORYLATION,103,-2.474560964069462,2.620112404636372,6.943295042587083,0.4145854145854146,0.000999000999000999,1000,yugene
temporal_bytimepoint,Melanocyte_10_days,HALLMARK P53 PATHWAY,141,5.379218262876749,2.5879414627331125,6.981630907615811,0.0979020979020979,0.000999000999000999,1000,yugene
temporal_bytimepoint,Melanocyte_10_days,HALLMARK PANCREAS BETA CELLS,19,0.7919692968585836,2.4001260351752522,6.691867600342224,0.7763975155279503,0.0010351966873706005,965,yugene
temporal_bytimepoint,Melanocyte_10_days,HALLMARK PEROXISOME,78,0.8394246026991631,2.569654852283625,6.41732284601973,0.7942057942057942,0.000999000999000999,1000,yugene
temporal_bytimepoint,Melanocyte_10_days,HALLMARK PI3K AKT MTOR SIGNALING,77,2.240850053672246,2.578325901526462,6.531103896563689,0.47152847152847155,0.000999000999000999,1000,yugene
temporal_bytimepoint,Melanocyte_10_days,HALLMARK PROTEIN SECRETION,76,-2.7667227602629594,2.577067262826463,7.09778666124005,0.3546453546453546,0.000999000999000999,1000,yugene
temporal_bytimepoint,Melanocyte_10_days,HALLMARK REACTIVE OXYGEN SPECIES PATHWAY,28,4.8121574828586695,2.2706797040933004,5.81253046434184,0.09475806451612903,0.0010080645161290322,991,yugene
temporal_bytimepoint,Melanocyte_10_days,HALLMARK SPERMATOGENESIS,74,1.9466948798888704,2.4670474453132782,6.626018474817462,0.5024975024975025,0.000999000999000999,1000,yugene
temporal_bytimepoint,Melanocyte_10_days,HALLMARK TGF BETA SIGNALING,40,-0.17968240448482023,2.3797630081681658,6.421126195922306,0.947,0.001,999,yugene
temporal_bytimepoint,Melanocyte_10_days,HALLMARK TNFA SIGNALING VIA NFKB,164,2.007611061418964,2.6888464093745448,6.746840076384896,0.5334665334665335,0.000999000999000999,1000,yugene
temporal_bytimepoint,Melanocyte_10_days,HALLMARK UNFOLDED PROTEIN RESPONSE,79,-1.200704335102065,2.548831566301962,6.69488939044045,0.7072927072927073,0.000999000999000999,1000,yugene
temporal_bytimepoint,Melanocyte_10_days,HALLMARK UV RESPONSE DN,128,-2.92845965238184,2.636317644227819,6.824292185016874,0.3596403596403596,0.000999000999000999,1000,yugene
temporal_bytimepoint,Melanocyte_10_days,HALLMARK UV RESPONSE UP,104,4.352513896533987,2.6808221598761603,7.0577394297823055,0.18581418581418582,0.000999000999000999,1000,yugene
temporal_bytimepoint,Melanocyte_10_days,HALLMARK WNT BETA CATENIN SIGNALING,29,0.49201407270881864,2.41753166357659,7.037441465343712,0.8410462776659959,0.001006036217303823,993,yugene
temporal_bytimepoint,Melanocyte_10_days,HALLMARK XENOBIOTIC METABOLISM,136,9.282403506369633,2.657332125498461,6.9897307949145455,0.01998001998001998,0.000999000999000999,1000,yugene
temporal_bytimepoint,Melanocyte_10_days,Lysosomal Genes,138,-1.756230566896888,2.695061853759934,7.315204124550806,0.5854145854145855,0.000999000999000999,1000,yugene
temporal_bytimepoint,Melanocyte_20_days,HALLMARK ADIPOGENESIS,142,-2.020666391447468,2.158548584301715,6.03103265855624,0.39760239760239763,0.000999000999000999,1000,yugene
temporal_bytimepoint,Melanocyte_20_days,HALLMARK ALLOGRAFT REJECTION,133,1.8502314032149632,2.1692352995808935,6.058759979717619,0.45354645354645357,0.000999000999000999,1000,yugene
temporal_bytimepoint,Melanocyte_20_days,HALLMARK ANDROGEN RESPONSE,75,-0.9507995982777845,2.112817047135369,6.1605790558247895,0.6663336663336663,0.000999000999000999,1000,yugene
temporal_bytimepoint,Melanocyte_20_days,HALLMARK ANGIOGENESIS,28,-3.0532985101344754,1.8334868450314525,5.09072174431,0.18190954773869347,0.0010050251256281408,994,yugene
temporal_bytimepoint,Melanocyte_20_days,HALLMARK APICAL JUNCTION,152,-1.7766847595228095,2.2307639663460965,6.371434599208137,0.46153846153846156,0.000999000999000999,1000,yugene
temporal_bytimepoint,Melanocyte_20_days,HALLMARK APICAL SURFACE,31,-0.5825298500506407,1.8093823408115455,5.451131289717401,0.7527638190954774,0.0010050251256281408,994,yugene
temporal_bytimepoint,Melanocyte_20_days,HALLMARK APOPTOSIS,123,0.6195024786288258,2.084820551930387,5.759362452568292,0.7682317682317682,0.000999000999000999,1000,yugene
temporal_bytimepoint,Melanocyte_20_days,HALLMARK BILE ACID METABOLISM,79,-0.029082396760462592,2.058780673558469,5.862401234401795,0.984015984015984,0.000999000999000999,1000,yugene
temporal_bytimepoint,Melanocyte_20_days,HALLMARK CHOLESTEROL HOMEOSTASIS,58,-3.6568809607785,2.0319978285878597,5.4041483702696205,0.15584415584415584,0.000999000999000999,1000,yugene
temporal_bytimepoint,Melanocyte_20_days,HALLMARK COAGULATION,77,2.177206410036418,2.1513172095636914,6.0259643643037295,0.35664335664335667,0.000999000999000999,1000,yugene
temporal_bytimepoint,Melanocyte_20_days,HALLMARK COMPLEMENT,127,2.593904757237968,2.1555950230552643,6.182313078759275,0.27972027972027974,0.000999000999000999,1000,yugene
temporal_bytimepoint,Melanocyte_20_days,HALLMARK DNA REPAIR,93,2.35804721761833,2.0103440159970716,5.419499779209714,0.2957042957042957,0.000999000999000999,1000,yugene
temporal_bytimepoint,Melanocyte_20_days,HALLMARK E2F TARGETS,136,1.1656644767756317,2.209793558044059,5.946480067655353,0.6113886113886113,0.000999000999000999,1000,yugene
temporal_bytimepoint,Melanocyte_20_days,HALLMARK EPITHELIAL MESENCHYMAL TRANSITION,153,0.5687189269671493,2.236500052873339,6.397537027175561,0.8241758241758241,0.000999000999000999,1000,yugene
temporal_bytimepoint,Melanocyte_20_days,HALLMARK ESTROGEN RESPONSE EARLY,150,2.985532156793854,2.369027041736669,7.074991158287049,0.2787212787212787,0.000999000999000999,1000,yugene
temporal_bytimepoint,Melanocyte_20_days,HALLMARK ESTROGEN RESPONSE LATE,150,0.5266482280977037,2.143285858711648,6.098577228243175,0.8091908091908092,0.000999000999000999,1000,yugene
temporal_bytimepoint,Melanocyte_20_days,HALLMARK FATTY ACID METABOLISM,107,-0.25579946988772573,2.316300993883214,6.790626291610268,0.9110889110889111,0.000999000999000999,1000,yugene
temporal_bytimepoint,Melanocyte_20_days,HALLMARK G2M CHECKPOINT,142,-0.7100405908404188,2.2348169164706184,6.673658197810631,0.7602397602397603,0.000999000999000999,1000,yugene
temporal_bytimepoint,Melanocyte_20_days,HALLMARK GLYCOLYSIS,139,-2.7298495029445946,2.2356017741699623,6.177073141050524,0.2897102897102897,0.000999000999000999,1000,yugene
temporal_bytimepoint,Melanocyte_20_days,HALLMARK HEDGEHOG SIGNALING,32,-1.4338196123485203,1.998454245901633,5.564781836798221,0.5055165496489469,0.0010030090270812437,996,yugene
temporal_bytimepoint,Melanocyte_20_days,HALLMARK HEME METABOLISM,142,1.1994562480686501,2.217672744408026,5.981310035431756,0.6163836163836164,0.000999000999000999,1000,yugene
temporal_bytimepoint,Melanocyte_20_days,HALLMARK HYPOXIA,142,1.901636191999154,2.2472524196969292,6.366961581705028,0.44955044955044954,0.000999000999000999,1000,yugene
temporal_bytimepoint,Melanocyte_20_days,HALLMARK IL2 STAT5 SIGNALING,148,0.7900986287896653,2.2979515748176476,6.294070566272878,0.7532467532467533,0.000999000999000999,1000,yugene
temporal_bytimepoint,Melanocyte_20_days,HALLMARK IL6 JAK STAT3 SIGNALING,57,4.898207128049646,2.1073803856715454,5.985483993900234,0.07692307692307693,0.000999000999000999,1000,yugene
temporal_bytimepoint,Melanocyte_20_days,HALLMARK INFLAMMATORY RESPONSE,146,3.548869441670072,2.242684024266604,6.267741131664895,0.19880119880119881,0.000999000999000999,1000,yugene
temporal_bytimepoint,Melanocyte_20_days,HALLMARK INTERFERON ALPHA RESPONSE,66,-22.59682679039602,2.1620503292452,6.061239798017861,0.000999000999000999,0.000999000999000999,1000,yugene
temporal_bytimepoint,Melanocyte_20_days,HALLMARK INTERFERON GAMMA RESPONSE,134,-1.7122389652417624,2.231941104397897,6.0366843081628865,0.4855144855144855,0.000999000999000999,1000,yugene
temporal_bytimepoint,Melanocyte_20_days,HALLMARK KRAS SIGNALING DN,110,8.512919050302807,2.2234297875521807,6.0346079953844844,0.023976023976023976,0.000999000999000999,1000,yugene
temporal_bytimepoint,Melanocyte_20_days,HALLMARK KRAS SIGNALING UP,155,-0.1467643219536238,2.340532377934717,6.8362182135223275,0.9500499500499501,0.000999000999000999,1000,yugene
temporal_bytimepoint,Melanocyte_20_days,HALLMARK MITOTIC SPINDLE,159,0.664995339969519,2.385120704785195,6.841094545108477,0.7892107892107892,0.000999000999000999,1000,yugene
temporal_bytimepoint,Melanocyte_20_days,HALLMARK MTORC1 SIGNALING,131,-0.5414653317928134,2.1517932976109826,6.369785537883038,0.8051948051948052,0.000999000999000999,1000,yugene
temporal_bytimepoint,Melanocyte_20_days,HALLMARK MYC TARGETS,137,2.5426139911924874,2.2234542124429795,6.3180256441352,0.31368631368631367,0.000999000999000999,1000,yugene
temporal_bytimepoint,Melanocyte_20_days,HALLMARK MYOGENESIS,156,-0.8945738474056336,2.1528116903728782,6.15512778604257,0.6883116883116883,0.000999000999000999,1000,yugene
temporal_bytimepoint,Melanocyte_20_days,HALLMARK NOTCH SIGNALING,26,-0.16530153731431263,1.9397172134411356,5.160430918189086,0.9204431017119838,0.0010070493454179255,992,yugene
temporal_bytimepoint,Melanocyte_20_days,HALLMARK OXIDATIVE PHOSPHORYLATION,103,-0.33268515512247104,2.079769902264458,6.15982915988869,0.8681318681318682,0.000999000999000999,1000,yugene
temporal_bytimepoint,Melanocyte_20_days,HALLMARK P53 PATHWAY,141,4.183333933548544,2.0985384239951284,5.9912559981010025,0.12887112887112886,0.000999000999000999,1000,yugene
temporal_bytimepoint,Melanocyte_20_days,HALLMARK PANCREAS BETA CELLS,19,-0.7698456867580132,1.8678723590360644,4.876948723706373,0.7207859358841778,0.001034126163391934,966,yugene
temporal_bytimepoint,Melanocyte_20_days,HALLMARK PEROXISOME,78,0.6050507302946877,2.0352944062565643,5.4757392763653785,0.7962037962037962,0.000999000999000999,1000,yugene
temporal_bytimepoint,Melanocyte_20_days,HALLMARK PI3K AKT MTOR SIGNALING,77,1.252693822821397,2.154713019993583,5.855629875723412,0.5944055944055944,0.000999000999000999,1000,yugene
temporal_bytimepoint,Melanocyte_20_days,HALLMARK PROTEIN SECRETION,76,-2.4013398554209737,2.1322709036565173,5.9745057731511295,0.3176823176823177,0.000999000999000999,1000,yugene
temporal_bytimepoint,Melanocyte_20_days,HALLMARK REACTIVE OXYGEN SPECIES PATHWAY,28,3.3414199303563907,1.7903800623694117,4.986514812791587,0.13407258064516128,0.0010080645161290322,991,yugene
temporal_bytimepoint,Melanocyte_20_days,HALLMARK SPERMATOGENESIS,74,1.611060947339438,2.063772464964668,5.920970047122025,0.45254745254745254,0.000999000999000999,1000,yugene
temporal_bytimepoint,Melanocyte_20_days,HALLMARK TGF BETA SIGNALING,40,1.8229262878483172,1.9175452285932644,5.038505051738257,0.388,0.001,999,yugene
temporal_bytimepoint,Melanocyte_20_days,HALLMARK TNFA SIGNALING VIA NFKB,164,2.633287037081062,2.2343507810261536,6.506539092308622,0.29270729270729273,0.000999000999000999,1000,yugene
temporal_bytimepoint,Melanocyte_20_days,HALLMARK UNFOLDED PROTEIN RESPONSE,79,-2.0375700681543707,2.04444617365238,5.692402966403514,0.37362637362637363,0.000999000999000999,1000,yugene
temporal_bytimepoint,Melanocyte_20_days,HALLMARK UV RESPONSE DN,128,0.1585255373498704,2.217303035533116,6.220708656564938,0.957042957042957,0.000999000999000999,1000,yugene
temporal_bytimepoint,Melanocyte_20_days,HALLMARK UV RESPONSE UP,104,9.164335921068542,2.2439159770946135,6.315967989240022,0.02097902097902098,0.000999000999000999,1000,yugene
temporal_bytimepoint,Melanocyte_20_days,HALLMARK WNT BETA CATENIN SIGNALING,29,0.6464857026448336,1.9914361044764364,5.970562675731953,0.7414486921529175,0.001006036217303823,993,yugene
temporal_bytimepoint,Melanocyte_20_days,HALLMARK XENOBIOTIC METABOLISM,136,6.797132519656563,2.116146852580119,6.109892170538371,0.03596403596403597,0.000999000999000999,1000,yugene
temporal_bytimepoint,Melanocyte_20_days,Lysosomal Genes,138,0.7998024720757977,2.207827698562336,6.329813102719808,0.7322677322677322,0.000999000999000999,1000,yugene
