"analysis","label","cell_type","timepoint","pathway","contrib_diff","cohens_d","pooled_sd","wilcox_p","n_test","n_control","model","p_adj"
"meta_analysis","CICQ",NA,NA,"HALLMARK ADIPOGENESIS",4.2161257440781,1.8939142317307,2.22614396863438,7.11492487148746e-09,19,91,"scaled",3.78453450611035e-08
"meta_analysis","CICQ",NA,NA,"HALLMARK ALLOGRAFT REJECTION",-0.444930328105234,-0.162167341727094,2.74364938936961,0.669381102407024,19,91,"scaled",0.743382610164431
"meta_analysis","CICQ",NA,NA,"HALLMARK ANDROGEN RESPONSE",-1.41736754307187,-1.88155829363572,0.753294515437575,2.4893868796377e-09,19,91,"scaled",1.48177790454625e-08
"meta_analysis","CICQ",NA,NA,"HALLMARK ANGIOGENESIS",-0.368259780326477,-0.148756473390784,2.47558826807527,0.769849009179657,19,91,"scaled",0.815518018198789
"meta_analysis","CICQ",NA,NA,"HALLMARK APICAL JUNCTION",-0.931806531564811,-0.310577768741162,3.00023577135485,0.0984044133449598,19,91,"scaled",0.142202909458034
"meta_analysis","CICQ",NA,NA,"HALLMARK APICAL SURFACE",0.340889318925503,0.647835298320697,0.526197507003938,0.00156181881298756,19,91,"scaled",0.00345535135616717
"meta_analysis","CICQ",NA,NA,"HALLMARK APOPTOSIS",-1.10686769538084,-0.462250427175828,2.39451957274194,0.0517495737613437,19,91,"scaled",0.078886545367902
"meta_analysis","CICQ",NA,NA,"HALLMARK BILE ACID METABOLISM",-0.546802205101034,-0.318126279379929,1.71882123717294,0.139226729807175,19,91,"scaled",0.188144229469155
"meta_analysis","CICQ",NA,NA,"HALLMARK CHOLESTEROL HOMEOSTASIS",-0.32076577424117,-0.26047435122762,1.23146779223903,0.113770051728785,19,91,"scaled",0.159789398495484
"meta_analysis","CICQ",NA,NA,"HALLMARK COAGULATION",1.05789959491497,0.444578638923787,2.37955561129944,0.0952257468736937,19,91,"scaled",0.138409515804787
"meta_analysis","CICQ",NA,NA,"HALLMARK COMPLEMENT",2.03499039342067,1.11595297639042,1.82354493108025,5.33005022895772e-05,19,91,"scaled",0.000162501531370662
"meta_analysis","CICQ",NA,NA,"HALLMARK DNA REPAIR",0.31191523590968,0.465723845511069,0.669742893596945,0.12697975270352,19,91,"scaled",0.17346960751847
"meta_analysis","CICQ",NA,NA,"HALLMARK E2F TARGETS",0.498258882585976,0.192882560798965,2.58322411586652,0.727897305243046,19,91,"scaled",0.781005692320864
"meta_analysis","CICQ",NA,NA,"HALLMARK EPITHELIAL MESENCHYMAL TRANSITION",-4.18331675071266,-0.963636126175861,4.34117882993234,0.00112266349567534,19,91,"scaled",0.00261037848975457
"meta_analysis","CICQ",NA,NA,"HALLMARK ESTROGEN RESPONSE EARLY",2.0140229112274,1.08137771694491,1.86246015584395,0.00156181881298756,19,91,"scaled",0.00345535135616717
"meta_analysis","CICQ",NA,NA,"HALLMARK ESTROGEN RESPONSE LATE",-0.521848367062737,-0.298166572653297,1.75019071527355,0.0480596540818674,19,91,"scaled",0.0741661328423879
"meta_analysis","CICQ",NA,NA,"HALLMARK FATTY ACID METABOLISM",1.32700632048855,0.889322932289406,1.49215349375103,0.00118686302213367,19,91,"scaled",0.00272216289480199
"meta_analysis","CICQ",NA,NA,"HALLMARK G2M CHECKPOINT",0.713034993292104,0.39148500951265,1.82135963310509,0.0145506113764338,19,91,"scaled",0.0254381317769821
"meta_analysis","CICQ",NA,NA,"HALLMARK GLYCOLYSIS",1.81547476539782,0.67176939584024,2.70252675492465,0.00487740505879497,19,91,"scaled",0.00937962511306725
"meta_analysis","CICQ",NA,NA,"HALLMARK HEDGEHOG SIGNALING",-1.44973637104704,-1.43425683684908,1.01079272121998,5.44849648171066e-06,19,91,"scaled",1.94589160061095e-05
"meta_analysis","CICQ",NA,NA,"HALLMARK HEME METABOLISM",1.99924754234391,2.02764153525544,0.985996542082101,4.02707134306013e-09,19,91,"scaled",2.2881087176478e-08
"meta_analysis","CICQ",NA,NA,"HALLMARK HYPOXIA",3.85994908088241,1.55862589752638,2.47650772838328,4.53765413022111e-07,19,91,"scaled",1.89068922092546e-06
"meta_analysis","CICQ",NA,NA,"HALLMARK IL2 STAT5 SIGNALING",1.68063279147169,1.0840232673557,1.5503659765268,0.000488203360300643,19,91,"scaled",0.00124541673546082
"meta_analysis","CICQ",NA,NA,"HALLMARK IL6 JAK STAT3 SIGNALING",0.794600137639445,1.42595547974526,0.557240495181097,4.34459484632832e-06,19,91,"scaled",1.59727751703247e-05
"meta_analysis","CICQ",NA,NA,"HALLMARK INFLAMMATORY RESPONSE",0.205411144271755,0.0722976473423289,2.84118711773752,0.675150211732236,19,91,"scaled",0.743382610164431
"meta_analysis","CICQ",NA,NA,"HALLMARK INTERFERON ALPHA RESPONSE",0.460897282237073,0.314532777022883,1.46533943647959,0.248305525832364,19,91,"scaled",0.3183404177338
"meta_analysis","CICQ",NA,NA,"HALLMARK INTERFERON GAMMA RESPONSE",-1.51530306778361,-0.506201808759397,2.99347620170961,0.0242214534459298,19,91,"scaled",0.0401017441157779
"meta_analysis","CICQ",NA,NA,"HALLMARK KRAS SIGNALING DN",-0.220055254574066,-0.16145273028532,1.36297016585092,0.354881965177532,19,91,"scaled",0.432782884362844
"meta_analysis","CICQ",NA,NA,"HALLMARK KRAS SIGNALING UP",8.48424528999576,2.32024657260642,3.65661365053331,2.51777487747518e-10,19,91,"scaled",1.74845477602443e-09
"meta_analysis","CICQ",NA,NA,"HALLMARK MITOTIC SPINDLE",0.764372143662459,0.579257500520788,1.3195722851672,0.0037078622180875,19,91,"scaled",0.00747552866549899
"meta_analysis","CICQ",NA,NA,"HALLMARK MTORC1 SIGNALING",0.414736785020994,0.204839038916464,2.02469601114527,0.393107689499452,19,91,"scaled",0.469296744752933
"meta_analysis","CICQ",NA,NA,"HALLMARK MYC TARGETS",0.7260779979168,0.733209235418251,0.990273939338226,0.00361533632866839,19,91,"scaled",0.00734824457046422
"meta_analysis","CICQ",NA,NA,"HALLMARK MYOGENESIS",1.70335170655741,0.470327580511653,3.62162836528615,0.0508055571487851,19,91,"scaled",0.0779226336637808
"meta_analysis","CICQ",NA,NA,"HALLMARK NOTCH SIGNALING",-0.0973081853703304,-0.224372536458363,0.433690267562616,0.721966905063011,19,91,"scaled",0.777981578731693
"meta_analysis","CICQ",NA,NA,"HALLMARK OXIDATIVE PHOSPHORYLATION",-0.248653528196191,-0.21389201410855,1.16251898993293,0.28219511308036,19,91,"scaled",0.358115625736498
"meta_analysis","CICQ",NA,NA,"HALLMARK P53 PATHWAY",2.20744431711195,0.583131850722053,3.78549776414822,0.00318344063392173,19,91,"scaled",0.00652344392197076
"meta_analysis","CICQ",NA,NA,"HALLMARK PANCREAS BETA CELLS",0.115039371358756,0.981736327773371,0.117179499326129,0.00128954462260311,19,91,"scaled",0.00293078323318889
"meta_analysis","CICQ",NA,NA,"HALLMARK PEROXISOME",0.613521543752685,0.915092695239618,0.670447427833564,0.00233195712563061,19,91,"scaled",0.00489906959166095
"meta_analysis","CICQ",NA,NA,"HALLMARK PI3K AKT MTOR SIGNALING",-0.282005440248689,-0.208501054554964,1.35253723704476,0.12697975270352,19,91,"scaled",0.17346960751847
"meta_analysis","CICQ",NA,NA,"HALLMARK PROTEIN SECRETION",0.222326174017441,0.864061361178434,0.257303686990732,0.000635527960472837,19,91,"scaled",0.00158881990118209
"meta_analysis","CICQ",NA,NA,"HALLMARK REACTIVE OXYGEN SPECIES PATHWAY",-0.350987049365023,-1.7924960333602,0.19580910798841,1.24606542391189e-08,19,91,"scaled",6.48992408287442e-08
"meta_analysis","CICQ",NA,NA,"HALLMARK SPERMATOGENESIS",0.0366368259862635,0.0443229408648635,0.826588337131459,0.579910565727829,19,91,"scaled",0.65305243888269
"meta_analysis","CICQ",NA,NA,"HALLMARK TGF BETA SIGNALING",0.132297368516678,0.139771773588834,0.94652421672674,0.680938470910619,19,91,"scaled",0.743382610164431
"meta_analysis","CICQ",NA,NA,"HALLMARK TNFA SIGNALING VIA NFKB",-4.55238337561597,-1.57492620567275,2.89053757516934,8.20544181356782e-06,19,91,"scaled",2.84911174082216e-05
"meta_analysis","CICQ",NA,NA,"HALLMARK UNFOLDED PROTEIN RESPONSE",-0.174830712630815,-0.342776058285998,0.510043535435441,0.0609242420572386,19,91,"scaled",0.0917533765922268
"meta_analysis","CICQ",NA,NA,"HALLMARK UV RESPONSE DN",0.300733309023058,0.168950759747718,1.78000566243159,0.527002083449158,19,91,"scaled",0.597147340324044
"meta_analysis","CICQ",NA,NA,"HALLMARK UV RESPONSE UP",0.068835494708934,0.0259070823626766,2.65701454703764,0.471789808336748,19,91,"scaled",0.548592800391568
"meta_analysis","CICQ",NA,NA,"HALLMARK WNT BETA CATENIN SIGNALING",-0.0392271054762042,-0.0345266130823136,1.13614113792987,0.90558399835036,19,91,"scaled",0.924065304439143
"meta_analysis","CICQ",NA,NA,"HALLMARK XENOBIOTIC METABOLISM",-0.505897799165453,-0.345613722633964,1.46376652903115,0.125022694836035,19,91,"scaled",0.172683280160269
"meta_analysis","CICQ",NA,NA,"Lysosomal Genes",2.41777124761922,1.4898317247956,1.62284854549659,4.49971738178956e-05,19,91,"scaled",0.000138880166104616
"meta_analysis","SSCQ",NA,NA,"HALLMARK ADIPOGENESIS",1.98827799978045,0.879615377027592,2.26039477220062,0.000220359147940385,22,91,"scaled",0.000605382274561499
"meta_analysis","SSCQ",NA,NA,"HALLMARK ALLOGRAFT REJECTION",0.115018025987565,0.0417937104528623,2.75204150914741,0.991321814715267,22,91,"scaled",0.991321814715267
"meta_analysis","SSCQ",NA,NA,"HALLMARK ANDROGEN RESPONSE",-1.05112022839424,-1.38833201743026,0.75711012581833,3.37550427914087e-07,22,91,"scaled",1.454958741009e-06
"meta_analysis","SSCQ",NA,NA,"HALLMARK ANGIOGENESIS",-1.4594890946004,-0.550743106562933,2.65003606437991,0.00787127777736634,22,91,"scaled",0.0145764403284562
"meta_analysis","SSCQ",NA,NA,"HALLMARK APICAL JUNCTION",1.01100414272635,0.349279240656144,2.89454403538874,0.208365568455825,22,91,"scaled",0.271309333926855
"meta_analysis","SSCQ",NA,NA,"HALLMARK APICAL SURFACE",0.423269414475765,0.811488137748723,0.521596551799295,1.79440568575107e-05,22,91,"scaled",5.82599248620476e-05
"meta_analysis","SSCQ",NA,NA,"HALLMARK APOPTOSIS",0.339947521211303,0.150315252147055,2.26156372261364,0.847620674153596,22,91,"scaled",0.872037730610696
"meta_analysis","SSCQ",NA,NA,"HALLMARK BILE ACID METABOLISM",-0.368039827748545,-0.198525727390444,1.85386464810535,0.4314291325739,22,91,"scaled",0.508760769544694
"meta_analysis","SSCQ",NA,NA,"HALLMARK CHOLESTEROL HOMEOSTASIS",-0.867354254504183,-0.634334877588152,1.36734441877453,0.00108832904585474,22,91,"scaled",0.00259125963298747
"meta_analysis","SSCQ",NA,NA,"HALLMARK COAGULATION",1.97028210389345,0.775558673551683,2.54046814391298,0.0132765525519305,22,91,"scaled",0.023539986794203
"meta_analysis","SSCQ",NA,NA,"HALLMARK COMPLEMENT",1.51996538929032,0.77536367335244,1.96032576909161,0.00298439267226835,22,91,"scaled",0.00616610056253792
"meta_analysis","SSCQ",NA,NA,"HALLMARK DNA REPAIR",0.869318383204848,1.32583558594451,0.65567585635858,1.37954436540966e-07,22,91,"scaled",6.38677946948915e-07
"meta_analysis","SSCQ",NA,NA,"HALLMARK E2F TARGETS",1.95312802341959,0.704652350988748,2.77176116801288,0.000756734443350338,22,91,"scaled",0.00185474128272142
"meta_analysis","SSCQ",NA,NA,"HALLMARK EPITHELIAL MESENCHYMAL TRANSITION",-2.855809822117,-0.658658253857392,4.33579903598281,0.00188924446769628,22,91,"scaled",0.00410705319064408
"meta_analysis","SSCQ",NA,NA,"HALLMARK ESTROGEN RESPONSE EARLY",0.593343532701665,0.382911458060987,1.54955805111259,0.213657811866898,22,91,"scaled",0.276758823661785
"meta_analysis","SSCQ",NA,NA,"HALLMARK ESTROGEN RESPONSE LATE",-0.931625343373086,-0.681626300917132,1.3667684802062,1.73673163347271e-05,22,91,"scaled",5.71293300484444e-05
"meta_analysis","SSCQ",NA,NA,"HALLMARK FATTY ACID METABOLISM",-0.320103931072914,-0.225277684468433,1.42093049219781,0.351454775097321,22,91,"scaled",0.430704381246717
"meta_analysis","SSCQ",NA,NA,"HALLMARK G2M CHECKPOINT",1.07665921032452,0.534956514556589,2.01261070952081,0.0309890325403064,22,91,"scaled",0.0506356740854679
"meta_analysis","SSCQ",NA,NA,"HALLMARK GLYCOLYSIS",-0.058670894460189,-0.0203213331841781,2.88715774346288,0.962407707787426,22,91,"scaled",0.971465904069201
"meta_analysis","SSCQ",NA,NA,"HALLMARK HEDGEHOG SIGNALING",-1.35203379727647,-1.32473938927486,1.02060360567716,5.00468438070136e-06,22,91,"scaled",1.8132914422831e-05
"meta_analysis","SSCQ",NA,NA,"HALLMARK HEME METABOLISM",1.75673711350692,1.6578272383599,1.05966235374735,6.45473932081586e-08,22,91,"scaled",3.22736966040793e-07
"meta_analysis","SSCQ",NA,NA,"HALLMARK HYPOXIA",1.66573222118553,0.653310031981716,2.54968106969487,0.0135486510655511,22,91,"scaled",0.0238532589182238
"meta_analysis","SSCQ",NA,NA,"HALLMARK IL2 STAT5 SIGNALING",0.886547325940691,0.632136435442134,1.40246199433294,0.00218686908252774,22,91,"scaled",0.00463468154974187
"meta_analysis","SSCQ",NA,NA,"HALLMARK IL6 JAK STAT3 SIGNALING",-0.302518138134542,-0.558718234509507,0.541450268577899,0.010154351119538,22,91,"scaled",0.0185298378093759
"meta_analysis","SSCQ",NA,NA,"HALLMARK INFLAMMATORY RESPONSE",0.688095574441704,0.230633949377615,2.98349647265108,0.502392388486838,22,91,"scaled",0.576138060191328
"meta_analysis","SSCQ",NA,NA,"HALLMARK INTERFERON ALPHA RESPONSE",-0.809974117241447,-0.569781050435873,1.42155327317718,0.0449695032505707,22,91,"scaled",0.0702648488290168
"meta_analysis","SSCQ",NA,NA,"HALLMARK INTERFERON GAMMA RESPONSE",-0.679126287078546,-0.208559914561621,3.25626469739414,0.497783494245725,22,91,"scaled",0.573483288301526
"meta_analysis","SSCQ",NA,NA,"HALLMARK KRAS SIGNALING DN",0.642314862276606,0.47646686463864,1.34807876464557,0.100510713692027,22,91,"scaled",0.144411944959809
"meta_analysis","SSCQ",NA,NA,"HALLMARK KRAS SIGNALING UP",5.63714905165557,1.46378339846813,3.85108142198835,4.20776506859788e-06,22,91,"scaled",1.5700615927604e-05
"meta_analysis","SSCQ",NA,NA,"HALLMARK MITOTIC SPINDLE",1.24940794148259,0.878473632266106,1.42224865447541,0.000386063202014064,22,91,"scaled",0.00102676383514379
"meta_analysis","SSCQ",NA,NA,"HALLMARK MTORC1 SIGNALING",1.0561222094425,0.499235174951795,2.11548036362718,0.0209165499939974,22,91,"scaled",0.0353320101249956
"meta_analysis","SSCQ",NA,NA,"HALLMARK MYC TARGETS",0.266134567414043,0.276921135057584,0.961048232590487,0.0364426964501587,22,91,"scaled",0.0584017571316646
"meta_analysis","SSCQ",NA,NA,"HALLMARK MYOGENESIS",3.38789964609692,0.885988026908144,3.82386617336101,0.00111653462262962,22,91,"scaled",0.00261037848975457
"meta_analysis","SSCQ",NA,NA,"HALLMARK NOTCH SIGNALING",-0.153429674031965,-0.383135614111596,0.400457875438527,0.0786793157375778,22,91,"scaled",0.115704876084673
"meta_analysis","SSCQ",NA,NA,"HALLMARK OXIDATIVE PHOSPHORYLATION",-0.673525048131107,-0.518090681197855,1.30001382494254,0.0715599202630601,22,91,"scaled",0.106487976581935
"meta_analysis","SSCQ",NA,NA,"HALLMARK P53 PATHWAY",4.03802863763118,1.00593535310447,4.01420292583336,8.61940660386029e-05,22,91,"scaled",0.000256529958448223
"meta_analysis","SSCQ",NA,NA,"HALLMARK PANCREAS BETA CELLS",0.0282137000121928,0.263380200697258,0.107121567746936,0.105097163050729,22,91,"scaled",0.150138804358185
"meta_analysis","SSCQ",NA,NA,"HALLMARK PEROXISOME",-0.0926647667437913,-0.147073419487124,0.630057879030303,0.589052376412296,22,91,"scaled",0.660372619296296
"meta_analysis","SSCQ",NA,NA,"HALLMARK PI3K AKT MTOR SIGNALING",0.561368742807202,0.410415241769643,1.36780676172423,0.121593906330036,22,91,"scaled",0.168880425458383
"meta_analysis","SSCQ",NA,NA,"HALLMARK PROTEIN SECRETION",0.140444690035234,0.551019448770242,0.254881547917549,0.0762447481010344,22,91,"scaled",0.112788088906856
"meta_analysis","SSCQ",NA,NA,"HALLMARK REACTIVE OXYGEN SPECIES PATHWAY",-0.190961607367982,-0.903310529125082,0.211401950061339,0.000493662625617477,22,91,"scaled",0.00124662279196333
"meta_analysis","SSCQ",NA,NA,"HALLMARK SPERMATOGENESIS",0.152814194837192,0.193719778568717,0.788841469705609,0.394209265592464,22,91,"scaled",0.469296744752933
"meta_analysis","SSCQ",NA,NA,"HALLMARK TGF BETA SIGNALING",0.111930908757134,0.140360696084678,0.797451935473497,0.830618359964177,22,91,"scaled",0.868847656866293
"meta_analysis","SSCQ",NA,NA,"HALLMARK TNFA SIGNALING VIA NFKB",-0.939818259576913,-0.320286645868851,2.93430360490816,0.298089889103476,22,91,"scaled",0.374484785305874
"meta_analysis","SSCQ",NA,NA,"HALLMARK UNFOLDED PROTEIN RESPONSE",0.301049876959087,0.556282134751981,0.541181997680566,0.0209165499939974,22,91,"scaled",0.0353320101249956
"meta_analysis","SSCQ",NA,NA,"HALLMARK UV RESPONSE DN",-0.390407220440676,-0.205846024546841,1.89659830108517,0.378310649898652,22,91,"scaled",0.458006107084321
"meta_analysis","SSCQ",NA,NA,"HALLMARK UV RESPONSE UP",1.5311669118388,0.604794721163087,2.53171341987609,0.00530243132245611,22,91,"scaled",0.0101191437451453
"meta_analysis","SSCQ",NA,NA,"HALLMARK WNT BETA CATENIN SIGNALING",0.702355213731494,0.612009884610442,1.14762070252927,0.0110370427811455,22,91,"scaled",0.0199946427194664
"meta_analysis","SSCQ",NA,NA,"HALLMARK XENOBIOTIC METABOLISM",-1.85812066212846,-1.17341766345212,1.58351175374503,9.71962034242883e-05,22,91,"scaled",0.000282547102977582
"meta_analysis","SSCQ",NA,NA,"Lysosomal Genes",1.16983254221085,0.77887265170288,1.50195611523039,0.0087598655140797,22,91,"scaled",0.0161026939597053
"meta_analysis","RS",NA,NA,"HALLMARK ADIPOGENESIS",0.344374357466986,0.141078692525883,2.44100899506001,0.795696683445894,11,91,"scaled",0.839342493086386
"meta_analysis","RS",NA,NA,"HALLMARK ALLOGRAFT REJECTION",0.46087122775231,0.172862837111855,2.66610935845102,0.443692515385304,11,91,"scaled",0.520765863128291
"meta_analysis","RS",NA,NA,"HALLMARK ANDROGEN RESPONSE",-1.35464321016201,-1.72661701286207,0.784564961465615,1.67324669869535e-05,11,91,"scaled",5.57748899565118e-05
"meta_analysis","RS",NA,NA,"HALLMARK ANGIOGENESIS",0.647930497752667,0.264759810049565,2.44723886767923,0.20300912212567,11,91,"scaled",0.265718746237788
"meta_analysis","RS",NA,NA,"HALLMARK APICAL JUNCTION",2.093329848372,0.755404170484572,2.77113885541456,0.0181448777593849,11,91,"scaled",0.0310699961633303
"meta_analysis","RS",NA,NA,"HALLMARK APICAL SURFACE",0.656529398058238,1.09921460301997,0.597271357435114,0.00470527888722616,11,91,"scaled",0.00911875753338403
"meta_analysis","RS",NA,NA,"HALLMARK APOPTOSIS",3.38322602336292,1.46956035310268,2.30220284333333,7.76975299210392e-07,11,91,"scaled",3.13296491617093e-06
"meta_analysis","RS",NA,NA,"HALLMARK BILE ACID METABOLISM",1.87684936819398,1.17456795435292,1.59790615880369,0.000419044463584761,11,91,"scaled",0.00109126162391865
"meta_analysis","RS",NA,NA,"HALLMARK CHOLESTEROL HOMEOSTASIS",-1.48835454251628,-1.23384701072222,1.20627154710622,8.99666152832804e-05,11,91,"scaled",0.000264607692009648
"meta_analysis","RS",NA,NA,"HALLMARK COAGULATION",2.15003317402476,0.983035226551558,2.18713746562977,0.000341324178574576,11,91,"scaled",0.000917538114447784
"meta_analysis","RS",NA,NA,"HALLMARK COMPLEMENT",1.19235906844714,0.644455297466927,1.85018118887964,0.0414502382581354,11,91,"scaled",0.0655858200286953
"meta_analysis","RS",NA,NA,"HALLMARK DNA REPAIR",-0.417212590769199,-0.631394123568378,0.660779971171234,0.0383248919840626,11,91,"scaled",0.0610268980637939
"meta_analysis","RS",NA,NA,"HALLMARK E2F TARGETS",3.00761431852633,1.14595190380945,2.62455545344288,9.83634028801639e-05,11,91,"scaled",0.000282653456552195
"meta_analysis","RS",NA,NA,"HALLMARK EPITHELIAL MESENCHYMAL TRANSITION",0.118354970991489,0.0254614098615785,4.64840602444751,0.914088116778618,11,91,"scaled",0.928951338189653
"meta_analysis","RS",NA,NA,"HALLMARK ESTROGEN RESPONSE EARLY",0.319147999742101,0.205282595177567,1.55467636925596,0.697734435462422,11,91,"scaled",0.75840699506785
"meta_analysis","RS",NA,NA,"HALLMARK ESTROGEN RESPONSE LATE",0.191848500375688,0.131010145654784,1.46437895642995,0.965579256276188,11,91,"scaled",0.971465904069201
"meta_analysis","RS",NA,NA,"HALLMARK FATTY ACID METABOLISM",-0.473547994348076,-0.330474899094182,1.43293180706327,0.347943174115173,11,91,"scaled",0.428501445954647
"meta_analysis","RS",NA,NA,"HALLMARK G2M CHECKPOINT",1.24566319081422,0.663788285420915,1.87659712919509,0.00613942327050099,11,91,"scaled",0.011540269305453
"meta_analysis","RS",NA,NA,"HALLMARK GLYCOLYSIS",-0.0200540193063519,-0.00742700581005985,2.7001485954392,0.738048459684764,11,91,"scaled",0.788513311629021
"meta_analysis","RS",NA,NA,"HALLMARK HEDGEHOG SIGNALING",-0.855387499231212,-0.868933505830794,0.984410767327208,0.00397058705257081,11,91,"scaled",0.00781611624521813
"meta_analysis","RS",NA,NA,"HALLMARK HEME METABOLISM",1.67288004904632,1.5471912104639,1.08123678426581,0.000419044463584761,11,91,"scaled",0.00109126162391865
"meta_analysis","RS",NA,NA,"HALLMARK HYPOXIA",1.72176615233907,0.700371741730883,2.45836039598619,0.0354021822422226,11,91,"scaled",0.0571002939390687
"meta_analysis","RS",NA,NA,"HALLMARK IL2 STAT5 SIGNALING",-1.3553185043295,-0.913351184268861,1.48389636721655,0.00397058705257081,11,91,"scaled",0.00781611624521813
"meta_analysis","RS",NA,NA,"HALLMARK IL6 JAK STAT3 SIGNALING",0.0225913422716417,0.0419121249630005,0.539016866636683,0.829169394135687,11,91,"scaled",0.868847656866293
"meta_analysis","RS",NA,NA,"HALLMARK INFLAMMATORY RESPONSE",2.49087644615811,0.885705635980858,2.81230732307538,0.0021072897339276,11,91,"scaled",0.00454157270243017
"meta_analysis","RS",NA,NA,"HALLMARK INTERFERON ALPHA RESPONSE",-2.33593982196019,-1.69958306564227,1.37441933211863,3.95041328734284e-05,11,91,"scaled",0.000123450415229464
"meta_analysis","RS",NA,NA,"HALLMARK INTERFERON GAMMA RESPONSE",1.66811691162741,0.572751565660555,2.91246154814709,0.112764889309276,11,91,"scaled",0.159524993717266
"meta_analysis","RS",NA,NA,"HALLMARK KRAS SIGNALING DN",0.613813172587472,0.465886683827857,1.31751602673897,0.120298429579756,11,91,"scaled",0.168014566452173
"meta_analysis","RS",NA,NA,"HALLMARK KRAS SIGNALING UP",2.19105125803636,0.55668033948794,3.93592355004272,0.320939992138993,11,91,"scaled",0.397202960568061
"meta_analysis","RS",NA,NA,"HALLMARK MITOTIC SPINDLE",3.2747803877498,2.45091384320258,1.33614667722088,3.34507404220474e-07,11,91,"scaled",1.454958741009e-06
"meta_analysis","RS",NA,NA,"HALLMARK MTORC1 SIGNALING",1.22882328151006,0.601710646351182,2.0422162861198,0.305413621876563,11,91,"scaled",0.381767027345704
"meta_analysis","RS",NA,NA,"HALLMARK MYC TARGETS",-1.59096835320428,-1.65967206841199,0.958604042018103,1.02214682703236e-05,11,91,"scaled",3.5005028323026e-05
"meta_analysis","RS",NA,NA,"HALLMARK MYOGENESIS",1.98498074632598,0.5321463192132,3.73014089294247,0.142317465652875,11,91,"scaled",0.190263991514539
"meta_analysis","RS",NA,NA,"HALLMARK NOTCH SIGNALING",0.0968582354053465,0.227171537650248,0.426366068598211,0.524442391667546,11,91,"scaled",0.597147340324044
"meta_analysis","RS",NA,NA,"HALLMARK OXIDATIVE PHOSPHORYLATION",-0.740862790580918,-0.600431719076856,1.23388349922614,0.0436515776172803,11,91,"scaled",0.0686345560020131
"meta_analysis","RS",NA,NA,"HALLMARK P53 PATHWAY",0.665774641400652,0.167811407629834,3.96739799042297,0.888463627781252,11,91,"scaled",0.910311094038168
"meta_analysis","RS",NA,NA,"HALLMARK PANCREAS BETA CELLS",0.149685310670756,1.37795190189493,0.108628835639989,0.00011235726043668,11,91,"scaled",0.000315610282125505
"meta_analysis","RS",NA,NA,"HALLMARK PEROXISOME",0.270286858871673,0.449367136844357,0.601483367853153,0.0619876165546041,11,91,"scaled",0.0927958331655749
"meta_analysis","RS",NA,NA,"HALLMARK PI3K AKT MTOR SIGNALING",1.29646810941463,0.94624093072399,1.37012474024208,0.00290529813251128,11,91,"scaled",0.00605270444273183
"meta_analysis","RS",NA,NA,"HALLMARK PROTEIN SECRETION",0.475466096401586,1.94520688284084,0.244429577437645,5.56322985900692e-07,11,91,"scaled",2.28001223729792e-06
"meta_analysis","RS",NA,NA,"HALLMARK REACTIVE OXYGEN SPECIES PATHWAY",-0.283992130379276,-1.44184050947517,0.196965010008388,2.34698278104088e-05,11,91,"scaled",7.52238070846437e-05
"meta_analysis","RS",NA,NA,"HALLMARK SPERMATOGENESIS",-0.471087048999879,-0.616481819192748,0.764154001519045,0.025536538526501,11,91,"scaled",0.0420008857343766
"meta_analysis","RS",NA,NA,"HALLMARK TGF BETA SIGNALING",0.273649810743602,0.32790922394108,0.834529164671417,0.388100141500992,11,91,"scaled",0.466466516227154
"meta_analysis","RS",NA,NA,"HALLMARK TNFA SIGNALING VIA NFKB",0.366808405420567,0.138128493081287,2.65555930741028,0.721828954083545,11,91,"scaled",0.777981578731693
"meta_analysis","RS",NA,NA,"HALLMARK UNFOLDED PROTEIN RESPONSE",1.19698968923006,2.19901878771698,0.544328996148678,2.55463544096557e-06,11,91,"scaled",9.67664939759685e-06
"meta_analysis","RS",NA,NA,"HALLMARK UV RESPONSE DN",0.163183888028459,0.0883975585013176,1.84602256889286,0.846026897260918,11,91,"scaled",0.872037730610696
"meta_analysis","RS",NA,NA,"HALLMARK UV RESPONSE UP",-0.0875637352775742,-0.0340535298945446,2.57135561419734,0.846026897260918,11,91,"scaled",0.872037730610696
"meta_analysis","RS",NA,NA,"HALLMARK WNT BETA CATENIN SIGNALING",1.53710793602776,1.38210197311629,1.11215233457917,0.00011235726043668,11,91,"scaled",0.000315610282125505
"meta_analysis","RS",NA,NA,"HALLMARK XENOBIOTIC METABOLISM",-0.552220147523349,-0.38986288688892,1.41644707945922,0.17064935992765,11,91,"scaled",0.226927340329322
"meta_analysis","RS",NA,NA,"Lysosomal Genes",0.435803975323518,0.312674747524463,1.39379332285036,0.280661350835104,11,91,"scaled",0.35798641688151
"meta_analysis","SIPS",NA,NA,"HALLMARK ADIPOGENESIS",1.71279971125156,0.705630127391528,2.42733359130115,0.000728830561107952,39,91,"scaled",0.00180403604234641
"meta_analysis","SIPS",NA,NA,"HALLMARK ALLOGRAFT REJECTION",2.64706846636999,0.871701516433335,3.03666841971409,3.31422795241121e-05,39,91,"scaled",0.000104880631405418
"meta_analysis","SIPS",NA,NA,"HALLMARK ANDROGEN RESPONSE",-1.67271634465937,-2.15840218859706,0.774978988390767,5.57629806657619e-16,39,91,"scaled",1.54897168516005e-14
"meta_analysis","SIPS",NA,NA,"HALLMARK ANGIOGENESIS",0.2484493683671,0.102094722032003,2.43351824092552,0.133943161507514,39,91,"scaled",0.181987991178688
"meta_analysis","SIPS",NA,NA,"HALLMARK APICAL JUNCTION",2.27246414714918,0.761829949624346,2.98290208762431,0.000455735372095756,39,91,"scaled",0.00117457570127772
"meta_analysis","SIPS",NA,NA,"HALLMARK APICAL SURFACE",-0.421674040098841,-0.880718309186583,0.478784232938557,1.25502308622479e-06,39,91,"scaled",4.98025034216187e-06
"meta_analysis","SIPS",NA,NA,"HALLMARK APOPTOSIS",2.56274840239964,1.22261230617913,2.09612514895149,4.57156534849901e-11,39,91,"scaled",3.57153542851485e-10
"meta_analysis","SIPS",NA,NA,"HALLMARK BILE ACID METABOLISM",0.241248734744586,0.140812396512959,1.71326346769749,0.680694024730309,39,91,"scaled",0.743382610164431
"meta_analysis","SIPS",NA,NA,"HALLMARK CHOLESTEROL HOMEOSTASIS",-0.503185352093809,-0.461092976222301,1.09128826081101,0.00218756969147816,39,91,"scaled",0.00463468154974187
"meta_analysis","SIPS",NA,NA,"HALLMARK COAGULATION",2.68058483674958,1.20942504976647,2.21641253194415,9.8526897751583e-10,39,91,"scaled",6.00773766777945e-09
"meta_analysis","SIPS",NA,NA,"HALLMARK COMPLEMENT",2.80919480068551,1.34268132888792,2.09222750048385,7.0318675993164e-08,39,91,"scaled",3.38070557659442e-07
"meta_analysis","SIPS",NA,NA,"HALLMARK DNA REPAIR",0.75783208898166,1.08015965262503,0.701592664695406,6.43897690122408e-06,39,91,"scaled",2.26724538775496e-05
"meta_analysis","SIPS",NA,NA,"HALLMARK E2F TARGETS",4.21760686704202,1.74217998366591,2.42087896002988,1.33226762955019e-15,39,91,"scaled",3.33066907387547e-14
"meta_analysis","SIPS",NA,NA,"HALLMARK EPITHELIAL MESENCHYMAL TRANSITION",-1.6647623788269,-0.359784375512326,4.62711138152209,0.0171847969597973,39,91,"scaled",0.0298347169440925
"meta_analysis","SIPS",NA,NA,"HALLMARK ESTROGEN RESPONSE EARLY",0.354764078862456,0.190800726729483,1.859343436178,0.967580040452924,39,91,"scaled",0.971465904069201
"meta_analysis","SIPS",NA,NA,"HALLMARK ESTROGEN RESPONSE LATE",-0.992175667021402,-0.658469629774543,1.50679032434817,1.66906236970289e-07,39,91,"scaled",7.58664713501312e-07
"meta_analysis","SIPS",NA,NA,"HALLMARK FATTY ACID METABOLISM",-0.402183815900671,-0.306189658466019,1.31351208239877,0.419210810979396,39,91,"scaled",0.49669527367227
"meta_analysis","SIPS",NA,NA,"HALLMARK G2M CHECKPOINT",1.84642896446458,1.05902709131614,1.74351438183689,4.6916306395417e-09,39,91,"scaled",2.60646146641206e-08
"meta_analysis","SIPS",NA,NA,"HALLMARK GLYCOLYSIS",-0.437470420706177,-0.172645477920882,2.53392342489652,0.0831965628145249,39,91,"scaled",0.121632401775621
"meta_analysis","SIPS",NA,NA,"HALLMARK HEDGEHOG SIGNALING",-1.04335676720173,-0.941547991232382,1.10812914149612,0.000115229348135521,39,91,"scaled",0.000320081522598669
"meta_analysis","SIPS",NA,NA,"HALLMARK HEME METABOLISM",2.37708186758122,2.19827290857763,1.08134065534169,2.73114864057789e-14,39,91,"scaled",4.87705114388908e-13
"meta_analysis","SIPS",NA,NA,"HALLMARK HYPOXIA",3.38262779206412,1.41876938839841,2.38419846081021,3.24360538428436e-11,39,91,"scaled",2.61581079377771e-10
"meta_analysis","SIPS",NA,NA,"HALLMARK IL2 STAT5 SIGNALING",0.175787183737842,0.13332182523149,1.31851768030192,0.307173919386475,39,91,"scaled",0.38205711366477
"meta_analysis","SIPS",NA,NA,"HALLMARK IL6 JAK STAT3 SIGNALING",-0.325797699307841,-0.552213070431178,0.589985490661155,0.00409884270669317,39,91,"scaled",0.0080055521615101
"meta_analysis","SIPS",NA,NA,"HALLMARK INFLAMMATORY RESPONSE",4.78323037562157,1.80492551376665,2.65009848835235,8.77076189453874e-14,39,91,"scaled",1.21816137424149e-12
"meta_analysis","SIPS",NA,NA,"HALLMARK INTERFERON ALPHA RESPONSE",-0.497633611610584,-0.407098339860033,1.22239165058172,0.0458669239662624,39,91,"scaled",0.0712219316246311
"meta_analysis","SIPS",NA,NA,"HALLMARK INTERFERON GAMMA RESPONSE",4.63328581506954,1.45592743719707,3.18236039564546,1.06623376794346e-10,39,91,"scaled",7.83995417605484e-10
"meta_analysis","SIPS",NA,NA,"HALLMARK KRAS SIGNALING DN",0.402470878416979,0.329753626790189,1.22051994494986,0.142036502668208,39,91,"scaled",0.190263991514539
"meta_analysis","SIPS",NA,NA,"HALLMARK KRAS SIGNALING UP",2.44057937818205,0.681005805631743,3.58378644939453,7.4091629156392e-05,39,91,"scaled",0.000223167557699976
"meta_analysis","SIPS",NA,NA,"HALLMARK MITOTIC SPINDLE",2.68610889128074,2.15600610483491,1.24587258137027,2.22044604925031e-16,39,91,"scaled",7.93016446160826e-15
"meta_analysis","SIPS",NA,NA,"HALLMARK MTORC1 SIGNALING",2.59657919183317,1.46657913898581,1.77050056339189,3.88578058618805e-14,39,91,"scaled",6.07153216591882e-13
"meta_analysis","SIPS",NA,NA,"HALLMARK MYC TARGETS",-1.32343240360914,-1.45230628253433,0.911262603160883,5.42377892525088e-13,39,91,"scaled",6.68512864113576e-12
"meta_analysis","SIPS",NA,NA,"HALLMARK MYOGENESIS",4.41001807302747,1.25993262186999,3.50020151592086,6.17190232254927e-09,39,91,"scaled",3.35429474051591e-08
"meta_analysis","SIPS",NA,NA,"HALLMARK NOTCH SIGNALING",-0.198674054375789,-0.466398125293239,0.425975242183652,0.0119092644175495,39,91,"scaled",0.021266543602767
"meta_analysis","SIPS",NA,NA,"HALLMARK OXIDATIVE PHOSPHORYLATION",-1.70747374466214,-1.36452361706302,1.25133322964192,3.08045442066306e-10,39,91,"scaled",2.02661475043622e-09
"meta_analysis","SIPS",NA,NA,"HALLMARK P53 PATHWAY",5.31687030466618,1.46064507361764,3.64008368679028,6.78124223441046e-13,39,91,"scaled",7.70595708455734e-12
"meta_analysis","SIPS",NA,NA,"HALLMARK PANCREAS BETA CELLS",0.169266653649321,1.289820804284,0.13123268991097,5.29349311051419e-08,39,91,"scaled",2.70076179107867e-07
"meta_analysis","SIPS",NA,NA,"HALLMARK PEROXISOME",0.365569531808431,0.591696405686087,0.617832943204285,0.00112768350757397,39,91,"scaled",0.00261037848975457
"meta_analysis","SIPS",NA,NA,"HALLMARK PI3K AKT MTOR SIGNALING",2.43998922471134,2.00526457832949,1.21679166484056,0,39,91,"scaled",0
"meta_analysis","SIPS",NA,NA,"HALLMARK PROTEIN SECRETION",0.523125322232759,2.19044965570839,0.238820974894116,2.22044604925031e-16,39,91,"scaled",7.93016446160826e-15
"meta_analysis","SIPS",NA,NA,"HALLMARK REACTIVE OXYGEN SPECIES PATHWAY",-0.187695026041889,-0.964216827181947,0.194660599930052,1.9815297881283e-06,39,91,"scaled",7.74035073487619e-06
"meta_analysis","SIPS",NA,NA,"HALLMARK SPERMATOGENESIS",0.00901993046689374,0.0123627087344849,0.729607941157205,0.768249068978136,39,91,"scaled",0.815518018198789
"meta_analysis","SIPS",NA,NA,"HALLMARK TGF BETA SIGNALING",0.249436599135393,0.332974805351631,0.749115534047633,0.46752985296236,39,91,"scaled",0.546179734769112
"meta_analysis","SIPS",NA,NA,"HALLMARK TNFA SIGNALING VIA NFKB",2.26728926669374,0.904784896734847,2.50588761469809,2.72679969492984e-07,39,91,"scaled",1.21732129237939e-06
"meta_analysis","SIPS",NA,NA,"HALLMARK UNFOLDED PROTEIN RESPONSE",0.955496452092532,2.06345182008025,0.463057311440095,0,39,91,"scaled",0
"meta_analysis","SIPS",NA,NA,"HALLMARK UV RESPONSE DN",-0.497870852626571,-0.295300995560676,1.68597756225401,0.112943695551824,39,91,"scaled",0.159524993717266
"meta_analysis","SIPS",NA,NA,"HALLMARK UV RESPONSE UP",2.58995796794908,0.991945646082445,2.61098778766535,2.3615114472797e-06,39,91,"scaled",9.08273633569114e-06
"meta_analysis","SIPS",NA,NA,"HALLMARK WNT BETA CATENIN SIGNALING",1.55655400759966,1.44436803801044,1.07767131827686,2.88500112688439e-10,39,91,"scaled",1.9493250857327e-09
"meta_analysis","SIPS",NA,NA,"HALLMARK XENOBIOTIC METABOLISM",-0.726972380318667,-0.465954727917514,1.56017813912462,0.00598645906480248,39,91,"scaled",0.011337990653035
"meta_analysis","SIPS",NA,NA,"Lysosomal Genes",0.326257506554782,0.245471427812516,1.32910583305837,0.228564039490422,39,91,"scaled",0.294541288003122
"meta_analysis","OIS",NA,NA,"HALLMARK ADIPOGENESIS",1.08285442847122,0.522728174169349,2.07154402991947,0.0013507705340976,48,91,"scaled",0.0030422759776973
"meta_analysis","OIS",NA,NA,"HALLMARK ALLOGRAFT REJECTION",4.97942601958757,1.65756219746208,3.00406586685654,5.61550805855404e-13,48,91,"scaled",6.68512864113576e-12
"meta_analysis","OIS",NA,NA,"HALLMARK ANDROGEN RESPONSE",-1.38234327720971,-1.55691783225101,0.887871696614266,1.68386043863097e-11,48,91,"scaled",1.40321703219248e-10
"meta_analysis","OIS",NA,NA,"HALLMARK ANGIOGENESIS",3.83878830972366,1.50449778244822,2.55154135453555,8.83737527601625e-13,48,91,"scaled",9.60584269132201e-12
"meta_analysis","OIS",NA,NA,"HALLMARK APICAL JUNCTION",6.66547037576242,2.11327028981301,3.1541021552677,3.5527136788005e-15,48,91,"scaled",7.40148683083438e-14
"meta_analysis","OIS",NA,NA,"HALLMARK APICAL SURFACE",0.109245416183604,0.232177390011756,0.470525644973754,0.0116431910415402,48,91,"scaled",0.0209409910819069
"meta_analysis","OIS",NA,NA,"HALLMARK APOPTOSIS",1.51526629803381,0.643899247359981,2.35326614256265,4.46995131575534e-07,48,91,"scaled",1.89068922092546e-06
"meta_analysis","OIS",NA,NA,"HALLMARK BILE ACID METABOLISM",0.0667432575456329,0.0442256154721953,1.50915384292604,0.527878248846455,48,91,"scaled",0.597147340324044
"meta_analysis","OIS",NA,NA,"HALLMARK CHOLESTEROL HOMEOSTASIS",0.682672173144148,0.589347382533984,1.15835277015892,1.0774409977321e-05,48,91,"scaled",3.64000337071657e-05
"meta_analysis","OIS",NA,NA,"HALLMARK COAGULATION",2.80008068671101,1.27911863343851,2.1890703594739,9.25775012206032e-11,48,91,"scaled",7.01344706216691e-10
"meta_analysis","OIS",NA,NA,"HALLMARK COMPLEMENT",3.56201242737348,1.84243096241104,1.93332206201754,2.50910403565285e-14,48,91,"scaled",4.82520006856318e-13
"meta_analysis","OIS",NA,NA,"HALLMARK DNA REPAIR",0.0910543352814478,0.147197474331289,0.618586261042203,0.284709528783863,48,91,"scaled",0.359481728262453
"meta_analysis","OIS",NA,NA,"HALLMARK E2F TARGETS",3.79662643227781,1.23208564209144,3.08146309199181,5.73252556534953e-12,48,91,"scaled",5.73252556534953e-11
"meta_analysis","OIS",NA,NA,"HALLMARK EPITHELIAL MESENCHYMAL TRANSITION",7.53551126536504,1.82489332451614,4.12928863519353,3.5527136788005e-15,48,91,"scaled",7.40148683083438e-14
"meta_analysis","OIS",NA,NA,"HALLMARK ESTROGEN RESPONSE EARLY",-0.545753545573411,-0.382666754953535,1.42618489458191,0.00666248459806907,48,91,"scaled",0.0124300085784871
"meta_analysis","OIS",NA,NA,"HALLMARK ESTROGEN RESPONSE LATE",-1.37881865793674,-0.949316734791467,1.45243268911679,1.27397528175508e-07,48,91,"scaled",6.00931736676924e-07
"meta_analysis","OIS",NA,NA,"HALLMARK FATTY ACID METABOLISM",0.3136189417806,0.242518033921966,1.29317781737218,0.0329284626698965,48,91,"scaled",0.0534552965420397
"meta_analysis","OIS",NA,NA,"HALLMARK G2M CHECKPOINT",2.40575213452788,1.12617130884753,2.13622218540606,3.12537906665966e-09,48,91,"scaled",1.81708085270911e-08
"meta_analysis","OIS",NA,NA,"HALLMARK GLYCOLYSIS",-2.84153215732635,-1.08357428529572,2.62236950053762,6.74908845804642e-08,48,91,"scaled",3.3083766951208e-07
"meta_analysis","OIS",NA,NA,"HALLMARK HEDGEHOG SIGNALING",0.181785171050015,0.188247171071681,0.96567279080542,0.836801647485563,48,91,"scaled",0.871668382797462
"meta_analysis","OIS",NA,NA,"HALLMARK HEME METABOLISM",2.08023137412614,1.71664895053181,1.21179777232945,4.32875957301349e-12,48,91,"scaled",4.50912455522238e-11
"meta_analysis","OIS",NA,NA,"HALLMARK HYPOXIA",-0.467902224221221,-0.189921602220534,2.46365984043195,0.379229056665818,48,91,"scaled",0.458006107084321
"meta_analysis","OIS",NA,NA,"HALLMARK IL2 STAT5 SIGNALING",-0.998782624121002,-0.684451660775833,1.45924494213203,0.00103705672095358,48,91,"scaled",0.00249292480998457
"meta_analysis","OIS",NA,NA,"HALLMARK IL6 JAK STAT3 SIGNALING",-0.967423753686685,-1.89739940181776,0.509868271677469,4.9303584283118e-16,48,91,"scaled",1.54073700884744e-14
"meta_analysis","OIS",NA,NA,"HALLMARK INFLAMMATORY RESPONSE",4.40364012319001,1.33592399541058,3.29632534359607,3.50019568884363e-10,48,91,"scaled",2.18762251146348e-09
"meta_analysis","OIS",NA,NA,"HALLMARK INTERFERON ALPHA RESPONSE",-1.92248213063324,-1.33926675161966,1.43547364877703,3.50019601834157e-10,48,91,"scaled",2.18762251146348e-09
"meta_analysis","OIS",NA,NA,"HALLMARK INTERFERON GAMMA RESPONSE",5.47068983655464,1.71954049530022,3.18148357163261,3.530509218308e-14,48,91,"scaled",5.88418203051333e-13
"meta_analysis","OIS",NA,NA,"HALLMARK KRAS SIGNALING DN",0.285447099331659,0.22747374175634,1.2548573612396,0.174547036732265,48,91,"scaled",0.230882323719927
"meta_analysis","OIS",NA,NA,"HALLMARK KRAS SIGNALING UP",5.46706220667927,1.55177842847102,3.5230946031812,1.45661260830821e-13,48,91,"scaled",1.91659553724764e-12
"meta_analysis","OIS",NA,NA,"HALLMARK MITOTIC SPINDLE",2.56710819489219,1.49842563836005,1.71320359794548,1.58431046060059e-11,48,91,"scaled",1.3657848798281e-10
"meta_analysis","OIS",NA,NA,"HALLMARK MTORC1 SIGNALING",1.03971076825748,0.490970568875999,2.11766414153447,0.000308469203191386,48,91,"scaled",0.000838231530411375
"meta_analysis","OIS",NA,NA,"HALLMARK MYC TARGETS",-2.28182941114206,-2.49325118200789,0.915202378167302,3.48305781191214e-20,48,91,"scaled",2.17691113244509e-18
"meta_analysis","OIS",NA,NA,"HALLMARK MYOGENESIS",6.71460698066186,1.5496836411193,4.33288885711669,1.16684439888104e-11,48,91,"scaled",1.12196576815485e-10
"meta_analysis","OIS",NA,NA,"HALLMARK NOTCH SIGNALING",-1.06678748886886,-2.41033681910372,0.44258855460107,5.33841255362339e-17,48,91,"scaled",2.6692062768117e-15
"meta_analysis","OIS",NA,NA,"HALLMARK OXIDATIVE PHOSPHORYLATION",-0.601609110574839,-0.496293632771902,1.21220396726577,0.000830892682766724,48,91,"scaled",0.00201672981254059
"meta_analysis","OIS",NA,NA,"HALLMARK P53 PATHWAY",0.833741773596405,0.212817399273212,3.91763914249351,0.0553786316091225,48,91,"scaled",0.0839070175895795
"meta_analysis","OIS",NA,NA,"HALLMARK PANCREAS BETA CELLS",0.0635819508513055,0.554868336216832,0.114589257849557,0.00162261151689935,48,91,"scaled",0.00355835858969156
"meta_analysis","OIS",NA,NA,"HALLMARK PEROXISOME",-0.0531584979614157,-0.0825960071813618,0.643596461566137,0.474352875116201,48,91,"scaled",0.549019531384492
"meta_analysis","OIS",NA,NA,"HALLMARK PI3K AKT MTOR SIGNALING",1.80441845311365,1.19612177757159,1.50855747880207,4.9737991503207e-14,48,91,"scaled",7.3144105151775e-13
"meta_analysis","OIS",NA,NA,"HALLMARK PROTEIN SECRETION",0.0947156076678685,0.408999622348818,0.231578716684217,0.0174733034180627,48,91,"scaled",0.0301263852035565
"meta_analysis","OIS",NA,NA,"HALLMARK REACTIVE OXYGEN SPECIES PATHWAY",-0.0339227718362911,-0.18158172605433,0.186818203425059,0.190531156090142,48,91,"scaled",0.250698889592292
"meta_analysis","OIS",NA,NA,"HALLMARK SPERMATOGENESIS",0.0983528186726951,0.13183307367296,0.746040549101361,0.59348521406198,48,91,"scaled",0.662371890694175
"meta_analysis","OIS",NA,NA,"HALLMARK TGF BETA SIGNALING",0.308561051843272,0.347091279536946,0.888991081121149,0.0039567086127148,48,91,"scaled",0.00781611624521813
"meta_analysis","OIS",NA,NA,"HALLMARK TNFA SIGNALING VIA NFKB",4.11822618101077,1.4551243075382,2.83015420722238,1.49054102394075e-11,48,91,"scaled",1.3308401999471e-10
"meta_analysis","OIS",NA,NA,"HALLMARK UNFOLDED PROTEIN RESPONSE",-0.231017415714227,-0.419947965022059,0.55010962061,0.0216269003670307,48,91,"scaled",0.0362867455822663
"meta_analysis","OIS",NA,NA,"HALLMARK UV RESPONSE DN",0.182282519793865,0.090293304050056,2.01878225314263,0.675495895848094,48,91,"scaled",0.743382610164431
"meta_analysis","OIS",NA,NA,"HALLMARK UV RESPONSE UP",3.25415773547764,1.292306793051,2.51809999991947,1.86233028998117e-10,48,91,"scaled",1.33023592141512e-09
"meta_analysis","OIS",NA,NA,"HALLMARK WNT BETA CATENIN SIGNALING",-0.43045140264246,-0.400486909343449,1.07482015666413,0.0223969286940447,48,91,"scaled",0.0373282144900746
"meta_analysis","OIS",NA,NA,"HALLMARK XENOBIOTIC METABOLISM",3.15527053081958,2.20475627848625,1.43111987552018,0,48,91,"scaled",0
"meta_analysis","OIS",NA,NA,"Lysosomal Genes",2.13966344731773,1.49813520433117,1.42821785452466,1.40221168010157e-11,48,91,"scaled",1.2983441482422e-10
"meta_analysis","CICQ",NA,NA,"HALLMARK ADIPOGENESIS",1.956077485563,1.31530688973696,1.48716432706756,1.02514187183544e-06,19,91,"yugene",5.69523262130802e-06
"meta_analysis","CICQ",NA,NA,"HALLMARK ALLOGRAFT REJECTION",-2.19047613474561,-0.812320878010013,2.69656510628133,0.00949728183503567,19,91,"yugene",0.0173308062683133
"meta_analysis","CICQ",NA,NA,"HALLMARK ANDROGEN RESPONSE",0.998853305962963,0.52604039638754,1.89881483023425,0.0273732133993576,19,91,"yugene",0.0456220223322628
"meta_analysis","CICQ",NA,NA,"HALLMARK ANGIOGENESIS",0.183710269249145,0.22677713434881,0.810091677790481,0.350784472903256,19,91,"yugene",0.43848059112907
"meta_analysis","CICQ",NA,NA,"HALLMARK APICAL JUNCTION",1.08874923644513,0.510167907498104,2.13409981389153,0.275177851177986,19,91,"yugene",0.358304493721335
"meta_analysis","CICQ",NA,NA,"HALLMARK APICAL SURFACE",-0.0127451173170855,-0.0306896320172685,0.415290652879578,0.7880448703989,19,91,"yugene",0.846240912023977
"meta_analysis","CICQ",NA,NA,"HALLMARK APOPTOSIS",-1.28864053059253,-0.582665729760116,2.21162918080502,0.0631363400305225,19,91,"yugene",0.0956611212583674
"meta_analysis","CICQ",NA,NA,"HALLMARK BILE ACID METABOLISM",0.667439914045732,0.99946577048958,0.667796670734199,0.000147326062954312,19,91,"yugene",0.000413837255489639
"meta_analysis","CICQ",NA,NA,"HALLMARK CHOLESTEROL HOMEOSTASIS",-0.824310469354124,-0.88680634224484,0.929527034355083,0.00252264064040248,19,91,"yugene",0.0054367255181088
"meta_analysis","CICQ",NA,NA,"HALLMARK COAGULATION",-0.611331907212714,-0.298350639622886,2.0490383663512,0.208655664889059,19,91,"yugene",0.285048722526038
"meta_analysis","CICQ",NA,NA,"HALLMARK COMPLEMENT",1.54212601073011,0.899744216228735,1.71396046000041,0.00136248944521578,19,91,"yugene",0.00304127108307093
"meta_analysis","CICQ",NA,NA,"HALLMARK DNA REPAIR",0.124089086800444,0.121388138603995,1.02225051168517,0.476673728949889,19,91,"yugene",0.570183886303695
"meta_analysis","CICQ",NA,NA,"HALLMARK E2F TARGETS",0.757253076467378,0.409118116138589,1.85093997697931,0.0101730006271266,19,91,"yugene",0.0182967637178535
"meta_analysis","CICQ",NA,NA,"HALLMARK EPITHELIAL MESENCHYMAL TRANSITION",0.941470622715257,0.316367123610775,2.97588008504178,0.0739271651062019,19,91,"yugene",0.11066940884162
"meta_analysis","CICQ",NA,NA,"HALLMARK ESTROGEN RESPONSE EARLY",-0.0356977047060961,-0.0153051496296583,2.33239828226973,0.987382201396969,19,91,"yugene",0.991321814715267
"meta_analysis","CICQ",NA,NA,"HALLMARK ESTROGEN RESPONSE LATE",-1.02112627228854,-0.861914529628995,1.18471871303536,0.000433542239652899,19,91,"yugene",0.00111339558595445
"meta_analysis","CICQ",NA,NA,"HALLMARK FATTY ACID METABOLISM",1.79141662677402,1.14016844627019,1.57118593540651,3.53668692554265e-07,19,91,"yugene",2.26710700355298e-06
"meta_analysis","CICQ",NA,NA,"HALLMARK G2M CHECKPOINT",0.390467324122448,0.260226417929806,1.50049071584951,0.0327620052746982,19,91,"yugene",0.05353268835735
"meta_analysis","CICQ",NA,NA,"HALLMARK GLYCOLYSIS",3.32175020204316,1.26611221116513,2.62358278575195,2.64045083686604e-06,19,91,"yugene",1.17877269502948e-05
"meta_analysis","CICQ",NA,NA,"HALLMARK HEDGEHOG SIGNALING",-0.300659860951541,-0.292892779426572,1.02651851486464,0.251560401966079,19,91,"yugene",0.336310697815613
"meta_analysis","CICQ",NA,NA,"HALLMARK HEME METABOLISM",1.28690372038247,1.3233716414936,0.972443174715481,9.16329803812843e-06,19,91,"yugene",3.2385113135792e-05
"meta_analysis","CICQ",NA,NA,"HALLMARK HYPOXIA",-0.481189299849048,-0.218430419739454,2.20294087436638,0.139226729807175,19,91,"yugene",0.195543159841538
"meta_analysis","CICQ",NA,NA,"HALLMARK IL2 STAT5 SIGNALING",1.50253374642969,0.800748573313602,1.87641139366881,0.00125443993481222,19,91,"yugene",0.002825315168496
"meta_analysis","CICQ",NA,NA,"HALLMARK IL6 JAK STAT3 SIGNALING",0.615916168535349,0.877876707368552,0.701597574426558,0.00239399977013766,19,91,"yugene",0.00520434732638621
"meta_analysis","CICQ",NA,NA,"HALLMARK INFLAMMATORY RESPONSE",-2.44286583366937,-0.728754459895457,3.35211098950916,0.0273732133993577,19,91,"yugene",0.0456220223322628
"meta_analysis","CICQ",NA,NA,"HALLMARK INTERFERON ALPHA RESPONSE",-0.745076057731441,-0.526045219661371,1.41637264228172,0.271714262932063,19,91,"yugene",0.355646941010554
"meta_analysis","CICQ",NA,NA,"HALLMARK INTERFERON GAMMA RESPONSE",-1.74104003813905,-0.589010738592786,2.9558714706944,0.0188498775033494,19,91,"yugene",0.0320576148016146
"meta_analysis","CICQ",NA,NA,"HALLMARK KRAS SIGNALING DN",0.628981136109425,0.421347606113743,1.4927844064685,0.054670083371416,19,91,"yugene",0.0838498211218037
"meta_analysis","CICQ",NA,NA,"HALLMARK KRAS SIGNALING UP",4.79111315924393,1.69291863884765,2.83009061941995,6.05214863114156e-07,19,91,"yugene",3.60246942329855e-06
"meta_analysis","CICQ",NA,NA,"HALLMARK MITOTIC SPINDLE",1.96590722272043,1.03314646303846,1.90283497359972,0.000420799330862476,19,91,"yugene",0.0010958315907877
"meta_analysis","CICQ",NA,NA,"HALLMARK MTORC1 SIGNALING",1.85233759533074,1.10182506234311,1.68115398590736,0.000142699842295313,19,91,"yugene",0.000405397279248048
"meta_analysis","CICQ",NA,NA,"HALLMARK MYC TARGETS",0.929100119189154,0.773691867162401,1.20086582090714,0.00452916104517787,19,91,"yugene",0.00898643064519418
"meta_analysis","CICQ",NA,NA,"HALLMARK MYOGENESIS",2.08331801997869,1.04245284858237,1.99847697937782,0.000823376949786292,19,91,"yugene",0.00192377792006143
"meta_analysis","CICQ",NA,NA,"HALLMARK NOTCH SIGNALING",-0.458645021257463,-1.01724931891907,0.45086785778812,0.000267086273475474,19,91,"yugene",0.000717973853428693
"meta_analysis","CICQ",NA,NA,"HALLMARK OXIDATIVE PHOSPHORYLATION",0.87509840130933,0.74322662289,1.17743145140113,0.00734912220024553,19,91,"yugene",0.0140250423668808
"meta_analysis","CICQ",NA,NA,"HALLMARK P53 PATHWAY",1.01168191132216,0.244895688255113,4.13107277849772,0.739806791360687,19,91,"yugene",0.800656700606804
"meta_analysis","CICQ",NA,NA,"HALLMARK PANCREAS BETA CELLS",0.0274253381411404,0.213735476871814,0.128314393766219,0.90558399835036,19,91,"yugene",0.935520659452851
"meta_analysis","CICQ",NA,NA,"HALLMARK PEROXISOME",-0.156569627804185,-0.188229867018723,0.831800129724427,0.166423255986651,19,91,"yugene",0.229817387709408
"meta_analysis","CICQ",NA,NA,"HALLMARK PI3K AKT MTOR SIGNALING",0.319424814384599,0.35230690044357,0.906666358173595,0.139226729807175,19,91,"yugene",0.195543159841538
"meta_analysis","CICQ",NA,NA,"HALLMARK PROTEIN SECRETION",0.118095741612566,0.354570200360188,0.333067306537884,0.248305525832364,19,91,"yugene",0.333743986333822
"meta_analysis","CICQ",NA,NA,"HALLMARK REACTIVE OXYGEN SPECIES PATHWAY",-0.942275526192376,-2.09617023791074,0.449522423871233,4.53765413007348e-07,19,91,"yugene",2.83603383129593e-06
"meta_analysis","CICQ",NA,NA,"HALLMARK SPERMATOGENESIS",0.219374016078499,0.469171658372591,0.467577297485186,0.0921298545422256,19,91,"yugene",0.135485080209155
"meta_analysis","CICQ",NA,NA,"HALLMARK TGF BETA SIGNALING",-0.0465818372367516,-0.0540635640572638,0.861612401050962,0.563779063742984,19,91,"yugene",0.655557050863934
"meta_analysis","CICQ",NA,NA,"HALLMARK TNFA SIGNALING VIA NFKB",-5.81305224872797,-1.56050611142758,3.72510700609181,1.82090643720221e-05,19,91,"yugene",5.98982380658622e-05
"meta_analysis","CICQ",NA,NA,"HALLMARK UNFOLDED PROTEIN RESPONSE",-0.594731786988425,-1.00159585691182,0.593784192380883,5.6568302037477e-06,19,91,"yugene",2.24477389037607e-05
"meta_analysis","CICQ",NA,NA,"HALLMARK UV RESPONSE DN",1.46315871975159,0.507396030588977,2.88366213281799,0.0489607614184036,19,91,"yugene",0.0765011897162556
"meta_analysis","CICQ",NA,NA,"HALLMARK UV RESPONSE UP",0.568735526045054,0.22691674649319,2.5063620681787,0.547866939167421,19,91,"yugene",0.640031470989978
"meta_analysis","CICQ",NA,NA,"HALLMARK WNT BETA CATENIN SIGNALING",-0.102650169855235,-0.157777376960998,0.650601320876378,0.69841513551438,19,91,"yugene",0.777239602152579
"meta_analysis","CICQ",NA,NA,"HALLMARK XENOBIOTIC METABOLISM",1.46932727482708,0.892765602937431,1.64581528454121,0.000502839153974977,19,91,"yugene",0.00123244890680141
"meta_analysis","CICQ",NA,NA,"Lysosomal Genes",2.07528704596921,1.36472343089851,1.52066491934038,2.25172372732008e-05,19,91,"yugene",7.21706322858999e-05
"meta_analysis","SSCQ",NA,NA,"HALLMARK ADIPOGENESIS",0.409377339573772,0.246153942662199,1.66309478997688,0.858995595119595,22,91,"yugene",0.902306297394533
"meta_analysis","SSCQ",NA,NA,"HALLMARK ALLOGRAFT REJECTION",-0.17919191163431,-0.0727869976768268,2.46186705529358,0.479575215763769,22,91,"yugene",0.570922875909248
"meta_analysis","SSCQ",NA,NA,"HALLMARK ANDROGEN RESPONSE",0.48874208109923,0.252758889230246,1.93362964439212,0.315242422642529,22,91,"yugene",0.398033361922385
"meta_analysis","SSCQ",NA,NA,"HALLMARK ANGIOGENESIS",-0.450952158326121,-0.55349674025112,0.814733178232495,0.00463201911779952,22,91,"yugene",0.0091181478696841
"meta_analysis","SSCQ",NA,NA,"HALLMARK APICAL JUNCTION",1.86362519125741,1.01886686370536,1.8291155180765,6.55871143913078e-05,22,91,"yugene",0.000197551549371409
"meta_analysis","SSCQ",NA,NA,"HALLMARK APICAL SURFACE",-0.0202519521949707,-0.0492177097921961,0.41147693138257,0.687361598259803,22,91,"yugene",0.770584751412336
"meta_analysis","SSCQ",NA,NA,"HALLMARK APOPTOSIS",0.170488092721537,0.0799199243157385,2.13323641358808,0.830618359964177,22,91,"yugene",0.883636553153379
"meta_analysis","SSCQ",NA,NA,"HALLMARK BILE ACID METABOLISM",0.793530929207263,1.22128777778354,0.649749341344762,2.89465217129248e-07,22,91,"yugene",1.97755720570943e-06
"meta_analysis","SSCQ",NA,NA,"HALLMARK CHOLESTEROL HOMEOSTASIS",-0.474084639972869,-0.470860889666081,1.00684650260308,0.0391175010165765,22,91,"yugene",0.0626883029111803
"meta_analysis","SSCQ",NA,NA,"HALLMARK COAGULATION",0.561676802456401,0.294948637089373,1.9043207251241,0.265687102804784,22,91,"yugene",0.34958829316419
"meta_analysis","SSCQ",NA,NA,"HALLMARK COMPLEMENT",0.775980040147424,0.42599891347331,1.82155403594953,0.121593906330036,22,91,"yugene",0.174703888405224
"meta_analysis","SSCQ",NA,NA,"HALLMARK DNA REPAIR",0.318739388344837,0.288177837901434,1.10605100886993,0.470609188973082,22,91,"yugene",0.5656360444388
"meta_analysis","SSCQ",NA,NA,"HALLMARK E2F TARGETS",0.632180606613794,0.318857752208751,1.98264148271332,0.362813123259282,22,91,"yugene",0.451260103556321
"meta_analysis","SSCQ",NA,NA,"HALLMARK EPITHELIAL MESENCHYMAL TRANSITION",1.64750555198065,0.563180855816886,2.92535787565251,0.00913969811573501,22,91,"yugene",0.0169253668809908
"meta_analysis","SSCQ",NA,NA,"HALLMARK ESTROGEN RESPONSE EARLY",0.218362302175697,0.100915413219133,2.16381517163818,0.655636992092466,22,91,"yugene",0.744898159214248
"meta_analysis","SSCQ",NA,NA,"HALLMARK ESTROGEN RESPONSE LATE",-0.654367996133862,-0.55692779027599,1.17496021487738,0.00518493863754381,22,91,"yugene",0.0101268332764528
"meta_analysis","SSCQ",NA,NA,"HALLMARK FATTY ACID METABOLISM",0.947779544563619,0.567519815417524,1.67003780099967,0.000336191143206932,22,91,"yugene",0.000884713534755084
"meta_analysis","SSCQ",NA,NA,"HALLMARK G2M CHECKPOINT",0.810566096393569,0.510139823747958,1.58890966488051,0.013825664846091,22,91,"yugene",0.0241707427379214
"meta_analysis","SSCQ",NA,NA,"HALLMARK GLYCOLYSIS",0.507195967572594,0.184564694534333,2.74806603100488,0.484092938443098,22,91,"yugene",0.573569832278552
"meta_analysis","SSCQ",NA,NA,"HALLMARK HEDGEHOG SIGNALING",-0.695208896041181,-0.629697073427981,1.10403704475958,0.136195623956603,22,91,"yugene",0.193951876165852
"meta_analysis","SSCQ",NA,NA,"HALLMARK HEME METABOLISM",0.470675255001273,0.455129140931616,1.03415758885013,0.113108721956002,22,91,"yugene",0.164402212145352
"meta_analysis","SSCQ",NA,NA,"HALLMARK HYPOXIA",0.59541788894002,0.342104164754006,1.74045787886903,0.0863646448098669,22,91,"yugene",0.127758350310454
"meta_analysis","SSCQ",NA,NA,"HALLMARK IL2 STAT5 SIGNALING",0.752195283398925,0.385279083700315,1.9523387466941,0.301469542729891,22,91,"yugene",0.386499413756271
"meta_analysis","SSCQ",NA,NA,"HALLMARK IL6 JAK STAT3 SIGNALING",-0.069402625551216,-0.0979036616072988,0.708886924266395,0.881831138212054,22,91,"yugene",0.91476259150628
"meta_analysis","SSCQ",NA,NA,"HALLMARK INFLAMMATORY RESPONSE",-0.692255698540081,-0.225388707917874,3.07138589566041,0.390197178962537,22,91,"yugene",0.478182817356051
"meta_analysis","SSCQ",NA,NA,"HALLMARK INTERFERON ALPHA RESPONSE",-1.53631961564817,-1.13886797974809,1.34898833136743,6.36662653341697e-06,22,91,"yugene",2.41160095962764e-05
"meta_analysis","SSCQ",NA,NA,"HALLMARK INTERFERON GAMMA RESPONSE",-1.03403968130185,-0.342718967172079,3.01716502542639,0.235795697106651,22,91,"yugene",0.318642833927906
"meta_analysis","SSCQ",NA,NA,"HALLMARK KRAS SIGNALING DN",1.87989250846053,1.32058132411925,1.42353407103823,1.61359120132154e-06,22,91,"yugene",8.0679560066077e-06
"meta_analysis","SSCQ",NA,NA,"HALLMARK KRAS SIGNALING UP",1.9999519212073,0.729427664270565,2.74180980400198,0.000717885446281263,22,91,"yugene",0.00170925106257444
"meta_analysis","SSCQ",NA,NA,"HALLMARK MITOTIC SPINDLE",1.81512975124345,0.9475574745164,1.91558802506395,0.000612173729185983,22,91,"yugene",0.0014858585659854
"meta_analysis","SSCQ",NA,NA,"HALLMARK MTORC1 SIGNALING",0.740484273112637,0.453988218853112,1.63106495358687,0.0434413115552066,22,91,"yugene",0.0687362524607699
"meta_analysis","SSCQ",NA,NA,"HALLMARK MYC TARGETS",0.0697649876521234,0.0581047121179999,1.20067693495226,0.962407707787426,22,91,"yugene",0.978056613605108
"meta_analysis","SSCQ",NA,NA,"HALLMARK MYOGENESIS",2.5751204694835,1.31191175585264,1.96287628188062,5.55019421866199e-06,22,91,"yugene",2.23798153978306e-05
"meta_analysis","SSCQ",NA,NA,"HALLMARK NOTCH SIGNALING",-0.469711792599075,-1.11243782636759,0.422236444559615,7.810028668252e-06,22,91,"yugene",2.87133406921029e-05
"meta_analysis","SSCQ",NA,NA,"HALLMARK OXIDATIVE PHOSPHORYLATION",0.648161976679585,0.491859961285913,1.31777747264697,0.140049545729216,22,91,"yugene",0.195599924202816
"meta_analysis","SSCQ",NA,NA,"HALLMARK P53 PATHWAY",4.36485270669399,1.08641764408573,4.01765631334826,1.61359120132154e-06,22,91,"yugene",8.0679560066077e-06
"meta_analysis","SSCQ",NA,NA,"HALLMARK PANCREAS BETA CELLS",-0.0484229503054455,-0.379890359874955,0.127465593813395,0.0639302866544753,22,91,"yugene",0.0962805521904748
"meta_analysis","SSCQ",NA,NA,"HALLMARK PEROXISOME",-0.463002293730781,-0.629220769544935,0.735834410020562,0.0309890325403065,22,91,"yugene",0.0509688035202409
"meta_analysis","SSCQ",NA,NA,"HALLMARK PI3K AKT MTOR SIGNALING",0.151413005453765,0.162300779397817,0.932916071109159,0.991321814715267,22,91,"yugene",0.991321814715267
"meta_analysis","SSCQ",NA,NA,"HALLMARK PROTEIN SECRETION",0.217975237738383,0.679962362844434,0.320569563330746,0.00086255914831801,22,91,"yugene",0.00199666469518058
"meta_analysis","SSCQ",NA,NA,"HALLMARK REACTIVE OXYGEN SPECIES PATHWAY",-0.711241963705294,-1.48224711691182,0.479840342133455,5.19533842908955e-09,22,91,"yugene",4.63869502597281e-08
"meta_analysis","SSCQ",NA,NA,"HALLMARK SPERMATOGENESIS",-0.106276970518231,-0.223235073023623,0.476076492276753,0.0932225360946131,22,91,"yugene",0.136290257448265
"meta_analysis","SSCQ",NA,NA,"HALLMARK TGF BETA SIGNALING",0.0224976419283178,0.0296839241018238,0.757906597899419,0.719646466500986,22,91,"yugene",0.788022875637058
"meta_analysis","SSCQ",NA,NA,"HALLMARK TNFA SIGNALING VIA NFKB",-2.02043015794895,-0.620081601830388,3.25832947145173,0.00184342104054871,22,91,"yugene",0.00407836513395733
"meta_analysis","SSCQ",NA,NA,"HALLMARK UNFOLDED PROTEIN RESPONSE",-0.237731207240564,-0.414902196176224,0.57298131808295,0.000756734443350384,22,91,"yugene",0.0017847510456377
"meta_analysis","SSCQ",NA,NA,"HALLMARK UV RESPONSE DN",1.83320255845537,0.549240784687727,3.33770289745989,0.0762447481010344,22,91,"yugene",0.11345944657892
"meta_analysis","SSCQ",NA,NA,"HALLMARK UV RESPONSE UP",1.70200821524242,0.694377817127773,2.45112699925037,0.00647307896555693,22,91,"yugene",0.0124482287799172
"meta_analysis","SSCQ",NA,NA,"HALLMARK WNT BETA CATENIN SIGNALING",-0.0647629820808957,-0.116706290991055,0.554922802626461,0.370511571523054,22,91,"yugene",0.458553925152294
"meta_analysis","SSCQ",NA,NA,"HALLMARK XENOBIOTIC METABOLISM",0.526337249315965,0.285053615753863,1.84645000177947,0.950853765456699,22,91,"yugene",0.970258944343571
"meta_analysis","SSCQ",NA,NA,"Lysosomal Genes",1.62062211998025,1.10657325700794,1.4645411948254,1.68082659828261e-05,22,91,"yugene",5.60275532760871e-05
"meta_analysis","RS",NA,NA,"HALLMARK ADIPOGENESIS",0.365125502776196,0.226582054520667,1.61144934248485,0.854482664372314,11,91,"yugene",0.901353021489782
"meta_analysis","RS",NA,NA,"HALLMARK ALLOGRAFT REJECTION",1.74955335308421,0.693692700693074,2.52208701538335,0.0143271292322908,11,91,"yugene",0.0248734882505049
"meta_analysis","RS",NA,NA,"HALLMARK ANDROGEN RESPONSE",0.196342207906432,0.0975317176130193,2.01311135199594,0.871443484816178,11,91,"yugene",0.911551762360019
"meta_analysis","RS",NA,NA,"HALLMARK ANGIOGENESIS",0.823044589279239,1.05177723571466,0.782527479518987,0.00121003282371879,11,91,"yugene",0.00275007459936088
"meta_analysis","RS",NA,NA,"HALLMARK APICAL JUNCTION",1.17656360076742,0.624165210175025,1.88501951340335,0.0373286535031983,11,91,"yugene",0.0602075056503198
"meta_analysis","RS",NA,NA,"HALLMARK APICAL SURFACE",0.947354767627235,2.11174290071672,0.448612739413357,4.31016561619479e-06,11,91,"yugene",1.76646131811262e-05
"meta_analysis","RS",NA,NA,"HALLMARK APOPTOSIS",2.35793705788974,1.17597815429722,2.00508576564407,0.000181433441353906,11,91,"yugene",0.000503981781538629
"meta_analysis","RS",NA,NA,"HALLMARK BILE ACID METABOLISM",1.25326013537096,1.82375875070086,0.687185262244438,5.86755698606112e-06,11,91,"yugene",2.29201444768012e-05
"meta_analysis","RS",NA,NA,"HALLMARK CHOLESTEROL HOMEOSTASIS",-0.846310667318823,-0.941048563055164,0.899327304184208,0.00397058705257081,11,91,"yugene",0.00807029888733905
"meta_analysis","RS",NA,NA,"HALLMARK COAGULATION",2.29805884378083,1.33823614497188,1.71722969254362,2.7087101580392e-05,11,91,"yugene",8.57186758873163e-05
"meta_analysis","RS",NA,NA,"HALLMARK COMPLEMENT",2.20370870503838,1.30137392429532,1.69337087819065,0.000454530811378806,11,91,"yugene",0.00114780507923941
"meta_analysis","RS",NA,NA,"HALLMARK DNA REPAIR",-0.995492256061701,-0.891608221013334,1.11651309689619,0.0147619611957876,11,91,"yugene",0.0254516572341166
"meta_analysis","RS",NA,NA,"HALLMARK E2F TARGETS",0.697461442479711,0.374326779448647,1.86324217440979,0.0354021822422226,11,91,"yugene",0.0574710750685431
"meta_analysis","RS",NA,NA,"HALLMARK EPITHELIAL MESENCHYMAL TRANSITION",0.425749408768365,0.141850200928797,3.00140152062297,0.72992360494109,11,91,"yugene",0.793395222762054
"meta_analysis","RS",NA,NA,"HALLMARK ESTROGEN RESPONSE EARLY",-0.174793527516565,-0.0782396205779081,2.2340794373167,0.705733558754541,11,91,"yugene",0.777239602152579
"meta_analysis","RS",NA,NA,"HALLMARK ESTROGEN RESPONSE LATE",-0.353909973692844,-0.293470049551821,1.20594920753694,0.13654212082076,11,91,"yugene",0.193951876165852
"meta_analysis","RS",NA,NA,"HALLMARK FATTY ACID METABOLISM",0.689608602784358,0.432588485779244,1.59414460961005,0.0301238513876236,11,91,"yugene",0.0498739261384497
"meta_analysis","RS",NA,NA,"HALLMARK G2M CHECKPOINT",0.903933493560407,0.591683231362887,1.52773214728138,0.00439777808796493,11,91,"yugene",0.00879555617592986
"meta_analysis","RS",NA,NA,"HALLMARK GLYCOLYSIS",-0.969577873359482,-0.376024563161223,2.57849610995697,0.261867433181698,11,91,"yugene",0.346385493626585
"meta_analysis","RS",NA,NA,"HALLMARK HEDGEHOG SIGNALING",-0.581198185674387,-0.573776701562863,1.01293444660843,0.0176234137289391,11,91,"yugene",0.0301770783029779
"meta_analysis","RS",NA,NA,"HALLMARK HEME METABOLISM",1.15797030203497,1.18858808358684,0.974240208214538,0.000436451069694144,11,91,"yugene",0.00111339558595445
"meta_analysis","RS",NA,NA,"HALLMARK HYPOXIA",1.42702638221092,0.804783567957777,1.77318031707848,0.0269935224388524,11,91,"yugene",0.0455971662818453
"meta_analysis","RS",NA,NA,"HALLMARK IL2 STAT5 SIGNALING",-0.820388778965956,-0.405857444476285,2.02137176521323,0.261867433181698,11,91,"yugene",0.346385493626585
"meta_analysis","RS",NA,NA,"HALLMARK IL6 JAK STAT3 SIGNALING",0.196060180515561,0.284307832182621,0.689605274010264,0.285499531000424,11,91,"yugene",0.367911766753123
"meta_analysis","RS",NA,NA,"HALLMARK INFLAMMATORY RESPONSE",1.91299912108076,0.646201040331859,2.96037765599748,0.0495904901939372,11,91,"yugene",0.0770038667607721
"meta_analysis","RS",NA,NA,"HALLMARK INTERFERON ALPHA RESPONSE",-2.39092409827875,-1.84924315768701,1.29292034329832,1.95848320671092e-06,11,91,"yugene",9.41578464764863e-06
"meta_analysis","RS",NA,NA,"HALLMARK INTERFERON GAMMA RESPONSE",0.844568941893878,0.310808946089971,2.71732507226287,0.437299730862578,11,91,"yugene",0.530703556872061
"meta_analysis","RS",NA,NA,"HALLMARK KRAS SIGNALING DN",-0.0136123645278431,-0.00955108146051509,1.42521709024446,0.627338954500994,11,91,"yugene",0.719425406537837
"meta_analysis","RS",NA,NA,"HALLMARK KRAS SIGNALING UP",1.02947657646879,0.337747780388989,3.04806318869995,0.922650842281671,11,91,"yugene",0.949229261606658
"meta_analysis","RS",NA,NA,"HALLMARK MITOTIC SPINDLE",3.58727970038297,1.98110566942377,1.81074626949423,2.29779620575243e-06,11,91,"yugene",1.0469250534172e-05
"meta_analysis","RS",NA,NA,"HALLMARK MTORC1 SIGNALING",-0.0533689820693121,-0.034071031064347,1.56640349300022,0.939802226172072,11,91,"yugene",0.962912116979582
"meta_analysis","RS",NA,NA,"HALLMARK MYC TARGETS",-1.72132856167271,-1.46410948618094,1.17568295125436,7.51622290543828e-05,11,91,"yugene",0.000223697110280901
"meta_analysis","RS",NA,NA,"HALLMARK MYOGENESIS",0.49380002153218,0.233482703508224,2.11493191620846,0.9741809372438,11,91,"yugene",0.986013094376315
"meta_analysis","RS",NA,NA,"HALLMARK NOTCH SIGNALING",0.388202833102043,0.905079088631737,0.428915923456936,0.0123181429022698,11,91,"yugene",0.0216868713068131
"meta_analysis","RS",NA,NA,"HALLMARK OXIDATIVE PHOSPHORYLATION",2.07370029219642,1.8169962244836,1.14127936219888,1.44495718719106e-05,11,91,"yugene",4.88161211888873e-05
"meta_analysis","RS",NA,NA,"HALLMARK P53 PATHWAY",3.19211742413167,0.776386681860446,4.1115046132456,0.00311649490990096,11,91,"yugene",0.00649269772896033
"meta_analysis","RS",NA,NA,"HALLMARK PANCREAS BETA CELLS",0.00182080585507187,0.0152378869627217,0.119492017464516,0.705733558754541,11,91,"yugene",0.777239602152579
"meta_analysis","RS",NA,NA,"HALLMARK PEROXISOME",0.797567745240104,1.09401201396387,0.729030152374951,0.00300920674710836,11,91,"yugene",0.0063218629140932
"meta_analysis","RS",NA,NA,"HALLMARK PI3K AKT MTOR SIGNALING",-0.292421493197166,-0.322490481579823,0.906760074792425,0.0403852951983987,11,91,"yugene",0.0643077949019087
"meta_analysis","RS",NA,NA,"HALLMARK PROTEIN SECRETION",0.74471436208193,2.33606291918616,0.318790369884975,6.57789696045796e-07,11,91,"yugene",3.82435869794068e-06
"meta_analysis","RS",NA,NA,"HALLMARK REACTIVE OXYGEN SPECIES PATHWAY",-0.598321855996143,-1.56250161335886,0.382925592447837,4.09257359802197e-06,11,91,"yugene",1.70523899917582e-05
"meta_analysis","RS",NA,NA,"HALLMARK SPERMATOGENESIS",-0.0255147874766156,-0.0562446483249678,0.453639381460746,0.982785622116031,11,91,"yugene",0.990711312616967
"meta_analysis","RS",NA,NA,"HALLMARK TGF BETA SIGNALING",0.17245087475277,0.216204091855059,0.797630022970979,0.721828954083545,11,91,"yugene",0.788022875637058
"meta_analysis","RS",NA,NA,"HALLMARK TNFA SIGNALING VIA NFKB",0.469792192212776,0.142658844492615,3.29311648277858,0.879946623048343,11,91,"yugene",0.91476259150628
"meta_analysis","RS",NA,NA,"HALLMARK UNFOLDED PROTEIN RESPONSE",0.481131628200924,0.803005079734151,0.599163866261234,0.00932259291720294,11,91,"yugene",0.0171371193330936
"meta_analysis","RS",NA,NA,"HALLMARK UV RESPONSE DN",1.22283658273764,0.410415299428076,2.97951022888691,0.167307058252449,11,91,"yugene",0.229817387709408
"meta_analysis","RS",NA,NA,"HALLMARK UV RESPONSE UP",-0.2492395740427,-0.100730940590275,2.47431000427652,0.829169394135687,11,91,"yugene",0.883636553153379
"meta_analysis","RS",NA,NA,"HALLMARK WNT BETA CATENIN SIGNALING",0.634436955086125,1.16096516777046,0.546473720916632,0.000224593484949853,11,91,"yugene",0.000617015068543553
"meta_analysis","RS",NA,NA,"HALLMARK XENOBIOTIC METABOLISM",2.63008259910636,1.63790805789178,1.60575716471634,1.37569784997016e-05,11,91,"yugene",4.71129400674712e-05
"meta_analysis","RS",NA,NA,"Lysosomal Genes",2.55766735516592,1.87983042678659,1.36058408179829,2.17886186848482e-06,11,91,"yugene",1.02776503230416e-05
"meta_analysis","SIPS",NA,NA,"HALLMARK ADIPOGENESIS",2.86733790412382,1.88927422411233,1.51769280897856,2.8643754035329e-13,39,91,"yugene",6.6324264216999e-12
"meta_analysis","SIPS",NA,NA,"HALLMARK ALLOGRAFT REJECTION",2.40491697482954,0.87009847077969,2.76395954664132,3.77851762123349e-06,39,91,"yugene",1.62867138846271e-05
"meta_analysis","SIPS",NA,NA,"HALLMARK ANDROGEN RESPONSE",-0.186845779520258,-0.0938883744670314,1.99008429511013,0.658489972745395,39,91,"yugene",0.744898159214248
"meta_analysis","SIPS",NA,NA,"HALLMARK ANGIOGENESIS",0.141963011512706,0.200960367353239,0.706422929965937,0.0567582563966775,39,91,"yugene",0.0865217323120084
"meta_analysis","SIPS",NA,NA,"HALLMARK APICAL JUNCTION",2.53004084380571,1.26401746233393,2.00158693941945,2.89205859260733e-08,39,91,"yugene",2.19095347924798e-07
"meta_analysis","SIPS",NA,NA,"HALLMARK APICAL SURFACE",-0.223983192648319,-0.564105259879712,0.397059216742776,0.00254628756040117,39,91,"yugene",0.00544078538547259
"meta_analysis","SIPS",NA,NA,"HALLMARK APOPTOSIS",1.02002744803699,0.537788680195421,1.89670680250528,0.0100012255440438,39,91,"yugene",0.0181181622174707
"meta_analysis","SIPS",NA,NA,"HALLMARK BILE ACID METABOLISM",1.00507136240146,1.58073153132107,0.635826731160028,9.12381281636954e-13,39,91,"yugene",1.75457938776337e-11
"meta_analysis","SIPS",NA,NA,"HALLMARK CHOLESTEROL HOMEOSTASIS",-0.090574141702278,-0.107908789755325,0.839358331305988,0.572801988382269,39,91,"yugene",0.659910124864366
"meta_analysis","SIPS",NA,NA,"HALLMARK COAGULATION",2.69279312962832,1.42164936637884,1.89413310575116,6.17190232254927e-09,39,91,"yugene",5.32060545047351e-08
"meta_analysis","SIPS",NA,NA,"HALLMARK COMPLEMENT",2.62101918468801,1.26762841612203,2.06765575097025,6.74109922327304e-07,39,91,"yugene",3.83017001322332e-06
"meta_analysis","SIPS",NA,NA,"HALLMARK DNA REPAIR",0.913914389172362,0.923185820111312,0.989957134590919,3.59763834456572e-06,39,91,"yugene",1.57791155463409e-05
"meta_analysis","SIPS",NA,NA,"HALLMARK E2F TARGETS",1.46017861604747,0.821063161479575,1.77839986562812,2.30323511751784e-06,39,91,"yugene",1.0469250534172e-05
"meta_analysis","SIPS",NA,NA,"HALLMARK EPITHELIAL MESENCHYMAL TRANSITION",0.923938564585688,0.346970926167142,2.66287027213517,0.00875409484245671,39,91,"yugene",0.0163322664971207
"meta_analysis","SIPS",NA,NA,"HALLMARK ESTROGEN RESPONSE EARLY",0.80752242204736,0.388230554511565,2.08000738907145,0.120037321503252,39,91,"yugene",0.173464337432444
"meta_analysis","SIPS",NA,NA,"HALLMARK ESTROGEN RESPONSE LATE",-0.288933066932212,-0.235065351564844,1.22916059303835,0.304773564036196,39,91,"yugene",0.387216540461329
"meta_analysis","SIPS",NA,NA,"HALLMARK FATTY ACID METABOLISM",0.710473886668852,0.488336733440846,1.45488520116604,9.19737213056493e-06,39,91,"yugene",3.2385113135792e-05
"meta_analysis","SIPS",NA,NA,"HALLMARK G2M CHECKPOINT",1.00964167394815,0.706991182146727,1.42808241381801,4.9139361024686e-07,39,91,"yugene",2.99630250150524e-06
"meta_analysis","SIPS",NA,NA,"HALLMARK GLYCOLYSIS",-1.41508575742645,-0.57795273393279,2.44844547718846,0.00545257140663976,39,91,"yugene",0.010566998850077
"meta_analysis","SIPS",NA,NA,"HALLMARK HEDGEHOG SIGNALING",-1.10667596855769,-0.903187079022021,1.22530093073963,0.00046451102227314,39,91,"yugene",0.00116127755568285
"meta_analysis","SIPS",NA,NA,"HALLMARK HEME METABOLISM",2.31521690998052,2.2436644918942,1.03189087242982,4.55191440096314e-14,39,91,"yugene",1.42247325030098e-12
"meta_analysis","SIPS",NA,NA,"HALLMARK HYPOXIA",1.23746840673358,0.730949355096102,1.69296052880556,0.000628191127529432,39,91,"yugene",0.0015100748257919
"meta_analysis","SIPS",NA,NA,"HALLMARK IL2 STAT5 SIGNALING",0.183888016228433,0.10577427506811,1.73849469646588,0.532039939010525,39,91,"yugene",0.624460022312823
"meta_analysis","SIPS",NA,NA,"HALLMARK IL6 JAK STAT3 SIGNALING",0.0630980556142757,0.084251883609354,0.748921601644408,0.505706041394305,39,91,"yugene",0.596351463908379
"meta_analysis","SIPS",NA,NA,"HALLMARK INFLAMMATORY RESPONSE",2.54252122633201,0.91863919900304,2.76770382658535,1.50038907631433e-06,39,91,"yugene",7.81452643913716e-06
"meta_analysis","SIPS",NA,NA,"HALLMARK INTERFERON ALPHA RESPONSE",-1.02420855903779,-0.804450003389703,1.27317863723301,7.60992404397297e-06,39,91,"yugene",2.83952389700484e-05
"meta_analysis","SIPS",NA,NA,"HALLMARK INTERFERON GAMMA RESPONSE",4.01229429799609,1.25749224501971,3.19071096771115,5.29349311051419e-08,39,91,"yugene",3.89227434596632e-07
"meta_analysis","SIPS",NA,NA,"HALLMARK KRAS SIGNALING DN",0.59187452738516,0.420575757633971,1.40729587153302,0.0080018048680992,39,91,"yugene",0.0150409865941714
"meta_analysis","SIPS",NA,NA,"HALLMARK KRAS SIGNALING UP",0.611692313172578,0.22403406340773,2.73035405361251,0.283731512085935,39,91,"yugene",0.367527865396289
"meta_analysis","SIPS",NA,NA,"HALLMARK MITOTIC SPINDLE",3.04934616793,1.88039020794178,1.62165605577564,4.37427871702312e-14,39,91,"yugene",1.42247325030098e-12
"meta_analysis","SIPS",NA,NA,"HALLMARK MTORC1 SIGNALING",0.0265527234260652,0.0184741228599446,1.43729278122516,0.838964719749681,39,91,"yugene",0.888733813294154
"meta_analysis","SIPS",NA,NA,"HALLMARK MYC TARGETS",-1.56542874709511,-1.45721858703799,1.07425801524881,3.65150808017406e-12,39,91,"yugene",6.08584680029011e-11
"meta_analysis","SIPS",NA,NA,"HALLMARK MYOGENESIS",1.65300786025745,0.875812842510131,1.88739851715332,7.89689535225513e-05,39,91,"yugene",0.000232261628007504
"meta_analysis","SIPS",NA,NA,"HALLMARK NOTCH SIGNALING",-0.0968126168273891,-0.24722314866684,0.391600128666974,0.0504684146735017,39,91,"yugene",0.0778833559776261
"meta_analysis","SIPS",NA,NA,"HALLMARK OXIDATIVE PHOSPHORYLATION",0.153290693391664,0.144778106471479,1.05879747378698,0.464422240403461,39,91,"yugene",0.560896425608045
"meta_analysis","SIPS",NA,NA,"HALLMARK P53 PATHWAY",7.90874017773903,2.06355756948634,3.83257549713414,0,39,91,"yugene",0
"meta_analysis","SIPS",NA,NA,"HALLMARK PANCREAS BETA CELLS",-0.00753542098720355,-0.0595612227368247,0.126515552249478,0.572801988382269,39,91,"yugene",0.659910124864366
"meta_analysis","SIPS",NA,NA,"HALLMARK PEROXISOME",0.546121306250399,0.748615041548302,0.729508860950614,0.000259354011657331,39,91,"yugene",0.000704766336025357
"meta_analysis","SIPS",NA,NA,"HALLMARK PI3K AKT MTOR SIGNALING",0.255955684276573,0.301892539072144,0.847837065014075,0.0112401320119824,39,91,"yugene",0.0199293120779829
"meta_analysis","SIPS",NA,NA,"HALLMARK PROTEIN SECRETION",0.344443210946364,1.18060148304785,0.291752310912863,1.15494880326139e-09,39,91,"yugene",1.15494880326139e-08
"meta_analysis","SIPS",NA,NA,"HALLMARK REACTIVE OXYGEN SPECIES PATHWAY",-0.172871893859992,-0.461511742809586,0.374577454535792,0.00366062705231279,39,91,"yugene",0.00750128494326391
"meta_analysis","SIPS",NA,NA,"HALLMARK SPERMATOGENESIS",0.29498495669326,0.658343601891395,0.448071426297422,2.11553425091271e-05,39,91,"yugene",6.86861769776854e-05
"meta_analysis","SIPS",NA,NA,"HALLMARK TGF BETA SIGNALING",0.0392862154499824,0.0521742748731781,0.752980574152239,0.63658305375409,39,91,"yugene",0.726692983737546
"meta_analysis","SIPS",NA,NA,"HALLMARK TNFA SIGNALING VIA NFKB",1.65711644342795,0.544333374545533,3.04430431959365,0.00366062705231274,39,91,"yugene",0.00750128494326391
"meta_analysis","SIPS",NA,NA,"HALLMARK UNFOLDED PROTEIN RESPONSE",-0.25737726724403,-0.464114463418737,0.554555583870733,6.51787925335955e-05,39,91,"yugene",0.000197551549371409
"meta_analysis","SIPS",NA,NA,"HALLMARK UV RESPONSE DN",1.5476035202049,0.483935791384531,3.19795218241089,0.00741969096847361,39,91,"yugene",0.0140524450160485
"meta_analysis","SIPS",NA,NA,"HALLMARK UV RESPONSE UP",2.49848146854584,0.985956472546748,2.53406873235712,1.83732432468275e-06,39,91,"yugene",9.00649178766056e-06
"meta_analysis","SIPS",NA,NA,"HALLMARK WNT BETA CATENIN SIGNALING",0.155860288819918,0.319381788575939,0.488006186936546,0.21889626983024,39,91,"yugene",0.297413410095435
"meta_analysis","SIPS",NA,NA,"HALLMARK XENOBIOTIC METABOLISM",2.11952335885369,1.14743436669383,1.84718483285523,1.4259366567515e-06,39,91,"yugene",7.58476945080587e-06
"meta_analysis","SIPS",NA,NA,"Lysosomal Genes",1.85508555783523,1.36558913174912,1.35845073361058,9.8526897751583e-10,39,91,"yugene",1.02632185157899e-08
"meta_analysis","OIS",NA,NA,"HALLMARK ADIPOGENESIS",1.71310576661176,1.1063608959719,1.54841496373284,1.30305644052697e-08,48,91,"yugene",1.0180128441617e-07
"meta_analysis","OIS",NA,NA,"HALLMARK ALLOGRAFT REJECTION",4.13390782202582,1.54930382734723,2.66823572565752,5.38635802627141e-12,48,91,"yugene",8.41618441604908e-11
"meta_analysis","OIS",NA,NA,"HALLMARK ANDROGEN RESPONSE",-0.893294022934916,-0.473766306515789,1.88551615142168,0.0102560123756684,48,91,"yugene",0.0183143078136935
"meta_analysis","OIS",NA,NA,"HALLMARK ANGIOGENESIS",0.585562307997343,0.501655528642911,1.16725975208809,0.15697325234078,48,91,"yugene",0.218018406028861
"meta_analysis","OIS",NA,NA,"HALLMARK APICAL JUNCTION",5.21875554905555,2.4392610912502,2.13948214390644,0,48,91,"yugene",0
"meta_analysis","OIS",NA,NA,"HALLMARK APICAL SURFACE",0.167196651275873,0.35008614835927,0.477587165500448,0.00222236467847337,48,91,"yugene",0.00487360675103808
"meta_analysis","OIS",NA,NA,"HALLMARK APOPTOSIS",2.06188942813825,1.12022812389903,1.84059780695533,8.81359918381008e-09,48,91,"yugene",7.10774133438771e-08
"meta_analysis","OIS",NA,NA,"HALLMARK BILE ACID METABOLISM",0.713134843767768,0.919425730902773,0.775630722307009,8.24945036836944e-06,48,91,"yugene",2.98893129288748e-05
"meta_analysis","OIS",NA,NA,"HALLMARK CHOLESTEROL HOMEOSTASIS",-0.455735951623496,-0.51407213094492,0.886521412444211,0.00424384856859331,48,91,"yugene",0.0085561463076478
"meta_analysis","OIS",NA,NA,"HALLMARK COAGULATION",1.83884536686752,1.06375561323059,1.72863517145917,3.00588695267834e-07,48,91,"yugene",1.97755720570943e-06
"meta_analysis","OIS",NA,NA,"HALLMARK COMPLEMENT",3.77501286937246,1.62897218062583,2.31742009732918,4.41771064174645e-11,48,91,"yugene",5.8127771601927e-10
"meta_analysis","OIS",NA,NA,"HALLMARK DNA REPAIR",0.482431033930438,0.503088579682475,0.958938551606408,0.00108698935542884,48,91,"yugene",0.002493094851901
"meta_analysis","OIS",NA,NA,"HALLMARK E2F TARGETS",1.56414378079179,0.70781060607584,2.20983377101896,3.95660108254425e-06,48,91,"yugene",1.67652588243401e-05
"meta_analysis","OIS",NA,NA,"HALLMARK EPITHELIAL MESENCHYMAL TRANSITION",5.81697874517955,1.85614696573429,3.13389987569134,1.11022302462516e-15,48,91,"yugene",4.62592926927149e-14
"meta_analysis","OIS",NA,NA,"HALLMARK ESTROGEN RESPONSE EARLY",-0.583691971758195,-0.244642047785118,2.38590208446458,0.305126633883527,48,91,"yugene",0.387216540461329
"meta_analysis","OIS",NA,NA,"HALLMARK ESTROGEN RESPONSE LATE",0.867844014348008,0.753861863474845,1.15119766152883,3.97977675496985e-05,48,91,"yugene",0.000122832615894131
"meta_analysis","OIS",NA,NA,"HALLMARK FATTY ACID METABOLISM",0.962062102388288,0.598128390017164,1.60845416877918,1.32025953571979e-05,48,91,"yugene",4.58423449902706e-05
"meta_analysis","OIS",NA,NA,"HALLMARK G2M CHECKPOINT",1.532711405938,0.829432205810131,1.84790437988956,1.13794070921713e-06,48,91,"yugene",6.18446037618007e-06
"meta_analysis","OIS",NA,NA,"HALLMARK GLYCOLYSIS",-2.59474486315145,-1.09385391750992,2.3721127854606,4.08842803235238e-09,48,91,"yugene",3.78558151143739e-08
"meta_analysis","OIS",NA,NA,"HALLMARK HEDGEHOG SIGNALING",1.29824798784058,1.08887656235665,1.1922820572341,1.86233028998117e-10,48,91,"yugene",2.32791286247647e-09
"meta_analysis","OIS",NA,NA,"HALLMARK HEME METABOLISM",1.99770754102077,1.56373726608221,1.27752122070086,2.34516184249856e-10,48,91,"yugene",2.7918593363078e-09
"meta_analysis","OIS",NA,NA,"HALLMARK HYPOXIA",1.09357175184731,0.638973086212025,1.71145197731291,0.000288067044271978,48,91,"yugene",0.000766135756042494
"meta_analysis","OIS",NA,NA,"HALLMARK IL2 STAT5 SIGNALING",-0.654178049865859,-0.307893908927726,2.1246865588998,0.701587245004798,48,91,"yugene",0.777239602152579
"meta_analysis","OIS",NA,NA,"HALLMARK IL6 JAK STAT3 SIGNALING",-1.30376728728018,-1.62217001153703,0.803718030790643,1.09736596808606e-11,48,91,"yugene",1.61377348247949e-10
"meta_analysis","OIS",NA,NA,"HALLMARK INFLAMMATORY RESPONSE",1.94473505439161,0.679298445234759,2.86285809725286,8.60018676756003e-05,48,91,"yugene",0.000250005429289536
"meta_analysis","OIS",NA,NA,"HALLMARK INTERFERON ALPHA RESPONSE",-1.98059423159885,-1.48418748830256,1.33446363563138,1.11441730377974e-13,48,91,"yugene",3.09560362161038e-12
"meta_analysis","OIS",NA,NA,"HALLMARK INTERFERON GAMMA RESPONSE",7.28605783565987,2.70740439654435,2.69115978571933,0,48,91,"yugene",0
"meta_analysis","OIS",NA,NA,"HALLMARK KRAS SIGNALING DN",0.00966622904624626,0.00697317269099275,1.38620244680476,0.381634925166974,48,91,"yugene",0.469993750205633
"meta_analysis","OIS",NA,NA,"HALLMARK KRAS SIGNALING UP",4.13197626541535,1.51437521792454,2.72850230016195,1.14330767075899e-12,48,91,"yugene",2.04162084064105e-11
"meta_analysis","OIS",NA,NA,"HALLMARK MITOTIC SPINDLE",2.71775031900438,1.32433364863998,2.0521643634105,3.50019568884363e-10,48,91,"yugene",3.97749510095867e-09
"meta_analysis","OIS",NA,NA,"HALLMARK MTORC1 SIGNALING",0.169287692337611,0.0931077464387473,1.81819127637226,0.33530464009979,48,91,"yugene",0.421236985049988
"meta_analysis","OIS",NA,NA,"HALLMARK MYC TARGETS",-2.69540283205592,-2.51721224331898,1.07078886145174,5.56914346749477e-21,48,91,"yugene",2.78457173374739e-19
"meta_analysis","OIS",NA,NA,"HALLMARK MYOGENESIS",3.15589227793544,1.47841605085185,2.13464422015511,3.80460107862746e-11,48,91,"yugene",5.28416816476036e-10
"meta_analysis","OIS",NA,NA,"HALLMARK NOTCH SIGNALING",-0.762378946281888,-1.74215449364656,0.437606968304016,2.91826762554796e-13,48,91,"yugene",6.6324264216999e-12
"meta_analysis","OIS",NA,NA,"HALLMARK OXIDATIVE PHOSPHORYLATION",0.880860526103228,0.768315330491782,1.14648307946609,3.54600149399253e-05,48,91,"yugene",0.000110812546687267
"meta_analysis","OIS",NA,NA,"HALLMARK P53 PATHWAY",4.77707238093803,1.03854866670667,4.59975784869721,8.28448420975292e-13,48,91,"yugene",1.72593421036519e-11
"meta_analysis","OIS",NA,NA,"HALLMARK PANCREAS BETA CELLS",0.059107722596975,0.514942156363457,0.11478516929823,0.000137928798150444,48,91,"yugene",0.000396347121121966
"meta_analysis","OIS",NA,NA,"HALLMARK PEROXISOME",0.813507144830968,1.12007179381858,0.726299108075506,2.58672661068715e-09,48,91,"yugene",2.48723712566072e-08
"meta_analysis","OIS",NA,NA,"HALLMARK PI3K AKT MTOR SIGNALING",-0.0630287217598902,-0.0717307716472027,0.878684563298548,0.788696530006346,48,91,"yugene",0.846240912023977
"meta_analysis","OIS",NA,NA,"HALLMARK PROTEIN SECRETION",0.0371112448002664,0.123873368816156,0.299590179511016,0.40620543246706,48,91,"yugene",0.495372478618366
"meta_analysis","OIS",NA,NA,"HALLMARK REACTIVE OXYGEN SPECIES PATHWAY",0.0827696848170609,0.224056822151569,0.36941381218497,0.0445456483148223,48,91,"yugene",0.0700403275390288
"meta_analysis","OIS",NA,NA,"HALLMARK SPERMATOGENESIS",0.442730760931285,0.957803207127671,0.462235621719182,8.21746732881934e-08,48,91,"yugene",5.86961952058524e-07
"meta_analysis","OIS",NA,NA,"HALLMARK TGF BETA SIGNALING",-0.122630056249739,-0.155312035368235,0.789572140748725,0.681983768212026,48,91,"yugene",0.767999738977507
"meta_analysis","OIS",NA,NA,"HALLMARK TNFA SIGNALING VIA NFKB",2.48116878642891,0.794032459219756,3.12476997334213,6.16578800527456e-06,48,91,"yugene",2.3714569251056e-05
"meta_analysis","OIS",NA,NA,"HALLMARK UNFOLDED PROTEIN RESPONSE",-0.150766609241128,-0.257646322906848,0.585168876233632,0.00268919998526708,48,91,"yugene",0.00569745759590482
"meta_analysis","OIS",NA,NA,"HALLMARK UV RESPONSE DN",-2.02128243819084,-0.702163687411659,2.87864848955913,0.000493892567571048,48,91,"yugene",0.00122250635537388
"meta_analysis","OIS",NA,NA,"HALLMARK UV RESPONSE UP",2.27923426960098,0.994209281246932,2.29250954763003,3.00588695267834e-07,48,91,"yugene",1.97755720570943e-06
"meta_analysis","OIS",NA,NA,"HALLMARK WNT BETA CATENIN SIGNALING",-0.790255088344271,-1.24450780794675,0.634994078219624,8.81359925464076e-09,48,91,"yugene",7.10774133438771e-08
"meta_analysis","OIS",NA,NA,"HALLMARK XENOBIOTIC METABOLISM",7.1889458692593,3.59273567032301,2.00096709831507,0,48,91,"yugene",0
"meta_analysis","OIS",NA,NA,"Lysosomal Genes",2.44409687383208,1.41641750718839,1.72554833686266,5.50627099471512e-10,48,91,"yugene",5.98507716816861e-09
"temporal_pooled","Fibroblast","Fibroblast",NA,"HALLMARK ADIPOGENESIS",2.46333217094528,1.53182480349794,1.60810307113466,0.014799845463461,18,6,"scaled",0.0258136839478971
"temporal_pooled","Fibroblast","Fibroblast",NA,"HALLMARK ALLOGRAFT REJECTION",3.0351078782614,3.33824198438423,0.909193489405249,1.48592825938364e-05,18,6,"scaled",5.1834706722685e-05
"temporal_pooled","Fibroblast","Fibroblast",NA,"HALLMARK ANDROGEN RESPONSE",-2.46558035280839,-9.05788771676943,0.272202574143606,1.48592825938364e-05,18,6,"scaled",5.1834706722685e-05
"temporal_pooled","Fibroblast","Fibroblast",NA,"HALLMARK ANGIOGENESIS",0.8410539543609,0.925876025738979,0.908387225697545,0.136527088472169,18,6,"scaled",0.195038697817384
"temporal_pooled","Fibroblast","Fibroblast",NA,"HALLMARK APICAL JUNCTION",3.06556167768852,4.31998712997692,0.709622872812794,1.48592825938364e-05,18,6,"scaled",5.1834706722685e-05
"temporal_pooled","Fibroblast","Fibroblast",NA,"HALLMARK APICAL SURFACE",-0.396854006855439,-1.63289436257903,0.243037159016606,0.00337305714880086,18,6,"scaled",0.00693093934685107
"temporal_pooled","Fibroblast","Fibroblast",NA,"HALLMARK APOPTOSIS",0.774757526907852,2.9036884228049,0.266818409586609,5.94371303753455e-05,18,6,"scaled",0.000178311391126036
"temporal_pooled","Fibroblast","Fibroblast",NA,"HALLMARK BILE ACID METABOLISM",0.432689124003382,1.23501464240385,0.350351412159123,0.00185741032422955,18,6,"scaled",0.0042863315174528
"temporal_pooled","Fibroblast","Fibroblast",NA,"HALLMARK CHOLESTEROL HOMEOSTASIS",-0.565124136363292,-1.03787909538416,0.544499006557328,0.0272965021248774,18,6,"scaled",0.0445051665079523
"temporal_pooled","Fibroblast","Fibroblast",NA,"HALLMARK COAGULATION",2.16859921039765,2.71861954290192,0.797683962825792,1.48592825938364e-05,18,6,"scaled",5.1834706722685e-05
"temporal_pooled","Fibroblast","Fibroblast",NA,"HALLMARK COMPLEMENT",4.22098222024673,2.02883131415853,2.08049934501204,0.000178311391126036,18,6,"scaled",0.000477619797659026
"temporal_pooled","Fibroblast","Fibroblast",NA,"HALLMARK DNA REPAIR",0.451766168475679,2.41221521609949,0.187282695781257,0.000445778477815091,18,6,"scaled",0.00111444619453773
"temporal_pooled","Fibroblast","Fibroblast",NA,"HALLMARK E2F TARGETS",3.92778746434871,5.27562170205878,0.744516511260827,1.48592825938364e-05,18,6,"scaled",5.1834706722685e-05
"temporal_pooled","Fibroblast","Fibroblast",NA,"HALLMARK EPITHELIAL MESENCHYMAL TRANSITION",-2.17853424350745,-2.60622777321752,0.835895567492148,2.97185651876727e-05,18,6,"scaled",9.90618839589091e-05
"temporal_pooled","Fibroblast","Fibroblast",NA,"HALLMARK ESTROGEN RESPONSE EARLY",-0.90562643243436,-1.74437480932468,0.519169634641172,0.014799845463461,18,6,"scaled",0.0258136839478971
"temporal_pooled","Fibroblast","Fibroblast",NA,"HALLMARK ESTROGEN RESPONSE LATE",-2.88838953863506,-3.34354023712713,0.863871625219876,1.48592825938364e-05,18,6,"scaled",5.1834706722685e-05
"temporal_pooled","Fibroblast","Fibroblast",NA,"HALLMARK FATTY ACID METABOLISM",0.572697058488982,0.819112604051801,0.699167679335044,0.176513417932182,18,6,"scaled",0.242908373301168
"temporal_pooled","Fibroblast","Fibroblast",NA,"HALLMARK G2M CHECKPOINT",2.24919807474557,5.67862477572814,0.396081474578,1.48592825938364e-05,18,6,"scaled",5.1834706722685e-05
"temporal_pooled","Fibroblast","Fibroblast",NA,"HALLMARK GLYCOLYSIS",-0.070908399331059,-0.130979923003026,0.541368460946652,0.820410710570894,18,6,"scaled",0.866631032293197
"temporal_pooled","Fibroblast","Fibroblast",NA,"HALLMARK HEDGEHOG SIGNALING",-1.61977103272426,-4.12428774189264,0.392739579314839,1.48592825938364e-05,18,6,"scaled",5.1834706722685e-05
"temporal_pooled","Fibroblast","Fibroblast",NA,"HALLMARK HEME METABOLISM",2.51028389378184,6.19883458394859,0.404960619578723,1.48592825938364e-05,18,6,"scaled",5.1834706722685e-05
"temporal_pooled","Fibroblast","Fibroblast",NA,"HALLMARK HYPOXIA",1.66637549763275,2.08139397257763,0.800605517065607,0.00739992273173051,18,6,"scaled",0.0137035606143158
"temporal_pooled","Fibroblast","Fibroblast",NA,"HALLMARK IL2 STAT5 SIGNALING",-0.0610942493363058,-0.127734961944655,0.478289173192667,0.922538559838331,18,6,"scaled",0.928730093796978
"temporal_pooled","Fibroblast","Fibroblast",NA,"HALLMARK IL6 JAK STAT3 SIGNALING",-1.0827463879641,-2.44573702893232,0.442707607218412,1.48592825938364e-05,18,6,"scaled",5.1834706722685e-05
"temporal_pooled","Fibroblast","Fibroblast",NA,"HALLMARK INFLAMMATORY RESPONSE",4.05053552528706,8.52879426708367,0.47492475471238,1.48592825938364e-05,18,6,"scaled",5.1834706722685e-05
"temporal_pooled","Fibroblast","Fibroblast",NA,"HALLMARK INTERFERON ALPHA RESPONSE",-0.793906600839836,-1.0698853460072,0.742048298729097,0.103554340396446,18,6,"scaled",0.149357221725643
"temporal_pooled","Fibroblast","Fibroblast",NA,"HALLMARK INTERFERON GAMMA RESPONSE",4.32933983566792,5.3507035840866,0.809115991501325,1.48592825938364e-05,18,6,"scaled",5.1834706722685e-05
"temporal_pooled","Fibroblast","Fibroblast",NA,"HALLMARK KRAS SIGNALING DN",-0.0466336582511395,-0.19413297665712,0.240215027112598,0.820410710570894,18,6,"scaled",0.866631032293197
"temporal_pooled","Fibroblast","Fibroblast",NA,"HALLMARK KRAS SIGNALING UP",4.09418975019465,3.00901035273219,1.36064329139882,1.48592825938364e-05,18,6,"scaled",5.1834706722685e-05
"temporal_pooled","Fibroblast","Fibroblast",NA,"HALLMARK MITOTIC SPINDLE",3.16020521664778,9.67437794469696,0.326657200567614,1.48592825938364e-05,18,6,"scaled",5.1834706722685e-05
"temporal_pooled","Fibroblast","Fibroblast",NA,"HALLMARK MTORC1 SIGNALING",1.67422080591853,2.47096483054836,0.677557521345614,0.000178311391126036,18,6,"scaled",0.000477619797659026
"temporal_pooled","Fibroblast","Fibroblast",NA,"HALLMARK MYC TARGETS",-1.02745381726371,-3.07564878536883,0.334060840155551,1.48592825938364e-05,18,6,"scaled",5.1834706722685e-05
"temporal_pooled","Fibroblast","Fibroblast",NA,"HALLMARK MYOGENESIS",2.17472236220927,3.78043393690044,0.575257337783905,1.48592825938364e-05,18,6,"scaled",5.1834706722685e-05
"temporal_pooled","Fibroblast","Fibroblast",NA,"HALLMARK NOTCH SIGNALING",-0.485202515339855,-1.90195656608158,0.255107042922369,0.000104014978156855,18,6,"scaled",0.000294382013651475
"temporal_pooled","Fibroblast","Fibroblast",NA,"HALLMARK OXIDATIVE PHOSPHORYLATION",-0.566714295204256,-1.96342870276456,0.288635026271292,0.000282326369282891,18,6,"scaled",0.000742964129691819
"temporal_pooled","Fibroblast","Fibroblast",NA,"HALLMARK P53 PATHWAY",3.90227148428092,4.37831852817198,0.89127171976457,1.48592825938364e-05,18,6,"scaled",5.1834706722685e-05
"temporal_pooled","Fibroblast","Fibroblast",NA,"HALLMARK PANCREAS BETA CELLS",0.0274272153996221,0.435094640224511,0.0630373552417688,0.199352135278909,18,6,"scaled",0.266989466891396
"temporal_pooled","Fibroblast","Fibroblast",NA,"HALLMARK PEROXISOME",0.367157221475359,1.33087389593746,0.275876792381397,0.014799845463461,18,6,"scaled",0.0258136839478971
"temporal_pooled","Fibroblast","Fibroblast",NA,"HALLMARK PI3K AKT MTOR SIGNALING",1.42834562500823,3.62179540177978,0.39437501751378,1.48592825938364e-05,18,6,"scaled",5.1834706722685e-05
"temporal_pooled","Fibroblast","Fibroblast",NA,"HALLMARK PROTEIN SECRETION",0.767928840079089,4.82659810909758,0.159103538915252,1.48592825938364e-05,18,6,"scaled",5.1834706722685e-05
"temporal_pooled","Fibroblast","Fibroblast",NA,"HALLMARK REACTIVE OXYGEN SPECIES PATHWAY",-0.334898798174672,-1.71058923133157,0.195779788648604,0.00251121875835835,18,6,"scaled",0.00545917121382249
"temporal_pooled","Fibroblast","Fibroblast",NA,"HALLMARK SPERMATOGENESIS",0.0947605390832545,1.04248707915717,0.0908985262051079,0.0558560432702309,18,6,"scaled",0.084630368591259
"temporal_pooled","Fibroblast","Fibroblast",NA,"HALLMARK TGF BETA SIGNALING",-0.670451198669809,-1.40795214600943,0.476188910660121,0.00185741032422955,18,6,"scaled",0.0042863315174528
"temporal_pooled","Fibroblast","Fibroblast",NA,"HALLMARK TNFA SIGNALING VIA NFKB",0.927517424845748,1.19034710211301,0.779199128724125,0.0224375167166929,18,6,"scaled",0.0373958611944882
"temporal_pooled","Fibroblast","Fibroblast",NA,"HALLMARK UNFOLDED PROTEIN RESPONSE",0.804431431236851,7.41404213639427,0.108501060074643,1.48592825938364e-05,18,6,"scaled",5.1834706722685e-05
"temporal_pooled","Fibroblast","Fibroblast",NA,"HALLMARK UV RESPONSE DN",-0.741356252215132,-2.319639072449,0.3195998295685,0.000950994086005528,18,6,"scaled",0.00230079214356176
"temporal_pooled","Fibroblast","Fibroblast",NA,"HALLMARK UV RESPONSE UP",3.09774529839798,2.9493421890567,1.05031735886461,1.48592825938364e-05,18,6,"scaled",5.1834706722685e-05
"temporal_pooled","Fibroblast","Fibroblast",NA,"HALLMARK WNT BETA CATENIN SIGNALING",1.38460780430161,2.96075443416172,0.467653712961046,5.94371303753455e-05,18,6,"scaled",0.000178311391126036
"temporal_pooled","Fibroblast","Fibroblast",NA,"HALLMARK XENOBIOTIC METABOLISM",0.159027723373522,0.457933954271769,0.34727218169794,0.626081012808702,18,6,"scaled",0.706106405423348
"temporal_pooled","Fibroblast","Fibroblast",NA,"Lysosomal Genes",0.680033316988218,0.533621516190987,1.27437387053342,0.343234568635026,18,6,"scaled",0.422009715534868
"temporal_pooled","Fibroblast","Fibroblast",NA,"HALLMARK ADIPOGENESIS",3.40503243514206,3.86741904577322,0.880440519850956,1.48592825938364e-05,18,6,"yugene",6.19136774743182e-05
"temporal_pooled","Fibroblast","Fibroblast",NA,"HALLMARK ALLOGRAFT REJECTION",2.55248663090384,3.07227597343438,0.830812938998612,1.48592825938364e-05,18,6,"yugene",6.19136774743182e-05
"temporal_pooled","Fibroblast","Fibroblast",NA,"HALLMARK ANDROGEN RESPONSE",-0.785025417886467,-3.29003201678549,0.238607227492416,1.48592825938364e-05,18,6,"yugene",6.19136774743182e-05
"temporal_pooled","Fibroblast","Fibroblast",NA,"HALLMARK ANGIOGENESIS",0.355496928106937,2.26359937319954,0.157049402078801,0.000282326369282891,18,6,"yugene",0.000799036894196861
"temporal_pooled","Fibroblast","Fibroblast",NA,"HALLMARK APICAL JUNCTION",2.86877022775717,4.69159035976209,0.611470739722179,1.48592825938364e-05,18,6,"yugene",6.19136774743182e-05
"temporal_pooled","Fibroblast","Fibroblast",NA,"HALLMARK APICAL SURFACE",0.202475241211072,2.47024561029282,0.0819656314203794,1.48592825938364e-05,18,6,"yugene",6.19136774743182e-05
"temporal_pooled","Fibroblast","Fibroblast",NA,"HALLMARK APOPTOSIS",1.92852346411686,2.65100161054132,0.727469744434847,2.97185651876727e-05,18,6,"yugene",0.00010366941344537
"temporal_pooled","Fibroblast","Fibroblast",NA,"HALLMARK BILE ACID METABOLISM",0.930799051255741,4.05989029560565,0.229267045038931,1.48592825938364e-05,18,6,"yugene",6.19136774743182e-05
"temporal_pooled","Fibroblast","Fibroblast",NA,"HALLMARK CHOLESTEROL HOMEOSTASIS",0.210264516180195,0.571725563948886,0.367771758757657,0.378124164165354,18,6,"yugene",0.436297112498485
"temporal_pooled","Fibroblast","Fibroblast",NA,"HALLMARK COAGULATION",2.29696549520565,1.98342352535408,1.1580811994229,0.0006538084341288,18,6,"yugene",0.00178311391126036
"temporal_pooled","Fibroblast","Fibroblast",NA,"HALLMARK COMPLEMENT",3.68830295322308,2.99949375374287,1.22964181826373,1.48592825938364e-05,18,6,"yugene",6.19136774743182e-05
"temporal_pooled","Fibroblast","Fibroblast",NA,"HALLMARK DNA REPAIR",0.550497189065272,1.53816790822169,0.357891479937137,0.014799845463461,18,6,"yugene",0.0281009723989766
"temporal_pooled","Fibroblast","Fibroblast",NA,"HALLMARK E2F TARGETS",1.26364359609621,4.96164562804434,0.254682355578523,1.48592825938364e-05,18,6,"yugene",6.19136774743182e-05
"temporal_pooled","Fibroblast","Fibroblast",NA,"HALLMARK EPITHELIAL MESENCHYMAL TRANSITION",2.06977371738477,5.09656320226537,0.406111655098239,1.48592825938364e-05,18,6,"yugene",6.19136774743182e-05
"temporal_pooled","Fibroblast","Fibroblast",NA,"HALLMARK ESTROGEN RESPONSE EARLY",1.86881088849389,1.19669453829979,1.56164403586985,0.014799845463461,18,6,"yugene",0.0281009723989766
"temporal_pooled","Fibroblast","Fibroblast",NA,"HALLMARK ESTROGEN RESPONSE LATE",0.102115445660129,0.168684305296344,0.605364236351054,0.721120984278879,18,6,"yugene",0.751167691957166
"temporal_pooled","Fibroblast","Fibroblast",NA,"HALLMARK FATTY ACID METABOLISM",1.91241685221996,4.79349159613049,0.398961135920995,1.48592825938364e-05,18,6,"yugene",6.19136774743182e-05
"temporal_pooled","Fibroblast","Fibroblast",NA,"HALLMARK G2M CHECKPOINT",1.28038507399965,5.9241473667895,0.216129848689692,1.48592825938364e-05,18,6,"yugene",6.19136774743182e-05
"temporal_pooled","Fibroblast","Fibroblast",NA,"HALLMARK GLYCOLYSIS",0.789838012914756,1.0583266084333,0.746308376469902,0.0558560432702309,18,6,"yugene",0.0872750676097358
"temporal_pooled","Fibroblast","Fibroblast",NA,"HALLMARK HEDGEHOG SIGNALING",-1.1947531941569,-4.26173733984794,0.280344164570106,1.48592825938364e-05,18,6,"yugene",6.19136774743182e-05
"temporal_pooled","Fibroblast","Fibroblast",NA,"HALLMARK HEME METABOLISM",2.80387472019319,6.62915495817613,0.422961107091787,1.48592825938364e-05,18,6,"yugene",6.19136774743182e-05
"temporal_pooled","Fibroblast","Fibroblast",NA,"HALLMARK HYPOXIA",0.354099729968828,0.585999565215854,0.604266199136846,0.224063122232459,18,6,"yugene",0.282432507015704
"temporal_pooled","Fibroblast","Fibroblast",NA,"HALLMARK IL2 STAT5 SIGNALING",1.57051647602706,1.8769938568627,0.83671902829352,0.000282326369282891,18,6,"yugene",0.000799036894196861
"temporal_pooled","Fibroblast","Fibroblast",NA,"HALLMARK IL6 JAK STAT3 SIGNALING",-0.283869883719982,-1.05229190914511,0.269763438503106,0.0471930815180243,18,6,"yugene",0.0753081088053579
"temporal_pooled","Fibroblast","Fibroblast",NA,"HALLMARK INFLAMMATORY RESPONSE",1.48639428585101,1.85860718342904,0.799735575706041,0.00133733543344527,18,6,"yugene",0.00323548895188373
"temporal_pooled","Fibroblast","Fibroblast",NA,"HALLMARK INTERFERON ALPHA RESPONSE",-1.14838153019531,-1.27421812081922,0.901244073861543,0.0769265059882909,18,6,"yugene",0.112028892215958
"temporal_pooled","Fibroblast","Fibroblast",NA,"HALLMARK INTERFERON GAMMA RESPONSE",4.12965267338307,3.31027873730047,1.24752415162199,1.48592825938364e-05,18,6,"yugene",6.19136774743182e-05
"temporal_pooled","Fibroblast","Fibroblast",NA,"HALLMARK KRAS SIGNALING DN",1.05529274781102,1.21616163864434,0.867724087225251,0.155636125887842,18,6,"yugene",0.204784376168213
"temporal_pooled","Fibroblast","Fibroblast",NA,"HALLMARK KRAS SIGNALING UP",1.34859590714375,0.707540659684865,1.90603308613303,0.626081012808702,18,6,"yugene",0.661353182544403
"temporal_pooled","Fibroblast","Fibroblast",NA,"HALLMARK MITOTIC SPINDLE",2.78048765237968,5.39433577003881,0.515445788121504,1.48592825938364e-05,18,6,"yugene",6.19136774743182e-05
"temporal_pooled","Fibroblast","Fibroblast",NA,"HALLMARK MTORC1 SIGNALING",0.604105531015526,0.799392059544684,0.755706194229163,0.0395702695473863,18,6,"yugene",0.0674493230921357
"temporal_pooled","Fibroblast","Fibroblast",NA,"HALLMARK MYC TARGETS",-0.0772348165177694,-0.216371263002012,0.356955056998725,0.536583553746025,18,6,"yugene",0.57491095044217
"temporal_pooled","Fibroblast","Fibroblast",NA,"HALLMARK MYOGENESIS",1.90008422575552,1.79180493881319,1.06043028713497,1.48592825938364e-05,18,6,"yugene",6.19136774743182e-05
"temporal_pooled","Fibroblast","Fibroblast",NA,"HALLMARK NOTCH SIGNALING",-0.176019089374719,-0.857899058891415,0.205174591987748,0.0657671847603198,18,6,"yugene",0.0967164481769408
"temporal_pooled","Fibroblast","Fibroblast",NA,"HALLMARK OXIDATIVE PHOSPHORYLATION",0.192298849919224,0.611662339367567,0.3143872649051,0.155636125887842,18,6,"yugene",0.204784376168213
"temporal_pooled","Fibroblast","Fibroblast",NA,"HALLMARK P53 PATHWAY",5.93687968087863,5.27909389141399,1.12460202508133,1.48592825938364e-05,18,6,"yugene",6.19136774743182e-05
"temporal_pooled","Fibroblast","Fibroblast",NA,"HALLMARK PANCREAS BETA CELLS",0.0773116143808349,1.48932164532559,0.0519106229493721,0.00133733543344527,18,6,"yugene",0.00323548895188373
"temporal_pooled","Fibroblast","Fibroblast",NA,"HALLMARK PEROXISOME",0.675764827765879,1.56974349789784,0.430493790017824,0.00251121875835835,18,6,"yugene",0.00588566896490238
"temporal_pooled","Fibroblast","Fibroblast",NA,"HALLMARK PI3K AKT MTOR SIGNALING",0.173828048817783,1.14265494351908,0.152126457600961,0.014799845463461,18,6,"yugene",0.0281009723989766
"temporal_pooled","Fibroblast","Fibroblast",NA,"HALLMARK PROTEIN SECRETION",0.37175083064982,3.10769865195169,0.119622547834988,2.97185651876727e-05,18,6,"yugene",0.00010366941344537
"temporal_pooled","Fibroblast","Fibroblast",NA,"HALLMARK REACTIVE OXYGEN SPECIES PATHWAY",0.0544736073652049,0.873718839840129,0.0623468384579785,0.0471930815180243,18,6,"yugene",0.0753081088053579
"temporal_pooled","Fibroblast","Fibroblast",NA,"HALLMARK SPERMATOGENESIS",0.285296485288591,1.98073936190843,0.144035349009124,0.000178311391126036,18,6,"yugene",0.000545851197324601
"temporal_pooled","Fibroblast","Fibroblast",NA,"HALLMARK TGF BETA SIGNALING",-1.1867236263458,-2.78199962311825,0.426572173656745,1.48592825938364e-05,18,6,"yugene",6.19136774743182e-05
"temporal_pooled","Fibroblast","Fibroblast",NA,"HALLMARK TNFA SIGNALING VIA NFKB",1.92388568992045,1.80429729102841,1.06627976414235,0.000445778477815091,18,6,"yugene",0.00123827354948636
"temporal_pooled","Fibroblast","Fibroblast",NA,"HALLMARK UNFOLDED PROTEIN RESPONSE",-0.433252354759923,-3.25110912530227,0.13326293829637,1.48592825938364e-05,18,6,"yugene",6.19136774743182e-05
"temporal_pooled","Fibroblast","Fibroblast",NA,"HALLMARK UV RESPONSE DN",0.594453068236186,0.777470451419222,0.764598920963557,0.176513417932182,18,6,"yugene",0.228250109395063
"temporal_pooled","Fibroblast","Fibroblast",NA,"HALLMARK UV RESPONSE UP",3.0539519063737,2.37849772965899,1.28398352804464,1.48592825938364e-05,18,6,"yugene",6.19136774743182e-05
"temporal_pooled","Fibroblast","Fibroblast",NA,"HALLMARK WNT BETA CATENIN SIGNALING",0.0796770122478137,0.39168678550009,0.203420220434767,0.453683616155012,18,6,"yugene",0.50038634134744
"temporal_pooled","Fibroblast","Fibroblast",NA,"HALLMARK XENOBIOTIC METABOLISM",2.28001506789257,2.42943351944519,0.938496587637952,1.48592825938364e-05,18,6,"yugene",6.19136774743182e-05
"temporal_pooled","Fibroblast","Fibroblast",NA,"Lysosomal Genes",2.53639440883177,2.91883197893565,0.868975818798816,1.48592825938364e-05,18,6,"yugene",6.19136774743182e-05
"temporal_pooled","Keratinocyte","Keratinocyte",NA,"HALLMARK ADIPOGENESIS",2.43024654734493,3.45091895938096,0.704231706380283,1.48592825938364e-05,18,6,"scaled",5.1834706722685e-05
"temporal_pooled","Keratinocyte","Keratinocyte",NA,"HALLMARK ALLOGRAFT REJECTION",2.91552107018707,0.777728926534828,3.74876254529605,0.224063122232459,18,6,"scaled",0.292256246390163
"temporal_pooled","Keratinocyte","Keratinocyte",NA,"HALLMARK ANDROGEN RESPONSE",0.580402615555259,0.577905525252546,1.00432093169835,0.343234568635026,18,6,"scaled",0.422009715534868
"temporal_pooled","Keratinocyte","Keratinocyte",NA,"HALLMARK ANGIOGENESIS",3.53674906840794,1.05358198878011,3.35688072316325,0.0330024666409106,18,6,"scaled",0.0526635105971977
"temporal_pooled","Keratinocyte","Keratinocyte",NA,"HALLMARK APICAL JUNCTION",4.45424987963346,1.92409526590207,2.31498406475481,0.00185741032422955,18,6,"scaled",0.0042863315174528
"temporal_pooled","Keratinocyte","Keratinocyte",NA,"HALLMARK APICAL SURFACE",-0.64340478303088,-1.85082641741743,0.347631078190823,0.00251121875835835,18,6,"scaled",0.00545917121382249
"temporal_pooled","Keratinocyte","Keratinocyte",NA,"HALLMARK APOPTOSIS",0.23472141780913,0.180038813221168,1.30372675541239,0.871170019911439,18,6,"scaled",0.907468770741082
"temporal_pooled","Keratinocyte","Keratinocyte",NA,"HALLMARK BILE ACID METABOLISM",1.01794016428351,1.11515089760144,0.912827283260936,0.0395702695473863,18,6,"scaled",0.0624793729695572
"temporal_pooled","Keratinocyte","Keratinocyte",NA,"HALLMARK CHOLESTEROL HOMEOSTASIS",1.43479442463118,2.57655288151848,0.556865894320628,0.000104014978156855,18,6,"scaled",0.000294382013651475
"temporal_pooled","Keratinocyte","Keratinocyte",NA,"HALLMARK COAGULATION",2.15103429543092,0.937360309504142,2.2947785111243,0.224063122232459,18,6,"scaled",0.292256246390163
"temporal_pooled","Keratinocyte","Keratinocyte",NA,"HALLMARK COMPLEMENT",3.82213704468445,1.90765733170172,2.00357631382096,0.00739992273173051,18,6,"scaled",0.0137035606143158
"temporal_pooled","Keratinocyte","Keratinocyte",NA,"HALLMARK DNA REPAIR",-0.155214939742402,-0.300875774885827,0.515877158276706,0.580522452375999,18,6,"scaled",0.659684604972727
"temporal_pooled","Keratinocyte","Keratinocyte",NA,"HALLMARK E2F TARGETS",3.05875283586782,4.18487811640971,0.730906074390521,1.48592825938364e-05,18,6,"scaled",5.1834706722685e-05
"temporal_pooled","Keratinocyte","Keratinocyte",NA,"HALLMARK EPITHELIAL MESENCHYMAL TRANSITION",5.33763033522028,1.07890177562901,4.94728107394982,0.0471930815180243,18,6,"scaled",0.0729789920381819
"temporal_pooled","Keratinocyte","Keratinocyte",NA,"HALLMARK ESTROGEN RESPONSE EARLY",-1.52247957457955,-0.989179969055249,1.53913304171904,0.453683616155012,18,6,"scaled",0.544420339386014
"temporal_pooled","Keratinocyte","Keratinocyte",NA,"HALLMARK ESTROGEN RESPONSE LATE",-1.23616028925747,-1.24324448632291,0.994301847188241,0.00739992273173051,18,6,"scaled",0.0137035606143158
"temporal_pooled","Keratinocyte","Keratinocyte",NA,"HALLMARK FATTY ACID METABOLISM",1.26724071125197,1.23173670562139,1.02882434652515,0.00739992273173051,18,6,"scaled",0.0137035606143158
"temporal_pooled","Keratinocyte","Keratinocyte",NA,"HALLMARK G2M CHECKPOINT",2.54068426626813,3.90577170943008,0.650494820302455,1.48592825938364e-05,18,6,"scaled",5.1834706722685e-05
"temporal_pooled","Keratinocyte","Keratinocyte",NA,"HALLMARK GLYCOLYSIS",0.221518782082505,0.189353928042653,1.1698663152771,0.922538559838331,18,6,"scaled",0.928730093796978
"temporal_pooled","Keratinocyte","Keratinocyte",NA,"HALLMARK HEDGEHOG SIGNALING",-0.45697288656556,-1.06372864496881,0.429595356604278,0.014799845463461,18,6,"scaled",0.0258136839478971
"temporal_pooled","Keratinocyte","Keratinocyte",NA,"HALLMARK HEME METABOLISM",1.4244649381543,2.56777964690321,0.55474578586688,2.97185651876727e-05,18,6,"scaled",9.90618839589091e-05
"temporal_pooled","Keratinocyte","Keratinocyte",NA,"HALLMARK HYPOXIA",0.868614152385544,0.396024730261482,2.19333310778856,0.494204879788404,18,6,"scaled",0.583706550931186
"temporal_pooled","Keratinocyte","Keratinocyte",NA,"HALLMARK IL2 STAT5 SIGNALING",0.204882504524521,0.369759920503979,0.554096031406724,0.536583553746025,18,6,"scaled",0.619134869706952
"temporal_pooled","Keratinocyte","Keratinocyte",NA,"HALLMARK IL6 JAK STAT3 SIGNALING",-0.297436330293055,-1.23368319619124,0.241096199746688,0.0895271776278641,18,6,"scaled",0.132961154892868
"temporal_pooled","Keratinocyte","Keratinocyte",NA,"HALLMARK INFLAMMATORY RESPONSE",3.30506119078834,1.71410574304305,1.92815478520063,0.00251121875835835,18,6,"scaled",0.00545917121382249
"temporal_pooled","Keratinocyte","Keratinocyte",NA,"HALLMARK INTERFERON ALPHA RESPONSE",0.283713554793832,0.179626316814568,1.57946541367162,0.922538559838331,18,6,"scaled",0.928730093796978
"temporal_pooled","Keratinocyte","Keratinocyte",NA,"HALLMARK INTERFERON GAMMA RESPONSE",2.43387713526852,0.903614743676294,2.69348984431846,0.103554340396446,18,6,"scaled",0.149357221725643
"temporal_pooled","Keratinocyte","Keratinocyte",NA,"HALLMARK KRAS SIGNALING DN",-0.0692394198515947,-0.0865155590439803,0.800311766076629,0.580522452375999,18,6,"scaled",0.659684604972727
"temporal_pooled","Keratinocyte","Keratinocyte",NA,"HALLMARK KRAS SIGNALING UP",4.26434731960936,1.15999188562535,3.67618719790479,0.250869268031739,18,6,"scaled",0.321627266707358
"temporal_pooled","Keratinocyte","Keratinocyte",NA,"HALLMARK MITOTIC SPINDLE",2.19874983570682,2.77347474076282,0.792778028006151,0.000104014978156855,18,6,"scaled",0.000294382013651475
"temporal_pooled","Keratinocyte","Keratinocyte",NA,"HALLMARK MTORC1 SIGNALING",2.46076393771139,2.44971255626124,1.00451129722216,1.48592825938364e-05,18,6,"scaled",5.1834706722685e-05
"temporal_pooled","Keratinocyte","Keratinocyte",NA,"HALLMARK MYC TARGETS",-1.09691967206799,-1.09135670507601,1.00509729492302,0.0330024666409106,18,6,"scaled",0.0526635105971977
"temporal_pooled","Keratinocyte","Keratinocyte",NA,"HALLMARK MYOGENESIS",6.47746162218871,2.30206449586686,2.81376200963021,0.0006538084341288,18,6,"scaled",0.00160772565769377
"temporal_pooled","Keratinocyte","Keratinocyte",NA,"HALLMARK NOTCH SIGNALING",-0.00477179293125232,-0.0117408275436611,0.406427307913965,0.820410710570894,18,6,"scaled",0.866631032293197
"temporal_pooled","Keratinocyte","Keratinocyte",NA,"HALLMARK OXIDATIVE PHOSPHORYLATION",-0.583635542338525,-2.11613079310934,0.275803151789573,0.000178311391126036,18,6,"scaled",0.000477619797659026
"temporal_pooled","Keratinocyte","Keratinocyte",NA,"HALLMARK P53 PATHWAY",2.04877451417402,4.02739117711281,0.508710086523745,1.48592825938364e-05,18,6,"scaled",5.1834706722685e-05
"temporal_pooled","Keratinocyte","Keratinocyte",NA,"HALLMARK PANCREAS BETA CELLS",-0.0128641581473071,-0.0701387019882965,0.183410268263214,0.820410710570894,18,6,"scaled",0.866631032293197
"temporal_pooled","Keratinocyte","Keratinocyte",NA,"HALLMARK PEROXISOME",1.17889738359691,1.41980781804224,0.830321800328219,0.00337305714880086,18,6,"scaled",0.00693093934685107
"temporal_pooled","Keratinocyte","Keratinocyte",NA,"HALLMARK PI3K AKT MTOR SIGNALING",1.0769661878842,2.33622656493328,0.460985335947052,1.48592825938364e-05,18,6,"scaled",5.1834706722685e-05
"temporal_pooled","Keratinocyte","Keratinocyte",NA,"HALLMARK PROTEIN SECRETION",0.252547924126129,1.05289755396948,0.239859921009418,0.0471930815180243,18,6,"scaled",0.0729789920381819
"temporal_pooled","Keratinocyte","Keratinocyte",NA,"HALLMARK REACTIVE OXYGEN SPECIES PATHWAY",-0.0399109226759798,-0.436253270105569,0.0914856699327934,0.279592261285625,18,6,"scaled",0.352427220107931
"temporal_pooled","Keratinocyte","Keratinocyte",NA,"HALLMARK SPERMATOGENESIS",0.287070348348657,1.68359474222518,0.170510361638004,0.00251121875835835,18,6,"scaled",0.00545917121382249
"temporal_pooled","Keratinocyte","Keratinocyte",NA,"HALLMARK TGF BETA SIGNALING",-0.323083297491947,-0.499068275789069,0.647372941069286,0.224063122232459,18,6,"scaled",0.292256246390163
"temporal_pooled","Keratinocyte","Keratinocyte",NA,"HALLMARK TNFA SIGNALING VIA NFKB",1.26555701061679,0.587879458664331,2.15274915965281,0.414886029302505,18,6,"scaled",0.501878261253031
"temporal_pooled","Keratinocyte","Keratinocyte",NA,"HALLMARK UNFOLDED PROTEIN RESPONSE",0.0299024841594261,0.185660412326469,0.161060097759801,0.871170019911439,18,6,"scaled",0.907468770741082
"temporal_pooled","Keratinocyte","Keratinocyte",NA,"HALLMARK UV RESPONSE DN",-0.0801331619842511,-0.0306973379337835,2.6104270721163,0.974100270438943,18,6,"scaled",0.974100270438943
"temporal_pooled","Keratinocyte","Keratinocyte",NA,"HALLMARK UV RESPONSE UP",1.63305349357165,1.21554808198717,1.34347091470207,0.0272965021248774,18,6,"scaled",0.0445051665079523
"temporal_pooled","Keratinocyte","Keratinocyte",NA,"HALLMARK WNT BETA CATENIN SIGNALING",-0.329593058476853,-0.68648821098321,0.480114666506508,0.199352135278909,18,6,"scaled",0.266989466891396
"temporal_pooled","Keratinocyte","Keratinocyte",NA,"HALLMARK XENOBIOTIC METABOLISM",0.0529981660622137,0.0459851450502659,1.15250622791952,0.770260631816696,18,6,"scaled",0.843351056733609
"temporal_pooled","Keratinocyte","Keratinocyte",NA,"Lysosomal Genes",-0.652934329242321,-0.381981982223384,1.70933279481356,0.536583553746025,18,6,"scaled",0.619134869706952
"temporal_pooled","Keratinocyte","Keratinocyte",NA,"HALLMARK ADIPOGENESIS",3.0216616099491,3.48308843990618,0.867523653815258,1.48592825938364e-05,18,6,"yugene",6.19136774743182e-05
"temporal_pooled","Keratinocyte","Keratinocyte",NA,"HALLMARK ALLOGRAFT REJECTION",2.12317742076101,0.559873504474449,3.79224486208545,0.250869268031739,18,6,"yugene",0.308445821350499
"temporal_pooled","Keratinocyte","Keratinocyte",NA,"HALLMARK ANDROGEN RESPONSE",0.675336543711361,0.728667539843884,0.926810248547714,0.176513417932182,18,6,"yugene",0.228250109395063
"temporal_pooled","Keratinocyte","Keratinocyte",NA,"HALLMARK ANGIOGENESIS",0.381206184000447,0.803480501514699,0.474443602902383,0.378124164165354,18,6,"yugene",0.436297112498485
"temporal_pooled","Keratinocyte","Keratinocyte",NA,"HALLMARK APICAL JUNCTION",2.5621410588675,1.48786468242351,1.72202559085827,0.00576540164640851,18,6,"yugene",0.0121804260135391
"temporal_pooled","Keratinocyte","Keratinocyte",NA,"HALLMARK APICAL SURFACE",-0.432885792787368,-2.1358670076808,0.202674506994427,5.94371303753455e-05,18,6,"yugene",0.000198123767917818
"temporal_pooled","Keratinocyte","Keratinocyte",NA,"HALLMARK APOPTOSIS",-0.37521329738717,-0.550544302258407,0.681531524071714,0.310440131950429,18,6,"yugene",0.375532417681971
"temporal_pooled","Keratinocyte","Keratinocyte",NA,"HALLMARK BILE ACID METABOLISM",0.477711149580775,0.87534951787051,0.545737605183033,0.103554340396446,18,6,"yugene",0.145169636069784
"temporal_pooled","Keratinocyte","Keratinocyte",NA,"HALLMARK CHOLESTEROL HOMEOSTASIS",1.18670830132938,2.46416915746318,0.481585567182032,2.97185651876727e-05,18,6,"yugene",0.00010366941344537
"temporal_pooled","Keratinocyte","Keratinocyte",NA,"HALLMARK COAGULATION",1.84112344915631,1.4247001491317,1.29228838101716,0.0471930815180243,18,6,"yugene",0.0753081088053579
"temporal_pooled","Keratinocyte","Keratinocyte",NA,"HALLMARK COMPLEMENT",3.56502196641113,2.38885599094602,1.49235532820852,0.000950994086005528,18,6,"yugene",0.0024594674638074
"temporal_pooled","Keratinocyte","Keratinocyte",NA,"HALLMARK DNA REPAIR",0.159178044747864,0.302578128369303,0.526072540688017,0.536583553746025,18,6,"yugene",0.57491095044217
"temporal_pooled","Keratinocyte","Keratinocyte",NA,"HALLMARK E2F TARGETS",1.57339212352369,4.07562492173023,0.386049293970785,1.48592825938364e-05,18,6,"yugene",6.19136774743182e-05
"temporal_pooled","Keratinocyte","Keratinocyte",NA,"HALLMARK EPITHELIAL MESENCHYMAL TRANSITION",4.44682124969582,0.9984183218904,4.45386583178505,0.0657671847603198,18,6,"yugene",0.0967164481769408
"temporal_pooled","Keratinocyte","Keratinocyte",NA,"HALLMARK ESTROGEN RESPONSE EARLY",1.20631063052929,0.559374735724798,2.15653398962725,0.414886029302505,18,6,"yugene",0.460984477002784
"temporal_pooled","Keratinocyte","Keratinocyte",NA,"HALLMARK ESTROGEN RESPONSE LATE",0.0180222096803654,0.0137969874960649,1.30624237251107,1,18,6,"yugene",1
"temporal_pooled","Keratinocyte","Keratinocyte",NA,"HALLMARK FATTY ACID METABOLISM",1.05284375227174,1.65531469667852,0.636038424829029,0.00251121875835835,18,6,"yugene",0.00588566896490238
"temporal_pooled","Keratinocyte","Keratinocyte",NA,"HALLMARK G2M CHECKPOINT",1.40707696088324,3.32525541195848,0.423148536447163,5.94371303753455e-05,18,6,"yugene",0.000198123767917818
"temporal_pooled","Keratinocyte","Keratinocyte",NA,"HALLMARK GLYCOLYSIS",0.239634958553358,0.164241612766346,1.45903924417905,0.310440131950429,18,6,"yugene",0.375532417681971
"temporal_pooled","Keratinocyte","Keratinocyte",NA,"HALLMARK HEDGEHOG SIGNALING",-0.60901765612355,-1.46427311833847,0.415918074638022,0.0118428482272876,18,6,"yugene",0.0233740425538571
"temporal_pooled","Keratinocyte","Keratinocyte",NA,"HALLMARK HEME METABOLISM",1.5253403221107,2.06585924721158,0.738356363905018,0.00133733543344527,18,6,"yugene",0.00323548895188373
"temporal_pooled","Keratinocyte","Keratinocyte",NA,"HALLMARK HYPOXIA",0.59980199406345,0.354685743649562,1.6910800752569,0.119245742815537,18,6,"yugene",0.164099646076427
"temporal_pooled","Keratinocyte","Keratinocyte",NA,"HALLMARK IL2 STAT5 SIGNALING",0.0842867006730842,0.0743578937552223,1.13352727486535,0.343234568635026,18,6,"yugene",0.405395159805149
"temporal_pooled","Keratinocyte","Keratinocyte",NA,"HALLMARK IL6 JAK STAT3 SIGNALING",-0.101227830549129,-0.684176127738239,0.147955806180741,0.155636125887842,18,6,"yugene",0.204784376168213
"temporal_pooled","Keratinocyte","Keratinocyte",NA,"HALLMARK INFLAMMATORY RESPONSE",1.18163274808275,0.631731486268326,1.87046676280571,0.250869268031739,18,6,"yugene",0.308445821350499
"temporal_pooled","Keratinocyte","Keratinocyte",NA,"HALLMARK INTERFERON ALPHA RESPONSE",1.33474083492281,0.743188327926174,1.79596582019437,0.119245742815537,18,6,"yugene",0.164099646076427
"temporal_pooled","Keratinocyte","Keratinocyte",NA,"HALLMARK INTERFERON GAMMA RESPONSE",2.18628137302592,1.10255239783304,1.98292741217819,0.0395702695473863,18,6,"yugene",0.0674493230921357
"temporal_pooled","Keratinocyte","Keratinocyte",NA,"HALLMARK KRAS SIGNALING DN",-0.0503830576061541,-0.0969352637105993,0.519759844637891,0.770260631816696,18,6,"yugene",0.796821343258651
"temporal_pooled","Keratinocyte","Keratinocyte",NA,"HALLMARK KRAS SIGNALING UP",3.77837811850302,1.14780770558997,3.29182153082076,0.0657671847603198,18,6,"yugene",0.0967164481769408
"temporal_pooled","Keratinocyte","Keratinocyte",NA,"HALLMARK MITOTIC SPINDLE",1.97709454834699,2.10000694023447,0.941470483010045,0.00337305714880086,18,6,"yugene",0.00744056724000189
"temporal_pooled","Keratinocyte","Keratinocyte",NA,"HALLMARK MTORC1 SIGNALING",1.78728593387488,2.11150000607183,0.846453198548597,0.00337305714880086,18,6,"yugene",0.00744056724000189
"temporal_pooled","Keratinocyte","Keratinocyte",NA,"HALLMARK MYC TARGETS",-1.35612544803332,-1.2160472206952,1.11519143743286,0.0182769175904187,18,6,"yugene",0.0338461436859606
"temporal_pooled","Keratinocyte","Keratinocyte",NA,"HALLMARK MYOGENESIS",2.5408526288896,2.05838664736494,1.23439035719664,0.00133733543344527,18,6,"yugene",0.00323548895188373
"temporal_pooled","Keratinocyte","Keratinocyte",NA,"HALLMARK NOTCH SIGNALING",-0.181432592233656,-0.755991893293731,0.239992774847339,0.103554340396446,18,6,"yugene",0.145169636069784
"temporal_pooled","Keratinocyte","Keratinocyte",NA,"HALLMARK OXIDATIVE PHOSPHORYLATION",-0.526769189087046,-1.09356933088062,0.481697112576167,0.0182769175904187,18,6,"yugene",0.0338461436859606
"temporal_pooled","Keratinocyte","Keratinocyte",NA,"HALLMARK P53 PATHWAY",1.02055503128294,0.781827824965869,1.30534498606198,0.103554340396446,18,6,"yugene",0.145169636069784
"temporal_pooled","Keratinocyte","Keratinocyte",NA,"HALLMARK PANCREAS BETA CELLS",-0.0292862809032516,-0.516737142007121,0.0566753935850194,0.378124164165354,18,6,"yugene",0.436297112498485
"temporal_pooled","Keratinocyte","Keratinocyte",NA,"HALLMARK PEROXISOME",0.574136640853692,1.57045362861337,0.365586497043294,0.000950994086005528,18,6,"yugene",0.0024594674638074
"temporal_pooled","Keratinocyte","Keratinocyte",NA,"HALLMARK PI3K AKT MTOR SIGNALING",0.254391789223496,1.75383950639563,0.145048499760565,0.0272965021248774,18,6,"yugene",0.0476101781247862
"temporal_pooled","Keratinocyte","Keratinocyte",NA,"HALLMARK PROTEIN SECRETION",0.175448557038056,0.705660136395443,0.2486303930023,0.0657671847603198,18,6,"yugene",0.0967164481769408
"temporal_pooled","Keratinocyte","Keratinocyte",NA,"HALLMARK REACTIVE OXYGEN SPECIES PATHWAY",-0.241792284834126,-0.467369024032034,0.517347689729548,0.626081012808702,18,6,"yugene",0.661353182544403
"temporal_pooled","Keratinocyte","Keratinocyte",NA,"HALLMARK SPERMATOGENESIS",0.202797387597642,1.13048802842465,0.179389239424537,0.0272965021248774,18,6,"yugene",0.0476101781247862
"temporal_pooled","Keratinocyte","Keratinocyte",NA,"HALLMARK TGF BETA SIGNALING",-0.315649169237307,-1.77997328975085,0.177333654979447,0.00942078516449226,18,6,"yugene",0.0196266357593589
"temporal_pooled","Keratinocyte","Keratinocyte",NA,"HALLMARK TNFA SIGNALING VIA NFKB",0.388503957462764,0.224254513399121,1.73242425124045,0.974100270438943,18,6,"yugene",0.980637856146587
"temporal_pooled","Keratinocyte","Keratinocyte",NA,"HALLMARK UNFOLDED PROTEIN RESPONSE",-0.1688916811526,-0.490518123487593,0.344312825694956,0.250869268031739,18,6,"yugene",0.308445821350499
"temporal_pooled","Keratinocyte","Keratinocyte",NA,"HALLMARK UV RESPONSE DN",-0.670531581727574,-0.475872525003545,1.40905714555085,0.721120984278879,18,6,"yugene",0.751167691957166
"temporal_pooled","Keratinocyte","Keratinocyte",NA,"HALLMARK UV RESPONSE UP",2.13667038773471,1.64504087590003,1.29885549899524,0.00442806621296324,18,6,"yugene",0.00948871331349265
"temporal_pooled","Keratinocyte","Keratinocyte",NA,"HALLMARK WNT BETA CATENIN SIGNALING",-0.261718623147756,-1.06876625804051,0.244879197091789,0.0471930815180243,18,6,"yugene",0.0753081088053579
"temporal_pooled","Keratinocyte","Keratinocyte",NA,"HALLMARK XENOBIOTIC METABOLISM",1.02878576741017,0.491225019931999,2.09432688822036,0.922538559838331,18,6,"yugene",0.935005297133444
"temporal_pooled","Keratinocyte","Keratinocyte",NA,"Lysosomal Genes",1.01332548798548,0.70680242132104,1.43367574504278,0.136527088472169,18,6,"yugene",0.186173302462048
"temporal_pooled","Melanocyte","Melanocyte",NA,"HALLMARK ADIPOGENESIS",-3.3930949116939,-4.19925085872371,0.808023865648543,1.48592825938364e-05,18,6,"scaled",5.1834706722685e-05
"temporal_pooled","Melanocyte","Melanocyte",NA,"HALLMARK ALLOGRAFT REJECTION",0.194155184042278,0.169018155420308,1.14872383714909,0.770260631816696,18,6,"scaled",0.843351056733609
"temporal_pooled","Melanocyte","Melanocyte",NA,"HALLMARK ANDROGEN RESPONSE",-0.236660277344374,-0.516330307641997,0.458350543908928,0.770260631816696,18,6,"scaled",0.843351056733609
"temporal_pooled","Melanocyte","Melanocyte",NA,"HALLMARK ANGIOGENESIS",-2.25805741921576,-1.30466929553589,1.73075079404568,0.00942078516449226,18,6,"scaled",0.0172331435935834
"temporal_pooled","Melanocyte","Melanocyte",NA,"HALLMARK APICAL JUNCTION",-1.61846236209152,-1.49171411443097,1.08496818957089,0.0182769175904187,18,6,"scaled",0.0311538368018501
"temporal_pooled","Melanocyte","Melanocyte",NA,"HALLMARK APICAL SURFACE",-0.484394453725806,-2.58958703254875,0.187054710900776,5.94371303753455e-05,18,6,"scaled",0.000178311391126036
"temporal_pooled","Melanocyte","Melanocyte",NA,"HALLMARK APOPTOSIS",4.97153367714789,4.25030574205396,1.16968848333847,1.48592825938364e-05,18,6,"scaled",5.1834706722685e-05
"temporal_pooled","Melanocyte","Melanocyte",NA,"HALLMARK BILE ACID METABOLISM",-1.15759624662675,-1.64743076228904,0.702667616220978,0.00337305714880086,18,6,"scaled",0.00693093934685107
"temporal_pooled","Melanocyte","Melanocyte",NA,"HALLMARK CHOLESTEROL HOMEOSTASIS",-0.306636037222951,-0.717799127023717,0.427189203328217,0.155636125887842,18,6,"scaled",0.216161285955336
"temporal_pooled","Melanocyte","Melanocyte",NA,"HALLMARK COAGULATION",0.603375006100411,0.61835868406771,0.975768630160198,0.199352135278909,18,6,"scaled",0.266989466891396
"temporal_pooled","Melanocyte","Melanocyte",NA,"HALLMARK COMPLEMENT",1.04469021117566,2.64340052726618,0.395206931526221,5.94371303753455e-05,18,6,"scaled",0.000178311391126036
"temporal_pooled","Melanocyte","Melanocyte",NA,"HALLMARK DNA REPAIR",0.401051371359565,1.10540234774229,0.362810312623893,0.0657671847603198,18,6,"scaled",0.0986507771404797
"temporal_pooled","Melanocyte","Melanocyte",NA,"HALLMARK E2F TARGETS",3.22952437920756,4.7328736818138,0.682360146567422,1.48592825938364e-05,18,6,"scaled",5.1834706722685e-05
"temporal_pooled","Melanocyte","Melanocyte",NA,"HALLMARK EPITHELIAL MESENCHYMAL TRANSITION",-2.6717805226015,-1.22308721641578,2.18445625687354,0.00576540164640851,18,6,"scaled",0.0113790821968589
"temporal_pooled","Melanocyte","Melanocyte",NA,"HALLMARK ESTROGEN RESPONSE EARLY",2.00163675616697,3.42576880637869,0.584288336223968,1.48592825938364e-05,18,6,"scaled",5.1834706722685e-05
"temporal_pooled","Melanocyte","Melanocyte",NA,"HALLMARK ESTROGEN RESPONSE LATE",0.845737424541298,2.21984968591353,0.380988600222836,0.000445778477815091,18,6,"scaled",0.00111444619453773
"temporal_pooled","Melanocyte","Melanocyte",NA,"HALLMARK FATTY ACID METABOLISM",-0.312181605528516,-1.0276940284399,0.303769017712818,0.0558560432702309,18,6,"scaled",0.084630368591259
"temporal_pooled","Melanocyte","Melanocyte",NA,"HALLMARK G2M CHECKPOINT",-0.825669344943726,-0.659220547099896,1.25249334016679,0.155636125887842,18,6,"scaled",0.216161285955336
"temporal_pooled","Melanocyte","Melanocyte",NA,"HALLMARK GLYCOLYSIS",-0.910282473657869,-1.55443584088044,0.585603117039737,0.00576540164640851,18,6,"scaled",0.0113790821968589
"temporal_pooled","Melanocyte","Melanocyte",NA,"HALLMARK HEDGEHOG SIGNALING",-0.556619526471398,-1.46540996444382,0.379838775480592,0.00739992273173051,18,6,"scaled",0.0137035606143158
"temporal_pooled","Melanocyte","Melanocyte",NA,"HALLMARK HEME METABOLISM",-0.331175586491631,-0.654221324594056,0.506213377708416,0.536583553746025,18,6,"scaled",0.619134869706952
"temporal_pooled","Melanocyte","Melanocyte",NA,"HALLMARK HYPOXIA",7.716504687493,5.07610293956516,1.52016316047248,1.48592825938364e-05,18,6,"scaled",5.1834706722685e-05
"temporal_pooled","Melanocyte","Melanocyte",NA,"HALLMARK IL2 STAT5 SIGNALING",0.941572358096444,1.19121921843845,0.790427440660951,0.0182769175904187,18,6,"scaled",0.0311538368018501
"temporal_pooled","Melanocyte","Melanocyte",NA,"HALLMARK IL6 JAK STAT3 SIGNALING",-0.245856763893881,-0.648137037957568,0.379328366526673,0.155636125887842,18,6,"scaled",0.216161285955336
"temporal_pooled","Melanocyte","Melanocyte",NA,"HALLMARK INFLAMMATORY RESPONSE",4.21372393449905,5.94646394574109,0.708610019828164,1.48592825938364e-05,18,6,"scaled",5.1834706722685e-05
"temporal_pooled","Melanocyte","Melanocyte",NA,"HALLMARK INTERFERON ALPHA RESPONSE",-5.78878496119421,-10.3598465351532,0.558771304338496,1.48592825938364e-05,18,6,"scaled",5.1834706722685e-05
"temporal_pooled","Melanocyte","Melanocyte",NA,"HALLMARK INTERFERON GAMMA RESPONSE",-1.2813993003817,-1.9546907296061,0.655550917070098,0.000445778477815091,18,6,"scaled",0.00111444619453773
"temporal_pooled","Melanocyte","Melanocyte",NA,"HALLMARK KRAS SIGNALING DN",2.97870605240312,3.81827711551703,0.780117828613855,1.48592825938364e-05,18,6,"scaled",5.1834706722685e-05
"temporal_pooled","Melanocyte","Melanocyte",NA,"HALLMARK KRAS SIGNALING UP",0.884048038392089,0.637307632167657,1.38716060152175,0.672917471544474,18,6,"scaled",0.753265826355754
"temporal_pooled","Melanocyte","Melanocyte",NA,"HALLMARK MITOTIC SPINDLE",-0.254679429010341,-0.374739539965929,0.67961717899717,0.922538559838331,18,6,"scaled",0.928730093796978
"temporal_pooled","Melanocyte","Melanocyte",NA,"HALLMARK MTORC1 SIGNALING",5.19992912864754,9.02138833820513,0.576400098710539,1.48592825938364e-05,18,6,"scaled",5.1834706722685e-05
"temporal_pooled","Melanocyte","Melanocyte",NA,"HALLMARK MYC TARGETS",1.22408635413553,3.43332362392169,0.356531014322887,1.48592825938364e-05,18,6,"scaled",5.1834706722685e-05
"temporal_pooled","Melanocyte","Melanocyte",NA,"HALLMARK MYOGENESIS",-1.33209143716136,-0.800397397646828,1.66428756649849,0.103554340396446,18,6,"scaled",0.149357221725643
"temporal_pooled","Melanocyte","Melanocyte",NA,"HALLMARK NOTCH SIGNALING",-0.0989820893211513,-0.394844198235147,0.250686447372346,0.378124164165354,18,6,"scaled",0.461127029469944
"temporal_pooled","Melanocyte","Melanocyte",NA,"HALLMARK OXIDATIVE PHOSPHORYLATION",-0.779660457194205,-1.5579749559149,0.500431957673133,0.00576540164640851,18,6,"scaled",0.0113790821968589
"temporal_pooled","Melanocyte","Melanocyte",NA,"HALLMARK P53 PATHWAY",7.45650943320813,7.07736150175769,1.05357193233047,1.48592825938364e-05,18,6,"scaled",5.1834706722685e-05
"temporal_pooled","Melanocyte","Melanocyte",NA,"HALLMARK PANCREAS BETA CELLS",-0.325869090539615,-1.71875446561346,0.189596069164717,0.00337305714880086,18,6,"scaled",0.00693093934685107
"temporal_pooled","Melanocyte","Melanocyte",NA,"HALLMARK PEROXISOME",-0.261091965734275,-1.24238733235539,0.210153435192615,0.0224375167166929,18,6,"scaled",0.0373958611944882
"temporal_pooled","Melanocyte","Melanocyte",NA,"HALLMARK PI3K AKT MTOR SIGNALING",3.50443971414328,8.1314379018889,0.430974171656555,1.48592825938364e-05,18,6,"scaled",5.1834706722685e-05
"temporal_pooled","Melanocyte","Melanocyte",NA,"HALLMARK PROTEIN SECRETION",-0.0331581161266422,-0.245186065483915,0.13523654397406,0.494204879788404,18,6,"scaled",0.583706550931186
"temporal_pooled","Melanocyte","Melanocyte",NA,"HALLMARK REACTIVE OXYGEN SPECIES PATHWAY",0.0272095161083419,0.543223766328416,0.0500889647966762,0.250869268031739,18,6,"scaled",0.321627266707358
"temporal_pooled","Melanocyte","Melanocyte",NA,"HALLMARK SPERMATOGENESIS",-0.313855839836301,-0.854690836597437,0.367215636809417,0.279592261285625,18,6,"scaled",0.352427220107931
"temporal_pooled","Melanocyte","Melanocyte",NA,"HALLMARK TGF BETA SIGNALING",0.86828263865725,2.04073526670851,0.42547539253227,5.94371303753455e-05,18,6,"scaled",0.000178311391126036
"temporal_pooled","Melanocyte","Melanocyte",NA,"HALLMARK TNFA SIGNALING VIA NFKB",4.03677400821541,3.37290380710792,1.1968245283807,1.48592825938364e-05,18,6,"scaled",5.1834706722685e-05
"temporal_pooled","Melanocyte","Melanocyte",NA,"HALLMARK UNFOLDED PROTEIN RESPONSE",0.74841699658392,3.54026841535357,0.211401201484655,1.48592825938364e-05,18,6,"scaled",5.1834706722685e-05
"temporal_pooled","Melanocyte","Melanocyte",NA,"HALLMARK UV RESPONSE DN",-0.486756429803964,-0.414975159579478,1.1729772700063,0.922538559838331,18,6,"scaled",0.928730093796978
"temporal_pooled","Melanocyte","Melanocyte",NA,"HALLMARK UV RESPONSE UP",2.52986416734092,4.91758585800655,0.514452465170878,1.48592825938364e-05,18,6,"scaled",5.1834706722685e-05
"temporal_pooled","Melanocyte","Melanocyte",NA,"HALLMARK WNT BETA CATENIN SIGNALING",0.061379157488499,0.135029872451615,0.454559842011943,0.820410710570894,18,6,"scaled",0.866631032293197
"temporal_pooled","Melanocyte","Melanocyte",NA,"HALLMARK XENOBIOTIC METABOLISM",1.56278640517904,3.17407072365991,0.492360297308388,1.48592825938364e-05,18,6,"scaled",5.1834706722685e-05
"temporal_pooled","Melanocyte","Melanocyte",NA,"Lysosomal Genes",0.374196639782805,0.388164829904998,0.964014797204549,0.310440131950429,18,6,"scaled",0.388050164938037
"temporal_pooled","Melanocyte","Melanocyte",NA,"HALLMARK ADIPOGENESIS",-2.16180359627975,-2.52326050555672,0.856750062674479,0.000950994086005528,18,6,"yugene",0.0024594674638074
"temporal_pooled","Melanocyte","Melanocyte",NA,"HALLMARK ALLOGRAFT REJECTION",0.805127250394313,1.35393900162285,0.594655482580292,0.00442806621296324,18,6,"yugene",0.00948871331349265
"temporal_pooled","Melanocyte","Melanocyte",NA,"HALLMARK ANDROGEN RESPONSE",-0.976156400326011,-1.4343861202038,0.680539491129011,0.0118428482272876,18,6,"yugene",0.0233740425538571
"temporal_pooled","Melanocyte","Melanocyte",NA,"HALLMARK ANGIOGENESIS",-1.76901524981369,-1.69311564277347,1.04482836560171,0.000282326369282891,18,6,"yugene",0.000799036894196861
"temporal_pooled","Melanocyte","Melanocyte",NA,"HALLMARK APICAL JUNCTION",-1.277576208554,-2.41055951014264,0.529991565517669,0.000178311391126036,18,6,"yugene",0.000545851197324601
"temporal_pooled","Melanocyte","Melanocyte",NA,"HALLMARK APICAL SURFACE",-0.21084922438994,-1.12639384247536,0.187189610275726,0.0118428482272876,18,6,"yugene",0.0233740425538571
"temporal_pooled","Melanocyte","Melanocyte",NA,"HALLMARK APOPTOSIS",1.05791620087839,1.22134057015712,0.866192630236042,0.0558560432702309,18,6,"yugene",0.0872750676097358
"temporal_pooled","Melanocyte","Melanocyte",NA,"HALLMARK BILE ACID METABOLISM",-0.241599991345585,-0.589237399503405,0.410021481238632,0.494204879788404,18,6,"yugene",0.537179217161308
"temporal_pooled","Melanocyte","Melanocyte",NA,"HALLMARK CHOLESTEROL HOMEOSTASIS",-0.936008968717337,-1.42666519799792,0.656081728236494,0.0224375167166929,18,6,"yugene",0.0405497290060715
"temporal_pooled","Melanocyte","Melanocyte",NA,"HALLMARK COAGULATION",0.934824675247339,2.94756668567862,0.317151323425314,1.48592825938364e-05,18,6,"yugene",6.19136774743182e-05
"temporal_pooled","Melanocyte","Melanocyte",NA,"HALLMARK COMPLEMENT",0.68922349940646,2.20584207750998,0.312453691238167,2.97185651876727e-05,18,6,"yugene",0.00010366941344537
"temporal_pooled","Melanocyte","Melanocyte",NA,"HALLMARK DNA REPAIR",2.09490493039614,3.41320199100112,0.613765296023892,1.48592825938364e-05,18,6,"yugene",6.19136774743182e-05
"temporal_pooled","Melanocyte","Melanocyte",NA,"HALLMARK E2F TARGETS",1.00334176371378,1.17954097469145,0.850620525477076,0.0224375167166929,18,6,"yugene",0.0405497290060715
"temporal_pooled","Melanocyte","Melanocyte",NA,"HALLMARK EPITHELIAL MESENCHYMAL TRANSITION",-2.64112392963612,-0.663317485540167,3.98168899088397,0.343234568635026,18,6,"yugene",0.405395159805149
"temporal_pooled","Melanocyte","Melanocyte",NA,"HALLMARK ESTROGEN RESPONSE EARLY",1.25555121495904,1.75701182111423,0.714594631561908,0.00337305714880086,18,6,"yugene",0.00744056724000189
"temporal_pooled","Melanocyte","Melanocyte",NA,"HALLMARK ESTROGEN RESPONSE LATE",0.263350998506559,0.422937191209875,0.622671649549674,0.199352135278909,18,6,"yugene",0.253413731286748
"temporal_pooled","Melanocyte","Melanocyte",NA,"HALLMARK FATTY ACID METABOLISM",-0.598133441233448,-1.24444294048756,0.480643524723684,0.0657671847603198,18,6,"yugene",0.0967164481769408
"temporal_pooled","Melanocyte","Melanocyte",NA,"HALLMARK G2M CHECKPOINT",-0.517334608662437,-0.521108887480846,0.992757216564363,0.343234568635026,18,6,"yugene",0.405395159805149
"temporal_pooled","Melanocyte","Melanocyte",NA,"HALLMARK GLYCOLYSIS",-2.49176172887084,-3.01190472856823,0.827304298584289,1.48592825938364e-05,18,6,"yugene",6.19136774743182e-05
"temporal_pooled","Melanocyte","Melanocyte",NA,"HALLMARK HEDGEHOG SIGNALING",-0.700438272261321,-2.45124014771812,0.2857485313764,0.000178311391126036,18,6,"yugene",0.000545851197324601
"temporal_pooled","Melanocyte","Melanocyte",NA,"HALLMARK HEME METABOLISM",0.658772242414476,1.64121935973784,0.401391951968996,0.0118428482272876,18,6,"yugene",0.0233740425538571
"temporal_pooled","Melanocyte","Melanocyte",NA,"HALLMARK HYPOXIA",1.16603805735958,1.0603011928309,1.09972342315901,0.0471930815180243,18,6,"yugene",0.0753081088053579
"temporal_pooled","Melanocyte","Melanocyte",NA,"HALLMARK IL2 STAT5 SIGNALING",-0.608830638578729,-0.835826735907838,0.728417281265171,0.103554340396446,18,6,"yugene",0.145169636069784
"temporal_pooled","Melanocyte","Melanocyte",NA,"HALLMARK IL6 JAK STAT3 SIGNALING",0.927095980388994,4.80651537935986,0.192883181934698,1.48592825938364e-05,18,6,"yugene",6.19136774743182e-05
"temporal_pooled","Melanocyte","Melanocyte",NA,"HALLMARK INFLAMMATORY RESPONSE",2.3634366702265,4.84461721386585,0.487847969383851,1.48592825938364e-05,18,6,"yugene",6.19136774743182e-05
"temporal_pooled","Melanocyte","Melanocyte",NA,"HALLMARK INTERFERON ALPHA RESPONSE",-3.34518048610289,-10.5041940012671,0.318461415097567,1.48592825938364e-05,18,6,"yugene",6.19136774743182e-05
"temporal_pooled","Melanocyte","Melanocyte",NA,"HALLMARK INTERFERON GAMMA RESPONSE",-0.333787691137224,-0.460069553898286,0.725515714545672,0.414886029302505,18,6,"yugene",0.460984477002784
"temporal_pooled","Melanocyte","Melanocyte",NA,"HALLMARK KRAS SIGNALING DN",2.80608984477399,6.40575250325263,0.43805779935287,1.48592825938364e-05,18,6,"yugene",6.19136774743182e-05
"temporal_pooled","Melanocyte","Melanocyte",NA,"HALLMARK KRAS SIGNALING UP",0.189085221581288,0.152061247595018,1.24348066698016,0.820410710570894,18,6,"yugene",0.842887716339959
"temporal_pooled","Melanocyte","Melanocyte",NA,"HALLMARK MITOTIC SPINDLE",0.0554753687770651,0.0572981888701133,0.968187125474765,0.922538559838331,18,6,"yugene",0.935005297133444
"temporal_pooled","Melanocyte","Melanocyte",NA,"HALLMARK MTORC1 SIGNALING",-0.650542422891991,-1.32851776151988,0.489675367341528,0.0272965021248774,18,6,"yugene",0.0476101781247862
"temporal_pooled","Melanocyte","Melanocyte",NA,"HALLMARK MYC TARGETS",1.30747715188109,3.01463375450724,0.433710114844383,2.97185651876727e-05,18,6,"yugene",0.00010366941344537
"temporal_pooled","Melanocyte","Melanocyte",NA,"HALLMARK MYOGENESIS",-4.38416254981915,-1.42417226294567,3.07839343869204,0.00337305714880086,18,6,"yugene",0.00744056724000189
"temporal_pooled","Melanocyte","Melanocyte",NA,"HALLMARK NOTCH SIGNALING",-0.27573883373335,-0.791808380960148,0.348239347250896,0.155636125887842,18,6,"yugene",0.204784376168213
"temporal_pooled","Melanocyte","Melanocyte",NA,"HALLMARK OXIDATIVE PHOSPHORYLATION",-0.492488441699912,-0.965653214712447,0.510005490787462,0.0471930815180243,18,6,"yugene",0.0753081088053579
"temporal_pooled","Melanocyte","Melanocyte",NA,"HALLMARK P53 PATHWAY",8.06602258137086,5.79144193095389,1.39274858964913,1.48592825938364e-05,18,6,"yugene",6.19136774743182e-05
"temporal_pooled","Melanocyte","Melanocyte",NA,"HALLMARK PANCREAS BETA CELLS",-0.0281549735292769,-0.346726438084489,0.081202269099584,0.414886029302505,18,6,"yugene",0.460984477002784
"temporal_pooled","Melanocyte","Melanocyte",NA,"HALLMARK PEROXISOME",0.210749467407455,0.874376335434929,0.241028329412215,0.0657671847603198,18,6,"yugene",0.0967164481769408
"temporal_pooled","Melanocyte","Melanocyte",NA,"HALLMARK PI3K AKT MTOR SIGNALING",0.915856794284668,2.21994709927084,0.412557936441589,1.48592825938364e-05,18,6,"yugene",6.19136774743182e-05
"temporal_pooled","Melanocyte","Melanocyte",NA,"HALLMARK PROTEIN SECRETION",-0.32290562252153,-2.53540900829967,0.127358395219271,2.97185651876727e-05,18,6,"yugene",0.00010366941344537
"temporal_pooled","Melanocyte","Melanocyte",NA,"HALLMARK REACTIVE OXYGEN SPECIES PATHWAY",0.45038548098693,2.75569811489149,0.163437888407695,1.48592825938364e-05,18,6,"yugene",6.19136774743182e-05
"temporal_pooled","Melanocyte","Melanocyte",NA,"HALLMARK SPERMATOGENESIS",0.215264253942954,2.37416063577719,0.0906696247503432,0.000282326369282891,18,6,"yugene",0.000799036894196861
"temporal_pooled","Melanocyte","Melanocyte",NA,"HALLMARK TGF BETA SIGNALING",0.270465067004763,0.655002888735254,0.412921945316919,0.414886029302505,18,6,"yugene",0.460984477002784
"temporal_pooled","Melanocyte","Melanocyte",NA,"HALLMARK TNFA SIGNALING VIA NFKB",1.61097954393654,2.64522932660436,0.609013187527498,2.97185651876727e-05,18,6,"yugene",0.00010366941344537
"temporal_pooled","Melanocyte","Melanocyte",NA,"HALLMARK UNFOLDED PROTEIN RESPONSE",-0.605725111727247,-2.1034758398831,0.287963902528545,0.000178311391126036,18,6,"yugene",0.000545851197324601
"temporal_pooled","Melanocyte","Melanocyte",NA,"HALLMARK UV RESPONSE DN",-2.00931782429876,-0.847412877358247,2.37112023900636,0.494204879788404,18,6,"yugene",0.537179217161308
"temporal_pooled","Melanocyte","Melanocyte",NA,"HALLMARK UV RESPONSE UP",2.82696794159426,3.91515490149881,0.722057750642773,1.48592825938364e-05,18,6,"yugene",6.19136774743182e-05
"temporal_pooled","Melanocyte","Melanocyte",NA,"HALLMARK WNT BETA CATENIN SIGNALING",0.292459229525689,0.849659944506167,0.344207387222037,0.199352135278909,18,6,"yugene",0.253413731286748
"temporal_pooled","Melanocyte","Melanocyte",NA,"HALLMARK XENOBIOTIC METABOLISM",4.90032033124128,5.0736313286092,0.965840837431238,1.48592825938364e-05,18,6,"yugene",6.19136774743182e-05
"temporal_pooled","Melanocyte","Melanocyte",NA,"Lysosomal Genes",0.294800425256805,0.293115065405273,1.00574982336443,0.414886029302505,18,6,"yugene",0.460984477002784
"temporal_bytimepoint","Fibroblast_4_days","Fibroblast","4_days","HALLMARK ADIPOGENESIS",2.18848871726541,1.49109143166243,1.46770927040031,0.17965367965368,6,6,"scaled",0.235012080942314
"temporal_bytimepoint","Fibroblast_4_days","Fibroblast","4_days","HALLMARK ALLOGRAFT REJECTION",2.51752843707397,4.65239520549701,0.541125232460776,0.00216450216450216,6,6,"scaled",0.00455152324311203
"temporal_bytimepoint","Fibroblast_4_days","Fibroblast","4_days","HALLMARK ANDROGEN RESPONSE",-2.26952262606564,-9.57165704135275,0.237108644434348,0.00216450216450216,6,6,"scaled",0.00455152324311203
"temporal_bytimepoint","Fibroblast_4_days","Fibroblast","4_days","HALLMARK ANGIOGENESIS",-0.176938047812836,-0.719314365161997,0.245981529609779,0.30952380952381,6,6,"scaled",0.376447876447876
"temporal_bytimepoint","Fibroblast_4_days","Fibroblast","4_days","HALLMARK APICAL JUNCTION",2.21684950572421,11.0924820898975,0.199851528968725,0.00216450216450216,6,6,"scaled",0.00455152324311203
"temporal_bytimepoint","Fibroblast_4_days","Fibroblast","4_days","HALLMARK APICAL SURFACE",-0.194001654471792,-3.39674361214489,0.0571140117193858,0.00216450216450216,6,6,"scaled",0.00455152324311203
"temporal_bytimepoint","Fibroblast_4_days","Fibroblast","4_days","HALLMARK APOPTOSIS",0.525063485582349,1.58201861828479,0.331894631019968,0.0649350649350649,6,6,"scaled",0.0958058335107515
"temporal_bytimepoint","Fibroblast_4_days","Fibroblast","4_days","HALLMARK BILE ACID METABOLISM",0.24207159673402,1.58986782629203,0.152258944253619,0.0411255411255411,6,6,"scaled",0.0644825557717544
"temporal_bytimepoint","Fibroblast_4_days","Fibroblast","4_days","HALLMARK CHOLESTEROL HOMEOSTASIS",-0.763943374183148,-1.52531059426435,0.500844468697599,0.0411255411255411,6,6,"scaled",0.0644825557717544
"temporal_bytimepoint","Fibroblast_4_days","Fibroblast","4_days","HALLMARK COAGULATION",1.29075699828673,7.56563302812165,0.170607931086394,0.00216450216450216,6,6,"scaled",0.00455152324311203
"temporal_bytimepoint","Fibroblast_4_days","Fibroblast","4_days","HALLMARK COMPLEMENT",1.70400830496546,1.77227495458227,0.961480779582024,0.025974025974026,6,6,"scaled",0.0426580718551521
"temporal_bytimepoint","Fibroblast_4_days","Fibroblast","4_days","HALLMARK DNA REPAIR",0.422778641251118,1.71441492048088,0.246602287579562,0.025974025974026,6,6,"scaled",0.0426580718551521
"temporal_bytimepoint","Fibroblast_4_days","Fibroblast","4_days","HALLMARK E2F TARGETS",4.95275471272261,12.3022815687719,0.402588307301849,0.00216450216450216,6,6,"scaled",0.00455152324311203
"temporal_bytimepoint","Fibroblast_4_days","Fibroblast","4_days","HALLMARK EPITHELIAL MESENCHYMAL TRANSITION",-2.43161227318795,-3.19201617749311,0.761779432802763,0.00216450216450216,6,6,"scaled",0.00455152324311203
"temporal_bytimepoint","Fibroblast_4_days","Fibroblast","4_days","HALLMARK ESTROGEN RESPONSE EARLY",-1.14210709748937,-1.79234057318116,0.637215445869354,0.0151515151515152,6,6,"scaled",0.0262237762237762
"temporal_bytimepoint","Fibroblast_4_days","Fibroblast","4_days","HALLMARK ESTROGEN RESPONSE LATE",-3.17276920919263,-12.0683926542981,0.262899070330022,0.00216450216450216,6,6,"scaled",0.00455152324311203
"temporal_bytimepoint","Fibroblast_4_days","Fibroblast","4_days","HALLMARK FATTY ACID METABOLISM",-0.28885886859352,-1.65278774889853,0.174770698043971,0.025974025974026,6,6,"scaled",0.0426580718551521
"temporal_bytimepoint","Fibroblast_4_days","Fibroblast","4_days","HALLMARK G2M CHECKPOINT",2.88609706967976,20.424428626192,0.141306135045495,0.00216450216450216,6,6,"scaled",0.00455152324311203
"temporal_bytimepoint","Fibroblast_4_days","Fibroblast","4_days","HALLMARK GLYCOLYSIS",-0.4096149518921,-0.96606505876081,0.424003485249245,0.132034632034632,6,6,"scaled",0.183381433381433
"temporal_bytimepoint","Fibroblast_4_days","Fibroblast","4_days","HALLMARK HEDGEHOG SIGNALING",-1.20418137918784,-3.07371336467512,0.391767623171043,0.00216450216450216,6,6,"scaled",0.00455152324311203
"temporal_bytimepoint","Fibroblast_4_days","Fibroblast","4_days","HALLMARK HEME METABOLISM",2.13839109737296,9.21603719430365,0.232029347569765,0.00216450216450216,6,6,"scaled",0.00455152324311203
"temporal_bytimepoint","Fibroblast_4_days","Fibroblast","4_days","HALLMARK HYPOXIA",2.14921510137338,8.45700441633922,0.254134324113752,0.00216450216450216,6,6,"scaled",0.00455152324311203
"temporal_bytimepoint","Fibroblast_4_days","Fibroblast","4_days","HALLMARK IL2 STAT5 SIGNALING",0.247760078011632,2.24072320274902,0.110571478756353,0.0151515151515152,6,6,"scaled",0.0262237762237762
"temporal_bytimepoint","Fibroblast_4_days","Fibroblast","4_days","HALLMARK IL6 JAK STAT3 SIGNALING",-0.500695498595531,-3.5006523449261,0.143029198349629,0.00216450216450216,6,6,"scaled",0.00455152324311203
"temporal_bytimepoint","Fibroblast_4_days","Fibroblast","4_days","HALLMARK INFLAMMATORY RESPONSE",4.15892770945634,12.3350831108102,0.337162520276134,0.00216450216450216,6,6,"scaled",0.00455152324311203
"temporal_bytimepoint","Fibroblast_4_days","Fibroblast","4_days","HALLMARK INTERFERON ALPHA RESPONSE",-0.478825455387338,-0.650112903004679,0.736526614337774,0.393939393939394,6,6,"scaled",0.454545454545454
"temporal_bytimepoint","Fibroblast_4_days","Fibroblast","4_days","HALLMARK INTERFERON GAMMA RESPONSE",4.65923323959829,5.2943472085234,0.880039229784053,0.00216450216450216,6,6,"scaled",0.00455152324311203
"temporal_bytimepoint","Fibroblast_4_days","Fibroblast","4_days","HALLMARK KRAS SIGNALING DN",-0.0959191935660194,-0.378072413644019,0.25370587777487,0.818181818181818,6,6,"scaled",0.864276568501921
"temporal_bytimepoint","Fibroblast_4_days","Fibroblast","4_days","HALLMARK KRAS SIGNALING UP",3.20045573153816,4.75933226566872,0.672458982245165,0.00216450216450216,6,6,"scaled",0.00455152324311203
"temporal_bytimepoint","Fibroblast_4_days","Fibroblast","4_days","HALLMARK MITOTIC SPINDLE",3.62254920497556,18.8137226537354,0.192548241071063,0.00216450216450216,6,6,"scaled",0.00455152324311203
"temporal_bytimepoint","Fibroblast_4_days","Fibroblast","4_days","HALLMARK MTORC1 SIGNALING",1.46784388773583,1.87438557959232,0.783106690382821,0.025974025974026,6,6,"scaled",0.0426580718551521
"temporal_bytimepoint","Fibroblast_4_days","Fibroblast","4_days","HALLMARK MYC TARGETS",-0.919306114596292,-11.2495713133663,0.0817192130249453,0.00216450216450216,6,6,"scaled",0.00455152324311203
"temporal_bytimepoint","Fibroblast_4_days","Fibroblast","4_days","HALLMARK MYOGENESIS",2.35156947655729,5.57662684578593,0.421683132400062,0.00216450216450216,6,6,"scaled",0.00455152324311203
"temporal_bytimepoint","Fibroblast_4_days","Fibroblast","4_days","HALLMARK NOTCH SIGNALING",-0.591296304096924,-2.3757440927649,0.248888887442742,0.00216450216450216,6,6,"scaled",0.00455152324311203
"temporal_bytimepoint","Fibroblast_4_days","Fibroblast","4_days","HALLMARK OXIDATIVE PHOSPHORYLATION",-0.661283750394414,-2.47230173759178,0.267476958956699,0.00216450216450216,6,6,"scaled",0.00455152324311203
"temporal_bytimepoint","Fibroblast_4_days","Fibroblast","4_days","HALLMARK P53 PATHWAY",4.30512141250335,3.80636724759294,1.13103154069692,0.00216450216450216,6,6,"scaled",0.00455152324311203
"temporal_bytimepoint","Fibroblast_4_days","Fibroblast","4_days","HALLMARK PANCREAS BETA CELLS",-0.01592080165206,-0.24591745530029,0.0647404293957869,0.818181818181818,6,6,"scaled",0.864276568501921
"temporal_bytimepoint","Fibroblast_4_days","Fibroblast","4_days","HALLMARK PEROXISOME",0.0826894095150719,0.586854900863394,0.140902647985758,1,6,6,"scaled",1
"temporal_bytimepoint","Fibroblast_4_days","Fibroblast","4_days","HALLMARK PI3K AKT MTOR SIGNALING",1.86515954104524,6.28774780305082,0.296633961708876,0.00216450216450216,6,6,"scaled",0.00455152324311203
"temporal_bytimepoint","Fibroblast_4_days","Fibroblast","4_days","HALLMARK PROTEIN SECRETION",0.556815893464847,4.53869335801889,0.122681981253718,0.00216450216450216,6,6,"scaled",0.00455152324311203
"temporal_bytimepoint","Fibroblast_4_days","Fibroblast","4_days","HALLMARK REACTIVE OXYGEN SPECIES PATHWAY",-0.257137706646671,-1.68514740486458,0.152590631480891,0.025974025974026,6,6,"scaled",0.0426580718551521
"temporal_bytimepoint","Fibroblast_4_days","Fibroblast","4_days","HALLMARK SPERMATOGENESIS",0.0154772780288951,0.276190510903323,0.056038413406291,0.588744588744589,6,6,"scaled",0.66399765647886
"temporal_bytimepoint","Fibroblast_4_days","Fibroblast","4_days","HALLMARK TGF BETA SIGNALING",-0.957884311948517,-2.20031599767966,0.435339429863097,0.00216450216450216,6,6,"scaled",0.00455152324311203
"temporal_bytimepoint","Fibroblast_4_days","Fibroblast","4_days","HALLMARK TNFA SIGNALING VIA NFKB",1.49313348800956,2.40301867041544,0.621357422808301,0.00432900432900433,6,6,"scaled",0.00854408749145591
"temporal_bytimepoint","Fibroblast_4_days","Fibroblast","4_days","HALLMARK UNFOLDED PROTEIN RESPONSE",0.729462604999409,7.37865296156213,0.0988612161053547,0.00216450216450216,6,6,"scaled",0.00455152324311203
"temporal_bytimepoint","Fibroblast_4_days","Fibroblast","4_days","HALLMARK UV RESPONSE DN",-0.920937698591596,-2.55267886366913,0.36077303404623,0.00216450216450216,6,6,"scaled",0.00455152324311203
"temporal_bytimepoint","Fibroblast_4_days","Fibroblast","4_days","HALLMARK UV RESPONSE UP",3.32939056135695,3.25290208073771,1.02351392040731,0.00216450216450216,6,6,"scaled",0.00455152324311203
"temporal_bytimepoint","Fibroblast_4_days","Fibroblast","4_days","HALLMARK WNT BETA CATENIN SIGNALING",0.852686287521772,1.54533048898121,0.551782478635962,0.0649350649350649,6,6,"scaled",0.0958058335107515
"temporal_bytimepoint","Fibroblast_4_days","Fibroblast","4_days","HALLMARK XENOBIOTIC METABOLISM",0.0691145091815127,0.460985878003656,0.14992760620091,0.699134199134199,6,6,"scaled",0.758097324362385
"temporal_bytimepoint","Fibroblast_4_days","Fibroblast","4_days","Lysosomal Genes",-0.376915957299776,-0.483275037063292,0.779920187043333,0.393939393939394,6,6,"scaled",0.454545454545454
"temporal_bytimepoint","Fibroblast_4_days","Fibroblast","4_days","HALLMARK ADIPOGENESIS",2.96393804196873,4.01806598439088,0.737652904029661,0.00216450216450216,6,6,"yugene",0.00491932310114128
"temporal_bytimepoint","Fibroblast_4_days","Fibroblast","4_days","HALLMARK ALLOGRAFT REJECTION",2.63150302367076,5.2860790658056,0.49781756778731,0.00216450216450216,6,6,"yugene",0.00491932310114128
"temporal_bytimepoint","Fibroblast_4_days","Fibroblast","4_days","HALLMARK ANDROGEN RESPONSE",-0.973338605910438,-4.06771723003967,0.239283743403409,0.00216450216450216,6,6,"yugene",0.00491932310114128
"temporal_bytimepoint","Fibroblast_4_days","Fibroblast","4_days","HALLMARK ANGIOGENESIS",0.287948418472707,1.82627588894857,0.157669725705291,0.00865800865800866,6,6,"yugene",0.0173160173160173
"temporal_bytimepoint","Fibroblast_4_days","Fibroblast","4_days","HALLMARK APICAL JUNCTION",2.26655208926403,9.1484343359654,0.247753004069067,0.00216450216450216,6,6,"yugene",0.00491932310114128
"temporal_bytimepoint","Fibroblast_4_days","Fibroblast","4_days","HALLMARK APICAL SURFACE",0.130344167867859,1.8021151848871,0.0723284332549615,0.0151515151515152,6,6,"yugene",0.0280583613916947
"temporal_bytimepoint","Fibroblast_4_days","Fibroblast","4_days","HALLMARK APOPTOSIS",0.952412175020301,2.33908411400126,0.407173119307409,0.00432900432900433,6,6,"yugene",0.00923247368744999
"temporal_bytimepoint","Fibroblast_4_days","Fibroblast","4_days","HALLMARK BILE ACID METABOLISM",0.799796996044233,6.04131079995595,0.132387990376205,0.00216450216450216,6,6,"yugene",0.00491932310114128
"temporal_bytimepoint","Fibroblast_4_days","Fibroblast","4_days","HALLMARK CHOLESTEROL HOMEOSTASIS",0.0735987412521333,0.224793253472178,0.327406361691556,0.818181818181818,6,6,"yugene",0.862252501596764
"temporal_bytimepoint","Fibroblast_4_days","Fibroblast","4_days","HALLMARK COAGULATION",1.01143802374812,1.7271625105775,0.585606749540859,0.0930735930735931,6,6,"yugene",0.142459581235091
"temporal_bytimepoint","Fibroblast_4_days","Fibroblast","4_days","HALLMARK COMPLEMENT",2.23916410929175,13.6636696159931,0.163877213971189,0.00216450216450216,6,6,"yugene",0.00491932310114128
"temporal_bytimepoint","Fibroblast_4_days","Fibroblast","4_days","HALLMARK DNA REPAIR",0.336299439008134,0.863468833071512,0.38947490184661,0.393939393939394,6,6,"yugene",0.464064731080438
"temporal_bytimepoint","Fibroblast_4_days","Fibroblast","4_days","HALLMARK E2F TARGETS",1.45896295270821,10.3714616422774,0.140670910526344,0.00216450216450216,6,6,"yugene",0.00491932310114128
"temporal_bytimepoint","Fibroblast_4_days","Fibroblast","4_days","HALLMARK EPITHELIAL MESENCHYMAL TRANSITION",1.86538611004596,7.13098162902707,0.261588965879928,0.00216450216450216,6,6,"yugene",0.00491932310114128
"temporal_bytimepoint","Fibroblast_4_days","Fibroblast","4_days","HALLMARK ESTROGEN RESPONSE EARLY",0.813205696298897,0.773360849549816,1.05152167551832,0.17965367965368,6,6,"yugene",0.240607606679035
"temporal_bytimepoint","Fibroblast_4_days","Fibroblast","4_days","HALLMARK ESTROGEN RESPONSE LATE",-0.346612689875075,-0.632335016582531,0.548147233326332,0.17965367965368,6,6,"yugene",0.240607606679035
"temporal_bytimepoint","Fibroblast_4_days","Fibroblast","4_days","HALLMARK FATTY ACID METABOLISM",1.3761578241235,5.22356589589019,0.263451797402659,0.00216450216450216,6,6,"yugene",0.00491932310114128
"temporal_bytimepoint","Fibroblast_4_days","Fibroblast","4_days","HALLMARK G2M CHECKPOINT",1.35868771250353,8.1190493062568,0.167345665884364,0.00216450216450216,6,6,"yugene",0.00491932310114128
"temporal_bytimepoint","Fibroblast_4_days","Fibroblast","4_days","HALLMARK GLYCOLYSIS",0.191203739280222,1.01541064662114,0.188301885465223,0.17965367965368,6,6,"yugene",0.240607606679035
"temporal_bytimepoint","Fibroblast_4_days","Fibroblast","4_days","HALLMARK HEDGEHOG SIGNALING",-1.14463630332221,-2.81426870844717,0.40672601727281,0.00216450216450216,6,6,"yugene",0.00491932310114128
"temporal_bytimepoint","Fibroblast_4_days","Fibroblast","4_days","HALLMARK HEME METABOLISM",2.54250811500514,8.25639563230151,0.307944074900926,0.00216450216450216,6,6,"yugene",0.00491932310114128
"temporal_bytimepoint","Fibroblast_4_days","Fibroblast","4_days","HALLMARK HYPOXIA",0.111934832409492,0.217527988477721,0.514576690534497,1,6,6,"yugene",1
"temporal_bytimepoint","Fibroblast_4_days","Fibroblast","4_days","HALLMARK IL2 STAT5 SIGNALING",1.05995093476403,1.68293654812143,0.629822280553118,0.0649350649350649,6,6,"yugene",0.103619784470848
"temporal_bytimepoint","Fibroblast_4_days","Fibroblast","4_days","HALLMARK IL6 JAK STAT3 SIGNALING",0.0361522161057748,0.179041707986121,0.201920639120452,1,6,6,"yugene",1
"temporal_bytimepoint","Fibroblast_4_days","Fibroblast","4_days","HALLMARK INFLAMMATORY RESPONSE",0.968531326535757,1.81269963579956,0.534303260952854,0.00216450216450216,6,6,"yugene",0.00491932310114128
"temporal_bytimepoint","Fibroblast_4_days","Fibroblast","4_days","HALLMARK INTERFERON ALPHA RESPONSE",-0.796976042194923,-0.783928544482937,1.01664373341653,0.393939393939394,6,6,"yugene",0.464064731080438
"temporal_bytimepoint","Fibroblast_4_days","Fibroblast","4_days","HALLMARK INTERFERON GAMMA RESPONSE",2.8520369954036,3.11777279186963,0.914767427197067,0.00216450216450216,6,6,"yugene",0.00491932310114128
"temporal_bytimepoint","Fibroblast_4_days","Fibroblast","4_days","HALLMARK KRAS SIGNALING DN",1.16579015715235,1.23457893012158,0.944281591649672,0.17965367965368,6,6,"yugene",0.240607606679035
"temporal_bytimepoint","Fibroblast_4_days","Fibroblast","4_days","HALLMARK KRAS SIGNALING UP",-0.386975303467426,-1.01988659502286,0.379429737929592,0.24025974025974,6,6,"yugene",0.306280122144145
"temporal_bytimepoint","Fibroblast_4_days","Fibroblast","4_days","HALLMARK MITOTIC SPINDLE",3.06211385890566,15.5328667119852,0.197137715508942,0.00216450216450216,6,6,"yugene",0.00491932310114128
"temporal_bytimepoint","Fibroblast_4_days","Fibroblast","4_days","HALLMARK MTORC1 SIGNALING",-0.133594536173034,-0.18184313483241,0.734669121801919,0.818181818181818,6,6,"yugene",0.862252501596764
"temporal_bytimepoint","Fibroblast_4_days","Fibroblast","4_days","HALLMARK MYC TARGETS",-0.336618162697095,-1.07857212310318,0.31209610881524,0.24025974025974,6,6,"yugene",0.306280122144145
"temporal_bytimepoint","Fibroblast_4_days","Fibroblast","4_days","HALLMARK MYOGENESIS",1.00655959380843,3.50523667489086,0.287158810421774,0.00216450216450216,6,6,"yugene",0.00491932310114128
"temporal_bytimepoint","Fibroblast_4_days","Fibroblast","4_days","HALLMARK NOTCH SIGNALING",-0.0601069082321131,-0.397380326596826,0.151257886234253,0.30952380952381,6,6,"yugene",0.378493788819876
"temporal_bytimepoint","Fibroblast_4_days","Fibroblast","4_days","HALLMARK OXIDATIVE PHOSPHORYLATION",0.0525475274015427,0.419975321459411,0.125120512364728,0.588744588744589,6,6,"yugene",0.647762994951259
"temporal_bytimepoint","Fibroblast_4_days","Fibroblast","4_days","HALLMARK P53 PATHWAY",4.91155553369189,5.79450806916456,0.847622520335886,0.00216450216450216,6,6,"yugene",0.00491932310114128
"temporal_bytimepoint","Fibroblast_4_days","Fibroblast","4_days","HALLMARK PANCREAS BETA CELLS",0.027013905464224,0.590274288896886,0.0457650044603975,0.17965367965368,6,6,"yugene",0.240607606679035
"temporal_bytimepoint","Fibroblast_4_days","Fibroblast","4_days","HALLMARK PEROXISOME",0.0541303845899727,0.439957012322634,0.123035621830883,0.484848484848485,6,6,"yugene",0.544094309680345
"temporal_bytimepoint","Fibroblast_4_days","Fibroblast","4_days","HALLMARK PI3K AKT MTOR SIGNALING",0.0980663638369269,1.08198506641131,0.0906355982917494,0.132034632034632,6,6,"yugene",0.194805194805195
"temporal_bytimepoint","Fibroblast_4_days","Fibroblast","4_days","HALLMARK PROTEIN SECRETION",0.252378421578138,2.79759292704326,0.0902127036204919,0.00216450216450216,6,6,"yugene",0.00491932310114128
"temporal_bytimepoint","Fibroblast_4_days","Fibroblast","4_days","HALLMARK REACTIVE OXYGEN SPECIES PATHWAY",0.0584506024055938,1.19423482533362,0.0489439774872291,0.0411255411255411,6,6,"yugene",0.0717305949864089
"temporal_bytimepoint","Fibroblast_4_days","Fibroblast","4_days","HALLMARK SPERMATOGENESIS",0.170836215006159,2.69528739390979,0.0633833020523809,0.00216450216450216,6,6,"yugene",0.00491932310114128
"temporal_bytimepoint","Fibroblast_4_days","Fibroblast","4_days","HALLMARK TGF BETA SIGNALING",-1.02198926865119,-2.20902351707475,0.462643000742943,0.00216450216450216,6,6,"yugene",0.00491932310114128
"temporal_bytimepoint","Fibroblast_4_days","Fibroblast","4_days","HALLMARK TNFA SIGNALING VIA NFKB",0.77029233663735,1.46375242398735,0.526244960564456,0.0649350649350649,6,6,"yugene",0.103619784470848
"temporal_bytimepoint","Fibroblast_4_days","Fibroblast","4_days","HALLMARK UNFOLDED PROTEIN RESPONSE",-0.371571473794746,-5.53570983383355,0.0671226427952832,0.00216450216450216,6,6,"yugene",0.00491932310114128
"temporal_bytimepoint","Fibroblast_4_days","Fibroblast","4_days","HALLMARK UV RESPONSE DN",1.46188117348302,2.38912281274724,0.611890341376806,0.00216450216450216,6,6,"yugene",0.00491932310114128
"temporal_bytimepoint","Fibroblast_4_days","Fibroblast","4_days","HALLMARK UV RESPONSE UP",3.50066306743577,2.77656610672125,1.26078866228385,0.00216450216450216,6,6,"yugene",0.00491932310114128
"temporal_bytimepoint","Fibroblast_4_days","Fibroblast","4_days","HALLMARK WNT BETA CATENIN SIGNALING",0.0712979137384942,0.385163943905161,0.185110561013598,0.393939393939394,6,6,"yugene",0.464064731080438
"temporal_bytimepoint","Fibroblast_4_days","Fibroblast","4_days","HALLMARK XENOBIOTIC METABOLISM",1.34759283438886,3.12616309496188,0.431069267166718,0.00216450216450216,6,6,"yugene",0.00491932310114128
"temporal_bytimepoint","Fibroblast_4_days","Fibroblast","4_days","Lysosomal Genes",1.89486770567807,2.99226904418288,0.633254455966046,0.00216450216450216,6,6,"yugene",0.00491932310114128
"temporal_bytimepoint","Fibroblast_10_days","Fibroblast","10_days","HALLMARK ADIPOGENESIS",2.85312720479263,1.40589703617096,2.02939982899693,0.17965367965368,6,6,"scaled",0.235012080942314
"temporal_bytimepoint","Fibroblast_10_days","Fibroblast","10_days","HALLMARK ALLOGRAFT REJECTION",2.99887424350909,2.70247513628096,1.10967690442326,0.00216450216450216,6,6,"scaled",0.00455152324311203
"temporal_bytimepoint","Fibroblast_10_days","Fibroblast","10_days","HALLMARK ANDROGEN RESPONSE",-2.48038087830653,-8.52316255200983,0.29101649336978,0.00216450216450216,6,6,"scaled",0.00455152324311203
"temporal_bytimepoint","Fibroblast_10_days","Fibroblast","10_days","HALLMARK ANGIOGENESIS",1.05731699094954,7.16048734166087,0.147659920407638,0.00216450216450216,6,6,"scaled",0.00455152324311203
"temporal_bytimepoint","Fibroblast_10_days","Fibroblast","10_days","HALLMARK APICAL JUNCTION",3.04575444594498,9.90343700470974,0.307545193097762,0.00216450216450216,6,6,"scaled",0.00455152324311203
"temporal_bytimepoint","Fibroblast_10_days","Fibroblast","10_days","HALLMARK APICAL SURFACE",-0.254699128975591,-1.02889460645456,0.247546373921864,0.393939393939394,6,6,"scaled",0.454545454545454
"temporal_bytimepoint","Fibroblast_10_days","Fibroblast","10_days","HALLMARK APOPTOSIS",0.837663664333529,2.76360448395825,0.303105480250836,0.00216450216450216,6,6,"scaled",0.00455152324311203
"temporal_bytimepoint","Fibroblast_10_days","Fibroblast","10_days","HALLMARK BILE ACID METABOLISM",0.853301919699714,2.69665097572655,0.316430241577634,0.00216450216450216,6,6,"scaled",0.00455152324311203
"temporal_bytimepoint","Fibroblast_10_days","Fibroblast","10_days","HALLMARK CHOLESTEROL HOMEOSTASIS",-0.315844506392366,-0.509039894206114,0.620471027884659,0.699134199134199,6,6,"scaled",0.758097324362385
"temporal_bytimepoint","Fibroblast_10_days","Fibroblast","10_days","HALLMARK COAGULATION",2.29885925725343,3.52484523995922,0.652187287882184,0.00216450216450216,6,6,"scaled",0.00455152324311203
"temporal_bytimepoint","Fibroblast_10_days","Fibroblast","10_days","HALLMARK COMPLEMENT",4.53353834744425,3.10188560413323,1.46154272788247,0.00216450216450216,6,6,"scaled",0.00455152324311203
"temporal_bytimepoint","Fibroblast_10_days","Fibroblast","10_days","HALLMARK DNA REPAIR",0.485554177967678,2.22282747740297,0.21843988474309,0.00216450216450216,6,6,"scaled",0.00455152324311203
"temporal_bytimepoint","Fibroblast_10_days","Fibroblast","10_days","HALLMARK E2F TARGETS",3.40832610400166,6.40551705458461,0.532092269048323,0.00216450216450216,6,6,"scaled",0.00455152324311203
"temporal_bytimepoint","Fibroblast_10_days","Fibroblast","10_days","HALLMARK EPITHELIAL MESENCHYMAL TRANSITION",-2.03620148830308,-2.32187779217431,0.876963247232875,0.00216450216450216,6,6,"scaled",0.00455152324311203
"temporal_bytimepoint","Fibroblast_10_days","Fibroblast","10_days","HALLMARK ESTROGEN RESPONSE EARLY",-0.922869155754136,-1.3150325796396,0.701784252377273,0.132034632034632,6,6,"scaled",0.183381433381433
"temporal_bytimepoint","Fibroblast_10_days","Fibroblast","10_days","HALLMARK ESTROGEN RESPONSE LATE",-3.37617942079333,-3.08190876367703,1.09548324745513,0.00216450216450216,6,6,"scaled",0.00455152324311203
"temporal_bytimepoint","Fibroblast_10_days","Fibroblast","10_days","HALLMARK FATTY ACID METABOLISM",0.750811308407505,2.17637421749543,0.344982633212563,0.00432900432900433,6,6,"scaled",0.00854408749145591
"temporal_bytimepoint","Fibroblast_10_days","Fibroblast","10_days","HALLMARK G2M CHECKPOINT",1.98731321171105,9.80616076194871,0.202659660590362,0.00216450216450216,6,6,"scaled",0.00455152324311203
"temporal_bytimepoint","Fibroblast_10_days","Fibroblast","10_days","HALLMARK GLYCOLYSIS",-0.161793636619267,-0.294681388878543,0.549045995863528,0.699134199134199,6,6,"scaled",0.758097324362385
"temporal_bytimepoint","Fibroblast_10_days","Fibroblast","10_days","HALLMARK HEDGEHOG SIGNALING",-1.67948081431654,-3.60825591272102,0.465455016202004,0.00216450216450216,6,6,"scaled",0.00455152324311203
"temporal_bytimepoint","Fibroblast_10_days","Fibroblast","10_days","HALLMARK HEME METABOLISM",2.37714429008991,9.945048312726,0.239027927802828,0.00216450216450216,6,6,"scaled",0.00455152324311203
"temporal_bytimepoint","Fibroblast_10_days","Fibroblast","10_days","HALLMARK HYPOXIA",0.945098926367005,0.979948718278977,0.964437126900705,0.699134199134199,6,6,"scaled",0.758097324362385
"temporal_bytimepoint","Fibroblast_10_days","Fibroblast","10_days","HALLMARK IL2 STAT5 SIGNALING",0.0226984142614934,0.0662048585666909,0.342851185742332,1,6,6,"scaled",1
"temporal_bytimepoint","Fibroblast_10_days","Fibroblast","10_days","HALLMARK IL6 JAK STAT3 SIGNALING",-0.811246425853313,-4.50723117666017,0.179987756131568,0.00216450216450216,6,6,"scaled",0.00455152324311203
"temporal_bytimepoint","Fibroblast_10_days","Fibroblast","10_days","HALLMARK INFLAMMATORY RESPONSE",3.92906198499769,6.22212222811159,0.631466538417738,0.00216450216450216,6,6,"scaled",0.00455152324311203
"temporal_bytimepoint","Fibroblast_10_days","Fibroblast","10_days","HALLMARK INTERFERON ALPHA RESPONSE",0.122117297757453,0.164761624859694,0.741175609681224,0.937229437229437,6,6,"scaled",0.960713546134959
"temporal_bytimepoint","Fibroblast_10_days","Fibroblast","10_days","HALLMARK INTERFERON GAMMA RESPONSE",4.90983445321382,5.20278803807543,0.943692961789392,0.00216450216450216,6,6,"scaled",0.00455152324311203
"temporal_bytimepoint","Fibroblast_10_days","Fibroblast","10_days","HALLMARK KRAS SIGNALING DN",-0.331684322400556,-1.28612933692127,0.257893442656817,0.17965367965368,6,6,"scaled",0.235012080942314
"temporal_bytimepoint","Fibroblast_10_days","Fibroblast","10_days","HALLMARK KRAS SIGNALING UP",4.93575164995741,3.5721539972536,1.3817298060924,0.00216450216450216,6,6,"scaled",0.00455152324311203
"temporal_bytimepoint","Fibroblast_10_days","Fibroblast","10_days","HALLMARK MITOTIC SPINDLE",3.07834402964359,12.6008797097105,0.244295961913783,0.00216450216450216,6,6,"scaled",0.00455152324311203
"temporal_bytimepoint","Fibroblast_10_days","Fibroblast","10_days","HALLMARK MTORC1 SIGNALING",1.748564535142,2.07546153342781,0.842494311255235,0.00432900432900433,6,6,"scaled",0.00854408749145591
"temporal_bytimepoint","Fibroblast_10_days","Fibroblast","10_days","HALLMARK MYC TARGETS",-1.03777033672054,-2.20944104194166,0.469698134967454,0.00216450216450216,6,6,"scaled",0.00455152324311203
"temporal_bytimepoint","Fibroblast_10_days","Fibroblast","10_days","HALLMARK MYOGENESIS",2.45335152301122,3.99361734004978,0.614318126678765,0.00216450216450216,6,6,"scaled",0.00455152324311203
"temporal_bytimepoint","Fibroblast_10_days","Fibroblast","10_days","HALLMARK NOTCH SIGNALING",-0.536355574686834,-2.79061518678287,0.192199761983366,0.00216450216450216,6,6,"scaled",0.00455152324311203
"temporal_bytimepoint","Fibroblast_10_days","Fibroblast","10_days","HALLMARK OXIDATIVE PHOSPHORYLATION",-0.527901399321836,-2.82520882522704,0.186853939647953,0.00216450216450216,6,6,"scaled",0.00455152324311203
"temporal_bytimepoint","Fibroblast_10_days","Fibroblast","10_days","HALLMARK P53 PATHWAY",3.14183947191597,3.06944041353294,1.02358705452102,0.00216450216450216,6,6,"scaled",0.00455152324311203
"temporal_bytimepoint","Fibroblast_10_days","Fibroblast","10_days","HALLMARK PANCREAS BETA CELLS",0.0256681720059193,0.492785885260312,0.0520878798960734,0.393939393939394,6,6,"scaled",0.454545454545454
"temporal_bytimepoint","Fibroblast_10_days","Fibroblast","10_days","HALLMARK PEROXISOME",0.723017931480808,4.94765266727466,0.146133526361516,0.00216450216450216,6,6,"scaled",0.00455152324311203
"temporal_bytimepoint","Fibroblast_10_days","Fibroblast","10_days","HALLMARK PI3K AKT MTOR SIGNALING",1.04052063751897,3.19672130619237,0.32549619996694,0.00216450216450216,6,6,"scaled",0.00455152324311203
"temporal_bytimepoint","Fibroblast_10_days","Fibroblast","10_days","HALLMARK PROTEIN SECRETION",0.826366554436077,9.2414568374784,0.0894195113355696,0.00216450216450216,6,6,"scaled",0.00455152324311203
"temporal_bytimepoint","Fibroblast_10_days","Fibroblast","10_days","HALLMARK REACTIVE OXYGEN SPECIES PATHWAY",-0.380962047218409,-1.63648862330979,0.23279235907422,0.00865800865800866,6,6,"scaled",0.0157736999842263
"temporal_bytimepoint","Fibroblast_10_days","Fibroblast","10_days","HALLMARK SPERMATOGENESIS",0.0528115686145181,0.886170937734917,0.05959523875778,0.699134199134199,6,6,"scaled",0.758097324362385
"temporal_bytimepoint","Fibroblast_10_days","Fibroblast","10_days","HALLMARK TGF BETA SIGNALING",-0.668653951157452,-1.2204940047194,0.547855170588225,0.17965367965368,6,6,"scaled",0.235012080942314
"temporal_bytimepoint","Fibroblast_10_days","Fibroblast","10_days","HALLMARK TNFA SIGNALING VIA NFKB",0.51007944835056,0.678577168859382,0.751689670325855,0.699134199134199,6,6,"scaled",0.758097324362385
"temporal_bytimepoint","Fibroblast_10_days","Fibroblast","10_days","HALLMARK UNFOLDED PROTEIN RESPONSE",0.82629769167811,7.44924002767439,0.110923757136079,0.00216450216450216,6,6,"scaled",0.00455152324311203
"temporal_bytimepoint","Fibroblast_10_days","Fibroblast","10_days","HALLMARK UV RESPONSE DN",-0.589521854153241,-1.62693998064385,0.362350093529537,0.0151515151515152,6,6,"scaled",0.0262237762237762
"temporal_bytimepoint","Fibroblast_10_days","Fibroblast","10_days","HALLMARK UV RESPONSE UP",3.06307790819027,2.1190600559374,1.44548895610949,0.00216450216450216,6,6,"scaled",0.00455152324311203
"temporal_bytimepoint","Fibroblast_10_days","Fibroblast","10_days","HALLMARK WNT BETA CATENIN SIGNALING",1.42129371064382,3.20959292989525,0.442826782613272,0.00216450216450216,6,6,"scaled",0.00455152324311203
"temporal_bytimepoint","Fibroblast_10_days","Fibroblast","10_days","HALLMARK XENOBIOTIC METABOLISM",-0.0554018757725269,-0.298165940351867,0.185808867730321,0.393939393939394,6,6,"scaled",0.454545454545454
"temporal_bytimepoint","Fibroblast_10_days","Fibroblast","10_days","Lysosomal Genes",0.565678992419553,0.509672666054957,1.10988685502424,0.699134199134199,6,6,"scaled",0.758097324362385
"temporal_bytimepoint","Fibroblast_10_days","Fibroblast","10_days","HALLMARK ADIPOGENESIS",3.53021815105033,3.3365386372145,1.05804803567254,0.00216450216450216,6,6,"yugene",0.00491932310114128
"temporal_bytimepoint","Fibroblast_10_days","Fibroblast","10_days","HALLMARK ALLOGRAFT REJECTION",2.85086416315191,2.43688753514954,1.16987925049112,0.00216450216450216,6,6,"yugene",0.00491932310114128
"temporal_bytimepoint","Fibroblast_10_days","Fibroblast","10_days","HALLMARK ANDROGEN RESPONSE",-0.717047584562877,-3.52745960347235,0.203275916712705,0.00216450216450216,6,6,"yugene",0.00491932310114128
"temporal_bytimepoint","Fibroblast_10_days","Fibroblast","10_days","HALLMARK ANGIOGENESIS",0.414012431985768,2.19893057949757,0.188278991545229,0.0151515151515152,6,6,"yugene",0.0280583613916947
"temporal_bytimepoint","Fibroblast_10_days","Fibroblast","10_days","HALLMARK APICAL JUNCTION",2.79477244133142,6.41453358041513,0.435693789157864,0.00216450216450216,6,6,"yugene",0.00491932310114128
"temporal_bytimepoint","Fibroblast_10_days","Fibroblast","10_days","HALLMARK APICAL SURFACE",0.263836045751732,3.28171716261402,0.0803957296373389,0.00216450216450216,6,6,"yugene",0.00491932310114128
"temporal_bytimepoint","Fibroblast_10_days","Fibroblast","10_days","HALLMARK APOPTOSIS",2.23707652101288,7.25751885704566,0.308242605369342,0.00216450216450216,6,6,"yugene",0.00491932310114128
"temporal_bytimepoint","Fibroblast_10_days","Fibroblast","10_days","HALLMARK BILE ACID METABOLISM",1.12596129395903,4.59779300468003,0.244891688863097,0.00216450216450216,6,6,"yugene",0.00491932310114128
"temporal_bytimepoint","Fibroblast_10_days","Fibroblast","10_days","HALLMARK CHOLESTEROL HOMEOSTASIS",0.50010410717834,1.19383101673049,0.418906947608012,0.17965367965368,6,6,"yugene",0.240607606679035
"temporal_bytimepoint","Fibroblast_10_days","Fibroblast","10_days","HALLMARK COAGULATION",2.62536982986303,2.73213880535467,0.960921101342881,0.00216450216450216,6,6,"yugene",0.00491932310114128
"temporal_bytimepoint","Fibroblast_10_days","Fibroblast","10_days","HALLMARK COMPLEMENT",4.08428896431691,3.80994302754985,1.07200788431303,0.00216450216450216,6,6,"yugene",0.00491932310114128
"temporal_bytimepoint","Fibroblast_10_days","Fibroblast","10_days","HALLMARK DNA REPAIR",0.478594521435383,1.24251016944306,0.385183584976134,0.0649350649350649,6,6,"yugene",0.103619784470848
"temporal_bytimepoint","Fibroblast_10_days","Fibroblast","10_days","HALLMARK E2F TARGETS",1.15653744305093,3.42538549382609,0.337637163798197,0.00216450216450216,6,6,"yugene",0.00491932310114128
"temporal_bytimepoint","Fibroblast_10_days","Fibroblast","10_days","HALLMARK EPITHELIAL MESENCHYMAL TRANSITION",2.49594917301454,9.72478440314964,0.256658561212541,0.00216450216450216,6,6,"yugene",0.00491932310114128
"temporal_bytimepoint","Fibroblast_10_days","Fibroblast","10_days","HALLMARK ESTROGEN RESPONSE EARLY",2.61485078458061,1.39720674642231,1.87148451099038,0.17965367965368,6,6,"yugene",0.240607606679035
"temporal_bytimepoint","Fibroblast_10_days","Fibroblast","10_days","HALLMARK ESTROGEN RESPONSE LATE",-0.240553024838747,-0.55380425161291,0.434364713051869,0.937229437229437,6,6,"yugene",0.958530106257379
"temporal_bytimepoint","Fibroblast_10_days","Fibroblast","10_days","HALLMARK FATTY ACID METABOLISM",1.99528901248078,6.93219324568805,0.287829398541636,0.00216450216450216,6,6,"yugene",0.00491932310114128
"temporal_bytimepoint","Fibroblast_10_days","Fibroblast","10_days","HALLMARK G2M CHECKPOINT",1.05756810705767,5.8150494471258,0.181867431510904,0.00216450216450216,6,6,"yugene",0.00491932310114128
"temporal_bytimepoint","Fibroblast_10_days","Fibroblast","10_days","HALLMARK GLYCOLYSIS",0.560844433349392,0.718605597392197,0.780462099633907,0.937229437229437,6,6,"yugene",0.958530106257379
"temporal_bytimepoint","Fibroblast_10_days","Fibroblast","10_days","HALLMARK HEDGEHOG SIGNALING",-1.25815480497514,-3.55745705852687,0.353666898651515,0.00216450216450216,6,6,"yugene",0.00491932310114128
"temporal_bytimepoint","Fibroblast_10_days","Fibroblast","10_days","HALLMARK HEME METABOLISM",2.50569657736761,6.46230861312989,0.387740160269757,0.00216450216450216,6,6,"yugene",0.00491932310114128
"temporal_bytimepoint","Fibroblast_10_days","Fibroblast","10_days","HALLMARK HYPOXIA",0.369821549645316,0.517552216285948,0.714558914072912,0.937229437229437,6,6,"yugene",0.958530106257379
"temporal_bytimepoint","Fibroblast_10_days","Fibroblast","10_days","HALLMARK IL2 STAT5 SIGNALING",2.18567615009006,1.91989120366271,1.13843750412539,0.00216450216450216,6,6,"yugene",0.00491932310114128
"temporal_bytimepoint","Fibroblast_10_days","Fibroblast","10_days","HALLMARK IL6 JAK STAT3 SIGNALING",-0.168935492643455,-0.557373246090459,0.303092216622176,0.17965367965368,6,6,"yugene",0.240607606679035
"temporal_bytimepoint","Fibroblast_10_days","Fibroblast","10_days","HALLMARK INFLAMMATORY RESPONSE",1.81743846687454,1.62131432448078,1.12096614421547,0.0930735930735931,6,6,"yugene",0.142459581235091
"temporal_bytimepoint","Fibroblast_10_days","Fibroblast","10_days","HALLMARK INTERFERON ALPHA RESPONSE",-0.589905800145328,-0.588116177083708,1.0030429754041,0.818181818181818,6,6,"yugene",0.862252501596764
"temporal_bytimepoint","Fibroblast_10_days","Fibroblast","10_days","HALLMARK INTERFERON GAMMA RESPONSE",5.21789923303836,3.88537936819985,1.34295746658476,0.00216450216450216,6,6,"yugene",0.00491932310114128
"temporal_bytimepoint","Fibroblast_10_days","Fibroblast","10_days","HALLMARK KRAS SIGNALING DN",1.51778609837189,1.74975519233019,0.867427686470023,0.0930735930735931,6,6,"yugene",0.142459581235091
"temporal_bytimepoint","Fibroblast_10_days","Fibroblast","10_days","HALLMARK KRAS SIGNALING UP",2.36410378113111,1.0266937337493,2.30263778127664,0.818181818181818,6,6,"yugene",0.862252501596764
"temporal_bytimepoint","Fibroblast_10_days","Fibroblast","10_days","HALLMARK MITOTIC SPINDLE",2.33554567516651,3.84133756157068,0.608003237864763,0.00216450216450216,6,6,"yugene",0.00491932310114128
"temporal_bytimepoint","Fibroblast_10_days","Fibroblast","10_days","HALLMARK MTORC1 SIGNALING",1.0945754859107,1.79025848216626,0.611406395676581,0.0151515151515152,6,6,"yugene",0.0280583613916947
"temporal_bytimepoint","Fibroblast_10_days","Fibroblast","10_days","HALLMARK MYC TARGETS",-0.241525456422847,-0.648207957858633,0.372604892449532,0.17965367965368,6,6,"yugene",0.240607606679035
"temporal_bytimepoint","Fibroblast_10_days","Fibroblast","10_days","HALLMARK MYOGENESIS",2.94404981614897,2.69370511450833,1.0929369366722,0.00216450216450216,6,6,"yugene",0.00491932310114128
"temporal_bytimepoint","Fibroblast_10_days","Fibroblast","10_days","HALLMARK NOTCH SIGNALING",-0.319742851225608,-2.29345103056346,0.139415599881831,0.0151515151515152,6,6,"yugene",0.0280583613916947
"temporal_bytimepoint","Fibroblast_10_days","Fibroblast","10_days","HALLMARK OXIDATIVE PHOSPHORYLATION",0.0417159528604637,0.18103228757856,0.230433771889232,0.937229437229437,6,6,"yugene",0.958530106257379
"temporal_bytimepoint","Fibroblast_10_days","Fibroblast","10_days","HALLMARK P53 PATHWAY",5.93898665055617,6.78531971434152,0.875269979983915,0.00216450216450216,6,6,"yugene",0.00491932310114128
"temporal_bytimepoint","Fibroblast_10_days","Fibroblast","10_days","HALLMARK PANCREAS BETA CELLS",0.0693345392983458,2.04972562161775,0.0338262538981308,0.00216450216450216,6,6,"yugene",0.00491932310114128
"temporal_bytimepoint","Fibroblast_10_days","Fibroblast","10_days","HALLMARK PEROXISOME",0.780103997014133,6.4714755346989,0.120544996706138,0.00216450216450216,6,6,"yugene",0.00491932310114128
"temporal_bytimepoint","Fibroblast_10_days","Fibroblast","10_days","HALLMARK PI3K AKT MTOR SIGNALING",0.0592203543337238,0.424379538270193,0.13954573440348,0.393939393939394,6,6,"yugene",0.464064731080438
"temporal_bytimepoint","Fibroblast_10_days","Fibroblast","10_days","HALLMARK PROTEIN SECRETION",0.450721664934453,5.35108297742701,0.0842299898610759,0.00216450216450216,6,6,"yugene",0.00491932310114128
"temporal_bytimepoint","Fibroblast_10_days","Fibroblast","10_days","HALLMARK REACTIVE OXYGEN SPECIES PATHWAY",0.0267120454494579,0.325133124449947,0.0821572563381498,0.699134199134199,6,6,"yugene",0.756274975024975
"temporal_bytimepoint","Fibroblast_10_days","Fibroblast","10_days","HALLMARK SPERMATOGENESIS",0.167174957976107,2.00840884527929,0.083237513302656,0.0151515151515152,6,6,"yugene",0.0280583613916947
"temporal_bytimepoint","Fibroblast_10_days","Fibroblast","10_days","HALLMARK TGF BETA SIGNALING",-1.28995805886062,-2.83472215125561,0.455056259495925,0.00216450216450216,6,6,"yugene",0.00491932310114128
"temporal_bytimepoint","Fibroblast_10_days","Fibroblast","10_days","HALLMARK TNFA SIGNALING VIA NFKB",2.22173102570495,2.45080231713834,0.906532122223198,0.00216450216450216,6,6,"yugene",0.00491932310114128
"temporal_bytimepoint","Fibroblast_10_days","Fibroblast","10_days","HALLMARK UNFOLDED PROTEIN RESPONSE",-0.428234171634575,-3.00694353961478,0.142415102243468,0.00216450216450216,6,6,"yugene",0.00491932310114128
"temporal_bytimepoint","Fibroblast_10_days","Fibroblast","10_days","HALLMARK UV RESPONSE DN",0.404845980204366,0.942799616599874,0.429408299575267,0.24025974025974,6,6,"yugene",0.306280122144145
"temporal_bytimepoint","Fibroblast_10_days","Fibroblast","10_days","HALLMARK UV RESPONSE UP",3.40197496225011,2.23084492874742,1.52497151120238,0.00216450216450216,6,6,"yugene",0.00491932310114128
"temporal_bytimepoint","Fibroblast_10_days","Fibroblast","10_days","HALLMARK WNT BETA CATENIN SIGNALING",-0.0883119642187998,-0.549593065434217,0.160686096264747,0.393939393939394,6,6,"yugene",0.464064731080438
"temporal_bytimepoint","Fibroblast_10_days","Fibroblast","10_days","HALLMARK XENOBIOTIC METABOLISM",2.25493394048226,3.19808119145742,0.705089647662965,0.00216450216450216,6,6,"yugene",0.00491932310114128
"temporal_bytimepoint","Fibroblast_10_days","Fibroblast","10_days","Lysosomal Genes",2.3742062558142,3.03750243252368,0.781631063202676,0.00216450216450216,6,6,"yugene",0.00491932310114128
"temporal_bytimepoint","Fibroblast_20_days","Fibroblast","20_days","HALLMARK ADIPOGENESIS",2.48406139337961,2.53168057526254,0.981190683236967,0.00216450216450216,6,6,"scaled",0.00455152324311203
"temporal_bytimepoint","Fibroblast_20_days","Fibroblast","20_days","HALLMARK ALLOGRAFT REJECTION",3.60170379866629,15.6065528122595,0.230781508382622,0.00216450216450216,6,6,"scaled",0.00455152324311203
"temporal_bytimepoint","Fibroblast_20_days","Fibroblast","20_days","HALLMARK ANDROGEN RESPONSE",-2.55121334959302,-14.7737437684559,0.172685636733475,0.00216450216450216,6,6,"scaled",0.00455152324311203
"temporal_bytimepoint","Fibroblast_20_days","Fibroblast","20_days","HALLMARK ANGIOGENESIS",1.95334153296311,9.91560515868027,0.196996703852525,0.00216450216450216,6,6,"scaled",0.00455152324311203
"temporal_bytimepoint","Fibroblast_20_days","Fibroblast","20_days","HALLMARK APICAL JUNCTION",3.8802686079053,13.453844613411,0.288413365800092,0.00216450216450216,6,6,"scaled",0.00455152324311203
"temporal_bytimepoint","Fibroblast_20_days","Fibroblast","20_days","HALLMARK APICAL SURFACE",-0.661164286220807,-16.7756164225753,0.0394122200678756,0.00216450216450216,6,6,"scaled",0.00455152324311203
"temporal_bytimepoint","Fibroblast_20_days","Fibroblast","20_days","HALLMARK APOPTOSIS",0.862185761249839,2.86420462544926,0.301021007224511,0.00216450216450216,6,6,"scaled",0.00455152324311203
"temporal_bytimepoint","Fibroblast_20_days","Fibroblast","20_days","HALLMARK BILE ACID METABOLISM",0.240974909389709,2.06964341230236,0.116433056997794,0.0151515151515152,6,6,"scaled",0.0262237762237762
"temporal_bytimepoint","Fibroblast_20_days","Fibroblast","20_days","HALLMARK CHOLESTEROL HOMEOSTASIS",-0.478794127729577,-1.76138733527607,0.271827847368128,0.0151515151515152,6,6,"scaled",0.0262237762237762
"temporal_bytimepoint","Fibroblast_20_days","Fibroblast","20_days","HALLMARK COAGULATION",2.92108590859302,12.98839816259,0.224899627500374,0.00216450216450216,6,6,"scaled",0.00455152324311203
"temporal_bytimepoint","Fibroblast_20_days","Fibroblast","20_days","HALLMARK COMPLEMENT",6.33661210695985,7.96711134938146,0.795346246472607,0.00216450216450216,6,6,"scaled",0.00455152324311203
"temporal_bytimepoint","Fibroblast_20_days","Fibroblast","20_days","HALLMARK DNA REPAIR",0.43379121338981,2.03386416982745,0.213284259502252,0.00865800865800866,6,6,"scaled",0.0157736999842263
"temporal_bytimepoint","Fibroblast_20_days","Fibroblast","20_days","HALLMARK E2F TARGETS",3.36568897311931,10.2625879258903,0.327957138825422,0.00216450216450216,6,6,"scaled",0.00455152324311203
"temporal_bytimepoint","Fibroblast_20_days","Fibroblast","20_days","HALLMARK EPITHELIAL MESENCHYMAL TRANSITION",-1.48496173428898,-1.84629080433211,0.804294605597717,0.00432900432900433,6,6,"scaled",0.00854408749145591
"temporal_bytimepoint","Fibroblast_20_days","Fibroblast","20_days","HALLMARK ESTROGEN RESPONSE EARLY",-0.647649726661768,-1.10270033100673,0.587330672214892,0.17965367965368,6,6,"scaled",0.235012080942314
"temporal_bytimepoint","Fibroblast_20_days","Fibroblast","20_days","HALLMARK ESTROGEN RESPONSE LATE",-2.24063735624012,-9.12473128752491,0.245556530448569,0.00216450216450216,6,6,"scaled",0.00455152324311203
"temporal_bytimepoint","Fibroblast_20_days","Fibroblast","20_days","HALLMARK FATTY ACID METABOLISM",1.01971479290197,6.14047156046766,0.166064573845907,0.00216450216450216,6,6,"scaled",0.00455152324311203
"temporal_bytimepoint","Fibroblast_20_days","Fibroblast","20_days","HALLMARK G2M CHECKPOINT",1.96119302624279,21.5188908687544,0.0911382021594089,0.00216450216450216,6,6,"scaled",0.00455152324311203
"temporal_bytimepoint","Fibroblast_20_days","Fibroblast","20_days","HALLMARK GLYCOLYSIS",0.378001787627278,1.20121662664573,0.314682447147611,0.132034632034632,6,6,"scaled",0.183381433381433
"temporal_bytimepoint","Fibroblast_20_days","Fibroblast","20_days","HALLMARK HEDGEHOG SIGNALING",-1.60540371287521,-3.65062099660156,0.439761814324114,0.00216450216450216,6,6,"scaled",0.00455152324311203
"temporal_bytimepoint","Fibroblast_20_days","Fibroblast","20_days","HALLMARK HEME METABOLISM",2.96760456209707,14.7287859690835,0.201483310866641,0.00216450216450216,6,6,"scaled",0.00455152324311203
"temporal_bytimepoint","Fibroblast_20_days","Fibroblast","20_days","HALLMARK HYPOXIA",1.73861525492277,11.1114581476224,0.156470485855612,0.00216450216450216,6,6,"scaled",0.00455152324311203
"temporal_bytimepoint","Fibroblast_20_days","Fibroblast","20_days","HALLMARK IL2 STAT5 SIGNALING",-0.468672394565862,-2.3688553325557,0.197847622066571,0.00865800865800866,6,6,"scaled",0.0157736999842263
"temporal_bytimepoint","Fibroblast_20_days","Fibroblast","20_days","HALLMARK IL6 JAK STAT3 SIGNALING",-1.44734952742071,-6.15596043191109,0.235113520210101,0.00216450216450216,6,6,"scaled",0.00455152324311203
"temporal_bytimepoint","Fibroblast_20_days","Fibroblast","20_days","HALLMARK INFLAMMATORY RESPONSE",3.83884275937264,9.57636338972189,0.400866446180686,0.00216450216450216,6,6,"scaled",0.00455152324311203
"temporal_bytimepoint","Fibroblast_20_days","Fibroblast","20_days","HALLMARK INTERFERON ALPHA RESPONSE",-1.49186082963561,-2.17267799178747,0.686646081598244,0.00216450216450216,6,6,"scaled",0.00455152324311203
"temporal_bytimepoint","Fibroblast_20_days","Fibroblast","20_days","HALLMARK INTERFERON GAMMA RESPONSE",3.72212021622346,4.14085259402246,0.898877738752774,0.00216450216450216,6,6,"scaled",0.00455152324311203
"temporal_bytimepoint","Fibroblast_20_days","Fibroblast","20_days","HALLMARK KRAS SIGNALING DN",-0.18072876015523,-0.692951293976652,0.260810192182597,0.393939393939394,6,6,"scaled",0.454545454545454
"temporal_bytimepoint","Fibroblast_20_days","Fibroblast","20_days","HALLMARK KRAS SIGNALING UP",4.73748897751024,6.90916695994359,0.685681646568419,0.00216450216450216,6,6,"scaled",0.00455152324311203
"temporal_bytimepoint","Fibroblast_20_days","Fibroblast","20_days","HALLMARK MITOTIC SPINDLE",2.82620337337587,18.0658720899241,0.15643880125511,0.00216450216450216,6,6,"scaled",0.00455152324311203
"temporal_bytimepoint","Fibroblast_20_days","Fibroblast","20_days","HALLMARK MTORC1 SIGNALING",1.71895484692454,2.67182687112271,0.643363110650288,0.00216450216450216,6,6,"scaled",0.00455152324311203
"temporal_bytimepoint","Fibroblast_20_days","Fibroblast","20_days","HALLMARK MYC TARGETS",-1.07744701135955,-12.7460954968667,0.0845315345098753,0.00216450216450216,6,6,"scaled",0.00455152324311203
"temporal_bytimepoint","Fibroblast_20_days","Fibroblast","20_days","HALLMARK MYOGENESIS",2.23831439209693,6.10014642433634,0.36692797785431,0.00216450216450216,6,6,"scaled",0.00455152324311203
"temporal_bytimepoint","Fibroblast_20_days","Fibroblast","20_days","HALLMARK NOTCH SIGNALING",-0.373143138888983,-1.87410405843766,0.199104813422181,0.0411255411255411,6,6,"scaled",0.0644825557717544
"temporal_bytimepoint","Fibroblast_20_days","Fibroblast","20_days","HALLMARK OXIDATIVE PHOSPHORYLATION",-0.503797209045178,-1.66930567200521,0.301800453622137,0.0411255411255411,6,6,"scaled",0.0644825557717544
"temporal_bytimepoint","Fibroblast_20_days","Fibroblast","20_days","HALLMARK P53 PATHWAY",3.73552482113675,4.01690513980176,0.92995096750557,0.00216450216450216,6,6,"scaled",0.00455152324311203
"temporal_bytimepoint","Fibroblast_20_days","Fibroblast","20_days","HALLMARK PANCREAS BETA CELLS",0.129296929250191,2.69353789659006,0.0480026397303997,0.00432900432900433,6,6,"scaled",0.00854408749145591
"temporal_bytimepoint","Fibroblast_20_days","Fibroblast","20_days","HALLMARK PEROXISOME",0.348127634220361,4.8451796681566,0.0718503044393417,0.00216450216450216,6,6,"scaled",0.00455152324311203
"temporal_bytimepoint","Fibroblast_20_days","Fibroblast","20_days","HALLMARK PI3K AKT MTOR SIGNALING",1.24143877908382,4.61068651482444,0.269252480100806,0.00216450216450216,6,6,"scaled",0.00455152324311203
"temporal_bytimepoint","Fibroblast_20_days","Fibroblast","20_days","HALLMARK PROTEIN SECRETION",0.884921904770684,11.021738029593,0.0802887804441276,0.00216450216450216,6,6,"scaled",0.00455152324311203
"temporal_bytimepoint","Fibroblast_20_days","Fibroblast","20_days","HALLMARK REACTIVE OXYGEN SPECIES PATHWAY",-0.400283549113904,-29.7918420144459,0.0134360120773938,0.00216450216450216,6,6,"scaled",0.00455152324311203
"temporal_bytimepoint","Fibroblast_20_days","Fibroblast","20_days","HALLMARK SPERMATOGENESIS",0.199176990468133,3.6160677560672,0.0550811002183089,0.00216450216450216,6,6,"scaled",0.00455152324311203
"temporal_bytimepoint","Fibroblast_20_days","Fibroblast","20_days","HALLMARK TGF BETA SIGNALING",-0.473859864291936,-2.11335341157406,0.224221780274317,0.00432900432900433,6,6,"scaled",0.00854408749145591
"temporal_bytimepoint","Fibroblast_20_days","Fibroblast","20_days","HALLMARK TNFA SIGNALING VIA NFKB",0.971034112088832,3.89492100147325,0.249307781010587,0.00216450216450216,6,6,"scaled",0.00455152324311203
"temporal_bytimepoint","Fibroblast_20_days","Fibroblast","20_days","HALLMARK UNFOLDED PROTEIN RESPONSE",0.826082940228464,10.1678167456924,0.0812448690696985,0.00216450216450216,6,6,"scaled",0.00455152324311203
"temporal_bytimepoint","Fibroblast_20_days","Fibroblast","20_days","HALLMARK UV RESPONSE DN",-0.590565194504727,-1.65220765400696,0.357440054869906,0.025974025974026,6,6,"scaled",0.0426580718551521
"temporal_bytimepoint","Fibroblast_20_days","Fibroblast","20_days","HALLMARK UV RESPONSE UP",2.85009370034735,3.45559665829944,0.82477614784763,0.00216450216450216,6,6,"scaled",0.00455152324311203
"temporal_bytimepoint","Fibroblast_20_days","Fibroblast","20_days","HALLMARK WNT BETA CATENIN SIGNALING",1.57695787967387,3.68077600678668,0.428430819144182,0.00216450216450216,6,6,"scaled",0.00455152324311203
"temporal_bytimepoint","Fibroblast_20_days","Fibroblast","20_days","HALLMARK XENOBIOTIC METABOLISM",0.5815128088736,2.77468114358247,0.209578246573872,0.00432900432900433,6,6,"scaled",0.00854408749145591
"temporal_bytimepoint","Fibroblast_20_days","Fibroblast","20_days","Lysosomal Genes",1.94459468166174,2.92773918871668,0.664196691138365,0.00216450216450216,6,6,"scaled",0.00455152324311203
"temporal_bytimepoint","Fibroblast_20_days","Fibroblast","20_days","HALLMARK ADIPOGENESIS",3.80236317354788,7.2439674126797,0.524900645866007,0.00216450216450216,6,6,"yugene",0.00491932310114128
"temporal_bytimepoint","Fibroblast_20_days","Fibroblast","20_days","HALLMARK ALLOGRAFT REJECTION",2.43852865851064,5.17094814353532,0.471582501085273,0.00216450216450216,6,6,"yugene",0.00491932310114128
"temporal_bytimepoint","Fibroblast_20_days","Fibroblast","20_days","HALLMARK ANDROGEN RESPONSE",-0.850766629634351,-10.0422739063295,0.0847185246658252,0.00216450216450216,6,6,"yugene",0.00491932310114128
"temporal_bytimepoint","Fibroblast_20_days","Fibroblast","20_days","HALLMARK ANGIOGENESIS",0.36300548945853,2.03647867597662,0.17825155438195,0.00216450216450216,6,6,"yugene",0.00491932310114128
"temporal_bytimepoint","Fibroblast_20_days","Fibroblast","20_days","HALLMARK APICAL JUNCTION",3.59863598172177,14.6618744226549,0.245441740802343,0.00216450216450216,6,6,"yugene",0.00491932310114128
"temporal_bytimepoint","Fibroblast_20_days","Fibroblast","20_days","HALLMARK APICAL SURFACE",0.183654423032878,3.82524327357575,0.0480111746882969,0.00216450216450216,6,6,"yugene",0.00491932310114128
"temporal_bytimepoint","Fibroblast_20_days","Fibroblast","20_days","HALLMARK APOPTOSIS",2.59879106853434,15.97892926935,0.162638623948303,0.00216450216450216,6,6,"yugene",0.00491932310114128
"temporal_bytimepoint","Fibroblast_20_days","Fibroblast","20_days","HALLMARK BILE ACID METABOLISM",0.885008526019034,7.8759924120741,0.112367874385239,0.00216450216450216,6,6,"yugene",0.00491932310114128
"temporal_bytimepoint","Fibroblast_20_days","Fibroblast","20_days","HALLMARK CHOLESTEROL HOMEOSTASIS",0.221864793950655,0.877694355203914,0.252781384129,0.30952380952381,6,6,"yugene",0.378493788819876
"temporal_bytimepoint","Fibroblast_20_days","Fibroblast","20_days","HALLMARK COAGULATION",3.37540271258793,8.54397562500218,0.395062305972703,0.00216450216450216,6,6,"yugene",0.00491932310114128
"temporal_bytimepoint","Fibroblast_20_days","Fibroblast","20_days","HALLMARK COMPLEMENT",4.76178240642141,18.2946667775836,0.260282543776965,0.00216450216450216,6,6,"yugene",0.00491932310114128
"temporal_bytimepoint","Fibroblast_20_days","Fibroblast","20_days","HALLMARK DNA REPAIR",0.885392781027271,2.48686086877281,0.356028273292259,0.00216450216450216,6,6,"yugene",0.00491932310114128
"temporal_bytimepoint","Fibroblast_20_days","Fibroblast","20_days","HALLMARK E2F TARGETS",1.29416368310164,10.6593646256836,0.121410959146981,0.00216450216450216,6,6,"yugene",0.00491932310114128
"temporal_bytimepoint","Fibroblast_20_days","Fibroblast","20_days","HALLMARK EPITHELIAL MESENCHYMAL TRANSITION",1.65798907444986,6.81325346864393,0.243347628571325,0.00216450216450216,6,6,"yugene",0.00491932310114128
"temporal_bytimepoint","Fibroblast_20_days","Fibroblast","20_days","HALLMARK ESTROGEN RESPONSE EARLY",2.47428103589442,3.09650732682718,0.799055443679407,0.00216450216450216,6,6,"yugene",0.00491932310114128
"temporal_bytimepoint","Fibroblast_20_days","Fibroblast","20_days","HALLMARK ESTROGEN RESPONSE LATE",0.737395622788588,1.6700779241556,0.441533662665124,0.025974025974026,6,6,"yugene",0.0469410107964325
"temporal_bytimepoint","Fibroblast_20_days","Fibroblast","20_days","HALLMARK FATTY ACID METABOLISM",2.16568116148593,10.1376816568147,0.21362686606263,0.00216450216450216,6,6,"yugene",0.00491932310114128
"temporal_bytimepoint","Fibroblast_20_days","Fibroblast","20_days","HALLMARK G2M CHECKPOINT",1.36780901074063,16.2076583509099,0.0843927593441549,0.00216450216450216,6,6,"yugene",0.00491932310114128
"temporal_bytimepoint","Fibroblast_20_days","Fibroblast","20_days","HALLMARK GLYCOLYSIS",1.54344265770584,10.2165094531064,0.151073384191559,0.00216450216450216,6,6,"yugene",0.00491932310114128
"temporal_bytimepoint","Fibroblast_20_days","Fibroblast","20_days","HALLMARK HEDGEHOG SIGNALING",-1.20875957335943,-3.49593466510719,0.345761488458014,0.00216450216450216,6,6,"yugene",0.00491932310114128
"temporal_bytimepoint","Fibroblast_20_days","Fibroblast","20_days","HALLMARK HEME METABOLISM",3.19822889227954,10.8495184673083,0.294780722473208,0.00216450216450216,6,6,"yugene",0.00491932310114128
"temporal_bytimepoint","Fibroblast_20_days","Fibroblast","20_days","HALLMARK HYPOXIA",0.433127750292383,1.71226307219552,0.252956311051555,0.0151515151515152,6,6,"yugene",0.0280583613916947
"temporal_bytimepoint","Fibroblast_20_days","Fibroblast","20_days","HALLMARK IL2 STAT5 SIGNALING",1.51363056752619,3.01074775515827,0.502742405082893,0.00216450216450216,6,6,"yugene",0.00491932310114128
"temporal_bytimepoint","Fibroblast_20_days","Fibroblast","20_days","HALLMARK IL6 JAK STAT3 SIGNALING",-0.544315227601721,-2.4985617192479,0.217851423644466,0.00216450216450216,6,6,"yugene",0.00491932310114128
"temporal_bytimepoint","Fibroblast_20_days","Fibroblast","20_days","HALLMARK INFLAMMATORY RESPONSE",1.9694347428506,3.72862349308718,0.528193513370794,0.00216450216450216,6,6,"yugene",0.00491932310114128
"temporal_bytimepoint","Fibroblast_20_days","Fibroblast","20_days","HALLMARK INTERFERON ALPHA RESPONSE",-2.06612616622409,-2.23096899052113,0.926111557355829,0.00216450216450216,6,6,"yugene",0.00491932310114128
"temporal_bytimepoint","Fibroblast_20_days","Fibroblast","20_days","HALLMARK INTERFERON GAMMA RESPONSE",4.6312572131587,4.9292374987658,0.93954840161755,0.00216450216450216,6,6,"yugene",0.00491932310114128
"temporal_bytimepoint","Fibroblast_20_days","Fibroblast","20_days","HALLMARK KRAS SIGNALING DN",0.585671081314698,1.05137524923224,0.557052376629922,0.484848484848485,6,6,"yugene",0.544094309680345
"temporal_bytimepoint","Fibroblast_20_days","Fibroblast","20_days","HALLMARK KRAS SIGNALING UP",2.37209385695504,9.06683606611809,0.26162311082466,0.00216450216450216,6,6,"yugene",0.00491932310114128
"temporal_bytimepoint","Fibroblast_20_days","Fibroblast","20_days","HALLMARK MITOTIC SPINDLE",2.6421726790502,18.2063984271925,0.145123303195647,0.00216450216450216,6,6,"yugene",0.00491932310114128
"temporal_bytimepoint","Fibroblast_20_days","Fibroblast","20_days","HALLMARK MTORC1 SIGNALING",0.795620689192717,1.71012790785748,0.465240456890446,0.00865800865800866,6,6,"yugene",0.0173160173160173
"temporal_bytimepoint","Fibroblast_20_days","Fibroblast","20_days","HALLMARK MYC TARGETS",0.259247421772894,0.978682470649031,0.264894314088378,0.588744588744589,6,6,"yugene",0.647762994951259
"temporal_bytimepoint","Fibroblast_20_days","Fibroblast","20_days","HALLMARK MYOGENESIS",1.89102612977832,9.14767277494823,0.206722100396625,0.00216450216450216,6,6,"yugene",0.00491932310114128
"temporal_bytimepoint","Fibroblast_20_days","Fibroblast","20_days","HALLMARK NOTCH SIGNALING",-0.205544843323305,-0.948439520774412,0.216718977669209,0.24025974025974,6,6,"yugene",0.306280122144145
"temporal_bytimepoint","Fibroblast_20_days","Fibroblast","20_days","HALLMARK OXIDATIVE PHOSPHORYLATION",0.479313670740591,1.65278397272472,0.290003823034666,0.00432900432900433,6,6,"yugene",0.00923247368744999
"temporal_bytimepoint","Fibroblast_20_days","Fibroblast","20_days","HALLMARK P53 PATHWAY",7.49272640591419,9.32144141124306,0.803816284987516,0.00216450216450216,6,6,"yugene",0.00491932310114128
"temporal_bytimepoint","Fibroblast_20_days","Fibroblast","20_days","HALLMARK PANCREAS BETA CELLS",0.133793853712083,3.40965010405778,0.0392397605704047,0.00216450216450216,6,6,"yugene",0.00491932310114128
"temporal_bytimepoint","Fibroblast_20_days","Fibroblast","20_days","HALLMARK PEROXISOME",1.13544039358378,9.31681167326482,0.121870059565763,0.00216450216450216,6,6,"yugene",0.00491932310114128
"temporal_bytimepoint","Fibroblast_20_days","Fibroblast","20_days","HALLMARK PI3K AKT MTOR SIGNALING",0.188994146084695,1.22018764830468,0.154889410942065,0.0649350649350649,6,6,"yugene",0.103619784470848
"temporal_bytimepoint","Fibroblast_20_days","Fibroblast","20_days","HALLMARK PROTEIN SECRETION",0.473331715643877,6.60055033605836,0.0717109470490813,0.00216450216450216,6,6,"yugene",0.00491932310114128
"temporal_bytimepoint","Fibroblast_20_days","Fibroblast","20_days","HALLMARK REACTIVE OXYGEN SPECIES PATHWAY",0.0239735365703136,0.538266002528917,0.0445384558149309,0.30952380952381,6,6,"yugene",0.378493788819876
"temporal_bytimepoint","Fibroblast_20_days","Fibroblast","20_days","HALLMARK SPERMATOGENESIS",0.455460984351358,7.93480469246435,0.0574004026569056,0.00216450216450216,6,6,"yugene",0.00491932310114128
"temporal_bytimepoint","Fibroblast_20_days","Fibroblast","20_days","HALLMARK TGF BETA SIGNALING",-1.19599572257744,-6.20208145964314,0.192837796530047,0.00216450216450216,6,6,"yugene",0.00491932310114128
"temporal_bytimepoint","Fibroblast_20_days","Fibroblast","20_days","HALLMARK TNFA SIGNALING VIA NFKB",3.1915537792732,5.91993288760474,0.539119925828168,0.00216450216450216,6,6,"yugene",0.00491932310114128
"temporal_bytimepoint","Fibroblast_20_days","Fibroblast","20_days","HALLMARK UNFOLDED PROTEIN RESPONSE",-0.577073414322975,-6.91566615336574,0.0834443713050149,0.00216450216450216,6,6,"yugene",0.00491932310114128
"temporal_bytimepoint","Fibroblast_20_days","Fibroblast","20_days","HALLMARK UV RESPONSE DN",-0.0512679698395943,-0.249615525367878,0.205387744868981,0.588744588744589,6,6,"yugene",0.647762994951259
"temporal_bytimepoint","Fibroblast_20_days","Fibroblast","20_days","HALLMARK UV RESPONSE UP",2.47228732800923,2.78258376554078,0.888486218681276,0.00216450216450216,6,6,"yugene",0.00491932310114128
"temporal_bytimepoint","Fibroblast_20_days","Fibroblast","20_days","HALLMARK WNT BETA CATENIN SIGNALING",0.093272804510089,0.415474998083611,0.224496792683825,0.484848484848485,6,6,"yugene",0.544094309680345
"temporal_bytimepoint","Fibroblast_20_days","Fibroblast","20_days","HALLMARK XENOBIOTIC METABOLISM",3.37971470595134,9.93618604326634,0.340142051611618,0.00216450216450216,6,6,"yugene",0.00491932310114128
"temporal_bytimepoint","Fibroblast_20_days","Fibroblast","20_days","Lysosomal Genes",3.49899090515193,5.75211384092391,0.608296532703865,0.00216450216450216,6,6,"yugene",0.00491932310114128
"temporal_bytimepoint","Keratinocyte_4_days","Keratinocyte","4_days","HALLMARK ADIPOGENESIS",2.12227057817423,3.46068635889228,0.613251349033994,0.00216450216450216,6,6,"scaled",0.00455152324311203
"temporal_bytimepoint","Keratinocyte_4_days","Keratinocyte","4_days","HALLMARK ALLOGRAFT REJECTION",3.62501203256784,0.894679298243747,4.05174461919901,0.17965367965368,6,6,"scaled",0.235012080942314
"temporal_bytimepoint","Keratinocyte_4_days","Keratinocyte","4_days","HALLMARK ANDROGEN RESPONSE",-0.564922506954231,-0.952639034328903,0.593007935426662,0.0930735930735931,6,6,"scaled",0.132541509123788
"temporal_bytimepoint","Keratinocyte_4_days","Keratinocyte","4_days","HALLMARK ANGIOGENESIS",1.24488992634467,0.4174515036429,2.98211867841201,0.30952380952381,6,6,"scaled",0.376447876447876
"temporal_bytimepoint","Keratinocyte_4_days","Keratinocyte","4_days","HALLMARK APICAL JUNCTION",3.44442042228095,1.42748911683847,2.41292236953054,0.0411255411255411,6,6,"scaled",0.0644825557717544
"temporal_bytimepoint","Keratinocyte_4_days","Keratinocyte","4_days","HALLMARK APICAL SURFACE",-0.338414510361175,-1.07677911161054,0.314284059480879,0.30952380952381,6,6,"scaled",0.376447876447876
"temporal_bytimepoint","Keratinocyte_4_days","Keratinocyte","4_days","HALLMARK APOPTOSIS",1.72218133448343,1.91098858798216,0.901199172676334,0.0151515151515152,6,6,"scaled",0.0262237762237762
"temporal_bytimepoint","Keratinocyte_4_days","Keratinocyte","4_days","HALLMARK BILE ACID METABOLISM",0.0356793502042972,0.0511279427450693,0.697844432783051,0.699134199134199,6,6,"scaled",0.758097324362385
"temporal_bytimepoint","Keratinocyte_4_days","Keratinocyte","4_days","HALLMARK CHOLESTEROL HOMEOSTASIS",0.860124115276937,1.84986978388498,0.464964681714276,0.0151515151515152,6,6,"scaled",0.0262237762237762
"temporal_bytimepoint","Keratinocyte_4_days","Keratinocyte","4_days","HALLMARK COAGULATION",2.54596469638149,0.939232152671941,2.7106873302183,0.24025974025974,6,6,"scaled",0.302002466806936
"temporal_bytimepoint","Keratinocyte_4_days","Keratinocyte","4_days","HALLMARK COMPLEMENT",3.71049539317664,1.52281772714861,2.43659850225433,0.0411255411255411,6,6,"scaled",0.0644825557717544
"temporal_bytimepoint","Keratinocyte_4_days","Keratinocyte","4_days","HALLMARK DNA REPAIR",-0.202673113142733,-0.302585362501099,0.66980475019507,0.699134199134199,6,6,"scaled",0.758097324362385
"temporal_bytimepoint","Keratinocyte_4_days","Keratinocyte","4_days","HALLMARK E2F TARGETS",3.05870555196806,3.27639804905948,0.933557371896888,0.00216450216450216,6,6,"scaled",0.00455152324311203
"temporal_bytimepoint","Keratinocyte_4_days","Keratinocyte","4_days","HALLMARK EPITHELIAL MESENCHYMAL TRANSITION",2.92092293751865,0.477121455692307,6.12196937000112,0.30952380952381,6,6,"scaled",0.376447876447876
"temporal_bytimepoint","Keratinocyte_4_days","Keratinocyte","4_days","HALLMARK ESTROGEN RESPONSE EARLY",-1.25237264635712,-0.620408790077874,2.01862492341529,0.699134199134199,6,6,"scaled",0.758097324362385
"temporal_bytimepoint","Keratinocyte_4_days","Keratinocyte","4_days","HALLMARK ESTROGEN RESPONSE LATE",-0.290198520533144,-0.393756607830739,0.736999747463004,0.393939393939394,6,6,"scaled",0.454545454545454
"temporal_bytimepoint","Keratinocyte_4_days","Keratinocyte","4_days","HALLMARK FATTY ACID METABOLISM",0.332751114546876,0.280549884962963,1.18606754941569,0.393939393939394,6,6,"scaled",0.454545454545454
"temporal_bytimepoint","Keratinocyte_4_days","Keratinocyte","4_days","HALLMARK G2M CHECKPOINT",1.98575438557256,3.519620842451,0.564195541071328,0.00216450216450216,6,6,"scaled",0.00455152324311203
"temporal_bytimepoint","Keratinocyte_4_days","Keratinocyte","4_days","HALLMARK GLYCOLYSIS",1.13876669979205,1.93288441458765,0.589154059703562,0.0411255411255411,6,6,"scaled",0.0644825557717544
"temporal_bytimepoint","Keratinocyte_4_days","Keratinocyte","4_days","HALLMARK HEDGEHOG SIGNALING",-0.712935829541793,-3.43513448618411,0.207542334196572,0.00216450216450216,6,6,"scaled",0.00455152324311203
"temporal_bytimepoint","Keratinocyte_4_days","Keratinocyte","4_days","HALLMARK HEME METABOLISM",1.18687850299127,3.23231379436841,0.367191609013686,0.00216450216450216,6,6,"scaled",0.00455152324311203
"temporal_bytimepoint","Keratinocyte_4_days","Keratinocyte","4_days","HALLMARK HYPOXIA",2.74307730526835,1.16940518133286,2.34570305404485,0.17965367965368,6,6,"scaled",0.235012080942314
"temporal_bytimepoint","Keratinocyte_4_days","Keratinocyte","4_days","HALLMARK IL2 STAT5 SIGNALING",0.538796688276992,1.19904343193346,0.449355439450748,0.17965367965368,6,6,"scaled",0.235012080942314
"temporal_bytimepoint","Keratinocyte_4_days","Keratinocyte","4_days","HALLMARK IL6 JAK STAT3 SIGNALING",-0.249950146950471,-0.863157784008268,0.289576426907456,0.17965367965368,6,6,"scaled",0.235012080942314
"temporal_bytimepoint","Keratinocyte_4_days","Keratinocyte","4_days","HALLMARK INFLAMMATORY RESPONSE",3.43677776311456,1.54066299651764,2.23071351157438,0.0151515151515152,6,6,"scaled",0.0262237762237762
"temporal_bytimepoint","Keratinocyte_4_days","Keratinocyte","4_days","HALLMARK INTERFERON ALPHA RESPONSE",-0.0916169363337576,-0.0657472383166862,1.39347201007081,0.818181818181818,6,6,"scaled",0.864276568501921
"temporal_bytimepoint","Keratinocyte_4_days","Keratinocyte","4_days","HALLMARK INTERFERON GAMMA RESPONSE",2.91196321457453,0.894957400888767,3.25374505164459,0.17965367965368,6,6,"scaled",0.235012080942314
"temporal_bytimepoint","Keratinocyte_4_days","Keratinocyte","4_days","HALLMARK KRAS SIGNALING DN",0.0832999321655342,0.0669746642530551,1.24375288916412,0.937229437229437,6,6,"scaled",0.960713546134959
"temporal_bytimepoint","Keratinocyte_4_days","Keratinocyte","4_days","HALLMARK KRAS SIGNALING UP",2.58759473340035,0.507065993045464,5.10307291139586,0.937229437229437,6,6,"scaled",0.960713546134959
"temporal_bytimepoint","Keratinocyte_4_days","Keratinocyte","4_days","HALLMARK MITOTIC SPINDLE",1.72752862421624,1.73650956533845,0.994828164899594,0.025974025974026,6,6,"scaled",0.0426580718551521
"temporal_bytimepoint","Keratinocyte_4_days","Keratinocyte","4_days","HALLMARK MTORC1 SIGNALING",2.64762170267916,3.02622260878338,0.874893239841194,0.00216450216450216,6,6,"scaled",0.00455152324311203
"temporal_bytimepoint","Keratinocyte_4_days","Keratinocyte","4_days","HALLMARK MYC TARGETS",0.0450086749089999,0.150714170847889,0.29863598529448,0.588744588744589,6,6,"scaled",0.66399765647886
"temporal_bytimepoint","Keratinocyte_4_days","Keratinocyte","4_days","HALLMARK MYOGENESIS",4.48583020535239,1.73137444922239,2.59090701457857,0.025974025974026,6,6,"scaled",0.0426580718551521
"temporal_bytimepoint","Keratinocyte_4_days","Keratinocyte","4_days","HALLMARK NOTCH SIGNALING",-0.436193643685143,-1.88645774707359,0.231223648852882,0.00865800865800866,6,6,"scaled",0.0157736999842263
"temporal_bytimepoint","Keratinocyte_4_days","Keratinocyte","4_days","HALLMARK OXIDATIVE PHOSPHORYLATION",-0.613262666326033,-2.31086273658499,0.265382558910581,0.00216450216450216,6,6,"scaled",0.00455152324311203
"temporal_bytimepoint","Keratinocyte_4_days","Keratinocyte","4_days","HALLMARK P53 PATHWAY",1.9325180635719,4.53299771130745,0.426322311778645,0.00216450216450216,6,6,"scaled",0.00455152324311203
"temporal_bytimepoint","Keratinocyte_4_days","Keratinocyte","4_days","HALLMARK PANCREAS BETA CELLS",-0.167693529569346,-0.918443550442359,0.182584470747907,0.30952380952381,6,6,"scaled",0.376447876447876
"temporal_bytimepoint","Keratinocyte_4_days","Keratinocyte","4_days","HALLMARK PEROXISOME",0.189593911481371,0.597250294651055,0.317444651228078,0.30952380952381,6,6,"scaled",0.376447876447876
"temporal_bytimepoint","Keratinocyte_4_days","Keratinocyte","4_days","HALLMARK PI3K AKT MTOR SIGNALING",1.61111569189733,3.60224426988223,0.447253315208967,0.00216450216450216,6,6,"scaled",0.00455152324311203
"temporal_bytimepoint","Keratinocyte_4_days","Keratinocyte","4_days","HALLMARK PROTEIN SECRETION",0.0550549700251248,0.22406395749968,0.245710959671877,1,6,6,"scaled",1
"temporal_bytimepoint","Keratinocyte_4_days","Keratinocyte","4_days","HALLMARK REACTIVE OXYGEN SPECIES PATHWAY",-0.10464199519337,-1.08396292797302,0.0965365073776528,0.17965367965368,6,6,"scaled",0.235012080942314
"temporal_bytimepoint","Keratinocyte_4_days","Keratinocyte","4_days","HALLMARK SPERMATOGENESIS",0.150714168320943,0.183935770371301,0.819384766849344,0.937229437229437,6,6,"scaled",0.960713546134959
"temporal_bytimepoint","Keratinocyte_4_days","Keratinocyte","4_days","HALLMARK TGF BETA SIGNALING",-0.0147980312524842,-0.0236942502784223,0.624541020652608,0.818181818181818,6,6,"scaled",0.864276568501921
"temporal_bytimepoint","Keratinocyte_4_days","Keratinocyte","4_days","HALLMARK TNFA SIGNALING VIA NFKB",3.12392269164017,2.41435792656264,1.29389377493326,0.0151515151515152,6,6,"scaled",0.0262237762237762
"temporal_bytimepoint","Keratinocyte_4_days","Keratinocyte","4_days","HALLMARK UNFOLDED PROTEIN RESPONSE",0.0333925157944116,0.150459977012497,0.221936201622827,0.937229437229437,6,6,"scaled",0.960713546134959
"temporal_bytimepoint","Keratinocyte_4_days","Keratinocyte","4_days","HALLMARK UV RESPONSE DN",-0.907431310889746,-0.357300394530274,2.53968740248021,0.818181818181818,6,6,"scaled",0.864276568501921
"temporal_bytimepoint","Keratinocyte_4_days","Keratinocyte","4_days","HALLMARK UV RESPONSE UP",2.29014776092455,2.38263871636746,0.961181292485701,0.0151515151515152,6,6,"scaled",0.0262237762237762
"temporal_bytimepoint","Keratinocyte_4_days","Keratinocyte","4_days","HALLMARK WNT BETA CATENIN SIGNALING",0.0442848287801752,0.12863463646818,0.344268309034556,0.818181818181818,6,6,"scaled",0.864276568501921
"temporal_bytimepoint","Keratinocyte_4_days","Keratinocyte","4_days","HALLMARK XENOBIOTIC METABOLISM",-0.386648224302431,-0.247016462123144,1.56527310357832,0.393939393939394,6,6,"scaled",0.454545454545454
"temporal_bytimepoint","Keratinocyte_4_days","Keratinocyte","4_days","Lysosomal Genes",-0.449127047563327,-0.338635507624282,1.32628456689083,0.818181818181818,6,6,"scaled",0.864276568501921
"temporal_bytimepoint","Keratinocyte_4_days","Keratinocyte","4_days","HALLMARK ADIPOGENESIS",2.506779877812,3.16176678134087,0.79284148742587,0.00216450216450216,6,6,"yugene",0.00491932310114128
"temporal_bytimepoint","Keratinocyte_4_days","Keratinocyte","4_days","HALLMARK ALLOGRAFT REJECTION",2.91105675153981,0.735186532949024,3.959616534137,0.17965367965368,6,6,"yugene",0.240607606679035
"temporal_bytimepoint","Keratinocyte_4_days","Keratinocyte","4_days","HALLMARK ANDROGEN RESPONSE",-0.305575983309252,-0.615615129583927,0.496375037949083,0.699134199134199,6,6,"yugene",0.756274975024975
"temporal_bytimepoint","Keratinocyte_4_days","Keratinocyte","4_days","HALLMARK ANGIOGENESIS",0.308051819877382,0.508953750792434,0.605264858344692,0.484848484848485,6,6,"yugene",0.544094309680345
"temporal_bytimepoint","Keratinocyte_4_days","Keratinocyte","4_days","HALLMARK APICAL JUNCTION",2.00424827434618,1.12793532601292,1.77691772579807,0.0649350649350649,6,6,"yugene",0.103619784470848
"temporal_bytimepoint","Keratinocyte_4_days","Keratinocyte","4_days","HALLMARK APICAL SURFACE",-0.232050503954737,-2.07175218994186,0.112006882426053,0.00865800865800866,6,6,"yugene",0.0173160173160173
"temporal_bytimepoint","Keratinocyte_4_days","Keratinocyte","4_days","HALLMARK APOPTOSIS",0.296833623035555,0.590583153356264,0.502611057136763,0.24025974025974,6,6,"yugene",0.306280122144145
"temporal_bytimepoint","Keratinocyte_4_days","Keratinocyte","4_days","HALLMARK BILE ACID METABOLISM",0.109010417106985,0.308332746615367,0.353547971480859,0.699134199134199,6,6,"yugene",0.756274975024975
"temporal_bytimepoint","Keratinocyte_4_days","Keratinocyte","4_days","HALLMARK CHOLESTEROL HOMEOSTASIS",0.570488888353335,2.12685317193372,0.268231439707073,0.00432900432900433,6,6,"yugene",0.00923247368744999
"temporal_bytimepoint","Keratinocyte_4_days","Keratinocyte","4_days","HALLMARK COAGULATION",1.81159430927129,1.25095633688968,1.44816749861594,0.132034632034632,6,6,"yugene",0.194805194805195
"temporal_bytimepoint","Keratinocyte_4_days","Keratinocyte","4_days","HALLMARK COMPLEMENT",2.89818779385562,1.57407251721386,1.84120347834131,0.025974025974026,6,6,"yugene",0.0469410107964325
"temporal_bytimepoint","Keratinocyte_4_days","Keratinocyte","4_days","HALLMARK DNA REPAIR",0.641576848317235,1.15145397590191,0.557188443259053,0.0649350649350649,6,6,"yugene",0.103619784470848
"temporal_bytimepoint","Keratinocyte_4_days","Keratinocyte","4_days","HALLMARK E2F TARGETS",1.45509032694998,3.1715206691633,0.458798941812936,0.00216450216450216,6,6,"yugene",0.00491932310114128
"temporal_bytimepoint","Keratinocyte_4_days","Keratinocyte","4_days","HALLMARK EPITHELIAL MESENCHYMAL TRANSITION",3.46188174750916,0.730550107414644,4.73873278830999,0.17965367965368,6,6,"yugene",0.240607606679035
"temporal_bytimepoint","Keratinocyte_4_days","Keratinocyte","4_days","HALLMARK ESTROGEN RESPONSE EARLY",0.0880264635073928,0.0318301318638934,2.76550734642874,0.699134199134199,6,6,"yugene",0.756274975024975
"temporal_bytimepoint","Keratinocyte_4_days","Keratinocyte","4_days","HALLMARK ESTROGEN RESPONSE LATE",0.400643682398067,0.294664401552459,1.35966095764282,0.484848484848485,6,6,"yugene",0.544094309680345
"temporal_bytimepoint","Keratinocyte_4_days","Keratinocyte","4_days","HALLMARK FATTY ACID METABOLISM",0.36781704294356,0.79912690765512,0.460273630408525,0.24025974025974,6,6,"yugene",0.306280122144145
"temporal_bytimepoint","Keratinocyte_4_days","Keratinocyte","4_days","HALLMARK G2M CHECKPOINT",1.16995040271959,2.19300051105562,0.533492991370269,0.00865800865800866,6,6,"yugene",0.0173160173160173
"temporal_bytimepoint","Keratinocyte_4_days","Keratinocyte","4_days","HALLMARK GLYCOLYSIS",1.37732620318068,1.78886327245701,0.769944927813807,0.0151515151515152,6,6,"yugene",0.0280583613916947
"temporal_bytimepoint","Keratinocyte_4_days","Keratinocyte","4_days","HALLMARK HEDGEHOG SIGNALING",-0.846191785283704,-3.43575220170718,0.24629010929928,0.00216450216450216,6,6,"yugene",0.00491932310114128
"temporal_bytimepoint","Keratinocyte_4_days","Keratinocyte","4_days","HALLMARK HEME METABOLISM",1.6066215148059,2.51957394899016,0.637656027301693,0.00216450216450216,6,6,"yugene",0.00491932310114128
"temporal_bytimepoint","Keratinocyte_4_days","Keratinocyte","4_days","HALLMARK HYPOXIA",1.94593097716805,2.44683655952084,0.795284413090964,0.00216450216450216,6,6,"yugene",0.00491932310114128
"temporal_bytimepoint","Keratinocyte_4_days","Keratinocyte","4_days","HALLMARK IL2 STAT5 SIGNALING",1.21820522422825,4.3365616879007,0.280914999463082,0.00216450216450216,6,6,"yugene",0.00491932310114128
"temporal_bytimepoint","Keratinocyte_4_days","Keratinocyte","4_days","HALLMARK IL6 JAK STAT3 SIGNALING",-0.0340474827351937,-0.26696979760228,0.127533088165711,0.393939393939394,6,6,"yugene",0.464064731080438
"temporal_bytimepoint","Keratinocyte_4_days","Keratinocyte","4_days","HALLMARK INFLAMMATORY RESPONSE",1.58144912705298,0.874409868533195,1.8085902091954,0.17965367965368,6,6,"yugene",0.240607606679035
"temporal_bytimepoint","Keratinocyte_4_days","Keratinocyte","4_days","HALLMARK INTERFERON ALPHA RESPONSE",0.265864414166181,0.165516380447062,1.60627252389206,0.818181818181818,6,6,"yugene",0.862252501596764
"temporal_bytimepoint","Keratinocyte_4_days","Keratinocyte","4_days","HALLMARK INTERFERON GAMMA RESPONSE",1.69418965454443,0.715075866900891,2.36924462559054,0.30952380952381,6,6,"yugene",0.378493788819876
"temporal_bytimepoint","Keratinocyte_4_days","Keratinocyte","4_days","HALLMARK KRAS SIGNALING DN",0.39193852971447,1.08268728910644,0.362005293364018,0.17965367965368,6,6,"yugene",0.240607606679035
"temporal_bytimepoint","Keratinocyte_4_days","Keratinocyte","4_days","HALLMARK KRAS SIGNALING UP",1.66996048900023,0.407401581319331,4.09905254562887,0.24025974025974,6,6,"yugene",0.306280122144145
"temporal_bytimepoint","Keratinocyte_4_days","Keratinocyte","4_days","HALLMARK MITOTIC SPINDLE",2.0576927475524,1.58153331379599,1.30107455189391,0.0930735930735931,6,6,"yugene",0.142459581235091
"temporal_bytimepoint","Keratinocyte_4_days","Keratinocyte","4_days","HALLMARK MTORC1 SIGNALING",1.43178635619543,1.40431008490517,1.01956567255737,0.0930735930735931,6,6,"yugene",0.142459581235091
"temporal_bytimepoint","Keratinocyte_4_days","Keratinocyte","4_days","HALLMARK MYC TARGETS",-0.00181201814622967,-0.00516015422568098,0.351155811818888,0.937229437229437,6,6,"yugene",0.958530106257379
"temporal_bytimepoint","Keratinocyte_4_days","Keratinocyte","4_days","HALLMARK MYOGENESIS",1.34226089148313,1.15045765404383,1.16671907633029,0.132034632034632,6,6,"yugene",0.194805194805195
"temporal_bytimepoint","Keratinocyte_4_days","Keratinocyte","4_days","HALLMARK NOTCH SIGNALING",-0.270984951458182,-0.861118448877237,0.314689520136868,0.132034632034632,6,6,"yugene",0.194805194805195
"temporal_bytimepoint","Keratinocyte_4_days","Keratinocyte","4_days","HALLMARK OXIDATIVE PHOSPHORYLATION",0.0374652753888099,0.100765145218301,0.371807883645121,0.937229437229437,6,6,"yugene",0.958530106257379
"temporal_bytimepoint","Keratinocyte_4_days","Keratinocyte","4_days","HALLMARK P53 PATHWAY",1.97342834145213,2.14472076005892,0.920132997359487,0.00216450216450216,6,6,"yugene",0.00491932310114128
"temporal_bytimepoint","Keratinocyte_4_days","Keratinocyte","4_days","HALLMARK PANCREAS BETA CELLS",-0.0787812764813401,-3.23398171040085,0.0243604582635612,0.00216450216450216,6,6,"yugene",0.00491932310114128
"temporal_bytimepoint","Keratinocyte_4_days","Keratinocyte","4_days","HALLMARK PEROXISOME",0.281315839366196,2.13571144272088,0.131719966348919,0.00865800865800866,6,6,"yugene",0.0173160173160173
"temporal_bytimepoint","Keratinocyte_4_days","Keratinocyte","4_days","HALLMARK PI3K AKT MTOR SIGNALING",0.229725603309443,1.52537254124655,0.150602949179686,0.0930735930735931,6,6,"yugene",0.142459581235091
"temporal_bytimepoint","Keratinocyte_4_days","Keratinocyte","4_days","HALLMARK PROTEIN SECRETION",0.00461785778024878,0.0261452538816813,0.176623176089496,0.588744588744589,6,6,"yugene",0.647762994951259
"temporal_bytimepoint","Keratinocyte_4_days","Keratinocyte","4_days","HALLMARK REACTIVE OXYGEN SPECIES PATHWAY",-0.139358951055655,-0.192331909254906,0.72457530107995,0.24025974025974,6,6,"yugene",0.306280122144145
"temporal_bytimepoint","Keratinocyte_4_days","Keratinocyte","4_days","HALLMARK SPERMATOGENESIS",0.0451438935018924,0.268003678501535,0.168445051778026,0.937229437229437,6,6,"yugene",0.958530106257379
"temporal_bytimepoint","Keratinocyte_4_days","Keratinocyte","4_days","HALLMARK TGF BETA SIGNALING",-0.0853285197012053,-0.763913010693891,0.111699262228429,0.818181818181818,6,6,"yugene",0.862252501596764
"temporal_bytimepoint","Keratinocyte_4_days","Keratinocyte","4_days","HALLMARK TNFA SIGNALING VIA NFKB",1.66937860055155,1.39623363099556,1.19562984553038,0.0649350649350649,6,6,"yugene",0.103619784470848
"temporal_bytimepoint","Keratinocyte_4_days","Keratinocyte","4_days","HALLMARK UNFOLDED PROTEIN RESPONSE",0.214895179928165,0.70716442948764,0.30388290327875,0.17965367965368,6,6,"yugene",0.240607606679035
"temporal_bytimepoint","Keratinocyte_4_days","Keratinocyte","4_days","HALLMARK UV RESPONSE DN",-0.24361757910122,-0.133115719784747,1.83011878307955,1,6,6,"yugene",1
"temporal_bytimepoint","Keratinocyte_4_days","Keratinocyte","4_days","HALLMARK UV RESPONSE UP",2.23045602654863,2.03088959340811,1.09826552550581,0.0151515151515152,6,6,"yugene",0.0280583613916947
"temporal_bytimepoint","Keratinocyte_4_days","Keratinocyte","4_days","HALLMARK WNT BETA CATENIN SIGNALING",-0.103643961294088,-0.479095662625229,0.21633249761888,0.393939393939394,6,6,"yugene",0.464064731080438
"temporal_bytimepoint","Keratinocyte_4_days","Keratinocyte","4_days","HALLMARK XENOBIOTIC METABOLISM",0.238916235318893,0.0803371118107637,2.97392114221964,0.818181818181818,6,6,"yugene",0.862252501596764
"temporal_bytimepoint","Keratinocyte_4_days","Keratinocyte","4_days","Lysosomal Genes",0.0588421696899641,0.0647382978701415,0.908923645289463,0.818181818181818,6,6,"yugene",0.862252501596764
"temporal_bytimepoint","Keratinocyte_10_days","Keratinocyte","10_days","HALLMARK ADIPOGENESIS",2.75205764959731,4.6536129258751,0.591380867604022,0.00216450216450216,6,6,"scaled",0.00455152324311203
"temporal_bytimepoint","Keratinocyte_10_days","Keratinocyte","10_days","HALLMARK ALLOGRAFT REJECTION",4.49929142363359,1.11118228356137,4.049102915152,0.17965367965368,6,6,"scaled",0.235012080942314
"temporal_bytimepoint","Keratinocyte_10_days","Keratinocyte","10_days","HALLMARK ANDROGEN RESPONSE",0.751262808176946,1.1045752550401,0.680137278785658,0.24025974025974,6,6,"scaled",0.302002466806936
"temporal_bytimepoint","Keratinocyte_10_days","Keratinocyte","10_days","HALLMARK ANGIOGENESIS",2.91532288426111,0.958192142532821,3.04252430682112,0.0930735930735931,6,6,"scaled",0.132541509123788
"temporal_bytimepoint","Keratinocyte_10_days","Keratinocyte","10_days","HALLMARK APICAL JUNCTION",5.39355030513719,1.96863429415087,2.73974212537203,0.00865800865800866,6,6,"scaled",0.0157736999842263
"temporal_bytimepoint","Keratinocyte_10_days","Keratinocyte","10_days","HALLMARK APICAL SURFACE",-0.817876714016577,-2.52368267124232,0.324080647434951,0.00216450216450216,6,6,"scaled",0.00455152324311203
"temporal_bytimepoint","Keratinocyte_10_days","Keratinocyte","10_days","HALLMARK APOPTOSIS",-0.190030781813263,-0.284234596677481,0.668570202342009,0.393939393939394,6,6,"scaled",0.454545454545454
"temporal_bytimepoint","Keratinocyte_10_days","Keratinocyte","10_days","HALLMARK BILE ACID METABOLISM",1.29468813870494,1.77980718463537,0.727431684668797,0.0411255411255411,6,6,"scaled",0.0644825557717544
"temporal_bytimepoint","Keratinocyte_10_days","Keratinocyte","10_days","HALLMARK CHOLESTEROL HOMEOSTASIS",1.65400952832094,3.1613282807046,0.523200813536612,0.00216450216450216,6,6,"scaled",0.00455152324311203
"temporal_bytimepoint","Keratinocyte_10_days","Keratinocyte","10_days","HALLMARK COAGULATION",2.21433373193622,0.719462065150409,3.07776301099808,0.24025974025974,6,6,"scaled",0.302002466806936
"temporal_bytimepoint","Keratinocyte_10_days","Keratinocyte","10_days","HALLMARK COMPLEMENT",4.68677264048736,1.98932189117071,2.35596494528556,0.00216450216450216,6,6,"scaled",0.00455152324311203
"temporal_bytimepoint","Keratinocyte_10_days","Keratinocyte","10_days","HALLMARK DNA REPAIR",-0.33514968233927,-0.649157560656486,0.516284031260972,0.393939393939394,6,6,"scaled",0.454545454545454
"temporal_bytimepoint","Keratinocyte_10_days","Keratinocyte","10_days","HALLMARK E2F TARGETS",3.31919672609364,4.68760752434576,0.708079059275955,0.00216450216450216,6,6,"scaled",0.00455152324311203
"temporal_bytimepoint","Keratinocyte_10_days","Keratinocyte","10_days","HALLMARK EPITHELIAL MESENCHYMAL TRANSITION",5.56947614509355,0.990204280241737,5.6245728848333,0.0930735930735931,6,6,"scaled",0.132541509123788
"temporal_bytimepoint","Keratinocyte_10_days","Keratinocyte","10_days","HALLMARK ESTROGEN RESPONSE EARLY",-0.931520137852896,-0.521252990763012,1.78707873980605,1,6,6,"scaled",1
"temporal_bytimepoint","Keratinocyte_10_days","Keratinocyte","10_days","HALLMARK ESTROGEN RESPONSE LATE",-1.04420565726023,-2.20561296525217,0.473431047836105,0.00216450216450216,6,6,"scaled",0.00455152324311203
"temporal_bytimepoint","Keratinocyte_10_days","Keratinocyte","10_days","HALLMARK FATTY ACID METABOLISM",1.53172524832483,1.63902538297336,0.934534183690386,0.0151515151515152,6,6,"scaled",0.0262237762237762
"temporal_bytimepoint","Keratinocyte_10_days","Keratinocyte","10_days","HALLMARK G2M CHECKPOINT",3.06930579142571,5.85481228217256,0.524236413312773,0.00216450216450216,6,6,"scaled",0.00455152324311203
"temporal_bytimepoint","Keratinocyte_10_days","Keratinocyte","10_days","HALLMARK GLYCOLYSIS",0.919295209095196,1.03132760582601,0.891370699186236,0.393939393939394,6,6,"scaled",0.454545454545454
"temporal_bytimepoint","Keratinocyte_10_days","Keratinocyte","10_days","HALLMARK HEDGEHOG SIGNALING",-0.687208320024244,-3.5562422858263,0.193240017071719,0.00216450216450216,6,6,"scaled",0.00455152324311203
"temporal_bytimepoint","Keratinocyte_10_days","Keratinocyte","10_days","HALLMARK HEME METABOLISM",1.76902287133718,5.44225338141381,0.325053382736401,0.00216450216450216,6,6,"scaled",0.00455152324311203
"temporal_bytimepoint","Keratinocyte_10_days","Keratinocyte","10_days","HALLMARK HYPOXIA",0.902714411801161,0.421942302791848,2.13942618653832,0.699134199134199,6,6,"scaled",0.758097324362385
"temporal_bytimepoint","Keratinocyte_10_days","Keratinocyte","10_days","HALLMARK IL2 STAT5 SIGNALING",0.288177589233515,0.756773967803246,0.380797439518213,0.24025974025974,6,6,"scaled",0.302002466806936
"temporal_bytimepoint","Keratinocyte_10_days","Keratinocyte","10_days","HALLMARK IL6 JAK STAT3 SIGNALING",-0.457317551360814,-1.55494848617679,0.294104631392154,0.0411255411255411,6,6,"scaled",0.0644825557717544
"temporal_bytimepoint","Keratinocyte_10_days","Keratinocyte","10_days","HALLMARK INFLAMMATORY RESPONSE",3.96293218039423,2.70295545549247,1.46614779475609,0.00216450216450216,6,6,"scaled",0.00455152324311203
"temporal_bytimepoint","Keratinocyte_10_days","Keratinocyte","10_days","HALLMARK INTERFERON ALPHA RESPONSE",-0.236903754459808,-0.202079720338752,1.17232819831045,0.699134199134199,6,6,"scaled",0.758097324362385
"temporal_bytimepoint","Keratinocyte_10_days","Keratinocyte","10_days","HALLMARK INTERFERON GAMMA RESPONSE",3.01425860458053,1.10875007604953,2.71860960345573,0.132034632034632,6,6,"scaled",0.183381433381433
"temporal_bytimepoint","Keratinocyte_10_days","Keratinocyte","10_days","HALLMARK KRAS SIGNALING DN",0.307360676811694,0.410278484659923,0.749151340622852,1,6,6,"scaled",1
"temporal_bytimepoint","Keratinocyte_10_days","Keratinocyte","10_days","HALLMARK KRAS SIGNALING UP",5.45356114912125,1.18730983007688,4.59320811718381,0.17965367965368,6,6,"scaled",0.235012080942314
"temporal_bytimepoint","Keratinocyte_10_days","Keratinocyte","10_days","HALLMARK MITOTIC SPINDLE",2.26219998472795,2.59591271089799,0.871446861533878,0.00216450216450216,6,6,"scaled",0.00455152324311203
"temporal_bytimepoint","Keratinocyte_10_days","Keratinocyte","10_days","HALLMARK MTORC1 SIGNALING",3.32251982850166,5.77535411903865,0.575292832269602,0.00216450216450216,6,6,"scaled",0.00455152324311203
"temporal_bytimepoint","Keratinocyte_10_days","Keratinocyte","10_days","HALLMARK MYC TARGETS",-0.818074287931062,-3.21823245431835,0.254199875100177,0.00216450216450216,6,6,"scaled",0.00455152324311203
"temporal_bytimepoint","Keratinocyte_10_days","Keratinocyte","10_days","HALLMARK MYOGENESIS",6.64442450580844,2.17886123718375,3.04949410839791,0.00865800865800866,6,6,"scaled",0.0157736999842263
"temporal_bytimepoint","Keratinocyte_10_days","Keratinocyte","10_days","HALLMARK NOTCH SIGNALING",0.163939951610537,0.828138957540346,0.19796188805977,0.24025974025974,6,6,"scaled",0.302002466806936
"temporal_bytimepoint","Keratinocyte_10_days","Keratinocyte","10_days","HALLMARK OXIDATIVE PHOSPHORYLATION",-0.544381847023558,-2.14695950464615,0.253559438753028,0.025974025974026,6,6,"scaled",0.0426580718551521
"temporal_bytimepoint","Keratinocyte_10_days","Keratinocyte","10_days","HALLMARK P53 PATHWAY",2.15355061519557,4.61405567487687,0.466737024202258,0.00216450216450216,6,6,"scaled",0.00455152324311203
"temporal_bytimepoint","Keratinocyte_10_days","Keratinocyte","10_days","HALLMARK PANCREAS BETA CELLS",0.130844619212632,2.42567315891181,0.05394157029438,0.00432900432900433,6,6,"scaled",0.00854408749145591
"temporal_bytimepoint","Keratinocyte_10_days","Keratinocyte","10_days","HALLMARK PEROXISOME",1.2664184096149,2.85897012524434,0.442963149013899,0.00216450216450216,6,6,"scaled",0.00455152324311203
"temporal_bytimepoint","Keratinocyte_10_days","Keratinocyte","10_days","HALLMARK PI3K AKT MTOR SIGNALING",1.12984328643824,3.77395767758306,0.299378896893678,0.00216450216450216,6,6,"scaled",0.00455152324311203
"temporal_bytimepoint","Keratinocyte_10_days","Keratinocyte","10_days","HALLMARK PROTEIN SECRETION",0.433576251497187,2.11238799959382,0.205254078124169,0.00216450216450216,6,6,"scaled",0.00455152324311203
"temporal_bytimepoint","Keratinocyte_10_days","Keratinocyte","10_days","HALLMARK REACTIVE OXYGEN SPECIES PATHWAY",-0.04934748226729,-0.648427559124148,0.0761033080301911,0.17965367965368,6,6,"scaled",0.235012080942314
"temporal_bytimepoint","Keratinocyte_10_days","Keratinocyte","10_days","HALLMARK SPERMATOGENESIS",0.485346855125956,5.54771398015189,0.0874859188599821,0.00216450216450216,6,6,"scaled",0.00455152324311203
"temporal_bytimepoint","Keratinocyte_10_days","Keratinocyte","10_days","HALLMARK TGF BETA SIGNALING",-0.106653007649861,-0.178859556410521,0.596294711841226,0.699134199134199,6,6,"scaled",0.758097324362385
"temporal_bytimepoint","Keratinocyte_10_days","Keratinocyte","10_days","HALLMARK TNFA SIGNALING VIA NFKB",2.01080270904788,1.9112022152615,1.05211405312899,0.00865800865800866,6,6,"scaled",0.0157736999842263
"temporal_bytimepoint","Keratinocyte_10_days","Keratinocyte","10_days","HALLMARK UNFOLDED PROTEIN RESPONSE",0.0319692373107038,0.154046080076064,0.207530352573193,0.937229437229437,6,6,"scaled",0.960713546134959
"temporal_bytimepoint","Keratinocyte_10_days","Keratinocyte","10_days","HALLMARK UV RESPONSE DN",-0.875536784809354,-0.323833137418675,2.70366643694465,0.588744588744589,6,6,"scaled",0.66399765647886
"temporal_bytimepoint","Keratinocyte_10_days","Keratinocyte","10_days","HALLMARK UV RESPONSE UP",2.73666175274607,3.32917052670724,0.822025105290356,0.00216450216450216,6,6,"scaled",0.00455152324311203
"temporal_bytimepoint","Keratinocyte_10_days","Keratinocyte","10_days","HALLMARK WNT BETA CATENIN SIGNALING",-0.425694771527818,-1.17529318858866,0.362203044875134,0.0649350649350649,6,6,"scaled",0.0958058335107515
"temporal_bytimepoint","Keratinocyte_10_days","Keratinocyte","10_days","HALLMARK XENOBIOTIC METABOLISM",-0.0552723683509164,-0.0498068235622096,1.10973485955956,1,6,6,"scaled",1
"temporal_bytimepoint","Keratinocyte_10_days","Keratinocyte","10_days","Lysosomal Genes",0.244290098641877,0.133084338976135,1.83560365194949,0.937229437229437,6,6,"scaled",0.960713546134959
"temporal_bytimepoint","Keratinocyte_10_days","Keratinocyte","10_days","HALLMARK ADIPOGENESIS",3.5232877854586,4.39904979767207,0.800920186746484,0.00216450216450216,6,6,"yugene",0.00491932310114128
"temporal_bytimepoint","Keratinocyte_10_days","Keratinocyte","10_days","HALLMARK ALLOGRAFT REJECTION",3.58238654423195,0.884599162054141,4.0497286204898,0.17965367965368,6,6,"yugene",0.240607606679035
"temporal_bytimepoint","Keratinocyte_10_days","Keratinocyte","10_days","HALLMARK ANDROGEN RESPONSE",0.879176135681907,1.08811781280466,0.807978810139869,0.393939393939394,6,6,"yugene",0.464064731080438
"temporal_bytimepoint","Keratinocyte_10_days","Keratinocyte","10_days","HALLMARK ANGIOGENESIS",0.3237717418928,0.597494987599687,0.541881938112127,0.818181818181818,6,6,"yugene",0.862252501596764
"temporal_bytimepoint","Keratinocyte_10_days","Keratinocyte","10_days","HALLMARK APICAL JUNCTION",3.84700950146546,2.47983749577684,1.55131515997194,0.00216450216450216,6,6,"yugene",0.00491932310114128
"temporal_bytimepoint","Keratinocyte_10_days","Keratinocyte","10_days","HALLMARK APICAL SURFACE",-0.55357433882405,-4.64647806283967,0.119138481089855,0.00216450216450216,6,6,"yugene",0.00491932310114128
"temporal_bytimepoint","Keratinocyte_10_days","Keratinocyte","10_days","HALLMARK APOPTOSIS",-0.21746666212,-0.468061663351433,0.464611138119895,0.484848484848485,6,6,"yugene",0.544094309680345
"temporal_bytimepoint","Keratinocyte_10_days","Keratinocyte","10_days","HALLMARK BILE ACID METABOLISM",0.479004557514141,0.802752519360395,0.596702652388802,0.588744588744589,6,6,"yugene",0.647762994951259
"temporal_bytimepoint","Keratinocyte_10_days","Keratinocyte","10_days","HALLMARK CHOLESTEROL HOMEOSTASIS",1.30436186228004,5.40231337439974,0.24144505730843,0.00216450216450216,6,6,"yugene",0.00491932310114128
"temporal_bytimepoint","Keratinocyte_10_days","Keratinocyte","10_days","HALLMARK COAGULATION",2.45514105292506,1.65383980087842,1.48450959495655,0.0649350649350649,6,6,"yugene",0.103619784470848
"temporal_bytimepoint","Keratinocyte_10_days","Keratinocyte","10_days","HALLMARK COMPLEMENT",4.01871390260393,2.20671920446226,1.82112608368006,0.00216450216450216,6,6,"yugene",0.00491932310114128
"temporal_bytimepoint","Keratinocyte_10_days","Keratinocyte","10_days","HALLMARK DNA REPAIR",0.0186473824402554,0.0473871109964119,0.393511696496276,0.937229437229437,6,6,"yugene",0.958530106257379
"temporal_bytimepoint","Keratinocyte_10_days","Keratinocyte","10_days","HALLMARK E2F TARGETS",1.81392561726358,4.94784505660018,0.366609220077314,0.00216450216450216,6,6,"yugene",0.00491932310114128
"temporal_bytimepoint","Keratinocyte_10_days","Keratinocyte","10_days","HALLMARK EPITHELIAL MESENCHYMAL TRANSITION",4.46935109285989,0.919959565595176,4.85820383852241,0.17965367965368,6,6,"yugene",0.240607606679035
"temporal_bytimepoint","Keratinocyte_10_days","Keratinocyte","10_days","HALLMARK ESTROGEN RESPONSE EARLY",2.12517807339629,0.901097901208483,2.35843194235184,0.24025974025974,6,6,"yugene",0.306280122144145
"temporal_bytimepoint","Keratinocyte_10_days","Keratinocyte","10_days","HALLMARK ESTROGEN RESPONSE LATE",0.711323798344214,0.637581029217518,1.11566023100969,0.699134199134199,6,6,"yugene",0.756274975024975
"temporal_bytimepoint","Keratinocyte_10_days","Keratinocyte","10_days","HALLMARK FATTY ACID METABOLISM",1.10036217143746,2.51368392716121,0.437748819391203,0.00432900432900433,6,6,"yugene",0.00923247368744999
"temporal_bytimepoint","Keratinocyte_10_days","Keratinocyte","10_days","HALLMARK G2M CHECKPOINT",1.55130883970507,3.18998326637619,0.486306262498784,0.00216450216450216,6,6,"yugene",0.00491932310114128
"temporal_bytimepoint","Keratinocyte_10_days","Keratinocyte","10_days","HALLMARK GLYCOLYSIS",0.76599886295043,1.03784062012454,0.738069842418109,0.0930735930735931,6,6,"yugene",0.142459581235091
"temporal_bytimepoint","Keratinocyte_10_days","Keratinocyte","10_days","HALLMARK HEDGEHOG SIGNALING",-0.828509655671061,-5.0925642044525,0.162690075649254,0.00216450216450216,6,6,"yugene",0.00491932310114128
"temporal_bytimepoint","Keratinocyte_10_days","Keratinocyte","10_days","HALLMARK HEME METABOLISM",1.86733851444182,3.63202711102875,0.514131215808274,0.00216450216450216,6,6,"yugene",0.00491932310114128
"temporal_bytimepoint","Keratinocyte_10_days","Keratinocyte","10_days","HALLMARK HYPOXIA",1.45350878025256,2.6241406627012,0.553898958585693,0.00216450216450216,6,6,"yugene",0.00491932310114128
"temporal_bytimepoint","Keratinocyte_10_days","Keratinocyte","10_days","HALLMARK IL2 STAT5 SIGNALING",0.628679221411785,1.94987452938816,0.322420346507657,0.0151515151515152,6,6,"yugene",0.0280583613916947
"temporal_bytimepoint","Keratinocyte_10_days","Keratinocyte","10_days","HALLMARK IL6 JAK STAT3 SIGNALING",-0.0834675420971288,-0.550117287139134,0.151726811806258,0.30952380952381,6,6,"yugene",0.378493788819876
"temporal_bytimepoint","Keratinocyte_10_days","Keratinocyte","10_days","HALLMARK INFLAMMATORY RESPONSE",2.13819272495536,1.16019632364319,1.84295767999085,0.17965367965368,6,6,"yugene",0.240607606679035
"temporal_bytimepoint","Keratinocyte_10_days","Keratinocyte","10_days","HALLMARK INTERFERON ALPHA RESPONSE",1.24790595850021,0.919090577285425,1.35776167152747,0.132034632034632,6,6,"yugene",0.194805194805195
"temporal_bytimepoint","Keratinocyte_10_days","Keratinocyte","10_days","HALLMARK INTERFERON GAMMA RESPONSE",3.05617580522197,1.59498805901569,1.91611202851764,0.025974025974026,6,6,"yugene",0.0469410107964325
"temporal_bytimepoint","Keratinocyte_10_days","Keratinocyte","10_days","HALLMARK KRAS SIGNALING DN",-0.123470028886803,-0.263136421465408,0.469224397744706,0.484848484848485,6,6,"yugene",0.544094309680345
"temporal_bytimepoint","Keratinocyte_10_days","Keratinocyte","10_days","HALLMARK KRAS SIGNALING UP",5.67180838190337,1.57391920056621,3.60362106254435,0.0649350649350649,6,6,"yugene",0.103619784470848
"temporal_bytimepoint","Keratinocyte_10_days","Keratinocyte","10_days","HALLMARK MITOTIC SPINDLE",2.01759620490702,1.71078045050888,1.17934256514731,0.025974025974026,6,6,"yugene",0.0469410107964325
"temporal_bytimepoint","Keratinocyte_10_days","Keratinocyte","10_days","HALLMARK MTORC1 SIGNALING",2.46299887855069,2.76160515034542,0.891872206366151,0.00216450216450216,6,6,"yugene",0.00491932310114128
"temporal_bytimepoint","Keratinocyte_10_days","Keratinocyte","10_days","HALLMARK MYC TARGETS",-1.20594082253824,-2.69017530278559,0.448275925100319,0.00216450216450216,6,6,"yugene",0.00491932310114128
"temporal_bytimepoint","Keratinocyte_10_days","Keratinocyte","10_days","HALLMARK MYOGENESIS",3.52436095764395,3.48775593161874,1.01049529460859,0.00216450216450216,6,6,"yugene",0.00491932310114128
"temporal_bytimepoint","Keratinocyte_10_days","Keratinocyte","10_days","HALLMARK NOTCH SIGNALING",-0.102052191671475,-0.535144164755228,0.190700372708264,0.30952380952381,6,6,"yugene",0.378493788819876
"temporal_bytimepoint","Keratinocyte_10_days","Keratinocyte","10_days","HALLMARK OXIDATIVE PHOSPHORYLATION",-0.662920866065256,-2.08507389930579,0.317936388866587,0.00865800865800866,6,6,"yugene",0.0173160173160173
"temporal_bytimepoint","Keratinocyte_10_days","Keratinocyte","10_days","HALLMARK P53 PATHWAY",1.62503550593556,1.70296591002188,0.954238423900501,0.0411255411255411,6,6,"yugene",0.0717305949864089
"temporal_bytimepoint","Keratinocyte_10_days","Keratinocyte","10_days","HALLMARK PANCREAS BETA CELLS",-0.0320497760938193,-0.925213147459538,0.0346404244057945,0.17965367965368,6,6,"yugene",0.240607606679035
"temporal_bytimepoint","Keratinocyte_10_days","Keratinocyte","10_days","HALLMARK PEROXISOME",0.580189503999748,1.42554794972432,0.406994029286739,0.0649350649350649,6,6,"yugene",0.103619784470848
"temporal_bytimepoint","Keratinocyte_10_days","Keratinocyte","10_days","HALLMARK PI3K AKT MTOR SIGNALING",0.374598867445488,2.06659128513773,0.181264128102874,0.0151515151515152,6,6,"yugene",0.0280583613916947
"temporal_bytimepoint","Keratinocyte_10_days","Keratinocyte","10_days","HALLMARK PROTEIN SECRETION",0.40163649522179,1.97890768993155,0.202958681329741,0.00216450216450216,6,6,"yugene",0.00491932310114128
"temporal_bytimepoint","Keratinocyte_10_days","Keratinocyte","10_days","HALLMARK REACTIVE OXYGEN SPECIES PATHWAY",-0.135304677776917,-0.243577756186527,0.555488645167188,1,6,6,"yugene",1
"temporal_bytimepoint","Keratinocyte_10_days","Keratinocyte","10_days","HALLMARK SPERMATOGENESIS",0.324710265797314,2.1637220015589,0.150070233404924,0.00432900432900433,6,6,"yugene",0.00923247368744999
"temporal_bytimepoint","Keratinocyte_10_days","Keratinocyte","10_days","HALLMARK TGF BETA SIGNALING",-0.402842036602233,-3.18402868425133,0.126519600339893,0.00216450216450216,6,6,"yugene",0.00491932310114128
"temporal_bytimepoint","Keratinocyte_10_days","Keratinocyte","10_days","HALLMARK TNFA SIGNALING VIA NFKB",1.01550337481746,0.672434804683698,1.51018859783015,0.484848484848485,6,6,"yugene",0.544094309680345
"temporal_bytimepoint","Keratinocyte_10_days","Keratinocyte","10_days","HALLMARK UNFOLDED PROTEIN RESPONSE",-0.279568822950635,-1.03406264937772,0.270359656756651,0.132034632034632,6,6,"yugene",0.194805194805195
"temporal_bytimepoint","Keratinocyte_10_days","Keratinocyte","10_days","HALLMARK UV RESPONSE DN",-0.19283988470979,-0.120043875046804,1.60641169434595,1,6,6,"yugene",1
"temporal_bytimepoint","Keratinocyte_10_days","Keratinocyte","10_days","HALLMARK UV RESPONSE UP",3.24945368813317,3.09645644469182,1.04941042968766,0.00216450216450216,6,6,"yugene",0.00491932310114128
"temporal_bytimepoint","Keratinocyte_10_days","Keratinocyte","10_days","HALLMARK WNT BETA CATENIN SIGNALING",-0.240316960939284,-1.30682776124197,0.183893369934913,0.0649350649350649,6,6,"yugene",0.103619784470848
"temporal_bytimepoint","Keratinocyte_10_days","Keratinocyte","10_days","HALLMARK XENOBIOTIC METABOLISM",1.66486155914899,0.710081154749233,2.34460744101418,1,6,6,"yugene",1
"temporal_bytimepoint","Keratinocyte_10_days","Keratinocyte","10_days","Lysosomal Genes",1.87425463503642,1.34259679609769,1.3959921850581,0.0649350649350649,6,6,"yugene",0.103619784470848
"temporal_bytimepoint","Keratinocyte_20_days","Keratinocyte","20_days","HALLMARK ADIPOGENESIS",2.50051415229895,3.84084636715885,0.651032067744127,0.00216450216450216,6,6,"scaled",0.00455152324311203
"temporal_bytimepoint","Keratinocyte_20_days","Keratinocyte","20_days","HALLMARK ALLOGRAFT REJECTION",0.743889891164779,0.202453619194408,3.67437190861207,0.937229437229437,6,6,"scaled",0.960713546134959
"temporal_bytimepoint","Keratinocyte_20_days","Keratinocyte","20_days","HALLMARK ANDROGEN RESPONSE",1.59398951641722,3.72475674310651,0.427944595138261,0.00216450216450216,6,6,"scaled",0.00455152324311203
"temporal_bytimepoint","Keratinocyte_20_days","Keratinocyte","20_days","HALLMARK ANGIOGENESIS",6.12768129338592,1.92307081544307,3.18640439248417,0.025974025974026,6,6,"scaled",0.0426580718551521
"temporal_bytimepoint","Keratinocyte_20_days","Keratinocyte","20_days","HALLMARK APICAL JUNCTION",4.70994796121296,2.13170275081289,2.20947688856568,0.00865800865800866,6,6,"scaled",0.0157736999842263
"temporal_bytimepoint","Keratinocyte_20_days","Keratinocyte","20_days","HALLMARK APICAL SURFACE",-1.50270568928426,-4.11811783442784,0.364901090668535,0.00216450216450216,6,6,"scaled",0.00455152324311203
"temporal_bytimepoint","Keratinocyte_20_days","Keratinocyte","20_days","HALLMARK APOPTOSIS",-1.42744809520419,-2.73845961757709,0.521259501524858,0.00216450216450216,6,6,"scaled",0.00455152324311203
"temporal_bytimepoint","Keratinocyte_20_days","Keratinocyte","20_days","HALLMARK BILE ACID METABOLISM",1.77026859556159,3.3714021606703,0.525083781523596,0.00216450216450216,6,6,"scaled",0.00455152324311203
"temporal_bytimepoint","Keratinocyte_20_days","Keratinocyte","20_days","HALLMARK CHOLESTEROL HOMEOSTASIS",1.80605793064958,4.36385961590853,0.41386710151389,0.00216450216450216,6,6,"scaled",0.00455152324311203
"temporal_bytimepoint","Keratinocyte_20_days","Keratinocyte","20_days","HALLMARK COAGULATION",1.93043726626539,0.762206690256148,2.53269525306403,0.484848484848485,6,6,"scaled",0.55376095985233
"temporal_bytimepoint","Keratinocyte_20_days","Keratinocyte","20_days","HALLMARK COMPLEMENT",3.45957864518691,1.63406645199273,2.11715909164402,0.0649350649350649,6,6,"scaled",0.0958058335107515
"temporal_bytimepoint","Keratinocyte_20_days","Keratinocyte","20_days","HALLMARK DNA REPAIR",0.0519248915256044,0.0889085194140748,0.584026051359307,1,6,6,"scaled",1
"temporal_bytimepoint","Keratinocyte_20_days","Keratinocyte","20_days","HALLMARK E2F TARGETS",2.65491813547455,4.08429834905448,0.650030411242892,0.00216450216450216,6,6,"scaled",0.00455152324311203
"temporal_bytimepoint","Keratinocyte_20_days","Keratinocyte","20_days","HALLMARK EPITHELIAL MESENCHYMAL TRANSITION",6.42630892686234,1.42840051610761,4.49895449798214,0.0930735930735931,6,6,"scaled",0.132541509123788
"temporal_bytimepoint","Keratinocyte_20_days","Keratinocyte","20_days","HALLMARK ESTROGEN RESPONSE EARLY",-2.59476622421421,-1.4198900265358,1.82744168613173,0.0649350649350649,6,6,"scaled",0.0958058335107515
"temporal_bytimepoint","Keratinocyte_20_days","Keratinocyte","20_days","HALLMARK ESTROGEN RESPONSE LATE",-2.45076239445984,-5.17119994586293,0.473925282355501,0.00216450216450216,6,6,"scaled",0.00455152324311203
"temporal_bytimepoint","Keratinocyte_20_days","Keratinocyte","20_days","HALLMARK FATTY ACID METABOLISM",2.0864445566524,2.28192430638359,0.914335567930826,0.00216450216450216,6,6,"scaled",0.00455152324311203
"temporal_bytimepoint","Keratinocyte_20_days","Keratinocyte","20_days","HALLMARK G2M CHECKPOINT",2.60219821434002,5.71165370691956,0.455594534939592,0.00216450216450216,6,6,"scaled",0.00455152324311203
"temporal_bytimepoint","Keratinocyte_20_days","Keratinocyte","20_days","HALLMARK GLYCOLYSIS",-1.02031736741572,-2.28484985509795,0.446557731195854,0.00865800865800866,6,6,"scaled",0.0157736999842263
"temporal_bytimepoint","Keratinocyte_20_days","Keratinocyte","20_days","HALLMARK HEDGEHOG SIGNALING",0.0361207055529468,0.1023950526782,0.352758308220853,1,6,6,"scaled",1
"temporal_bytimepoint","Keratinocyte_20_days","Keratinocyte","20_days","HALLMARK HEME METABOLISM",1.43626942424998,2.69365964535366,0.533203750045937,0.00216450216450216,6,6,"scaled",0.00455152324311203
"temporal_bytimepoint","Keratinocyte_20_days","Keratinocyte","20_days","HALLMARK HYPOXIA",-1.02923636435725,-0.543517362767371,1.89365866642565,0.937229437229437,6,6,"scaled",0.960713546134959
"temporal_bytimepoint","Keratinocyte_20_days","Keratinocyte","20_days","HALLMARK IL2 STAT5 SIGNALING",-0.547934047864371,-1.04528989660727,0.524193383713762,0.24025974025974,6,6,"scaled",0.302002466806936
"temporal_bytimepoint","Keratinocyte_20_days","Keratinocyte","20_days","HALLMARK IL6 JAK STAT3 SIGNALING",-0.324886205548053,-4.79141342715779,0.0678059220910878,0.00216450216450216,6,6,"scaled",0.00455152324311203
"temporal_bytimepoint","Keratinocyte_20_days","Keratinocyte","20_days","HALLMARK INFLAMMATORY RESPONSE",1.88534184528079,1.08287051507276,1.74105935939545,0.24025974025974,6,6,"scaled",0.302002466806936
"temporal_bytimepoint","Keratinocyte_20_days","Keratinocyte","20_days","HALLMARK INTERFERON ALPHA RESPONSE",1.11349702266267,0.662575872279792,1.68055775836109,0.17965367965368,6,6,"scaled",0.235012080942314
"temporal_bytimepoint","Keratinocyte_20_days","Keratinocyte","20_days","HALLMARK INTERFERON GAMMA RESPONSE",1.24728067208597,0.456315970732541,2.73337062931123,0.588744588744589,6,6,"scaled",0.66399765647886
"temporal_bytimepoint","Keratinocyte_20_days","Keratinocyte","20_days","HALLMARK KRAS SIGNALING DN",-0.607730738808738,-0.653457177338569,0.930023817756401,0.17965367965368,6,6,"scaled",0.235012080942314
"temporal_bytimepoint","Keratinocyte_20_days","Keratinocyte","20_days","HALLMARK KRAS SIGNALING UP",4.77274248303905,1.01870772841377,4.68509499821964,0.588744588744589,6,6,"scaled",0.66399765647886
"temporal_bytimepoint","Keratinocyte_20_days","Keratinocyte","20_days","HALLMARK MITOTIC SPINDLE",2.54874330794999,3.06475687402947,0.831629852778162,0.00216450216450216,6,6,"scaled",0.00455152324311203
"temporal_bytimepoint","Keratinocyte_20_days","Keratinocyte","20_days","HALLMARK MTORC1 SIGNALING",1.3838570197721,1.90150547102791,0.72776914968539,0.00216450216450216,6,6,"scaled",0.00455152324311203
"temporal_bytimepoint","Keratinocyte_20_days","Keratinocyte","20_days","HALLMARK MYC TARGETS",-2.4683832206165,-6.71058682082494,0.36783418298924,0.00216450216450216,6,6,"scaled",0.00455152324311203
"temporal_bytimepoint","Keratinocyte_20_days","Keratinocyte","20_days","HALLMARK MYOGENESIS",7.92832253561588,2.99258238671157,2.64932473398936,0.00216450216450216,6,6,"scaled",0.00455152324311203
"temporal_bytimepoint","Keratinocyte_20_days","Keratinocyte","20_days","HALLMARK NOTCH SIGNALING",0.27960334405606,0.834163765318141,0.335189989880971,0.30952380952381,6,6,"scaled",0.376447876447876
"temporal_bytimepoint","Keratinocyte_20_days","Keratinocyte","20_days","HALLMARK OXIDATIVE PHOSPHORYLATION",-0.618550923770419,-2.94428650958012,0.210085167240952,0.00216450216450216,6,6,"scaled",0.00455152324311203
"temporal_bytimepoint","Keratinocyte_20_days","Keratinocyte","20_days","HALLMARK P53 PATHWAY",1.87103377757901,4.07117908961422,0.459580317248167,0.00216450216450216,6,6,"scaled",0.00455152324311203
"temporal_bytimepoint","Keratinocyte_20_days","Keratinocyte","20_days","HALLMARK PANCREAS BETA CELLS",0.231697427215696,8.15705235987734,0.0284045531392397,0.00216450216450216,6,6,"scaled",0.00455152324311203
"temporal_bytimepoint","Keratinocyte_20_days","Keratinocyte","20_days","HALLMARK PEROXISOME",2.13017762419991,9.82477991429208,0.216816828751669,0.00216450216450216,6,6,"scaled",0.00455152324311203
"temporal_bytimepoint","Keratinocyte_20_days","Keratinocyte","20_days","HALLMARK PI3K AKT MTOR SIGNALING",0.839162690896373,3.18045795824807,0.263849641124834,0.00216450216450216,6,6,"scaled",0.00455152324311203
"temporal_bytimepoint","Keratinocyte_20_days","Keratinocyte","20_days","HALLMARK PROTEIN SECRETION",0.249529337848591,1.17823676790933,0.211781998868833,0.17965367965368,6,6,"scaled",0.235012080942314
"temporal_bytimepoint","Keratinocyte_20_days","Keratinocyte","20_days","HALLMARK REACTIVE OXYGEN SPECIES PATHWAY",0.0327043852536522,0.667424215419326,0.0490008970278444,0.937229437229437,6,6,"scaled",0.960713546134959
"temporal_bytimepoint","Keratinocyte_20_days","Keratinocyte","20_days","HALLMARK SPERMATOGENESIS",0.658200977869694,6.13991976105723,0.107200257248371,0.00216450216450216,6,6,"scaled",0.00455152324311203
"temporal_bytimepoint","Keratinocyte_20_days","Keratinocyte","20_days","HALLMARK TGF BETA SIGNALING",-0.990101556788438,-2.07289053523496,0.477642953141379,0.00216450216450216,6,6,"scaled",0.00455152324311203
"temporal_bytimepoint","Keratinocyte_20_days","Keratinocyte","20_days","HALLMARK TNFA SIGNALING VIA NFKB",-1.61851246434909,-2.30103749966583,0.703383784307793,0.00865800865800866,6,6,"scaled",0.0157736999842263
"temporal_bytimepoint","Keratinocyte_20_days","Keratinocyte","20_days","HALLMARK UNFOLDED PROTEIN RESPONSE",0.0515765161431121,0.274258871511586,0.188057785911707,0.818181818181818,6,6,"scaled",0.864276568501921
"temporal_bytimepoint","Keratinocyte_20_days","Keratinocyte","20_days","HALLMARK UV RESPONSE DN",1.30653489053273,0.439726109252888,2.9712470172685,0.393939393939394,6,6,"scaled",0.454545454545454
"temporal_bytimepoint","Keratinocyte_20_days","Keratinocyte","20_days","HALLMARK UV RESPONSE UP",0.013538409654851,0.0166713640149842,0.812075703144785,1,6,6,"scaled",1
"temporal_bytimepoint","Keratinocyte_20_days","Keratinocyte","20_days","HALLMARK WNT BETA CATENIN SIGNALING",-0.680943485320543,-1.43993090054328,0.472900112820432,0.0930735930735931,6,6,"scaled",0.132541509123788
"temporal_bytimepoint","Keratinocyte_20_days","Keratinocyte","20_days","HALLMARK XENOBIOTIC METABOLISM",0.619498264030733,0.582543324656761,1.06343723772948,0.937229437229437,6,6,"scaled",0.960713546134959
"temporal_bytimepoint","Keratinocyte_20_days","Keratinocyte","20_days","Lysosomal Genes",-1.51457614330367,-0.812319605375176,1.864507680575,0.24025974025974,6,6,"scaled",0.302002466806936
"temporal_bytimepoint","Keratinocyte_20_days","Keratinocyte","20_days","HALLMARK ADIPOGENESIS",3.0182334784993,3.55999484233981,0.847819621141801,0.00216450216450216,6,6,"yugene",0.00491932310114128
"temporal_bytimepoint","Keratinocyte_20_days","Keratinocyte","20_days","HALLMARK ALLOGRAFT REJECTION",-0.131578474546272,-0.0401355304533849,3.278353943748,1,6,6,"yugene",1
"temporal_bytimepoint","Keratinocyte_20_days","Keratinocyte","20_days","HALLMARK ANDROGEN RESPONSE",1.47173385152252,4.77869360089877,0.307978283279287,0.00216450216450216,6,6,"yugene",0.00491932310114128
"temporal_bytimepoint","Keratinocyte_20_days","Keratinocyte","20_days","HALLMARK ANGIOGENESIS",0.527764575525998,0.8597716749283,0.613842710705735,0.30952380952381,6,6,"yugene",0.378493788819876
"temporal_bytimepoint","Keratinocyte_20_days","Keratinocyte","20_days","HALLMARK APICAL JUNCTION",1.84982043401079,1.21833265009707,1.51832131714061,0.132034632034632,6,6,"yugene",0.194805194805195
"temporal_bytimepoint","Keratinocyte_20_days","Keratinocyte","20_days","HALLMARK APICAL SURFACE",-0.604825656027281,-2.76884225071286,0.218439911436473,0.00216450216450216,6,6,"yugene",0.00491932310114128
"temporal_bytimepoint","Keratinocyte_20_days","Keratinocyte","20_days","HALLMARK APOPTOSIS",-1.20102272287604,-2.80075772614792,0.428820640808476,0.00216450216450216,6,6,"yugene",0.00491932310114128
"temporal_bytimepoint","Keratinocyte_20_days","Keratinocyte","20_days","HALLMARK BILE ACID METABOLISM",0.842622766070941,3.11696460100155,0.270334403477084,0.00216450216450216,6,6,"yugene",0.00491932310114128
"temporal_bytimepoint","Keratinocyte_20_days","Keratinocyte","20_days","HALLMARK CHOLESTEROL HOMEOSTASIS",1.66611975112721,6.1370061331845,0.271487385700665,0.00216450216450216,6,6,"yugene",0.00491932310114128
"temporal_bytimepoint","Keratinocyte_20_days","Keratinocyte","20_days","HALLMARK COAGULATION",1.25710994591504,0.80199393965068,1.56748060523075,0.30952380952381,6,6,"yugene",0.378493788819876
"temporal_bytimepoint","Keratinocyte_20_days","Keratinocyte","20_days","HALLMARK COMPLEMENT",3.78313223436326,1.86525994001017,2.02820644630508,0.0151515151515152,6,6,"yugene",0.0280583613916947
"temporal_bytimepoint","Keratinocyte_20_days","Keratinocyte","20_days","HALLMARK DNA REPAIR",-0.186056509684423,-0.521343236499743,0.356879108921776,0.699134199134199,6,6,"yugene",0.756274975024975
"temporal_bytimepoint","Keratinocyte_20_days","Keratinocyte","20_days","HALLMARK E2F TARGETS",1.43890206041912,3.78142725687655,0.380518244216509,0.00216450216450216,6,6,"yugene",0.00491932310114128
"temporal_bytimepoint","Keratinocyte_20_days","Keratinocyte","20_days","HALLMARK EPITHELIAL MESENCHYMAL TRANSITION",5.42327282926573,1.30111578438355,4.16817080720851,0.132034632034632,6,6,"yugene",0.194805194805195
"temporal_bytimepoint","Keratinocyte_20_days","Keratinocyte","20_days","HALLMARK ESTROGEN RESPONSE EARLY",1.43097434536035,0.606561528125375,2.35915777544099,0.818181818181818,6,6,"yugene",0.862252501596764
"temporal_bytimepoint","Keratinocyte_20_days","Keratinocyte","20_days","HALLMARK ESTROGEN RESPONSE LATE",-0.987733197776964,-0.740545976718466,1.33379051244575,0.24025974025974,6,6,"yugene",0.306280122144145
"temporal_bytimepoint","Keratinocyte_20_days","Keratinocyte","20_days","HALLMARK FATTY ACID METABOLISM",1.68989739479665,3.18611756637833,0.530393922882626,0.00216450216450216,6,6,"yugene",0.00491932310114128
"temporal_bytimepoint","Keratinocyte_20_days","Keratinocyte","20_days","HALLMARK G2M CHECKPOINT",1.49157810256119,3.07076287511908,0.485735357375437,0.00216450216450216,6,6,"yugene",0.00491932310114128
"temporal_bytimepoint","Keratinocyte_20_days","Keratinocyte","20_days","HALLMARK GLYCOLYSIS",-1.40942959746771,-1.16912954165534,1.20553757924219,0.24025974025974,6,6,"yugene",0.306280122144145
"temporal_bytimepoint","Keratinocyte_20_days","Keratinocyte","20_days","HALLMARK HEDGEHOG SIGNALING",-0.145571610419592,-0.39062181703304,0.372666359307011,0.937229437229437,6,6,"yugene",0.958530106257379
"temporal_bytimepoint","Keratinocyte_20_days","Keratinocyte","20_days","HALLMARK HEME METABOLISM",1.09041282383793,1.25728216895003,0.867277728712675,0.17965367965368,6,6,"yugene",0.240607606679035
"temporal_bytimepoint","Keratinocyte_20_days","Keratinocyte","20_days","HALLMARK HYPOXIA",-1.61188706750037,-1.39174140707116,1.15818000334738,0.0649350649350649,6,6,"yugene",0.103619784470848
"temporal_bytimepoint","Keratinocyte_20_days","Keratinocyte","20_days","HALLMARK IL2 STAT5 SIGNALING",-1.6832733986334,-3.92512562742631,0.42884573855974,0.00216450216450216,6,6,"yugene",0.00491932310114128
"temporal_bytimepoint","Keratinocyte_20_days","Keratinocyte","20_days","HALLMARK IL6 JAK STAT3 SIGNALING",-0.281811542441821,-2.19940658002324,0.128130717167738,0.00216450216450216,6,6,"yugene",0.00491932310114128
"temporal_bytimepoint","Keratinocyte_20_days","Keratinocyte","20_days","HALLMARK INFLAMMATORY RESPONSE",-0.279993523920453,-0.183577314770727,1.52520764491049,0.937229437229437,6,6,"yugene",0.958530106257379
"temporal_bytimepoint","Keratinocyte_20_days","Keratinocyte","20_days","HALLMARK INTERFERON ALPHA RESPONSE",2.39233196777072,1.44787791558428,1.65230227080666,0.17965367965368,6,6,"yugene",0.240607606679035
"temporal_bytimepoint","Keratinocyte_20_days","Keratinocyte","20_days","HALLMARK INTERFERON GAMMA RESPONSE",1.6951780168319,1.04857853042312,1.61664383510491,0.17965367965368,6,6,"yugene",0.240607606679035
"temporal_bytimepoint","Keratinocyte_20_days","Keratinocyte","20_days","HALLMARK KRAS SIGNALING DN",-0.431011360082969,-0.961553646291181,0.448244735741399,0.17965367965368,6,6,"yugene",0.240607606679035
"temporal_bytimepoint","Keratinocyte_20_days","Keratinocyte","20_days","HALLMARK KRAS SIGNALING UP",3.87917080302909,1.11303312926719,3.48522492370293,0.30952380952381,6,6,"yugene",0.378493788819876
"temporal_bytimepoint","Keratinocyte_20_days","Keratinocyte","20_days","HALLMARK MITOTIC SPINDLE",1.85774777061159,1.67330253344788,1.11022826624403,0.00432900432900433,6,6,"yugene",0.00923247368744999
"temporal_bytimepoint","Keratinocyte_20_days","Keratinocyte","20_days","HALLMARK MTORC1 SIGNALING",1.45017343153803,1.54640051577873,0.937773504820491,0.0411255411255411,6,6,"yugene",0.0717305949864089
"temporal_bytimepoint","Keratinocyte_20_days","Keratinocyte","20_days","HALLMARK MYC TARGETS",-2.83449921522565,-9.49384416698249,0.29856180124416,0.00216450216450216,6,6,"yugene",0.00491932310114128
"temporal_bytimepoint","Keratinocyte_20_days","Keratinocyte","20_days","HALLMARK MYOGENESIS",2.89738483135951,2.61719340799013,1.10705797382569,0.00432900432900433,6,6,"yugene",0.00923247368744999
"temporal_bytimepoint","Keratinocyte_20_days","Keratinocyte","20_days","HALLMARK NOTCH SIGNALING",-0.171151863916125,-0.78336283828662,0.218483511791892,0.24025974025974,6,6,"yugene",0.306280122144145
"temporal_bytimepoint","Keratinocyte_20_days","Keratinocyte","20_days","HALLMARK OXIDATIVE PHOSPHORYLATION",-0.941707637331768,-2.72877885384795,0.345102218893198,0.00216450216450216,6,6,"yugene",0.00491932310114128
"temporal_bytimepoint","Keratinocyte_20_days","Keratinocyte","20_days","HALLMARK P53 PATHWAY",-0.550032405080112,-0.714359727630614,0.769965584292465,0.484848484848485,6,6,"yugene",0.544094309680345
"temporal_bytimepoint","Keratinocyte_20_days","Keratinocyte","20_days","HALLMARK PANCREAS BETA CELLS",0.06143539926823,1.48758338309169,0.0412987937123545,0.0649350649350649,6,6,"yugene",0.103619784470848
"temporal_bytimepoint","Keratinocyte_20_days","Keratinocyte","20_days","HALLMARK PEROXISOME",0.858194387041795,5.71921562761645,0.150054560436194,0.00216450216450216,6,6,"yugene",0.00491932310114128
"temporal_bytimepoint","Keratinocyte_20_days","Keratinocyte","20_days","HALLMARK PI3K AKT MTOR SIGNALING",0.285299846008314,1.82164268000322,0.156616799298867,0.0411255411255411,6,6,"yugene",0.0717305949864089
"temporal_bytimepoint","Keratinocyte_20_days","Keratinocyte","20_days","HALLMARK PROTEIN SECRETION",0.114640681312962,0.635589768817167,0.180368984740437,0.393939393939394,6,6,"yugene",0.464064731080438
"temporal_bytimepoint","Keratinocyte_20_days","Keratinocyte","20_days","HALLMARK REACTIVE OXYGEN SPECIES PATHWAY",-0.445545586921653,-0.823202763401793,0.541234318845683,1,6,6,"yugene",1
"temporal_bytimepoint","Keratinocyte_20_days","Keratinocyte","20_days","HALLMARK SPERMATOGENESIS",0.365962213505619,2.48429453514366,0.147310316199869,0.00216450216450216,6,6,"yugene",0.00491932310114128
"temporal_bytimepoint","Keratinocyte_20_days","Keratinocyte","20_days","HALLMARK TGF BETA SIGNALING",-0.454937251968266,-3.55973595867919,0.127800841761608,0.00216450216450216,6,6,"yugene",0.00491932310114128
"temporal_bytimepoint","Keratinocyte_20_days","Keratinocyte","20_days","HALLMARK TNFA SIGNALING VIA NFKB",-1.59372778479031,-1.79042286603991,0.890140432754499,0.00865800865800866,6,6,"yugene",0.0173160173160173
"temporal_bytimepoint","Keratinocyte_20_days","Keratinocyte","20_days","HALLMARK UNFOLDED PROTEIN RESPONSE",-0.43484565276108,-1.76397398645443,0.246514776351728,0.00865800865800866,6,6,"yugene",0.0173160173160173
"temporal_bytimepoint","Keratinocyte_20_days","Keratinocyte","20_days","HALLMARK UV RESPONSE DN",-1.54783092101271,-0.980272790550311,1.57897978596731,0.484848484848485,6,6,"yugene",0.544094309680345
"temporal_bytimepoint","Keratinocyte_20_days","Keratinocyte","20_days","HALLMARK UV RESPONSE UP",0.954371620866566,1.18778551480795,0.803488179447006,0.17965367965368,6,6,"yugene",0.240607606679035
"temporal_bytimepoint","Keratinocyte_20_days","Keratinocyte","20_days","HALLMARK WNT BETA CATENIN SIGNALING",-0.436638857415713,-1.7525094459324,0.249150644197187,0.0411255411255411,6,6,"yugene",0.0717305949864089
"temporal_bytimepoint","Keratinocyte_20_days","Keratinocyte","20_days","HALLMARK XENOBIOTIC METABOLISM",1.18158375451092,0.503042502375267,2.34887459594709,1,6,6,"yugene",1
"temporal_bytimepoint","Keratinocyte_20_days","Keratinocyte","20_days","Lysosomal Genes",1.09307053273052,0.862178172081746,1.26780121339801,0.17965367965368,6,6,"yugene",0.240607606679035
"temporal_bytimepoint","Melanocyte_4_days","Melanocyte","4_days","HALLMARK ADIPOGENESIS",-2.91601452409131,-3.61560776455878,0.806507429449324,0.00216450216450216,6,6,"scaled",0.00455152324311203
"temporal_bytimepoint","Melanocyte_4_days","Melanocyte","4_days","HALLMARK ALLOGRAFT REJECTION",1.73210975552304,2.70105513889922,0.641271527773749,0.00216450216450216,6,6,"scaled",0.00455152324311203
"temporal_bytimepoint","Melanocyte_4_days","Melanocyte","4_days","HALLMARK ANDROGEN RESPONSE",0.0744227576718017,0.149211479720122,0.498773672182579,0.393939393939394,6,6,"scaled",0.454545454545454
"temporal_bytimepoint","Melanocyte_4_days","Melanocyte","4_days","HALLMARK ANGIOGENESIS",-1.2912054746192,-0.893624349277063,1.44490856327245,0.0649350649350649,6,6,"scaled",0.0958058335107515
"temporal_bytimepoint","Melanocyte_4_days","Melanocyte","4_days","HALLMARK APICAL JUNCTION",-1.80968446577381,-1.7297650861869,1.0462024469248,0.0151515151515152,6,6,"scaled",0.0262237762237762
"temporal_bytimepoint","Melanocyte_4_days","Melanocyte","4_days","HALLMARK APICAL SURFACE",-0.663356217427798,-5.11952208383954,0.129573856028822,0.00216450216450216,6,6,"scaled",0.00455152324311203
"temporal_bytimepoint","Melanocyte_4_days","Melanocyte","4_days","HALLMARK APOPTOSIS",5.3407624614329,3.31446043302815,1.61135200414913,0.00216450216450216,6,6,"scaled",0.00455152324311203
"temporal_bytimepoint","Melanocyte_4_days","Melanocyte","4_days","HALLMARK BILE ACID METABOLISM",-1.80315902407185,-3.31160790300474,0.544496533673499,0.00216450216450216,6,6,"scaled",0.00455152324311203
"temporal_bytimepoint","Melanocyte_4_days","Melanocyte","4_days","HALLMARK CHOLESTEROL HOMEOSTASIS",0.149465893454282,0.673671899256873,0.22186749012265,0.484848484848485,6,6,"scaled",0.55376095985233
"temporal_bytimepoint","Melanocyte_4_days","Melanocyte","4_days","HALLMARK COAGULATION",0.783728885925512,0.959700149010875,0.816639329204304,0.17965367965368,6,6,"scaled",0.235012080942314
"temporal_bytimepoint","Melanocyte_4_days","Melanocyte","4_days","HALLMARK COMPLEMENT",1.49278541757661,8.50815163242063,0.175453551143622,0.00216450216450216,6,6,"scaled",0.00455152324311203
"temporal_bytimepoint","Melanocyte_4_days","Melanocyte","4_days","HALLMARK DNA REPAIR",-0.00281686113174034,-0.0083737302703997,0.336392627990141,0.30952380952381,6,6,"scaled",0.376447876447876
"temporal_bytimepoint","Melanocyte_4_days","Melanocyte","4_days","HALLMARK E2F TARGETS",3.92873221923837,8.58663367260982,0.457540448216684,0.00216450216450216,6,6,"scaled",0.00455152324311203
"temporal_bytimepoint","Melanocyte_4_days","Melanocyte","4_days","HALLMARK EPITHELIAL MESENCHYMAL TRANSITION",-2.34446491367074,-2.75956686758704,0.849577135168585,0.00216450216450216,6,6,"scaled",0.00455152324311203
"temporal_bytimepoint","Melanocyte_4_days","Melanocyte","4_days","HALLMARK ESTROGEN RESPONSE EARLY",1.53392900486749,4.81381925626173,0.318651142307054,0.00216450216450216,6,6,"scaled",0.00455152324311203
"temporal_bytimepoint","Melanocyte_4_days","Melanocyte","4_days","HALLMARK ESTROGEN RESPONSE LATE",0.576670703851764,2.95202200882874,0.195347697993812,0.00216450216450216,6,6,"scaled",0.00455152324311203
"temporal_bytimepoint","Melanocyte_4_days","Melanocyte","4_days","HALLMARK FATTY ACID METABOLISM",-0.198223532125327,-0.845685564585502,0.23439389345907,0.30952380952381,6,6,"scaled",0.376447876447876
"temporal_bytimepoint","Melanocyte_4_days","Melanocyte","4_days","HALLMARK G2M CHECKPOINT",0.664832669161407,0.966940401482688,0.687563233620153,0.0649350649350649,6,6,"scaled",0.0958058335107515
"temporal_bytimepoint","Melanocyte_4_days","Melanocyte","4_days","HALLMARK GLYCOLYSIS",-1.35157181161559,-2.97692167163587,0.454016585150148,0.00216450216450216,6,6,"scaled",0.00455152324311203
"temporal_bytimepoint","Melanocyte_4_days","Melanocyte","4_days","HALLMARK HEDGEHOG SIGNALING",-1.05088309724347,-9.5963339188971,0.109508808897747,0.00216450216450216,6,6,"scaled",0.00455152324311203
"temporal_bytimepoint","Melanocyte_4_days","Melanocyte","4_days","HALLMARK HEME METABOLISM",-0.671089773466407,-1.13407044101785,0.591753165582986,0.025974025974026,6,6,"scaled",0.0426580718551521
"temporal_bytimepoint","Melanocyte_4_days","Melanocyte","4_days","HALLMARK HYPOXIA",7.95225786460702,3.67793689090062,2.16215179881995,0.00216450216450216,6,6,"scaled",0.00455152324311203
"temporal_bytimepoint","Melanocyte_4_days","Melanocyte","4_days","HALLMARK IL2 STAT5 SIGNALING",0.189976515661457,0.421203034948667,0.451033112058679,0.818181818181818,6,6,"scaled",0.864276568501921
"temporal_bytimepoint","Melanocyte_4_days","Melanocyte","4_days","HALLMARK IL6 JAK STAT3 SIGNALING",-0.424084478155512,-2.32912387970883,0.182078970487619,0.00432900432900433,6,6,"scaled",0.00854408749145591
"temporal_bytimepoint","Melanocyte_4_days","Melanocyte","4_days","HALLMARK INFLAMMATORY RESPONSE",4.10735271827278,4.73336322514006,0.867745094324818,0.00216450216450216,6,6,"scaled",0.00455152324311203
"temporal_bytimepoint","Melanocyte_4_days","Melanocyte","4_days","HALLMARK INTERFERON ALPHA RESPONSE",-5.71645313407425,-10.8500369798079,0.526860244321073,0.00216450216450216,6,6,"scaled",0.00455152324311203
"temporal_bytimepoint","Melanocyte_4_days","Melanocyte","4_days","HALLMARK INTERFERON GAMMA RESPONSE",-0.901439014706538,-2.19209804810807,0.411222032465446,0.00432900432900433,6,6,"scaled",0.00854408749145591
"temporal_bytimepoint","Melanocyte_4_days","Melanocyte","4_days","HALLMARK KRAS SIGNALING DN",3.53455068211886,3.92021595651104,0.901621421199607,0.00216450216450216,6,6,"scaled",0.00455152324311203
"temporal_bytimepoint","Melanocyte_4_days","Melanocyte","4_days","HALLMARK KRAS SIGNALING UP",1.76030697774178,0.964953243250365,1.82424069772783,0.132034632034632,6,6,"scaled",0.183381433381433
"temporal_bytimepoint","Melanocyte_4_days","Melanocyte","4_days","HALLMARK MITOTIC SPINDLE",-0.237146912650029,-0.359853100961892,0.659010335095438,0.937229437229437,6,6,"scaled",0.960713546134959
"temporal_bytimepoint","Melanocyte_4_days","Melanocyte","4_days","HALLMARK MTORC1 SIGNALING",4.97143375378283,11.3755869763397,0.437026569628714,0.00216450216450216,6,6,"scaled",0.00455152324311203
"temporal_bytimepoint","Melanocyte_4_days","Melanocyte","4_days","HALLMARK MYC TARGETS",1.49929366063208,5.58338900729995,0.268527530263759,0.00216450216450216,6,6,"scaled",0.00455152324311203
"temporal_bytimepoint","Melanocyte_4_days","Melanocyte","4_days","HALLMARK MYOGENESIS",-0.601115285564871,-1.13259669953045,0.530740806338284,0.0930735930735931,6,6,"scaled",0.132541509123788
"temporal_bytimepoint","Melanocyte_4_days","Melanocyte","4_days","HALLMARK NOTCH SIGNALING",0.0410025871659919,0.154128761661598,0.26602813598163,1,6,6,"scaled",1
"temporal_bytimepoint","Melanocyte_4_days","Melanocyte","4_days","HALLMARK OXIDATIVE PHOSPHORYLATION",-0.506342486440004,-1.15135665309279,0.439779007729586,0.0649350649350649,6,6,"scaled",0.0958058335107515
"temporal_bytimepoint","Melanocyte_4_days","Melanocyte","4_days","HALLMARK P53 PATHWAY",7.34186149444583,4.89980370509629,1.49839910664371,0.00216450216450216,6,6,"scaled",0.00455152324311203
"temporal_bytimepoint","Melanocyte_4_days","Melanocyte","4_days","HALLMARK PANCREAS BETA CELLS",-0.522793332945622,-3.24314570677766,0.161199458862754,0.00216450216450216,6,6,"scaled",0.00455152324311203
"temporal_bytimepoint","Melanocyte_4_days","Melanocyte","4_days","HALLMARK PEROXISOME",-0.306061094756133,-1.65639120951714,0.184775850655084,0.0649350649350649,6,6,"scaled",0.0958058335107515
"temporal_bytimepoint","Melanocyte_4_days","Melanocyte","4_days","HALLMARK PI3K AKT MTOR SIGNALING",3.70398101730675,6.17161933228614,0.600163558035699,0.00216450216450216,6,6,"scaled",0.00455152324311203
"temporal_bytimepoint","Melanocyte_4_days","Melanocyte","4_days","HALLMARK PROTEIN SECRETION",-0.0945442166008361,-0.735565094541091,0.128532766579715,0.132034632034632,6,6,"scaled",0.183381433381433
"temporal_bytimepoint","Melanocyte_4_days","Melanocyte","4_days","HALLMARK REACTIVE OXYGEN SPECIES PATHWAY",0.0355275999876292,1.17290106158856,0.0302903639114379,0.0649350649350649,6,6,"scaled",0.0958058335107515
"temporal_bytimepoint","Melanocyte_4_days","Melanocyte","4_days","HALLMARK SPERMATOGENESIS",-0.470255401661303,-1.00387864818519,0.468438493548428,0.132034632034632,6,6,"scaled",0.183381433381433
"temporal_bytimepoint","Melanocyte_4_days","Melanocyte","4_days","HALLMARK TGF BETA SIGNALING",0.790278403571455,1.53192697770863,0.515872110793106,0.00216450216450216,6,6,"scaled",0.00455152324311203
"temporal_bytimepoint","Melanocyte_4_days","Melanocyte","4_days","HALLMARK TNFA SIGNALING VIA NFKB",4.30930409071367,2.55861221153617,1.68423494239731,0.00216450216450216,6,6,"scaled",0.00455152324311203
"temporal_bytimepoint","Melanocyte_4_days","Melanocyte","4_days","HALLMARK UNFOLDED PROTEIN RESPONSE",0.613615082889781,2.36351825547735,0.259619354099658,0.00216450216450216,6,6,"scaled",0.00455152324311203
"temporal_bytimepoint","Melanocyte_4_days","Melanocyte","4_days","HALLMARK UV RESPONSE DN",0.0818833196104468,0.0595991444020332,1.37390092478666,0.393939393939394,6,6,"scaled",0.454545454545454
"temporal_bytimepoint","Melanocyte_4_days","Melanocyte","4_days","HALLMARK UV RESPONSE UP",3.03092222779706,10.4668945757604,0.289572251431306,0.00216450216450216,6,6,"scaled",0.00455152324311203
"temporal_bytimepoint","Melanocyte_4_days","Melanocyte","4_days","HALLMARK WNT BETA CATENIN SIGNALING",-0.464627453140818,-1.45863209269348,0.318536425647161,0.0411255411255411,6,6,"scaled",0.0644825557717544
"temporal_bytimepoint","Melanocyte_4_days","Melanocyte","4_days","HALLMARK XENOBIOTIC METABOLISM",2.09595309358451,4.92505528198406,0.425569455281354,0.00216450216450216,6,6,"scaled",0.00455152324311203
"temporal_bytimepoint","Melanocyte_4_days","Melanocyte","4_days","Lysosomal Genes",0.880645446930916,1.87796811567836,0.468935249527816,0.00865800865800866,6,6,"scaled",0.0157736999842263
"temporal_bytimepoint","Melanocyte_4_days","Melanocyte","4_days","HALLMARK ADIPOGENESIS",-1.56714804319203,-1.54283974098479,1.01575555876706,0.0649350649350649,6,6,"yugene",0.103619784470848
"temporal_bytimepoint","Melanocyte_4_days","Melanocyte","4_days","HALLMARK ALLOGRAFT REJECTION",1.57581877184433,7.58208554346203,0.207834475463436,0.00216450216450216,6,6,"yugene",0.00491932310114128
"temporal_bytimepoint","Melanocyte_4_days","Melanocyte","4_days","HALLMARK ANDROGEN RESPONSE",-0.660028502682183,-0.796347060374936,0.828820165885247,0.132034632034632,6,6,"yugene",0.194805194805195
"temporal_bytimepoint","Melanocyte_4_days","Melanocyte","4_days","HALLMARK ANGIOGENESIS",-0.652360937636322,-1.30224376433763,0.500951477366559,0.0411255411255411,6,6,"yugene",0.0717305949864089
"temporal_bytimepoint","Melanocyte_4_days","Melanocyte","4_days","HALLMARK APICAL JUNCTION",-1.63866071696154,-4.91475405635291,0.333416626381004,0.00216450216450216,6,6,"yugene",0.00491932310114128
"temporal_bytimepoint","Melanocyte_4_days","Melanocyte","4_days","HALLMARK APICAL SURFACE",-0.324474952387758,-2.69403036225755,0.120442203225896,0.00216450216450216,6,6,"yugene",0.00491932310114128
"temporal_bytimepoint","Melanocyte_4_days","Melanocyte","4_days","HALLMARK APOPTOSIS",1.04807629245192,0.901436270842433,1.16267375337853,0.0411255411255411,6,6,"yugene",0.0717305949864089
"temporal_bytimepoint","Melanocyte_4_days","Melanocyte","4_days","HALLMARK BILE ACID METABOLISM",-0.386464157687662,-0.749968705509175,0.515307045279017,0.0930735930735931,6,6,"yugene",0.142459581235091
"temporal_bytimepoint","Melanocyte_4_days","Melanocyte","4_days","HALLMARK CHOLESTEROL HOMEOSTASIS",-0.121134433717725,-0.310405402449329,0.390245893795291,0.937229437229437,6,6,"yugene",0.958530106257379
"temporal_bytimepoint","Melanocyte_4_days","Melanocyte","4_days","HALLMARK COAGULATION",0.737225976551402,4.21057606119624,0.175089100834805,0.00216450216450216,6,6,"yugene",0.00491932310114128
"temporal_bytimepoint","Melanocyte_4_days","Melanocyte","4_days","HALLMARK COMPLEMENT",1.07957355580859,12.7228280034145,0.0848532696912084,0.00216450216450216,6,6,"yugene",0.00491932310114128
"temporal_bytimepoint","Melanocyte_4_days","Melanocyte","4_days","HALLMARK DNA REPAIR",2.58258793822248,3.93106950199983,0.656968272097111,0.00216450216450216,6,6,"yugene",0.00491932310114128
"temporal_bytimepoint","Melanocyte_4_days","Melanocyte","4_days","HALLMARK E2F TARGETS",2.09655243905605,4.79843962444821,0.436923792554155,0.00216450216450216,6,6,"yugene",0.00491932310114128
"temporal_bytimepoint","Melanocyte_4_days","Melanocyte","4_days","HALLMARK EPITHELIAL MESENCHYMAL TRANSITION",-1.60660177869495,-0.595037853817795,2.69999928304882,0.393939393939394,6,6,"yugene",0.464064731080438
"temporal_bytimepoint","Melanocyte_4_days","Melanocyte","4_days","HALLMARK ESTROGEN RESPONSE EARLY",1.50551315520965,4.51948216859058,0.333116294975704,0.00216450216450216,6,6,"yugene",0.00491932310114128
"temporal_bytimepoint","Melanocyte_4_days","Melanocyte","4_days","HALLMARK ESTROGEN RESPONSE LATE",0.791767576168301,2.2816062812844,0.347022000536651,0.00216450216450216,6,6,"yugene",0.00491932310114128
"temporal_bytimepoint","Melanocyte_4_days","Melanocyte","4_days","HALLMARK FATTY ACID METABOLISM",-0.681402946973205,-1.19507660695103,0.570175119326995,0.0411255411255411,6,6,"yugene",0.0717305949864089
"temporal_bytimepoint","Melanocyte_4_days","Melanocyte","4_days","HALLMARK G2M CHECKPOINT",0.58863405614064,0.963146587199929,0.611157287959586,0.393939393939394,6,6,"yugene",0.464064731080438
"temporal_bytimepoint","Melanocyte_4_days","Melanocyte","4_days","HALLMARK GLYCOLYSIS",-2.72093762049571,-6.42385656230846,0.423567617692559,0.00216450216450216,6,6,"yugene",0.00491932310114128
"temporal_bytimepoint","Melanocyte_4_days","Melanocyte","4_days","HALLMARK HEDGEHOG SIGNALING",-0.987257329080015,-3.91917095808677,0.251904634841948,0.00216450216450216,6,6,"yugene",0.00491932310114128
"temporal_bytimepoint","Melanocyte_4_days","Melanocyte","4_days","HALLMARK HEME METABOLISM",0.813419363991849,1.68736643538304,0.482064444885795,0.0649350649350649,6,6,"yugene",0.103619784470848
"temporal_bytimepoint","Melanocyte_4_days","Melanocyte","4_days","HALLMARK HYPOXIA",0.614396354927316,0.904025086583464,0.679623125558686,0.24025974025974,6,6,"yugene",0.306280122144145
"temporal_bytimepoint","Melanocyte_4_days","Melanocyte","4_days","HALLMARK IL2 STAT5 SIGNALING",-1.64732189461466,-6.73684396819613,0.244524276113782,0.00216450216450216,6,6,"yugene",0.00491932310114128
"temporal_bytimepoint","Melanocyte_4_days","Melanocyte","4_days","HALLMARK IL6 JAK STAT3 SIGNALING",1.02022874651794,7.76355704133274,0.131412539521034,0.00216450216450216,6,6,"yugene",0.00491932310114128
"temporal_bytimepoint","Melanocyte_4_days","Melanocyte","4_days","HALLMARK INFLAMMATORY RESPONSE",2.61915243482548,4.23756548601062,0.618079518410283,0.00216450216450216,6,6,"yugene",0.00491932310114128
"temporal_bytimepoint","Melanocyte_4_days","Melanocyte","4_days","HALLMARK INTERFERON ALPHA RESPONSE",-3.13805900855447,-21.6555343842638,0.144907946064576,0.00216450216450216,6,6,"yugene",0.00491932310114128
"temporal_bytimepoint","Melanocyte_4_days","Melanocyte","4_days","HALLMARK INTERFERON GAMMA RESPONSE",0.409914111080667,0.856466696289641,0.478610683703738,0.17965367965368,6,6,"yugene",0.240607606679035
"temporal_bytimepoint","Melanocyte_4_days","Melanocyte","4_days","HALLMARK KRAS SIGNALING DN",3.16395851192695,9.21608739891303,0.343308214752837,0.00216450216450216,6,6,"yugene",0.00491932310114128
"temporal_bytimepoint","Melanocyte_4_days","Melanocyte","4_days","HALLMARK KRAS SIGNALING UP",1.3599874087565,1.03556888158229,1.31327566224134,0.0649350649350649,6,6,"yugene",0.103619784470848
"temporal_bytimepoint","Melanocyte_4_days","Melanocyte","4_days","HALLMARK MITOTIC SPINDLE",0.730068904866992,0.869888413405631,0.839267305571708,0.393939393939394,6,6,"yugene",0.464064731080438
"temporal_bytimepoint","Melanocyte_4_days","Melanocyte","4_days","HALLMARK MTORC1 SIGNALING",-1.14670319005886,-2.87461034089396,0.398907348848628,0.00216450216450216,6,6,"yugene",0.00491932310114128
"temporal_bytimepoint","Melanocyte_4_days","Melanocyte","4_days","HALLMARK MYC TARGETS",1.79896663157877,7.74031830078522,0.232415071534754,0.00216450216450216,6,6,"yugene",0.00491932310114128
"temporal_bytimepoint","Melanocyte_4_days","Melanocyte","4_days","HALLMARK MYOGENESIS",-2.84252345360026,-1.69264151484215,1.6793416849789,0.0151515151515152,6,6,"yugene",0.0280583613916947
"temporal_bytimepoint","Melanocyte_4_days","Melanocyte","4_days","HALLMARK NOTCH SIGNALING",-0.129297467937645,-0.367545972468197,0.351785838025564,0.484848484848485,6,6,"yugene",0.544094309680345
"temporal_bytimepoint","Melanocyte_4_days","Melanocyte","4_days","HALLMARK OXIDATIVE PHOSPHORYLATION",-0.259285561031208,-0.690725500700274,0.375381480440983,0.588744588744589,6,6,"yugene",0.647762994951259
"temporal_bytimepoint","Melanocyte_4_days","Melanocyte","4_days","HALLMARK P53 PATHWAY",8.9029921226967,5.69493535035498,1.56331750493739,0.00216450216450216,6,6,"yugene",0.00491932310114128
"temporal_bytimepoint","Melanocyte_4_days","Melanocyte","4_days","HALLMARK PANCREAS BETA CELLS",-0.071326777063952,-0.963830109737732,0.0740034746199833,0.17965367965368,6,6,"yugene",0.240607606679035
"temporal_bytimepoint","Melanocyte_4_days","Melanocyte","4_days","HALLMARK PEROXISOME",0.316583162590298,1.1988363708113,0.264075373669263,0.0649350649350649,6,6,"yugene",0.103619784470848
"temporal_bytimepoint","Melanocyte_4_days","Melanocyte","4_days","HALLMARK PI3K AKT MTOR SIGNALING",1.2850282861098,2.81405196738422,0.456646963525797,0.00216450216450216,6,6,"yugene",0.00491932310114128
"temporal_bytimepoint","Melanocyte_4_days","Melanocyte","4_days","HALLMARK PROTEIN SECRETION",-0.445725739190929,-5.97804503449022,0.074560451890095,0.00216450216450216,6,6,"yugene",0.00491932310114128
"temporal_bytimepoint","Melanocyte_4_days","Melanocyte","4_days","HALLMARK REACTIVE OXYGEN SPECIES PATHWAY",0.641468076904993,14.7097366622067,0.0436083997719075,0.00216450216450216,6,6,"yugene",0.00491932310114128
"temporal_bytimepoint","Melanocyte_4_days","Melanocyte","4_days","HALLMARK SPERMATOGENESIS",0.290453723720827,2.92424614603117,0.0993260174472779,0.00216450216450216,6,6,"yugene",0.00491932310114128
"temporal_bytimepoint","Melanocyte_4_days","Melanocyte","4_days","HALLMARK TGF BETA SIGNALING",0.099601084099447,0.329667411764871,0.302125962545808,1,6,6,"yugene",1
"temporal_bytimepoint","Melanocyte_4_days","Melanocyte","4_days","HALLMARK TNFA SIGNALING VIA NFKB",1.46079994927603,2.4926588674738,0.586040861161435,0.00216450216450216,6,6,"yugene",0.00491932310114128
"temporal_bytimepoint","Melanocyte_4_days","Melanocyte","4_days","HALLMARK UNFOLDED PROTEIN RESPONSE",-0.876120044723581,-3.36973161743007,0.259996980231842,0.00216450216450216,6,6,"yugene",0.00491932310114128
"temporal_bytimepoint","Melanocyte_4_days","Melanocyte","4_days","HALLMARK UV RESPONSE DN",-1.06486359999546,-0.624274637568345,1.70576143240943,0.484848484848485,6,6,"yugene",0.544094309680345
"temporal_bytimepoint","Melanocyte_4_days","Melanocyte","4_days","HALLMARK UV RESPONSE UP",3.552800461734,11.053180367628,0.321427891662681,0.00216450216450216,6,6,"yugene",0.00491932310114128
"temporal_bytimepoint","Melanocyte_4_days","Melanocyte","4_days","HALLMARK WNT BETA CATENIN SIGNALING",0.476473527665377,1.15210834436207,0.413566597271025,0.0930735930735931,6,6,"yugene",0.142459581235091
"temporal_bytimepoint","Melanocyte_4_days","Melanocyte","4_days","HALLMARK XENOBIOTIC METABOLISM",5.9026851545658,18.0041454505385,0.327851447922471,0.00216450216450216,6,6,"yugene",0.00491932310114128
"temporal_bytimepoint","Melanocyte_4_days","Melanocyte","4_days","Lysosomal Genes",1.13990823902509,2.69430107421019,0.423081239857073,0.00216450216450216,6,6,"yugene",0.00491932310114128
"temporal_bytimepoint","Melanocyte_10_days","Melanocyte","10_days","HALLMARK ADIPOGENESIS",-4.22821157779609,-5.25808567432671,0.804135162430099,0.00216450216450216,6,6,"scaled",0.00455152324311203
"temporal_bytimepoint","Melanocyte_10_days","Melanocyte","10_days","HALLMARK ALLOGRAFT REJECTION",-1.04684835096897,-1.4260831663615,0.734072440978242,0.0649350649350649,6,6,"scaled",0.0958058335107515
"temporal_bytimepoint","Melanocyte_10_days","Melanocyte","10_days","HALLMARK ANDROGEN RESPONSE",-0.416874671278351,-0.75963600572823,0.54878213793817,0.393939393939394,6,6,"scaled",0.454545454545454
"temporal_bytimepoint","Melanocyte_10_days","Melanocyte","10_days","HALLMARK ANGIOGENESIS",-4.2323178845449,-2.43440789553735,1.73854097840522,0.00216450216450216,6,6,"scaled",0.00455152324311203
"temporal_bytimepoint","Melanocyte_10_days","Melanocyte","10_days","HALLMARK APICAL JUNCTION",-1.84209699864437,-1.40770502831512,1.30858167129599,0.0649350649350649,6,6,"scaled",0.0958058335107515
"temporal_bytimepoint","Melanocyte_10_days","Melanocyte","10_days","HALLMARK APICAL SURFACE",-0.457801605731309,-2.25096807583175,0.203379874928767,0.00865800865800866,6,6,"scaled",0.0157736999842263
"temporal_bytimepoint","Melanocyte_10_days","Melanocyte","10_days","HALLMARK APOPTOSIS",5.42128691116647,3.35244697203552,1.6171133969868,0.00216450216450216,6,6,"scaled",0.00455152324311203
"temporal_bytimepoint","Melanocyte_10_days","Melanocyte","10_days","HALLMARK BILE ACID METABOLISM",-1.28365030264063,-2.2702440854576,0.56542391668951,0.00865800865800866,6,6,"scaled",0.0157736999842263
"temporal_bytimepoint","Melanocyte_10_days","Melanocyte","10_days","HALLMARK CHOLESTEROL HOMEOSTASIS",-0.660701570228605,-1.68158116297633,0.392904954441325,0.0411255411255411,6,6,"scaled",0.0644825557717544
"temporal_bytimepoint","Melanocyte_10_days","Melanocyte","10_days","HALLMARK COAGULATION",0.818287298063245,0.753530049787486,1.08593850808474,0.132034632034632,6,6,"scaled",0.183381433381433
"temporal_bytimepoint","Melanocyte_10_days","Melanocyte","10_days","HALLMARK COMPLEMENT",0.608983974666484,2.25053200151384,0.270595563296521,0.00865800865800866,6,6,"scaled",0.0157736999842263
"temporal_bytimepoint","Melanocyte_10_days","Melanocyte","10_days","HALLMARK DNA REPAIR",0.556879399828989,1.57246415153756,0.354144416764268,0.00432900432900433,6,6,"scaled",0.00854408749145591
"temporal_bytimepoint","Melanocyte_10_days","Melanocyte","10_days","HALLMARK E2F TARGETS",2.53666825370128,4.59458243702496,0.552099845518017,0.00216450216450216,6,6,"scaled",0.00455152324311203
"temporal_bytimepoint","Melanocyte_10_days","Melanocyte","10_days","HALLMARK EPITHELIAL MESENCHYMAL TRANSITION",-5.00129485548302,-2.43055807587119,2.05767346402139,0.00865800865800866,6,6,"scaled",0.0157736999842263
"temporal_bytimepoint","Melanocyte_10_days","Melanocyte","10_days","HALLMARK ESTROGEN RESPONSE EARLY",1.68439194437331,3.53579557836331,0.476382728311742,0.00216450216450216,6,6,"scaled",0.00455152324311203
"temporal_bytimepoint","Melanocyte_10_days","Melanocyte","10_days","HALLMARK ESTROGEN RESPONSE LATE",0.570430517143678,1.73539509136852,0.328703544213578,0.0649350649350649,6,6,"scaled",0.0958058335107515
"temporal_bytimepoint","Melanocyte_10_days","Melanocyte","10_days","HALLMARK FATTY ACID METABOLISM",-0.172686392014403,-0.750837704407239,0.22999163600972,0.17965367965368,6,6,"scaled",0.235012080942314
"temporal_bytimepoint","Melanocyte_10_days","Melanocyte","10_days","HALLMARK G2M CHECKPOINT",-1.34342443801918,-1.75198501386182,0.766801329571841,0.00432900432900433,6,6,"scaled",0.00854408749145591
"temporal_bytimepoint","Melanocyte_10_days","Melanocyte","10_days","HALLMARK GLYCOLYSIS",-0.952776839579728,-1.82049927534939,0.52336018612085,0.025974025974026,6,6,"scaled",0.0426580718551521
"temporal_bytimepoint","Melanocyte_10_days","Melanocyte","10_days","HALLMARK HEDGEHOG SIGNALING",-0.509168649369904,-3.64295429702544,0.139768058519332,0.00216450216450216,6,6,"scaled",0.00455152324311203
"temporal_bytimepoint","Melanocyte_10_days","Melanocyte","10_days","HALLMARK HEME METABOLISM",-0.0238566530970619,-0.0569007672084247,0.419267687721611,0.393939393939394,6,6,"scaled",0.454545454545454
"temporal_bytimepoint","Melanocyte_10_days","Melanocyte","10_days","HALLMARK HYPOXIA",7.52127895499876,3.41374467263863,2.20323418306069,0.00216450216450216,6,6,"scaled",0.00455152324311203
"temporal_bytimepoint","Melanocyte_10_days","Melanocyte","10_days","HALLMARK IL2 STAT5 SIGNALING",1.55623726962097,2.38641394254469,0.652123775291689,0.00216450216450216,6,6,"scaled",0.00455152324311203
"temporal_bytimepoint","Melanocyte_10_days","Melanocyte","10_days","HALLMARK IL6 JAK STAT3 SIGNALING",0.328423350074118,1.14735687605797,0.286243414692819,0.0649350649350649,6,6,"scaled",0.0958058335107515
"temporal_bytimepoint","Melanocyte_10_days","Melanocyte","10_days","HALLMARK INFLAMMATORY RESPONSE",4.39179469361384,5.42665509753165,0.809300501815838,0.00216450216450216,6,6,"scaled",0.00455152324311203
"temporal_bytimepoint","Melanocyte_10_days","Melanocyte","10_days","HALLMARK INTERFERON ALPHA RESPONSE",-5.5986959460662,-7.20286016301448,0.777287885556157,0.00216450216450216,6,6,"scaled",0.00455152324311203
"temporal_bytimepoint","Melanocyte_10_days","Melanocyte","10_days","HALLMARK INTERFERON GAMMA RESPONSE",-1.49739784431624,-1.87583034333159,0.798258674959255,0.0151515151515152,6,6,"scaled",0.0262237762237762
"temporal_bytimepoint","Melanocyte_10_days","Melanocyte","10_days","HALLMARK KRAS SIGNALING DN",2.48604787331934,2.5133408064315,0.989140775082184,0.00216450216450216,6,6,"scaled",0.00455152324311203
"temporal_bytimepoint","Melanocyte_10_days","Melanocyte","10_days","HALLMARK KRAS SIGNALING UP",0.319377031611589,0.18445898938744,1.73142568259857,0.393939393939394,6,6,"scaled",0.454545454545454
"temporal_bytimepoint","Melanocyte_10_days","Melanocyte","10_days","HALLMARK MITOTIC SPINDLE",-0.797875316135725,-1.04582006183454,0.762918350156831,0.0930735930735931,6,6,"scaled",0.132541509123788
"temporal_bytimepoint","Melanocyte_10_days","Melanocyte","10_days","HALLMARK MTORC1 SIGNALING",5.97504397742429,11.6260681583084,0.513935054918315,0.00216450216450216,6,6,"scaled",0.00455152324311203
"temporal_bytimepoint","Melanocyte_10_days","Melanocyte","10_days","HALLMARK MYC TARGETS",1.4069281685975,5.2342990594027,0.268790176608299,0.00216450216450216,6,6,"scaled",0.00455152324311203
"temporal_bytimepoint","Melanocyte_10_days","Melanocyte","10_days","HALLMARK MYOGENESIS",-2.42226614340974,-2.93202407211854,0.82614128800775,0.00216450216450216,6,6,"scaled",0.00455152324311203
"temporal_bytimepoint","Melanocyte_10_days","Melanocyte","10_days","HALLMARK NOTCH SIGNALING",-0.32765339810523,-1.23014771285774,0.266352889722537,0.0649350649350649,6,6,"scaled",0.0958058335107515
"temporal_bytimepoint","Melanocyte_10_days","Melanocyte","10_days","HALLMARK OXIDATIVE PHOSPHORYLATION",-1.22421688767373,-2.7279912439551,0.448761296571771,0.00865800865800866,6,6,"scaled",0.0157736999842263
"temporal_bytimepoint","Melanocyte_10_days","Melanocyte","10_days","HALLMARK P53 PATHWAY",7.53005625920976,5.04677056583071,1.49205440607746,0.00216450216450216,6,6,"scaled",0.00455152324311203
"temporal_bytimepoint","Melanocyte_10_days","Melanocyte","10_days","HALLMARK PANCREAS BETA CELLS",-0.0108603196822801,-0.977387980669176,0.0111115748270656,0.0411255411255411,6,6,"scaled",0.0644825557717544
"temporal_bytimepoint","Melanocyte_10_days","Melanocyte","10_days","HALLMARK PEROXISOME",-0.26290846915309,-1.28712260089945,0.20426062674167,0.025974025974026,6,6,"scaled",0.0426580718551521
"temporal_bytimepoint","Melanocyte_10_days","Melanocyte","10_days","HALLMARK PI3K AKT MTOR SIGNALING",3.61934328550149,5.96466053257188,0.606797866489961,0.00216450216450216,6,6,"scaled",0.00455152324311203
"temporal_bytimepoint","Melanocyte_10_days","Melanocyte","10_days","HALLMARK PROTEIN SECRETION",-0.108919199415902,-0.764277061796812,0.142512715427875,0.24025974025974,6,6,"scaled",0.302002466806936
"temporal_bytimepoint","Melanocyte_10_days","Melanocyte","10_days","HALLMARK REACTIVE OXYGEN SPECIES PATHWAY",0.0464145727824494,0.886895551055469,0.0523337530864968,0.17965367965368,6,6,"scaled",0.235012080942314
"temporal_bytimepoint","Melanocyte_10_days","Melanocyte","10_days","HALLMARK SPERMATOGENESIS",-0.364149170151444,-0.932146792850093,0.39065646413698,0.24025974025974,6,6,"scaled",0.302002466806936
"temporal_bytimepoint","Melanocyte_10_days","Melanocyte","10_days","HALLMARK TGF BETA SIGNALING",0.732608018473931,1.37874661410979,0.53135798193561,0.00865800865800866,6,6,"scaled",0.0157736999842263
"temporal_bytimepoint","Melanocyte_10_days","Melanocyte","10_days","HALLMARK TNFA SIGNALING VIA NFKB",4.42159963713494,2.71057403052863,1.63124105349472,0.00216450216450216,6,6,"scaled",0.00455152324311203
"temporal_bytimepoint","Melanocyte_10_days","Melanocyte","10_days","HALLMARK UNFOLDED PROTEIN RESPONSE",0.826199910106948,2.93099613203021,0.281883657599597,0.00216450216450216,6,6,"scaled",0.00455152324311203
"temporal_bytimepoint","Melanocyte_10_days","Melanocyte","10_days","HALLMARK UV RESPONSE DN",-1.39579029931994,-0.960425928572226,1.45330343319128,0.0930735930735931,6,6,"scaled",0.132541509123788
"temporal_bytimepoint","Melanocyte_10_days","Melanocyte","10_days","HALLMARK UV RESPONSE UP",1.88058700295786,5.62855360225236,0.33411550033126,0.00216450216450216,6,6,"scaled",0.00455152324311203
"temporal_bytimepoint","Melanocyte_10_days","Melanocyte","10_days","HALLMARK WNT BETA CATENIN SIGNALING",0.105591684931436,0.44431148586789,0.23765238642251,0.937229437229437,6,6,"scaled",0.960713546134959
"temporal_bytimepoint","Melanocyte_10_days","Melanocyte","10_days","HALLMARK XENOBIOTIC METABOLISM",1.50184993206353,3.34359888093123,0.449171681635822,0.00216450216450216,6,6,"scaled",0.00455152324311203
"temporal_bytimepoint","Melanocyte_10_days","Melanocyte","10_days","Lysosomal Genes",-0.761057658687283,-1.22508690780464,0.621227485037042,0.0930735930735931,6,6,"scaled",0.132541509123788
"temporal_bytimepoint","Melanocyte_10_days","Melanocyte","10_days","HALLMARK ADIPOGENESIS",-2.79028442358109,-2.70462810387564,1.03167027643568,0.00216450216450216,6,6,"yugene",0.00491932310114128
"temporal_bytimepoint","Melanocyte_10_days","Melanocyte","10_days","HALLMARK ALLOGRAFT REJECTION",0.0343317750899847,0.109044488156122,0.314841911503412,0.937229437229437,6,6,"yugene",0.958530106257379
"temporal_bytimepoint","Melanocyte_10_days","Melanocyte","10_days","HALLMARK ANDROGEN RESPONSE",-1.41128243350013,-1.66334821102337,0.848458803843511,0.00865800865800866,6,6,"yugene",0.0173160173160173
"temporal_bytimepoint","Melanocyte_10_days","Melanocyte","10_days","HALLMARK ANGIOGENESIS",-3.06566493173204,-3.95039757671177,0.776039594041023,0.00216450216450216,6,6,"yugene",0.00491932310114128
"temporal_bytimepoint","Melanocyte_10_days","Melanocyte","10_days","HALLMARK APICAL JUNCTION",-1.68500820116182,-4.37113994237387,0.38548484454303,0.00216450216450216,6,6,"yugene",0.00491932310114128
"temporal_bytimepoint","Melanocyte_10_days","Melanocyte","10_days","HALLMARK APICAL SURFACE",-0.141453281726001,-0.60188847768047,0.235015766161743,0.24025974025974,6,6,"yugene",0.306280122144145
"temporal_bytimepoint","Melanocyte_10_days","Melanocyte","10_days","HALLMARK APOPTOSIS",1.52017820364162,1.28379137386598,1.18413181034532,0.00432900432900433,6,6,"yugene",0.00923247368744999
"temporal_bytimepoint","Melanocyte_10_days","Melanocyte","10_days","HALLMARK BILE ACID METABOLISM",-0.266735200742068,-0.479982875944485,0.555718160188945,0.484848484848485,6,6,"yugene",0.544094309680345
"temporal_bytimepoint","Melanocyte_10_days","Melanocyte","10_days","HALLMARK CHOLESTEROL HOMEOSTASIS",-1.30394279195263,-2.50394743257928,0.520754858902714,0.00432900432900433,6,6,"yugene",0.00923247368744999
"temporal_bytimepoint","Melanocyte_10_days","Melanocyte","10_days","HALLMARK COAGULATION",1.07914754255403,5.12694973771519,0.210485297840066,0.00216450216450216,6,6,"yugene",0.00491932310114128
"temporal_bytimepoint","Melanocyte_10_days","Melanocyte","10_days","HALLMARK COMPLEMENT",0.657958667741789,4.01370908020112,0.163927841952317,0.00216450216450216,6,6,"yugene",0.00491932310114128
"temporal_bytimepoint","Melanocyte_10_days","Melanocyte","10_days","HALLMARK DNA REPAIR",2.17123007083762,3.16025356093106,0.687042994802587,0.00216450216450216,6,6,"yugene",0.00491932310114128
"temporal_bytimepoint","Melanocyte_10_days","Melanocyte","10_days","HALLMARK E2F TARGETS",0.202177624322217,0.369747934109258,0.546798523186541,0.937229437229437,6,6,"yugene",0.958530106257379
"temporal_bytimepoint","Melanocyte_10_days","Melanocyte","10_days","HALLMARK EPITHELIAL MESENCHYMAL TRANSITION",-7.31310482405774,-2.30048926447637,3.17893455839374,0.00216450216450216,6,6,"yugene",0.00491932310114128
"temporal_bytimepoint","Melanocyte_10_days","Melanocyte","10_days","HALLMARK ESTROGEN RESPONSE EARLY",0.280700947414177,0.627320347957364,0.447460294135485,0.24025974025974,6,6,"yugene",0.306280122144145
"temporal_bytimepoint","Melanocyte_10_days","Melanocyte","10_days","HALLMARK ESTROGEN RESPONSE LATE",-0.296936273280013,-0.629740276188476,0.471521807493766,0.484848484848485,6,6,"yugene",0.544094309680345
"temporal_bytimepoint","Melanocyte_10_days","Melanocyte","10_days","HALLMARK FATTY ACID METABOLISM",-0.700410989978518,-1.14459810730591,0.611927440302261,0.0930735930735931,6,6,"yugene",0.142459581235091
"temporal_bytimepoint","Melanocyte_10_days","Melanocyte","10_days","HALLMARK G2M CHECKPOINT",-1.48131219569038,-1.96146895629802,0.755205526416352,0.0151515151515152,6,6,"yugene",0.0280583613916947
"temporal_bytimepoint","Melanocyte_10_days","Melanocyte","10_days","HALLMARK GLYCOLYSIS",-2.86819009077711,-3.08122163539491,0.930861336889679,0.00216450216450216,6,6,"yugene",0.00491932310114128
"temporal_bytimepoint","Melanocyte_10_days","Melanocyte","10_days","HALLMARK HEDGEHOG SIGNALING",-0.722416499542071,-2.86143762712363,0.252466275236709,0.00216450216450216,6,6,"yugene",0.00491932310114128
"temporal_bytimepoint","Melanocyte_10_days","Melanocyte","10_days","HALLMARK HEME METABOLISM",0.850717673492549,1.65077742865541,0.51534365488961,0.0649350649350649,6,6,"yugene",0.103619784470848
"temporal_bytimepoint","Melanocyte_10_days","Melanocyte","10_days","HALLMARK HYPOXIA",0.81082490233054,0.816427238226212,0.993137985072812,0.393939393939394,6,6,"yugene",0.464064731080438
"temporal_bytimepoint","Melanocyte_10_days","Melanocyte","10_days","HALLMARK IL2 STAT5 SIGNALING",-0.313492284399838,-1.26240347236392,0.248329706993603,0.0930735930735931,6,6,"yugene",0.142459581235091
"temporal_bytimepoint","Melanocyte_10_days","Melanocyte","10_days","HALLMARK IL6 JAK STAT3 SIGNALING",1.06330329132492,8.18591834234659,0.129894197187913,0.00216450216450216,6,6,"yugene",0.00491932310114128
"temporal_bytimepoint","Melanocyte_10_days","Melanocyte","10_days","HALLMARK INFLAMMATORY RESPONSE",2.11482069312914,3.20577761919849,0.659690391642913,0.00216450216450216,6,6,"yugene",0.00491932310114128
"temporal_bytimepoint","Melanocyte_10_days","Melanocyte","10_days","HALLMARK INTERFERON ALPHA RESPONSE",-3.20943765117851,-10.009240654102,0.32064746588576,0.00216450216450216,6,6,"yugene",0.00491932310114128
"temporal_bytimepoint","Melanocyte_10_days","Melanocyte","10_days","HALLMARK INTERFERON GAMMA RESPONSE",-0.524584083156339,-0.862421068341686,0.608269095472169,0.24025974025974,6,6,"yugene",0.306280122144145
"temporal_bytimepoint","Melanocyte_10_days","Melanocyte","10_days","HALLMARK KRAS SIGNALING DN",2.32092682379698,5.07740117866344,0.45710920648739,0.00216450216450216,6,6,"yugene",0.00491932310114128
"temporal_bytimepoint","Melanocyte_10_days","Melanocyte","10_days","HALLMARK KRAS SIGNALING UP",-0.658332594151086,-0.485910828861079,1.35484240121617,0.17965367965368,6,6,"yugene",0.240607606679035
"temporal_bytimepoint","Melanocyte_10_days","Melanocyte","10_days","HALLMARK MITOTIC SPINDLE",-0.94609334413275,-1.03634740888794,0.912911380892983,0.132034632034632,6,6,"yugene",0.194805194805195
"temporal_bytimepoint","Melanocyte_10_days","Melanocyte","10_days","HALLMARK MTORC1 SIGNALING",-0.540231400201024,-1.06427836163234,0.507603480138829,0.17965367965368,6,6,"yugene",0.240607606679035
"temporal_bytimepoint","Melanocyte_10_days","Melanocyte","10_days","HALLMARK MYC TARGETS",1.37501312012269,5.50387604500741,0.249826324008508,0.00216450216450216,6,6,"yugene",0.00491932310114128
"temporal_bytimepoint","Melanocyte_10_days","Melanocyte","10_days","HALLMARK MYOGENESIS",-8.59160929742636,-4.59519911833835,1.86969249344153,0.00216450216450216,6,6,"yugene",0.00491932310114128
"temporal_bytimepoint","Melanocyte_10_days","Melanocyte","10_days","HALLMARK NOTCH SIGNALING",-0.577838198642184,-1.64663638343697,0.350920339459572,0.0649350649350649,6,6,"yugene",0.103619784470848
"temporal_bytimepoint","Melanocyte_10_days","Melanocyte","10_days","HALLMARK OXIDATIVE PHOSPHORYLATION",-0.966970106115982,-2.47456096406946,0.390764309368956,0.00216450216450216,6,6,"yugene",0.00491932310114128
"temporal_bytimepoint","Melanocyte_10_days","Melanocyte","10_days","HALLMARK P53 PATHWAY",8.46123185687433,5.37921826287675,1.57294823213761,0.00216450216450216,6,6,"yugene",0.00491932310114128
"temporal_bytimepoint","Melanocyte_10_days","Melanocyte","10_days","HALLMARK PANCREAS BETA CELLS",0.0697885866792642,0.791969296858583,0.0881203184973039,0.24025974025974,6,6,"yugene",0.306280122144145
"temporal_bytimepoint","Melanocyte_10_days","Melanocyte","10_days","HALLMARK PEROXISOME",0.242660180247211,0.839424602699163,0.289079185273983,0.0930735930735931,6,6,"yugene",0.142459581235091
"temporal_bytimepoint","Melanocyte_10_days","Melanocyte","10_days","HALLMARK PI3K AKT MTOR SIGNALING",1.01130997352312,2.24085005367225,0.451306401276521,0.00216450216450216,6,6,"yugene",0.00491932310114128
"temporal_bytimepoint","Melanocyte_10_days","Melanocyte","10_days","HALLMARK PROTEIN SECRETION",-0.338923180194718,-2.76672276026296,0.122499870627625,0.00216450216450216,6,6,"yugene",0.00491932310114128
"temporal_bytimepoint","Melanocyte_10_days","Melanocyte","10_days","HALLMARK REACTIVE OXYGEN SPECIES PATHWAY",0.477367377771057,4.81215748285867,0.0992002816764584,0.00216450216450216,6,6,"yugene",0.00491932310114128
"temporal_bytimepoint","Melanocyte_10_days","Melanocyte","10_days","HALLMARK SPERMATOGENESIS",0.219743675338525,1.94669487988887,0.112880389016624,0.00865800865800866,6,6,"yugene",0.0173160173160173
"temporal_bytimepoint","Melanocyte_10_days","Melanocyte","10_days","HALLMARK TGF BETA SIGNALING",-0.0611706611768882,-0.17968240448482,0.340437681431717,0.484848484848485,6,6,"yugene",0.544094309680345
"temporal_bytimepoint","Melanocyte_10_days","Melanocyte","10_days","HALLMARK TNFA SIGNALING VIA NFKB",1.43844507110043,2.00761106141896,0.716495888443527,0.00432900432900433,6,6,"yugene",0.00923247368744999
"temporal_bytimepoint","Melanocyte_10_days","Melanocyte","10_days","HALLMARK UNFOLDED PROTEIN RESPONSE",-0.338337720710022,-1.20070433510206,0.281782709380542,0.0411255411255411,6,6,"yugene",0.0717305949864089
"temporal_bytimepoint","Melanocyte_10_days","Melanocyte","10_days","HALLMARK UV RESPONSE DN",-5.08442288963686,-2.92845965238184,1.73621066812428,0.00216450216450216,6,6,"yugene",0.00491932310114128
"temporal_bytimepoint","Melanocyte_10_days","Melanocyte","10_days","HALLMARK UV RESPONSE UP",1.76689761155517,4.35251389653398,0.405948758248007,0.00216450216450216,6,6,"yugene",0.00491932310114128
"temporal_bytimepoint","Melanocyte_10_days","Melanocyte","10_days","HALLMARK WNT BETA CATENIN SIGNALING",0.208617727751303,0.492014072708818,0.42400764393332,0.588744588744589,6,6,"yugene",0.647762994951259
"temporal_bytimepoint","Melanocyte_10_days","Melanocyte","10_days","HALLMARK XENOBIOTIC METABOLISM",5.17870774868137,9.28240350636963,0.55790590714223,0.00216450216450216,6,6,"yugene",0.00491932310114128
"temporal_bytimepoint","Melanocyte_10_days","Melanocyte","10_days","Lysosomal Genes",-1.00364143559408,-1.75623056689689,0.571474756510718,0.025974025974026,6,6,"yugene",0.0469410107964325
"temporal_bytimepoint","Melanocyte_20_days","Melanocyte","20_days","HALLMARK ADIPOGENESIS",-3.01933645884759,-3.15071514726615,0.958301946612801,0.00216450216450216,6,6,"scaled",0.00455152324311203
"temporal_bytimepoint","Melanocyte_20_days","Melanocyte","20_days","HALLMARK ALLOGRAFT REJECTION",-0.0599846664360671,-0.0933979380038976,0.642248294963042,1,6,6,"scaled",1
"temporal_bytimepoint","Melanocyte_20_days","Melanocyte","20_days","HALLMARK ANDROGEN RESPONSE",-0.376156418264351,-0.670529851385285,0.560983851035459,0.484848484848485,6,6,"scaled",0.55376095985233
"temporal_bytimepoint","Melanocyte_20_days","Melanocyte","20_days","HALLMARK ANGIOGENESIS",-1.33057065458981,-0.895399626847115,1.48600760453186,0.24025974025974,6,6,"scaled",0.302002466806936
"temporal_bytimepoint","Melanocyte_20_days","Melanocyte","20_days","HALLMARK APICAL JUNCTION",-1.4567749415022,-1.39404077950284,1.04500166919201,0.0649350649350649,6,6,"scaled",0.0958058335107515
"temporal_bytimepoint","Melanocyte_20_days","Melanocyte","20_days","HALLMARK APICAL SURFACE",-0.348643628728727,-2.54004359409044,0.137258915374471,0.00216450216450216,6,6,"scaled",0.00455152324311203
"temporal_bytimepoint","Melanocyte_20_days","Melanocyte","20_days","HALLMARK APOPTOSIS",4.37679612946376,2.73321153649928,1.60133823197219,0.00216450216450216,6,6,"scaled",0.00455152324311203
"temporal_bytimepoint","Melanocyte_20_days","Melanocyte","20_days","HALLMARK BILE ACID METABOLISM",-0.42968259180755,-0.92452745188076,0.464759149047927,0.30952380952381,6,6,"scaled",0.376447876447876
"temporal_bytimepoint","Melanocyte_20_days","Melanocyte","20_days","HALLMARK CHOLESTEROL HOMEOSTASIS",-0.42033069380121,-1.98117781491872,0.212162023335828,0.025974025974026,6,6,"scaled",0.0426580718551521
"temporal_bytimepoint","Melanocyte_20_days","Melanocyte","20_days","HALLMARK COAGULATION",1.10882420362719,1.15867074974524,0.956979542178817,0.0649350649350649,6,6,"scaled",0.0958058335107515
"temporal_bytimepoint","Melanocyte_20_days","Melanocyte","20_days","HALLMARK COMPLEMENT",1.85186982106543,5.1577458384847,0.35904635068437,0.00216450216450216,6,6,"scaled",0.00455152324311203
"temporal_bytimepoint","Melanocyte_20_days","Melanocyte","20_days","HALLMARK DNA REPAIR",0.665376960220949,1.93573978813799,0.343732646452952,0.00216450216450216,6,6,"scaled",0.00455152324311203
"temporal_bytimepoint","Melanocyte_20_days","Melanocyte","20_days","HALLMARK E2F TARGETS",3.33922755356436,5.5048211605004,0.606600551808085,0.00216450216450216,6,6,"scaled",0.00455152324311203
"temporal_bytimepoint","Melanocyte_20_days","Melanocyte","20_days","HALLMARK EPITHELIAL MESENCHYMAL TRANSITION",-0.920841569291775,-0.73215030367062,1.25772203422597,0.30952380952381,6,6,"scaled",0.376447876447876
"temporal_bytimepoint","Melanocyte_20_days","Melanocyte","20_days","HALLMARK ESTROGEN RESPONSE EARLY",2.45246016893156,4.3428918630162,0.564706708407031,0.00216450216450216,6,6,"scaled",0.00455152324311203
"temporal_bytimepoint","Melanocyte_20_days","Melanocyte","20_days","HALLMARK ESTROGEN RESPONSE LATE",1.00846768381593,2.81865041215787,0.357783881060965,0.00865800865800866,6,6,"scaled",0.0157736999842263
"temporal_bytimepoint","Melanocyte_20_days","Melanocyte","20_days","HALLMARK FATTY ACID METABOLISM",-0.0813061120719798,-0.226850812127774,0.358412259181969,0.699134199134199,6,6,"scaled",0.758097324362385
"temporal_bytimepoint","Melanocyte_20_days","Melanocyte","20_days","HALLMARK G2M CHECKPOINT",-1.82209989142927,-1.59368581676564,1.1433244070197,0.00432900432900433,6,6,"scaled",0.00854408749145591
"temporal_bytimepoint","Melanocyte_20_days","Melanocyte","20_days","HALLMARK GLYCOLYSIS",-0.459384112806402,-0.717931220506109,0.639872037439125,0.24025974025974,6,6,"scaled",0.302002466806936
"temporal_bytimepoint","Melanocyte_20_days","Melanocyte","20_days","HALLMARK HEDGEHOG SIGNALING",-0.144258263533169,-0.604378066014385,0.238688780492136,0.699134199134199,6,6,"scaled",0.758097324362385
"temporal_bytimepoint","Melanocyte_20_days","Melanocyte","20_days","HALLMARK HEME METABOLISM",0.945613928000645,1.50715175841333,0.62741785803717,0.0930735930735931,6,6,"scaled",0.132541509123788
"temporal_bytimepoint","Melanocyte_20_days","Melanocyte","20_days","HALLMARK HYPOXIA",7.74285468872335,3.41955912120855,2.26428449231983,0.00216450216450216,6,6,"scaled",0.00455152324311203
"temporal_bytimepoint","Melanocyte_20_days","Melanocyte","20_days","HALLMARK IL2 STAT5 SIGNALING",1.51369729984847,2.52094468301182,0.600448439051044,0.00216450216450216,6,6,"scaled",0.00455152324311203
"temporal_bytimepoint","Melanocyte_20_days","Melanocyte","20_days","HALLMARK IL6 JAK STAT3 SIGNALING",-0.204999161684565,-0.753836194297019,0.271941256250948,0.24025974025974,6,6,"scaled",0.302002466806936
"temporal_bytimepoint","Melanocyte_20_days","Melanocyte","20_days","HALLMARK INFLAMMATORY RESPONSE",4.72913324277157,5.14627844538288,0.918942356687761,0.00216450216450216,6,6,"scaled",0.00455152324311203
"temporal_bytimepoint","Melanocyte_20_days","Melanocyte","20_days","HALLMARK INTERFERON ALPHA RESPONSE",-5.85151297042866,-9.487835580474,0.616738445854932,0.00216450216450216,6,6,"scaled",0.00455152324311203
"temporal_bytimepoint","Melanocyte_20_days","Melanocyte","20_days","HALLMARK INTERFERON GAMMA RESPONSE",-1.26235333813036,-2.51073345953065,0.502782696163353,0.00432900432900433,6,6,"scaled",0.00854408749145591
"temporal_bytimepoint","Melanocyte_20_days","Melanocyte","20_days","HALLMARK KRAS SIGNALING DN",2.95106514579834,3.23302048088695,0.912788880628663,0.00216450216450216,6,6,"scaled",0.00455152324311203
"temporal_bytimepoint","Melanocyte_20_days","Melanocyte","20_days","HALLMARK KRAS SIGNALING UP",1.23924005732724,0.674699053522514,1.83673009596994,0.393939393939394,6,6,"scaled",0.454545454545454
"temporal_bytimepoint","Melanocyte_20_days","Melanocyte","20_days","HALLMARK MITOTIC SPINDLE",0.260265587302373,0.360838928522074,0.721279126862423,0.30952380952381,6,6,"scaled",0.376447876447876
"temporal_bytimepoint","Melanocyte_20_days","Melanocyte","20_days","HALLMARK MTORC1 SIGNALING",4.83810180224866,10.6656247889709,0.453616351406964,0.00216450216450216,6,6,"scaled",0.00455152324311203
"temporal_bytimepoint","Melanocyte_20_days","Melanocyte","20_days","HALLMARK MYC TARGETS",0.812045679315686,2.42646791539963,0.334661618297947,0.00216450216450216,6,6,"scaled",0.00455152324311203
"temporal_bytimepoint","Melanocyte_20_days","Melanocyte","20_days","HALLMARK MYOGENESIS",0.222382855071583,0.354050405111233,0.628110720567363,0.484848484848485,6,6,"scaled",0.55376095985233
"temporal_bytimepoint","Melanocyte_20_days","Melanocyte","20_days","HALLMARK NOTCH SIGNALING",-0.013167003321746,-0.046460512247067,0.283402026472002,0.818181818181818,6,6,"scaled",0.864276568501921
"temporal_bytimepoint","Melanocyte_20_days","Melanocyte","20_days","HALLMARK OXIDATIVE PHOSPHORYLATION",-0.636136948735141,-1.09055464947335,0.583315058115012,0.0649350649350649,6,6,"scaled",0.0958058335107515
"temporal_bytimepoint","Melanocyte_20_days","Melanocyte","20_days","HALLMARK P53 PATHWAY",7.76286768655616,5.16841264369662,1.50198295332005,0.00216450216450216,6,6,"scaled",0.00455152324311203
"temporal_bytimepoint","Melanocyte_20_days","Melanocyte","20_days","HALLMARK PANCREAS BETA CELLS",-0.0318379540943057,-3.09983134403074,0.0102708665604066,0.00216450216450216,6,6,"scaled",0.00455152324311203
"temporal_bytimepoint","Melanocyte_20_days","Melanocyte","20_days","HALLMARK PEROXISOME",-0.224109465992939,-0.796232603776283,0.281462307534329,0.24025974025974,6,6,"scaled",0.302002466806936
"temporal_bytimepoint","Melanocyte_20_days","Melanocyte","20_days","HALLMARK PI3K AKT MTOR SIGNALING",3.31636633400973,5.52472959474911,0.600276679090633,0.00216450216450216,6,6,"scaled",0.00455152324311203
"temporal_bytimepoint","Melanocyte_20_days","Melanocyte","20_days","HALLMARK PROTEIN SECRETION",0.101934733359839,0.780569749741156,0.130590166213386,0.393939393939394,6,6,"scaled",0.454545454545454
"temporal_bytimepoint","Melanocyte_20_days","Melanocyte","20_days","HALLMARK REACTIVE OXYGEN SPECIES PATHWAY",0.00104424017807034,0.0192956689044784,0.0541178532467447,0.818181818181818,6,6,"scaled",0.864276568501921
"temporal_bytimepoint","Melanocyte_20_days","Melanocyte","20_days","HALLMARK SPERMATOGENESIS",-0.09281433114336,-1.50651613104571,0.0616085876750189,0.0411255411255411,6,6,"scaled",0.0644825557717544
"temporal_bytimepoint","Melanocyte_20_days","Melanocyte","20_days","HALLMARK TGF BETA SIGNALING",1.11349300124904,1.90443321870764,0.584684718955207,0.00216450216450216,6,6,"scaled",0.00455152324311203
"temporal_bytimepoint","Melanocyte_20_days","Melanocyte","20_days","HALLMARK TNFA SIGNALING VIA NFKB",4.33020397623009,2.61413826186609,1.65645560504478,0.00216450216450216,6,6,"scaled",0.00455152324311203
"temporal_bytimepoint","Melanocyte_20_days","Melanocyte","20_days","HALLMARK UNFOLDED PROTEIN RESPONSE",0.829525979477159,3.10299630258505,0.267330637418451,0.00216450216450216,6,6,"scaled",0.00455152324311203
"temporal_bytimepoint","Melanocyte_20_days","Melanocyte","20_days","HALLMARK UV RESPONSE DN",-0.163805536278111,-0.117138314172226,1.39839417560057,0.699134199134199,6,6,"scaled",0.758097324362385
"temporal_bytimepoint","Melanocyte_20_days","Melanocyte","20_days","HALLMARK UV RESPONSE UP",2.76712867043531,8.44543202777438,0.327647971274304,0.00216450216450216,6,6,"scaled",0.00455152324311203
"temporal_bytimepoint","Melanocyte_20_days","Melanocyte","20_days","HALLMARK WNT BETA CATENIN SIGNALING",0.544666247020387,2.04694431682078,0.266087476119692,0.00865800865800866,6,6,"scaled",0.0157736999842263
"temporal_bytimepoint","Melanocyte_20_days","Melanocyte","20_days","HALLMARK XENOBIOTIC METABOLISM",1.07649460303233,2.06497014179619,0.52131243025914,0.00216450216450216,6,6,"scaled",0.00455152324311203
"temporal_bytimepoint","Melanocyte_20_days","Melanocyte","20_days","Lysosomal Genes",1.01301200139293,1.18956637984744,0.851580894142991,0.0930735930735931,6,6,"scaled",0.132541509123788
"temporal_bytimepoint","Melanocyte_20_days","Melanocyte","20_days","HALLMARK ADIPOGENESIS",-2.1535125501977,-2.02066639144747,1.06574373647847,0.0151515151515152,6,6,"yugene",0.0280583613916947
"temporal_bytimepoint","Melanocyte_20_days","Melanocyte","20_days","HALLMARK ALLOGRAFT REJECTION",0.534355829840182,1.85023140321496,0.288804864576228,0.0151515151515152,6,6,"yugene",0.0280583613916947
"temporal_bytimepoint","Melanocyte_20_days","Melanocyte","20_days","HALLMARK ANDROGEN RESPONSE",-0.832946181811459,-0.950799598277784,0.876048100272868,0.132034632034632,6,6,"yugene",0.194805194805195
"temporal_bytimepoint","Melanocyte_20_days","Melanocyte","20_days","HALLMARK ANGIOGENESIS",-1.56932783358925,-3.05329851013447,0.513977859806485,0.00216450216450216,6,6,"yugene",0.00491932310114128
"temporal_bytimepoint","Melanocyte_20_days","Melanocyte","20_days","HALLMARK APICAL JUNCTION",-0.635934014611696,-1.77668475952281,0.357932948545412,0.0151515151515152,6,6,"yugene",0.0280583613916947
"temporal_bytimepoint","Melanocyte_20_days","Melanocyte","20_days","HALLMARK APICAL SURFACE",-0.0837164877438019,-0.582529850050641,0.143711927786231,0.393939393939394,6,6,"yugene",0.464064731080438
"temporal_bytimepoint","Melanocyte_20_days","Melanocyte","20_days","HALLMARK APOPTOSIS",0.734091289740947,0.619502478628825,1.18496909223954,0.699134199134199,6,6,"yugene",0.756274975024975
"temporal_bytimepoint","Melanocyte_20_days","Melanocyte","20_days","HALLMARK BILE ACID METABOLISM",-0.0151458166171357,-0.0290823967604625,0.520789835235534,0.588744588744589,6,6,"yugene",0.647762994951259
"temporal_bytimepoint","Melanocyte_20_days","Melanocyte","20_days","HALLMARK CHOLESTEROL HOMEOSTASIS",-1.50145032583024,-3.6568809607785,0.41058222620148,0.00216450216450216,6,6,"yugene",0.00491932310114128
"temporal_bytimepoint","Melanocyte_20_days","Melanocyte","20_days","HALLMARK COAGULATION",0.959229218222756,2.17720641003642,0.44057798736993,0.00216450216450216,6,6,"yugene",0.00491932310114128
"temporal_bytimepoint","Melanocyte_20_days","Melanocyte","20_days","HALLMARK COMPLEMENT",0.395047174032578,2.59390475723797,0.152298257262626,0.00216450216450216,6,6,"yugene",0.00491932310114128
"temporal_bytimepoint","Melanocyte_20_days","Melanocyte","20_days","HALLMARK DNA REPAIR",1.53473599171262,2.35804721761833,0.650850407169849,0.00216450216450216,6,6,"yugene",0.00491932310114128
"temporal_bytimepoint","Melanocyte_20_days","Melanocyte","20_days","HALLMARK E2F TARGETS",0.651707719190856,1.16566447677563,0.559086883211504,0.0649350649350649,6,6,"yugene",0.103619784470848
"temporal_bytimepoint","Melanocyte_20_days","Melanocyte","20_days","HALLMARK EPITHELIAL MESENCHYMAL TRANSITION",1.59429851336272,0.56871892696715,2.80331537736004,0.0649350649350649,6,6,"yugene",0.103619784470848
"temporal_bytimepoint","Melanocyte_20_days","Melanocyte","20_days","HALLMARK ESTROGEN RESPONSE EARLY",1.70016075919478,2.98553215679385,0.569466570750512,0.00865800865800866,6,6,"yugene",0.0173160173160173
"temporal_bytimepoint","Melanocyte_20_days","Melanocyte","20_days","HALLMARK ESTROGEN RESPONSE LATE",0.321549517603474,0.526648228097704,0.610558434355578,0.30952380952381,6,6,"yugene",0.378493788819876
"temporal_bytimepoint","Melanocyte_20_days","Melanocyte","20_days","HALLMARK FATTY ACID METABOLISM",-0.145795830561395,-0.255799469887726,0.569961425742545,0.818181818181818,6,6,"yugene",0.862252501596764
"temporal_bytimepoint","Melanocyte_20_days","Melanocyte","20_days","HALLMARK G2M CHECKPOINT",-0.585291800770568,-0.710040590840419,0.824307523148507,0.484848484848485,6,6,"yugene",0.544094309680345
"temporal_bytimepoint","Melanocyte_20_days","Melanocyte","20_days","HALLMARK GLYCOLYSIS",-1.68359885561323,-2.72984950294459,0.616736876445823,0.00216450216450216,6,6,"yugene",0.00491932310114128
"temporal_bytimepoint","Melanocyte_20_days","Melanocyte","20_days","HALLMARK HEDGEHOG SIGNALING",-0.394229560204128,-1.43381961234852,0.274950598254407,0.025974025974026,6,6,"yugene",0.0469410107964325
"temporal_bytimepoint","Melanocyte_20_days","Melanocyte","20_days","HALLMARK HEME METABOLISM",0.584485502024948,1.19945624806865,0.487292056684918,0.0649350649350649,6,6,"yugene",0.103619784470848
"temporal_bytimepoint","Melanocyte_20_days","Melanocyte","20_days","HALLMARK HYPOXIA",2.15970177593172,1.90163619199915,1.13570712685126,0.00865800865800866,6,6,"yugene",0.0173160173160173
"temporal_bytimepoint","Melanocyte_20_days","Melanocyte","20_days","HALLMARK IL2 STAT5 SIGNALING",0.198571155580741,0.790098628789665,0.251324516136584,0.484848484848485,6,6,"yugene",0.544094309680345
"temporal_bytimepoint","Melanocyte_20_days","Melanocyte","20_days","HALLMARK IL6 JAK STAT3 SIGNALING",0.70545855677327,4.89820712804965,0.144023831236832,0.00216450216450216,6,6,"yugene",0.00491932310114128
"temporal_bytimepoint","Melanocyte_20_days","Melanocyte","20_days","HALLMARK INFLAMMATORY RESPONSE",2.20214356139404,3.54886944167007,0.620519745115709,0.00216450216450216,6,6,"yugene",0.00491932310114128
"temporal_bytimepoint","Melanocyte_20_days","Melanocyte","20_days","HALLMARK INTERFERON ALPHA RESPONSE",-3.62782467473083,-22.596826790396,0.160545757525243,0.00216450216450216,6,6,"yugene",0.00491932310114128
"temporal_bytimepoint","Melanocyte_20_days","Melanocyte","20_days","HALLMARK INTERFERON GAMMA RESPONSE",-0.971840624273923,-1.71223896524176,0.567584691157115,0.0151515151515152,6,6,"yugene",0.0280583613916947
"temporal_bytimepoint","Melanocyte_20_days","Melanocyte","20_days","HALLMARK KRAS SIGNALING DN",2.89419845045647,8.51291905030281,0.339977207977036,0.00216450216450216,6,6,"yugene",0.00491932310114128
"temporal_bytimepoint","Melanocyte_20_days","Melanocyte","20_days","HALLMARK KRAS SIGNALING UP",-0.211255040311938,-0.146764321953625,1.43941686576041,0.30952380952381,6,6,"yugene",0.378493788819876
"temporal_bytimepoint","Melanocyte_20_days","Melanocyte","20_days","HALLMARK MITOTIC SPINDLE",0.631899219883633,0.664995339969519,0.950231049607952,0.30952380952381,6,6,"yugene",0.378493788819876
"temporal_bytimepoint","Melanocyte_20_days","Melanocyte","20_days","HALLMARK MTORC1 SIGNALING",-0.212870167209162,-0.541465331792814,0.393137205117714,0.484848484848485,6,6,"yugene",0.544094309680345
"temporal_bytimepoint","Melanocyte_20_days","Melanocyte","20_days","HALLMARK MYC TARGETS",0.791323173204205,2.54261399119249,0.311224266029101,0.00432900432900433,6,6,"yugene",0.00923247368744999
"temporal_bytimepoint","Melanocyte_20_days","Melanocyte","20_days","HALLMARK MYOGENESIS",-1.62013440314221,-0.894573847405634,1.81106837388639,0.17965367965368,6,6,"yugene",0.240607606679035
"temporal_bytimepoint","Melanocyte_20_days","Melanocyte","20_days","HALLMARK NOTCH SIGNALING",-0.0652331355389348,-0.165301537314313,0.394631148619612,0.484848484848485,6,6,"yugene",0.544094309680345
"temporal_bytimepoint","Melanocyte_20_days","Melanocyte","20_days","HALLMARK OXIDATIVE PHOSPHORYLATION",-0.169606417656769,-0.332685155122471,0.50981059733288,0.30952380952381,6,6,"yugene",0.378493788819876
"temporal_bytimepoint","Melanocyte_20_days","Melanocyte","20_days","HALLMARK P53 PATHWAY",6.61528090876101,4.18333393354854,1.58134182301568,0.00216450216450216,6,6,"yugene",0.00491932310114128
"temporal_bytimepoint","Melanocyte_20_days","Melanocyte","20_days","HALLMARK PANCREAS BETA CELLS",-0.0589566135905605,-0.769845686758013,0.076582378267052,0.17965367965368,6,6,"yugene",0.240607606679035
"temporal_bytimepoint","Melanocyte_20_days","Melanocyte","20_days","HALLMARK PEROXISOME",0.172036734734456,0.605050730294687,0.284334397300317,0.17965367965368,6,6,"yugene",0.240607606679035
"temporal_bytimepoint","Melanocyte_20_days","Melanocyte","20_days","HALLMARK PI3K AKT MTOR SIGNALING",0.591266356682111,1.2526938228214,0.471995906669695,0.00432900432900433,6,6,"yugene",0.00923247368744999
"temporal_bytimepoint","Melanocyte_20_days","Melanocyte","20_days","HALLMARK PROTEIN SECRETION",-0.23158161536006,-2.40133985542097,0.0964385007133701,0.00865800865800866,6,6,"yugene",0.0173160173160173
"temporal_bytimepoint","Melanocyte_20_days","Melanocyte","20_days","HALLMARK REACTIVE OXYGEN SPECIES PATHWAY",0.263860790590551,3.34141993035639,0.0789666656960436,0.00216450216450216,6,6,"yugene",0.00491932310114128
"temporal_bytimepoint","Melanocyte_20_days","Melanocyte","20_days","HALLMARK SPERMATOGENESIS",0.192174329711364,1.61106094733944,0.119284332494514,0.0151515151515152,6,6,"yugene",0.0280583613916947
"temporal_bytimepoint","Melanocyte_20_days","Melanocyte","20_days","HALLMARK TGF BETA SIGNALING",0.689351116633068,1.82292628784832,0.378156330965384,0.00865800865800866,6,6,"yugene",0.0173160173160173
"temporal_bytimepoint","Melanocyte_20_days","Melanocyte","20_days","HALLMARK TNFA SIGNALING VIA NFKB",2.00627795941239,2.63328703708106,0.761891100803163,0.00216450216450216,6,6,"yugene",0.00491932310114128
"temporal_bytimepoint","Melanocyte_20_days","Melanocyte","20_days","HALLMARK UNFOLDED PROTEIN RESPONSE",-0.567614733874755,-2.03757006815437,0.278574338495706,0.00432900432900433,6,6,"yugene",0.00923247368744999
"temporal_bytimepoint","Melanocyte_20_days","Melanocyte","20_days","HALLMARK UV RESPONSE DN",0.269612318522855,0.15852553734987,1.70075006860133,0.0649350649350649,6,6,"yugene",0.103619784470848
"temporal_bytimepoint","Melanocyte_20_days","Melanocyte","20_days","HALLMARK UV RESPONSE UP",2.965510425967,9.16433592106855,0.323592505939179,0.00216450216450216,6,6,"yugene",0.00491932310114128
"temporal_bytimepoint","Melanocyte_20_days","Melanocyte","20_days","HALLMARK WNT BETA CATENIN SIGNALING",0.297502147476503,0.646485702644834,0.460183645607928,0.30952380952381,6,6,"yugene",0.378493788819876
"temporal_bytimepoint","Melanocyte_20_days","Melanocyte","20_days","HALLMARK XENOBIOTIC METABOLISM",3.69519160163965,6.79713251965656,0.543639776178199,0.00216450216450216,6,6,"yugene",0.00491932310114128
"temporal_bytimepoint","Melanocyte_20_days","Melanocyte","20_days","Lysosomal Genes",0.644623945702445,0.799802472075798,0.805978936310856,0.30952380952381,6,6,"yugene",0.378493788819876
