analysis,label,model,pathway,cohens_d,p_permutation,p_floor,n_perm,n_distinct_splits,n_test,n_control
meta_analysis,CICQ,scaled,HALLMARK ADIPOGENESIS,1.8939142317306954,0.0004997501249375312,2.0710193391086377e-21,2000,965708027072695321800,19,91
meta_analysis,CICQ,scaled,HALLMARK ALLOGRAFT REJECTION,-0.16216734172709357,0.5252373813093453,2.0710193391086377e-21,2000,965708027072695321800,19,91
meta_analysis,CICQ,scaled,HALLMARK ANDROGEN RESPONSE,-1.8815582936357242,0.0004997501249375312,2.0710193391086377e-21,2000,965708027072695321800,19,91
meta_analysis,CICQ,scaled,HALLMARK ANGIOGENESIS,-0.14875647339078427,0.5517241379310345,2.0710193391086377e-21,2000,965708027072695321800,19,91
meta_analysis,CICQ,scaled,HALLMARK APICAL JUNCTION,-0.3105777687411625,0.20789605197401298,2.0710193391086377e-21,2000,965708027072695321800,19,91
meta_analysis,CICQ,scaled,HALLMARK APICAL SURFACE,0.6478352983206973,0.015992003998001,2.0710193391086377e-21,2000,965708027072695321800,19,91
meta_analysis,CICQ,scaled,HALLMARK APOPTOSIS,-0.46225042717582837,0.07546226886556721,2.0710193391086377e-21,2000,965708027072695321800,19,91
meta_analysis,CICQ,scaled,HALLMARK BILE ACID METABOLISM,-0.3181262793799287,0.2143928035982009,2.0710193391086377e-21,2000,965708027072695321800,19,91
meta_analysis,CICQ,scaled,HALLMARK CHOLESTEROL HOMEOSTASIS,-0.26047435122761997,0.3243378310844578,2.0710193391086377e-21,2000,965708027072695321800,19,91
meta_analysis,CICQ,scaled,HALLMARK COAGULATION,0.4445786389237869,0.07446276861569215,2.0710193391086377e-21,2000,965708027072695321800,19,91
meta_analysis,CICQ,scaled,HALLMARK COMPLEMENT,1.1159529763904248,0.0004997501249375312,2.0710193391086377e-21,2000,965708027072695321800,19,91
meta_analysis,CICQ,scaled,HALLMARK DNA REPAIR,0.46572384551106927,0.06146926536731634,2.0710193391086377e-21,2000,965708027072695321800,19,91
meta_analysis,CICQ,scaled,HALLMARK E2F TARGETS,0.1928825607989651,0.42278860569715143,2.0710193391086377e-21,2000,965708027072695321800,19,91
meta_analysis,CICQ,scaled,HALLMARK EPITHELIAL MESENCHYMAL TRANSITION,-0.963636126175861,0.0009995002498750624,2.0710193391086377e-21,2000,965708027072695321800,19,91
meta_analysis,CICQ,scaled,HALLMARK ESTROGEN RESPONSE EARLY,1.0813777169449137,0.0004997501249375312,2.0710193391086377e-21,2000,965708027072695321800,19,91
meta_analysis,CICQ,scaled,HALLMARK ESTROGEN RESPONSE LATE,-0.2981665726532969,0.2478760619690155,2.0710193391086377e-21,2000,965708027072695321800,19,91
meta_analysis,CICQ,scaled,HALLMARK FATTY ACID METABOLISM,0.8893229322894056,0.0014992503748125937,2.0710193391086377e-21,2000,965708027072695321800,19,91
meta_analysis,CICQ,scaled,HALLMARK G2M CHECKPOINT,0.39148500951264975,0.12543728135932034,2.0710193391086377e-21,2000,965708027072695321800,19,91
meta_analysis,CICQ,scaled,HALLMARK GLYCOLYSIS,0.6717693958402396,0.0069965017491254375,2.0710193391086377e-21,2000,965708027072695321800,19,91
meta_analysis,CICQ,scaled,HALLMARK HEDGEHOG SIGNALING,-1.4342568368490827,0.0004997501249375312,2.0710193391086377e-21,2000,965708027072695321800,19,91
meta_analysis,CICQ,scaled,HALLMARK HEME METABOLISM,2.0276415352554427,0.0004997501249375312,2.0710193391086377e-21,2000,965708027072695321800,19,91
meta_analysis,CICQ,scaled,HALLMARK HYPOXIA,1.5586258975263856,0.0004997501249375312,2.0710193391086377e-21,2000,965708027072695321800,19,91
meta_analysis,CICQ,scaled,HALLMARK IL2 STAT5 SIGNALING,1.0840232673556984,0.0004997501249375312,2.0710193391086377e-21,2000,965708027072695321800,19,91
meta_analysis,CICQ,scaled,HALLMARK IL6 JAK STAT3 SIGNALING,1.425955479745256,0.0004997501249375312,2.0710193391086377e-21,2000,965708027072695321800,19,91
meta_analysis,CICQ,scaled,HALLMARK INFLAMMATORY RESPONSE,0.07229764734232881,0.7656171914042978,2.0710193391086377e-21,2000,965708027072695321800,19,91
meta_analysis,CICQ,scaled,HALLMARK INTERFERON ALPHA RESPONSE,0.31453277702288324,0.2143928035982009,2.0710193391086377e-21,2000,965708027072695321800,19,91
meta_analysis,CICQ,scaled,HALLMARK INTERFERON GAMMA RESPONSE,-0.506201808759397,0.04397801099450275,2.0710193391086377e-21,2000,965708027072695321800,19,91
meta_analysis,CICQ,scaled,HALLMARK KRAS SIGNALING DN,-0.1614527302853199,0.5307346326836582,2.0710193391086377e-21,2000,965708027072695321800,19,91
meta_analysis,CICQ,scaled,HALLMARK KRAS SIGNALING UP,2.3202465726064196,0.0004997501249375312,2.0710193391086377e-21,2000,965708027072695321800,19,91
meta_analysis,CICQ,scaled,HALLMARK MITOTIC SPINDLE,0.5792575005207878,0.021989005497251374,2.0710193391086377e-21,2000,965708027072695321800,19,91
meta_analysis,CICQ,scaled,HALLMARK MTORC1 SIGNALING,0.20483903891646374,0.41579210394802596,2.0710193391086377e-21,2000,965708027072695321800,19,91
meta_analysis,CICQ,scaled,HALLMARK MYC TARGETS,0.7332092354182509,0.0034982508745627187,2.0710193391086377e-21,2000,965708027072695321800,19,91
meta_analysis,CICQ,scaled,HALLMARK MYOGENESIS,0.47032758051165247,0.06996501749125437,2.0710193391086377e-21,2000,965708027072695321800,19,91
meta_analysis,CICQ,scaled,HALLMARK NOTCH SIGNALING,-0.22437253645836347,0.37831084457771114,2.0710193391086377e-21,2000,965708027072695321800,19,91
meta_analysis,CICQ,scaled,HALLMARK OXIDATIVE PHOSPHORYLATION,-0.21389201410854966,0.3988005997001499,2.0710193391086377e-21,2000,965708027072695321800,19,91
meta_analysis,CICQ,scaled,HALLMARK P53 PATHWAY,0.5831318507220533,0.018490754622688656,2.0710193391086377e-21,2000,965708027072695321800,19,91
meta_analysis,CICQ,scaled,HALLMARK PANCREAS BETA CELLS,0.9817363277733715,0.0014992503748125937,2.0710193391086377e-21,2000,965708027072695321800,19,91
meta_analysis,CICQ,scaled,HALLMARK PEROXISOME,0.915092695239618,0.0004997501249375312,2.0710193391086377e-21,2000,965708027072695321800,19,91
meta_analysis,CICQ,scaled,HALLMARK PI3K AKT MTOR SIGNALING,-0.20850105455496382,0.39280359820089955,2.0710193391086377e-21,2000,965708027072695321800,19,91
meta_analysis,CICQ,scaled,HALLMARK PROTEIN SECRETION,0.8640613611784347,0.001999000499750125,2.0710193391086377e-21,2000,965708027072695321800,19,91
meta_analysis,CICQ,scaled,HALLMARK REACTIVE OXYGEN SPECIES PATHWAY,-1.7924960333601985,0.0004997501249375312,2.0710193391086377e-21,2000,965708027072695321800,19,91
meta_analysis,CICQ,scaled,HALLMARK SPERMATOGENESIS,0.04432294086486353,0.8695652173913043,2.0710193391086377e-21,2000,965708027072695321800,19,91
meta_analysis,CICQ,scaled,HALLMARK TGF BETA SIGNALING,0.13977177358883397,0.5642178910544727,2.0710193391086377e-21,2000,965708027072695321800,19,91
meta_analysis,CICQ,scaled,HALLMARK TNFA SIGNALING VIA NFKB,-1.5749262056727535,0.0004997501249375312,2.0710193391086377e-21,2000,965708027072695321800,19,91
meta_analysis,CICQ,scaled,HALLMARK UNFOLDED PROTEIN RESPONSE,-0.3427760582859977,0.16541729135432284,2.0710193391086377e-21,2000,965708027072695321800,19,91
meta_analysis,CICQ,scaled,HALLMARK UV RESPONSE DN,0.16895075974771828,0.48825587206396803,2.0710193391086377e-21,2000,965708027072695321800,19,91
meta_analysis,CICQ,scaled,HALLMARK UV RESPONSE UP,0.02590708236267661,0.9105447276361819,2.0710193391086377e-21,2000,965708027072695321800,19,91
meta_analysis,CICQ,scaled,HALLMARK WNT BETA CATENIN SIGNALING,-0.034526613082313584,0.9015492253873063,2.0710193391086377e-21,2000,965708027072695321800,19,91
meta_analysis,CICQ,scaled,HALLMARK XENOBIOTIC METABOLISM,-0.3456137226339645,0.17641179410294852,2.0710193391086377e-21,2000,965708027072695321800,19,91
meta_analysis,CICQ,scaled,Lysosomal Genes,1.4898317247956023,0.0004997501249375312,2.0710193391086377e-21,2000,965708027072695321800,19,91
meta_analysis,SSCQ,scaled,HALLMARK ADIPOGENESIS,0.879615377027592,0.0009995002498750624,1.3621868410783912e-23,2000,146822736770579605107120,22,91
meta_analysis,SSCQ,scaled,HALLMARK ALLOGRAFT REJECTION,0.04179371045286222,0.855072463768116,1.3621868410783912e-23,2000,146822736770579605107120,22,91
meta_analysis,SSCQ,scaled,HALLMARK ANDROGEN RESPONSE,-1.388332017430263,0.0004997501249375312,1.3621868410783912e-23,2000,146822736770579605107120,22,91
meta_analysis,SSCQ,scaled,HALLMARK ANGIOGENESIS,-0.5507431065629328,0.02848575712143928,1.3621868410783912e-23,2000,146822736770579605107120,22,91
meta_analysis,SSCQ,scaled,HALLMARK APICAL JUNCTION,0.3492792406561443,0.1489255372313843,1.3621868410783912e-23,2000,146822736770579605107120,22,91
meta_analysis,SSCQ,scaled,HALLMARK APICAL SURFACE,0.8114881377487225,0.0004997501249375312,1.3621868410783912e-23,2000,146822736770579605107120,22,91
meta_analysis,SSCQ,scaled,HALLMARK APOPTOSIS,0.15031525214705518,0.5217391304347826,1.3621868410783912e-23,2000,146822736770579605107120,22,91
meta_analysis,SSCQ,scaled,HALLMARK BILE ACID METABOLISM,-0.19852572739044405,0.3938030984507746,1.3621868410783912e-23,2000,146822736770579605107120,22,91
meta_analysis,SSCQ,scaled,HALLMARK CHOLESTEROL HOMEOSTASIS,-0.6343348775881518,0.009495252373813094,1.3621868410783912e-23,2000,146822736770579605107120,22,91
meta_analysis,SSCQ,scaled,HALLMARK COAGULATION,0.7755586735516824,0.0034982508745627187,1.3621868410783912e-23,2000,146822736770579605107120,22,91
meta_analysis,SSCQ,scaled,HALLMARK COMPLEMENT,0.77536367335244,0.0029985007496251873,1.3621868410783912e-23,2000,146822736770579605107120,22,91
meta_analysis,SSCQ,scaled,HALLMARK DNA REPAIR,1.3258355859445132,0.0004997501249375312,1.3621868410783912e-23,2000,146822736770579605107120,22,91
meta_analysis,SSCQ,scaled,HALLMARK E2F TARGETS,0.7046523509887477,0.004497751124437781,1.3621868410783912e-23,2000,146822736770579605107120,22,91
meta_analysis,SSCQ,scaled,HALLMARK EPITHELIAL MESENCHYMAL TRANSITION,-0.658658253857392,0.006496751624187906,1.3621868410783912e-23,2000,146822736770579605107120,22,91
meta_analysis,SSCQ,scaled,HALLMARK ESTROGEN RESPONSE EARLY,0.38291145806098703,0.10644677661169415,1.3621868410783912e-23,2000,146822736770579605107120,22,91
meta_analysis,SSCQ,scaled,HALLMARK ESTROGEN RESPONSE LATE,-0.6816263009171323,0.005497251374312844,1.3621868410783912e-23,2000,146822736770579605107120,22,91
meta_analysis,SSCQ,scaled,HALLMARK FATTY ACID METABOLISM,-0.22527768446843333,0.3363318340829585,1.3621868410783912e-23,2000,146822736770579605107120,22,91
meta_analysis,SSCQ,scaled,HALLMARK G2M CHECKPOINT,0.5349565145565893,0.0239880059970015,1.3621868410783912e-23,2000,146822736770579605107120,22,91
meta_analysis,SSCQ,scaled,HALLMARK GLYCOLYSIS,-0.02032133318417815,0.928535732133933,1.3621868410783912e-23,2000,146822736770579605107120,22,91
meta_analysis,SSCQ,scaled,HALLMARK HEDGEHOG SIGNALING,-1.3247393892748582,0.0004997501249375312,1.3621868410783912e-23,2000,146822736770579605107120,22,91
meta_analysis,SSCQ,scaled,HALLMARK HEME METABOLISM,1.6578272383598993,0.0004997501249375312,1.3621868410783912e-23,2000,146822736770579605107120,22,91
meta_analysis,SSCQ,scaled,HALLMARK HYPOXIA,0.6533100319817166,0.00399800099950025,1.3621868410783912e-23,2000,146822736770579605107120,22,91
meta_analysis,SSCQ,scaled,HALLMARK IL2 STAT5 SIGNALING,0.6321364354421337,0.00849575212393803,1.3621868410783912e-23,2000,146822736770579605107120,22,91
meta_analysis,SSCQ,scaled,HALLMARK IL6 JAK STAT3 SIGNALING,-0.5587182345095069,0.02148925537231384,1.3621868410783912e-23,2000,146822736770579605107120,22,91
meta_analysis,SSCQ,scaled,HALLMARK INFLAMMATORY RESPONSE,0.23063394937761553,0.3488255872063968,1.3621868410783912e-23,2000,146822736770579605107120,22,91
meta_analysis,SSCQ,scaled,HALLMARK INTERFERON ALPHA RESPONSE,-0.5697810504358731,0.0239880059970015,1.3621868410783912e-23,2000,146822736770579605107120,22,91
meta_analysis,SSCQ,scaled,HALLMARK INTERFERON GAMMA RESPONSE,-0.20855991456162132,0.392303848075962,1.3621868410783912e-23,2000,146822736770579605107120,22,91
meta_analysis,SSCQ,scaled,HALLMARK KRAS SIGNALING DN,0.47646686463863996,0.04897551224387806,1.3621868410783912e-23,2000,146822736770579605107120,22,91
meta_analysis,SSCQ,scaled,HALLMARK KRAS SIGNALING UP,1.463783398468126,0.0004997501249375312,1.3621868410783912e-23,2000,146822736770579605107120,22,91
meta_analysis,SSCQ,scaled,HALLMARK MITOTIC SPINDLE,0.8784736322661061,0.0009995002498750624,1.3621868410783912e-23,2000,146822736770579605107120,22,91
meta_analysis,SSCQ,scaled,HALLMARK MTORC1 SIGNALING,0.49923517495179515,0.033483258370814596,1.3621868410783912e-23,2000,146822736770579605107120,22,91
meta_analysis,SSCQ,scaled,HALLMARK MYC TARGETS,0.2769211350575839,0.24187906046976512,1.3621868410783912e-23,2000,146822736770579605107120,22,91
meta_analysis,SSCQ,scaled,HALLMARK MYOGENESIS,0.8859880269081438,0.0014992503748125937,1.3621868410783912e-23,2000,146822736770579605107120,22,91
meta_analysis,SSCQ,scaled,HALLMARK NOTCH SIGNALING,-0.38313561411159597,0.09895052473763119,1.3621868410783912e-23,2000,146822736770579605107120,22,91
meta_analysis,SSCQ,scaled,HALLMARK OXIDATIVE PHOSPHORYLATION,-0.5180906811978547,0.03648175912043978,1.3621868410783912e-23,2000,146822736770579605107120,22,91
meta_analysis,SSCQ,scaled,HALLMARK P53 PATHWAY,1.0059353531044692,0.0009995002498750624,1.3621868410783912e-23,2000,146822736770579605107120,22,91
meta_analysis,SSCQ,scaled,HALLMARK PANCREAS BETA CELLS,0.26338020069725826,0.26286856571714146,1.3621868410783912e-23,2000,146822736770579605107120,22,91
meta_analysis,SSCQ,scaled,HALLMARK PEROXISOME,-0.14707341948712388,0.5087456271864068,1.3621868410783912e-23,2000,146822736770579605107120,22,91
meta_analysis,SSCQ,scaled,HALLMARK PI3K AKT MTOR SIGNALING,0.41041524176964345,0.08345827086456771,1.3621868410783912e-23,2000,146822736770579605107120,22,91
meta_analysis,SSCQ,scaled,HALLMARK PROTEIN SECRETION,0.5510194487702418,0.02148925537231384,1.3621868410783912e-23,2000,146822736770579605107120,22,91
meta_analysis,SSCQ,scaled,HALLMARK REACTIVE OXYGEN SPECIES PATHWAY,-0.9033105291250824,0.0009995002498750624,1.3621868410783912e-23,2000,146822736770579605107120,22,91
meta_analysis,SSCQ,scaled,HALLMARK SPERMATOGENESIS,0.19371977856871678,0.41529235382308843,1.3621868410783912e-23,2000,146822736770579605107120,22,91
meta_analysis,SSCQ,scaled,HALLMARK TGF BETA SIGNALING,0.1403606960846784,0.5612193903048476,1.3621868410783912e-23,2000,146822736770579605107120,22,91
meta_analysis,SSCQ,scaled,HALLMARK TNFA SIGNALING VIA NFKB,-0.320286645868851,0.18990504747626186,1.3621868410783912e-23,2000,146822736770579605107120,22,91
meta_analysis,SSCQ,scaled,HALLMARK UNFOLDED PROTEIN RESPONSE,0.5562821347519813,0.022988505747126436,1.3621868410783912e-23,2000,146822736770579605107120,22,91
meta_analysis,SSCQ,scaled,HALLMARK UV RESPONSE DN,-0.20584602454684137,0.3743128435782109,1.3621868410783912e-23,2000,146822736770579605107120,22,91
meta_analysis,SSCQ,scaled,HALLMARK UV RESPONSE UP,0.6047947211630873,0.01249375312343828,1.3621868410783912e-23,2000,146822736770579605107120,22,91
meta_analysis,SSCQ,scaled,HALLMARK WNT BETA CATENIN SIGNALING,0.6120098846104417,0.01199400299850075,1.3621868410783912e-23,2000,146822736770579605107120,22,91
meta_analysis,SSCQ,scaled,HALLMARK XENOBIOTIC METABOLISM,-1.1734176634521214,0.0004997501249375312,1.3621868410783912e-23,2000,146822736770579605107120,22,91
meta_analysis,SSCQ,scaled,Lysosomal Genes,0.7788726517028803,0.0014992503748125937,1.3621868410783912e-23,2000,146822736770579605107120,22,91
meta_analysis,RS,scaled,HALLMARK ADIPOGENESIS,0.1410786925258831,0.6826586706646677,1.1226327196211237e-14,2000,178152655364880,11,91
meta_analysis,RS,scaled,HALLMARK ALLOGRAFT REJECTION,0.17286283711185454,0.5887056471764118,1.1226327196211237e-14,2000,178152655364880,11,91
meta_analysis,RS,scaled,HALLMARK ANDROGEN RESPONSE,-1.72661701286207,0.0004997501249375312,1.1226327196211237e-14,2000,178152655364880,11,91
meta_analysis,RS,scaled,HALLMARK ANGIOGENESIS,0.26475981004956517,0.4287856071964018,1.1226327196211237e-14,2000,178152655364880,11,91
meta_analysis,RS,scaled,HALLMARK APICAL JUNCTION,0.7554041704845722,0.026986506746626688,1.1226327196211237e-14,2000,178152655364880,11,91
meta_analysis,RS,scaled,HALLMARK APICAL SURFACE,1.0992146030199708,0.0029985007496251873,1.1226327196211237e-14,2000,178152655364880,11,91
meta_analysis,RS,scaled,HALLMARK APOPTOSIS,1.4695603531026808,0.0004997501249375312,1.1226327196211237e-14,2000,178152655364880,11,91
meta_analysis,RS,scaled,HALLMARK BILE ACID METABOLISM,1.174567954352917,0.0009995002498750624,1.1226327196211237e-14,2000,178152655364880,11,91
meta_analysis,RS,scaled,HALLMARK CHOLESTEROL HOMEOSTASIS,-1.2338470107222195,0.0009995002498750624,1.1226327196211237e-14,2000,178152655364880,11,91
meta_analysis,RS,scaled,HALLMARK COAGULATION,0.9830352265515573,0.006496751624187906,1.1226327196211237e-14,2000,178152655364880,11,91
meta_analysis,RS,scaled,HALLMARK COMPLEMENT,0.6444552974669271,0.0399800099950025,1.1226327196211237e-14,2000,178152655364880,11,91
meta_analysis,RS,scaled,HALLMARK DNA REPAIR,-0.6313941235683778,0.05697151424287856,1.1226327196211237e-14,2000,178152655364880,11,91
meta_analysis,RS,scaled,HALLMARK E2F TARGETS,1.1459519038094483,0.0009995002498750624,1.1226327196211237e-14,2000,178152655364880,11,91
meta_analysis,RS,scaled,HALLMARK EPITHELIAL MESENCHYMAL TRANSITION,0.025461409861578587,0.9355322338830585,1.1226327196211237e-14,2000,178152655364880,11,91
meta_analysis,RS,scaled,HALLMARK ESTROGEN RESPONSE EARLY,0.20528259517756708,0.5227386306846576,1.1226327196211237e-14,2000,178152655364880,11,91
meta_analysis,RS,scaled,HALLMARK ESTROGEN RESPONSE LATE,0.13101014565478425,0.6851574212893553,1.1226327196211237e-14,2000,178152655364880,11,91
meta_analysis,RS,scaled,HALLMARK FATTY ACID METABOLISM,-0.3304748990941817,0.31384307846076964,1.1226327196211237e-14,2000,178152655364880,11,91
meta_analysis,RS,scaled,HALLMARK G2M CHECKPOINT,0.6637882854209145,0.04047976011994003,1.1226327196211237e-14,2000,178152655364880,11,91
meta_analysis,RS,scaled,HALLMARK GLYCOLYSIS,-0.007427005810059888,0.9850074962518741,1.1226327196211237e-14,2000,178152655364880,11,91
meta_analysis,RS,scaled,HALLMARK HEDGEHOG SIGNALING,-0.8689335058307935,0.0079960019990005,1.1226327196211237e-14,2000,178152655364880,11,91
meta_analysis,RS,scaled,HALLMARK HEME METABOLISM,1.5471912104639014,0.0004997501249375312,1.1226327196211237e-14,2000,178152655364880,11,91
meta_analysis,RS,scaled,HALLMARK HYPOXIA,0.7003717417308831,0.030984507746126936,1.1226327196211237e-14,2000,178152655364880,11,91
meta_analysis,RS,scaled,HALLMARK IL2 STAT5 SIGNALING,-0.9133511842688614,0.00399800099950025,1.1226327196211237e-14,2000,178152655364880,11,91
meta_analysis,RS,scaled,HALLMARK IL6 JAK STAT3 SIGNALING,0.04191212496300055,0.8950524737631185,1.1226327196211237e-14,2000,178152655364880,11,91
meta_analysis,RS,scaled,HALLMARK INFLAMMATORY RESPONSE,0.8857056359808584,0.0074962518740629685,1.1226327196211237e-14,2000,178152655364880,11,91
meta_analysis,RS,scaled,HALLMARK INTERFERON ALPHA RESPONSE,-1.6995830656422728,0.0004997501249375312,1.1226327196211237e-14,2000,178152655364880,11,91
meta_analysis,RS,scaled,HALLMARK INTERFERON GAMMA RESPONSE,0.5727515656605553,0.06646676661669165,1.1226327196211237e-14,2000,178152655364880,11,91
meta_analysis,RS,scaled,HALLMARK KRAS SIGNALING DN,0.46588668382785736,0.14992503748125938,1.1226327196211237e-14,2000,178152655364880,11,91
meta_analysis,RS,scaled,HALLMARK KRAS SIGNALING UP,0.5566803394879405,0.08945527236381809,1.1226327196211237e-14,2000,178152655364880,11,91
meta_analysis,RS,scaled,HALLMARK MITOTIC SPINDLE,2.450913843202585,0.0004997501249375312,1.1226327196211237e-14,2000,178152655364880,11,91
meta_analysis,RS,scaled,HALLMARK MTORC1 SIGNALING,0.6017106463511824,0.05247376311844078,1.1226327196211237e-14,2000,178152655364880,11,91
meta_analysis,RS,scaled,HALLMARK MYC TARGETS,-1.6596720684119932,0.0004997501249375312,1.1226327196211237e-14,2000,178152655364880,11,91
meta_analysis,RS,scaled,HALLMARK MYOGENESIS,0.5321463192132,0.09095452273863068,1.1226327196211237e-14,2000,178152655364880,11,91
meta_analysis,RS,scaled,HALLMARK NOTCH SIGNALING,0.22717153765024764,0.504247876061969,1.1226327196211237e-14,2000,178152655364880,11,91
meta_analysis,RS,scaled,HALLMARK OXIDATIVE PHOSPHORYLATION,-0.6004317190768556,0.049475262368815595,1.1226327196211237e-14,2000,178152655364880,11,91
meta_analysis,RS,scaled,HALLMARK P53 PATHWAY,0.16781140762983357,0.600199900049975,1.1226327196211237e-14,2000,178152655364880,11,91
meta_analysis,RS,scaled,HALLMARK PANCREAS BETA CELLS,1.3779519018949333,0.0004997501249375312,1.1226327196211237e-14,2000,178152655364880,11,91
meta_analysis,RS,scaled,HALLMARK PEROXISOME,0.4493671368443573,0.1469265367316342,1.1226327196211237e-14,2000,178152655364880,11,91
meta_analysis,RS,scaled,HALLMARK PI3K AKT MTOR SIGNALING,0.9462409307239904,0.006496751624187906,1.1226327196211237e-14,2000,178152655364880,11,91
meta_analysis,RS,scaled,HALLMARK PROTEIN SECRETION,1.9452068828408435,0.0004997501249375312,1.1226327196211237e-14,2000,178152655364880,11,91
meta_analysis,RS,scaled,HALLMARK REACTIVE OXYGEN SPECIES PATHWAY,-1.4418405094751678,0.0004997501249375312,1.1226327196211237e-14,2000,178152655364880,11,91
meta_analysis,RS,scaled,HALLMARK SPERMATOGENESIS,-0.6164818191927485,0.057971014492753624,1.1226327196211237e-14,2000,178152655364880,11,91
meta_analysis,RS,scaled,HALLMARK TGF BETA SIGNALING,0.32790922394107963,0.30884557721139433,1.1226327196211237e-14,2000,178152655364880,11,91
meta_analysis,RS,scaled,HALLMARK TNFA SIGNALING VIA NFKB,0.1381284930812865,0.671664167916042,1.1226327196211237e-14,2000,178152655364880,11,91
meta_analysis,RS,scaled,HALLMARK UNFOLDED PROTEIN RESPONSE,2.199018787716977,0.0004997501249375312,1.1226327196211237e-14,2000,178152655364880,11,91
meta_analysis,RS,scaled,HALLMARK UV RESPONSE DN,0.08839755850131771,0.7851074462768616,1.1226327196211237e-14,2000,178152655364880,11,91
meta_analysis,RS,scaled,HALLMARK UV RESPONSE UP,-0.0340535298945446,0.9180409795102449,1.1226327196211237e-14,2000,178152655364880,11,91
meta_analysis,RS,scaled,HALLMARK WNT BETA CATENIN SIGNALING,1.3821019731162887,0.0004997501249375312,1.1226327196211237e-14,2000,178152655364880,11,91
meta_analysis,RS,scaled,HALLMARK XENOBIOTIC METABOLISM,-0.38986288688891946,0.22988505747126436,1.1226327196211237e-14,2000,178152655364880,11,91
meta_analysis,RS,scaled,Lysosomal Genes,0.3126747475244632,0.328335832083958,1.1226327196211237e-14,2000,178152655364880,11,91
meta_analysis,SIPS,scaled,HALLMARK ADIPOGENESIS,0.7056301273915278,0.0014992503748125937,8.529019329766146e-34,2000,2344935475782110961932506869776000,39,91
meta_analysis,SIPS,scaled,HALLMARK ALLOGRAFT REJECTION,0.8717015164333357,0.0004997501249375312,8.529019329766146e-34,2000,2344935475782110961932506869776000,39,91
meta_analysis,SIPS,scaled,HALLMARK ANDROGEN RESPONSE,-2.1584021885970612,0.0004997501249375312,8.529019329766146e-34,2000,2344935475782110961932506869776000,39,91
meta_analysis,SIPS,scaled,HALLMARK ANGIOGENESIS,0.10209472203200283,0.5932033983008496,8.529019329766146e-34,2000,2344935475782110961932506869776000,39,91
meta_analysis,SIPS,scaled,HALLMARK APICAL JUNCTION,0.761829949624346,0.0009995002498750624,8.529019329766146e-34,2000,2344935475782110961932506869776000,39,91
meta_analysis,SIPS,scaled,HALLMARK APICAL SURFACE,-0.8807183091865826,0.0004997501249375312,8.529019329766146e-34,2000,2344935475782110961932506869776000,39,91
meta_analysis,SIPS,scaled,HALLMARK APOPTOSIS,1.2226123061791252,0.0004997501249375312,8.529019329766146e-34,2000,2344935475782110961932506869776000,39,91
meta_analysis,SIPS,scaled,HALLMARK BILE ACID METABOLISM,0.1408123965129586,0.4577711144427786,8.529019329766146e-34,2000,2344935475782110961932506869776000,39,91
meta_analysis,SIPS,scaled,HALLMARK CHOLESTEROL HOMEOSTASIS,-0.4610929762223013,0.013993003498250875,8.529019329766146e-34,2000,2344935475782110961932506869776000,39,91
meta_analysis,SIPS,scaled,HALLMARK COAGULATION,1.2094250497664678,0.0004997501249375312,8.529019329766146e-34,2000,2344935475782110961932506869776000,39,91
meta_analysis,SIPS,scaled,HALLMARK COMPLEMENT,1.3426813288879167,0.0004997501249375312,8.529019329766146e-34,2000,2344935475782110961932506869776000,39,91
meta_analysis,SIPS,scaled,HALLMARK DNA REPAIR,1.0801596526250314,0.0004997501249375312,8.529019329766146e-34,2000,2344935475782110961932506869776000,39,91
meta_analysis,SIPS,scaled,HALLMARK E2F TARGETS,1.7421799836659122,0.0004997501249375312,8.529019329766146e-34,2000,2344935475782110961932506869776000,39,91
meta_analysis,SIPS,scaled,HALLMARK EPITHELIAL MESENCHYMAL TRANSITION,-0.3597843755123262,0.059470264867566215,8.529019329766146e-34,2000,2344935475782110961932506869776000,39,91
meta_analysis,SIPS,scaled,HALLMARK ESTROGEN RESPONSE EARLY,0.19080072672948245,0.3263368315842079,8.529019329766146e-34,2000,2344935475782110961932506869776000,39,91
meta_analysis,SIPS,scaled,HALLMARK ESTROGEN RESPONSE LATE,-0.6584696297745427,0.0004997501249375312,8.529019329766146e-34,2000,2344935475782110961932506869776000,39,91
meta_analysis,SIPS,scaled,HALLMARK FATTY ACID METABOLISM,-0.30618965846601925,0.1184407796101949,8.529019329766146e-34,2000,2344935475782110961932506869776000,39,91
meta_analysis,SIPS,scaled,HALLMARK G2M CHECKPOINT,1.0590270913161413,0.0004997501249375312,8.529019329766146e-34,2000,2344935475782110961932506869776000,39,91
meta_analysis,SIPS,scaled,HALLMARK GLYCOLYSIS,-0.17264547792088197,0.36031984007996004,8.529019329766146e-34,2000,2344935475782110961932506869776000,39,91
meta_analysis,SIPS,scaled,HALLMARK HEDGEHOG SIGNALING,-0.9415479912323816,0.0004997501249375312,8.529019329766146e-34,2000,2344935475782110961932506869776000,39,91
meta_analysis,SIPS,scaled,HALLMARK HEME METABOLISM,2.1982729085776267,0.0004997501249375312,8.529019329766146e-34,2000,2344935475782110961932506869776000,39,91
meta_analysis,SIPS,scaled,HALLMARK HYPOXIA,1.418769388398406,0.0004997501249375312,8.529019329766146e-34,2000,2344935475782110961932506869776000,39,91
meta_analysis,SIPS,scaled,HALLMARK IL2 STAT5 SIGNALING,0.1333218252314903,0.48825587206396803,8.529019329766146e-34,2000,2344935475782110961932506869776000,39,91
meta_analysis,SIPS,scaled,HALLMARK IL6 JAK STAT3 SIGNALING,-0.5522130704311776,0.004497751124437781,8.529019329766146e-34,2000,2344935475782110961932506869776000,39,91
meta_analysis,SIPS,scaled,HALLMARK INFLAMMATORY RESPONSE,1.804925513766646,0.0004997501249375312,8.529019329766146e-34,2000,2344935475782110961932506869776000,39,91
meta_analysis,SIPS,scaled,HALLMARK INTERFERON ALPHA RESPONSE,-0.4070983398600325,0.03498250874562719,8.529019329766146e-34,2000,2344935475782110961932506869776000,39,91
meta_analysis,SIPS,scaled,HALLMARK INTERFERON GAMMA RESPONSE,1.4559274371970703,0.0004997501249375312,8.529019329766146e-34,2000,2344935475782110961932506869776000,39,91
meta_analysis,SIPS,scaled,HALLMARK KRAS SIGNALING DN,0.3297536267901893,0.08245877061469266,8.529019329766146e-34,2000,2344935475782110961932506869776000,39,91
meta_analysis,SIPS,scaled,HALLMARK KRAS SIGNALING UP,0.6810058056317428,0.0004997501249375312,8.529019329766146e-34,2000,2344935475782110961932506869776000,39,91
meta_analysis,SIPS,scaled,HALLMARK MITOTIC SPINDLE,2.1560061048349137,0.0004997501249375312,8.529019329766146e-34,2000,2344935475782110961932506869776000,39,91
meta_analysis,SIPS,scaled,HALLMARK MTORC1 SIGNALING,1.4665791389858114,0.0004997501249375312,8.529019329766146e-34,2000,2344935475782110961932506869776000,39,91
meta_analysis,SIPS,scaled,HALLMARK MYC TARGETS,-1.4523062825343303,0.0004997501249375312,8.529019329766146e-34,2000,2344935475782110961932506869776000,39,91
meta_analysis,SIPS,scaled,HALLMARK MYOGENESIS,1.2599326218699862,0.0004997501249375312,8.529019329766146e-34,2000,2344935475782110961932506869776000,39,91
meta_analysis,SIPS,scaled,HALLMARK NOTCH SIGNALING,-0.4663981252932391,0.018490754622688656,8.529019329766146e-34,2000,2344935475782110961932506869776000,39,91
meta_analysis,SIPS,scaled,HALLMARK OXIDATIVE PHOSPHORYLATION,-1.364523617063017,0.0004997501249375312,8.529019329766146e-34,2000,2344935475782110961932506869776000,39,91
meta_analysis,SIPS,scaled,HALLMARK P53 PATHWAY,1.460645073617644,0.0004997501249375312,8.529019329766146e-34,2000,2344935475782110961932506869776000,39,91
meta_analysis,SIPS,scaled,HALLMARK PANCREAS BETA CELLS,1.289820804284,0.0004997501249375312,8.529019329766146e-34,2000,2344935475782110961932506869776000,39,91
meta_analysis,SIPS,scaled,HALLMARK PEROXISOME,0.5916964056860868,0.0024987506246876563,8.529019329766146e-34,2000,2344935475782110961932506869776000,39,91
meta_analysis,SIPS,scaled,HALLMARK PI3K AKT MTOR SIGNALING,2.005264578329493,0.0004997501249375312,8.529019329766146e-34,2000,2344935475782110961932506869776000,39,91
meta_analysis,SIPS,scaled,HALLMARK PROTEIN SECRETION,2.190449655708391,0.0004997501249375312,8.529019329766146e-34,2000,2344935475782110961932506869776000,39,91
meta_analysis,SIPS,scaled,HALLMARK REACTIVE OXYGEN SPECIES PATHWAY,-0.9642168271819472,0.0004997501249375312,8.529019329766146e-34,2000,2344935475782110961932506869776000,39,91
meta_analysis,SIPS,scaled,HALLMARK SPERMATOGENESIS,0.012362708734485025,0.9425287356321839,8.529019329766146e-34,2000,2344935475782110961932506869776000,39,91
meta_analysis,SIPS,scaled,HALLMARK TGF BETA SIGNALING,0.33297480535163065,0.079960019990005,8.529019329766146e-34,2000,2344935475782110961932506869776000,39,91
meta_analysis,SIPS,scaled,HALLMARK TNFA SIGNALING VIA NFKB,0.9047848967348467,0.0004997501249375312,8.529019329766146e-34,2000,2344935475782110961932506869776000,39,91
meta_analysis,SIPS,scaled,HALLMARK UNFOLDED PROTEIN RESPONSE,2.06345182008025,0.0004997501249375312,8.529019329766146e-34,2000,2344935475782110961932506869776000,39,91
meta_analysis,SIPS,scaled,HALLMARK UV RESPONSE DN,-0.29530099556067607,0.1374312843578211,8.529019329766146e-34,2000,2344935475782110961932506869776000,39,91
meta_analysis,SIPS,scaled,HALLMARK UV RESPONSE UP,0.991945646082445,0.0004997501249375312,8.529019329766146e-34,2000,2344935475782110961932506869776000,39,91
meta_analysis,SIPS,scaled,HALLMARK WNT BETA CATENIN SIGNALING,1.4443680380104356,0.0004997501249375312,8.529019329766146e-34,2000,2344935475782110961932506869776000,39,91
meta_analysis,SIPS,scaled,HALLMARK XENOBIOTIC METABOLISM,-0.4659547279175137,0.018490754622688656,8.529019329766146e-34,2000,2344935475782110961932506869776000,39,91
meta_analysis,SIPS,scaled,Lysosomal Genes,0.2454714278125163,0.19490254872563717,8.529019329766146e-34,2000,2344935475782110961932506869776000,39,91
meta_analysis,OIS,scaled,HALLMARK ADIPOGENESIS,0.522728174169349,0.0034982508745627187,3.490872709588532e-38,2000,57292263751311049962230333230948351800,48,91
meta_analysis,OIS,scaled,HALLMARK ALLOGRAFT REJECTION,1.6575621974620833,0.0004997501249375312,3.490872709588532e-38,2000,57292263751311049962230333230948351800,48,91
meta_analysis,OIS,scaled,HALLMARK ANDROGEN RESPONSE,-1.5569178322510073,0.0004997501249375312,3.490872709588532e-38,2000,57292263751311049962230333230948351800,48,91
meta_analysis,OIS,scaled,HALLMARK ANGIOGENESIS,1.5044977824482153,0.0004997501249375312,3.490872709588532e-38,2000,57292263751311049962230333230948351800,48,91
meta_analysis,OIS,scaled,HALLMARK APICAL JUNCTION,2.113270289813009,0.0004997501249375312,3.490872709588532e-38,2000,57292263751311049962230333230948351800,48,91
meta_analysis,OIS,scaled,HALLMARK APICAL SURFACE,0.2321773900117562,0.20389805097451275,3.490872709588532e-38,2000,57292263751311049962230333230948351800,48,91
meta_analysis,OIS,scaled,HALLMARK APOPTOSIS,0.6438992473599807,0.0009995002498750624,3.490872709588532e-38,2000,57292263751311049962230333230948351800,48,91
meta_analysis,OIS,scaled,HALLMARK BILE ACID METABOLISM,0.044225615472195244,0.8065967016491754,3.490872709588532e-38,2000,57292263751311049962230333230948351800,48,91
meta_analysis,OIS,scaled,HALLMARK CHOLESTEROL HOMEOSTASIS,0.5893473825339842,0.0014992503748125937,3.490872709588532e-38,2000,57292263751311049962230333230948351800,48,91
meta_analysis,OIS,scaled,HALLMARK COAGULATION,1.2791186334385134,0.0004997501249375312,3.490872709588532e-38,2000,57292263751311049962230333230948351800,48,91
meta_analysis,OIS,scaled,HALLMARK COMPLEMENT,1.8424309624110446,0.0004997501249375312,3.490872709588532e-38,2000,57292263751311049962230333230948351800,48,91
meta_analysis,OIS,scaled,HALLMARK DNA REPAIR,0.147197474331289,0.4332833583208396,3.490872709588532e-38,2000,57292263751311049962230333230948351800,48,91
meta_analysis,OIS,scaled,HALLMARK E2F TARGETS,1.2320856420914403,0.0004997501249375312,3.490872709588532e-38,2000,57292263751311049962230333230948351800,48,91
meta_analysis,OIS,scaled,HALLMARK EPITHELIAL MESENCHYMAL TRANSITION,1.82489332451614,0.0004997501249375312,3.490872709588532e-38,2000,57292263751311049962230333230948351800,48,91
meta_analysis,OIS,scaled,HALLMARK ESTROGEN RESPONSE EARLY,-0.3826667549535353,0.03548225887056472,3.490872709588532e-38,2000,57292263751311049962230333230948351800,48,91
meta_analysis,OIS,scaled,HALLMARK ESTROGEN RESPONSE LATE,-0.9493167347914673,0.0004997501249375312,3.490872709588532e-38,2000,57292263751311049962230333230948351800,48,91
meta_analysis,OIS,scaled,HALLMARK FATTY ACID METABOLISM,0.24251803392196605,0.17091454272863568,3.490872709588532e-38,2000,57292263751311049962230333230948351800,48,91
meta_analysis,OIS,scaled,HALLMARK G2M CHECKPOINT,1.1261713088475314,0.0004997501249375312,3.490872709588532e-38,2000,57292263751311049962230333230948351800,48,91
meta_analysis,OIS,scaled,HALLMARK GLYCOLYSIS,-1.083574285295722,0.0004997501249375312,3.490872709588532e-38,2000,57292263751311049962230333230948351800,48,91
meta_analysis,OIS,scaled,HALLMARK HEDGEHOG SIGNALING,0.1882471710716806,0.28585707146426786,3.490872709588532e-38,2000,57292263751311049962230333230948351800,48,91
meta_analysis,OIS,scaled,HALLMARK HEME METABOLISM,1.7166489505318128,0.0004997501249375312,3.490872709588532e-38,2000,57292263751311049962230333230948351800,48,91
meta_analysis,OIS,scaled,HALLMARK HYPOXIA,-0.1899216022205341,0.2893553223388306,3.490872709588532e-38,2000,57292263751311049962230333230948351800,48,91
meta_analysis,OIS,scaled,HALLMARK IL2 STAT5 SIGNALING,-0.6844516607758326,0.0004997501249375312,3.490872709588532e-38,2000,57292263751311049962230333230948351800,48,91
meta_analysis,OIS,scaled,HALLMARK IL6 JAK STAT3 SIGNALING,-1.8973994018177618,0.0004997501249375312,3.490872709588532e-38,2000,57292263751311049962230333230948351800,48,91
meta_analysis,OIS,scaled,HALLMARK INFLAMMATORY RESPONSE,1.3359239954105768,0.0004997501249375312,3.490872709588532e-38,2000,57292263751311049962230333230948351800,48,91
meta_analysis,OIS,scaled,HALLMARK INTERFERON ALPHA RESPONSE,-1.339266751619664,0.0004997501249375312,3.490872709588532e-38,2000,57292263751311049962230333230948351800,48,91
meta_analysis,OIS,scaled,HALLMARK INTERFERON GAMMA RESPONSE,1.7195404953002174,0.0004997501249375312,3.490872709588532e-38,2000,57292263751311049962230333230948351800,48,91
meta_analysis,OIS,scaled,HALLMARK KRAS SIGNALING DN,0.22747374175633986,0.20039980009995004,3.490872709588532e-38,2000,57292263751311049962230333230948351800,48,91
meta_analysis,OIS,scaled,HALLMARK KRAS SIGNALING UP,1.5517784284710237,0.0004997501249375312,3.490872709588532e-38,2000,57292263751311049962230333230948351800,48,91
meta_analysis,OIS,scaled,HALLMARK MITOTIC SPINDLE,1.498425638360054,0.0004997501249375312,3.490872709588532e-38,2000,57292263751311049962230333230948351800,48,91
meta_analysis,OIS,scaled,HALLMARK MTORC1 SIGNALING,0.49097056887599877,0.005497251374312844,3.490872709588532e-38,2000,57292263751311049962230333230948351800,48,91
meta_analysis,OIS,scaled,HALLMARK MYC TARGETS,-2.4932511820078957,0.0004997501249375312,3.490872709588532e-38,2000,57292263751311049962230333230948351800,48,91
meta_analysis,OIS,scaled,HALLMARK MYOGENESIS,1.549683641119304,0.0004997501249375312,3.490872709588532e-38,2000,57292263751311049962230333230948351800,48,91
meta_analysis,OIS,scaled,HALLMARK NOTCH SIGNALING,-2.4103368191037213,0.0004997501249375312,3.490872709588532e-38,2000,57292263751311049962230333230948351800,48,91
meta_analysis,OIS,scaled,HALLMARK OXIDATIVE PHOSPHORYLATION,-0.49629363277190197,0.004497751124437781,3.490872709588532e-38,2000,57292263751311049962230333230948351800,48,91
meta_analysis,OIS,scaled,HALLMARK P53 PATHWAY,0.2128173992732118,0.24037981009495252,3.490872709588532e-38,2000,57292263751311049962230333230948351800,48,91
meta_analysis,OIS,scaled,HALLMARK PANCREAS BETA CELLS,0.5548683362168322,0.0024987506246876563,3.490872709588532e-38,2000,57292263751311049962230333230948351800,48,91
meta_analysis,OIS,scaled,HALLMARK PEROXISOME,-0.08259600718136176,0.6426786606696652,3.490872709588532e-38,2000,57292263751311049962230333230948351800,48,91
meta_analysis,OIS,scaled,HALLMARK PI3K AKT MTOR SIGNALING,1.1961217775715896,0.0004997501249375312,3.490872709588532e-38,2000,57292263751311049962230333230948351800,48,91
meta_analysis,OIS,scaled,HALLMARK PROTEIN SECRETION,0.4089996223488178,0.021989005497251374,3.490872709588532e-38,2000,57292263751311049962230333230948351800,48,91
meta_analysis,OIS,scaled,HALLMARK REACTIVE OXYGEN SPECIES PATHWAY,-0.18158172605432982,0.3023488255872064,3.490872709588532e-38,2000,57292263751311049962230333230948351800,48,91
meta_analysis,OIS,scaled,HALLMARK SPERMATOGENESIS,0.13183307367295985,0.4567716141929036,3.490872709588532e-38,2000,57292263751311049962230333230948351800,48,91
meta_analysis,OIS,scaled,HALLMARK TGF BETA SIGNALING,0.34709127953694563,0.0544727636181909,3.490872709588532e-38,2000,57292263751311049962230333230948351800,48,91
meta_analysis,OIS,scaled,HALLMARK TNFA SIGNALING VIA NFKB,1.4551243075381948,0.0004997501249375312,3.490872709588532e-38,2000,57292263751311049962230333230948351800,48,91
meta_analysis,OIS,scaled,HALLMARK UNFOLDED PROTEIN RESPONSE,-0.419947965022059,0.02448775612193903,3.490872709588532e-38,2000,57292263751311049962230333230948351800,48,91
meta_analysis,OIS,scaled,HALLMARK UV RESPONSE DN,0.09029330405005617,0.6211894052973513,3.490872709588532e-38,2000,57292263751311049962230333230948351800,48,91
meta_analysis,OIS,scaled,HALLMARK UV RESPONSE UP,1.2923067930509955,0.0004997501249375312,3.490872709588532e-38,2000,57292263751311049962230333230948351800,48,91
meta_analysis,OIS,scaled,HALLMARK WNT BETA CATENIN SIGNALING,-0.4004869093434486,0.027486256871564217,3.490872709588532e-38,2000,57292263751311049962230333230948351800,48,91
meta_analysis,OIS,scaled,HALLMARK XENOBIOTIC METABOLISM,2.2047562784862507,0.0004997501249375312,3.490872709588532e-38,2000,57292263751311049962230333230948351800,48,91
meta_analysis,OIS,scaled,Lysosomal Genes,1.4981352043311724,0.0004997501249375312,3.490872709588532e-38,2000,57292263751311049962230333230948351800,48,91
temporal_pooled,Fibroblast,scaled,HALLMARK ADIPOGENESIS,1.5318248034979354,0.005997001499250375,1.4859282593836369e-05,2000,134596,18,6
temporal_pooled,Fibroblast,scaled,HALLMARK ALLOGRAFT REJECTION,3.3382419843842315,0.0004997501249375312,1.4859282593836369e-05,2000,134596,18,6
temporal_pooled,Fibroblast,scaled,HALLMARK ANDROGEN RESPONSE,-9.057887716769427,0.0004997501249375312,1.4859282593836369e-05,2000,134596,18,6
temporal_pooled,Fibroblast,scaled,HALLMARK ANGIOGENESIS,0.9258760257389786,0.06496751624187906,1.4859282593836369e-05,2000,134596,18,6
temporal_pooled,Fibroblast,scaled,HALLMARK APICAL JUNCTION,4.319987129976923,0.0004997501249375312,1.4859282593836369e-05,2000,134596,18,6
temporal_pooled,Fibroblast,scaled,HALLMARK APICAL SURFACE,-1.6328943625790275,0.0029985007496251873,1.4859282593836369e-05,2000,134596,18,6
temporal_pooled,Fibroblast,scaled,HALLMARK APOPTOSIS,2.903688422804897,0.0004997501249375312,1.4859282593836369e-05,2000,134596,18,6
temporal_pooled,Fibroblast,scaled,HALLMARK BILE ACID METABOLISM,1.2350146424038464,0.01249375312343828,1.4859282593836369e-05,2000,134596,18,6
temporal_pooled,Fibroblast,scaled,HALLMARK CHOLESTEROL HOMEOSTASIS,-1.0378790953841577,0.04047976011994003,1.4859282593836369e-05,2000,134596,18,6
temporal_pooled,Fibroblast,scaled,HALLMARK COAGULATION,2.7186195429019215,0.0004997501249375312,1.4859282593836369e-05,2000,134596,18,6
temporal_pooled,Fibroblast,scaled,HALLMARK COMPLEMENT,2.0288313141585266,0.0009995002498750624,1.4859282593836369e-05,2000,134596,18,6
temporal_pooled,Fibroblast,scaled,HALLMARK DNA REPAIR,2.4122152160994923,0.0004997501249375312,1.4859282593836369e-05,2000,134596,18,6
temporal_pooled,Fibroblast,scaled,HALLMARK E2F TARGETS,5.275621702058782,0.0004997501249375312,1.4859282593836369e-05,2000,134596,18,6
temporal_pooled,Fibroblast,scaled,HALLMARK EPITHELIAL MESENCHYMAL TRANSITION,-2.6062277732175194,0.0004997501249375312,1.4859282593836369e-05,2000,134596,18,6
temporal_pooled,Fibroblast,scaled,HALLMARK ESTROGEN RESPONSE EARLY,-1.7443748093246834,0.001999000499750125,1.4859282593836369e-05,2000,134596,18,6
temporal_pooled,Fibroblast,scaled,HALLMARK ESTROGEN RESPONSE LATE,-3.343540237127129,0.0004997501249375312,1.4859282593836369e-05,2000,134596,18,6
temporal_pooled,Fibroblast,scaled,HALLMARK FATTY ACID METABOLISM,0.8191126040518009,0.10994502748625687,1.4859282593836369e-05,2000,134596,18,6
temporal_pooled,Fibroblast,scaled,HALLMARK G2M CHECKPOINT,5.678624775728144,0.0004997501249375312,1.4859282593836369e-05,2000,134596,18,6
temporal_pooled,Fibroblast,scaled,HALLMARK GLYCOLYSIS,-0.13097992300302577,0.7801099450274862,1.4859282593836369e-05,2000,134596,18,6
temporal_pooled,Fibroblast,scaled,HALLMARK HEDGEHOG SIGNALING,-4.124287741892635,0.0004997501249375312,1.4859282593836369e-05,2000,134596,18,6
temporal_pooled,Fibroblast,scaled,HALLMARK HEME METABOLISM,6.198834583948594,0.0004997501249375312,1.4859282593836369e-05,2000,134596,18,6
temporal_pooled,Fibroblast,scaled,HALLMARK HYPOXIA,2.081393972577628,0.0004997501249375312,1.4859282593836369e-05,2000,134596,18,6
temporal_pooled,Fibroblast,scaled,HALLMARK IL2 STAT5 SIGNALING,-0.12773496194465495,0.8000999500249875,1.4859282593836369e-05,2000,134596,18,6
temporal_pooled,Fibroblast,scaled,HALLMARK IL6 JAK STAT3 SIGNALING,-2.4457370289323217,0.0004997501249375312,1.4859282593836369e-05,2000,134596,18,6
temporal_pooled,Fibroblast,scaled,HALLMARK INFLAMMATORY RESPONSE,8.52879426708367,0.0004997501249375312,1.4859282593836369e-05,2000,134596,18,6
temporal_pooled,Fibroblast,scaled,HALLMARK INTERFERON ALPHA RESPONSE,-1.0698853460072022,0.028985507246376812,1.4859282593836369e-05,2000,134596,18,6
temporal_pooled,Fibroblast,scaled,HALLMARK INTERFERON GAMMA RESPONSE,5.350703584086597,0.0004997501249375312,1.4859282593836369e-05,2000,134596,18,6
temporal_pooled,Fibroblast,scaled,HALLMARK KRAS SIGNALING DN,-0.19413297665712026,0.6836581709145427,1.4859282593836369e-05,2000,134596,18,6
temporal_pooled,Fibroblast,scaled,HALLMARK KRAS SIGNALING UP,3.0090103527321843,0.0004997501249375312,1.4859282593836369e-05,2000,134596,18,6
temporal_pooled,Fibroblast,scaled,HALLMARK MITOTIC SPINDLE,9.674377944696959,0.0004997501249375312,1.4859282593836369e-05,2000,134596,18,6
temporal_pooled,Fibroblast,scaled,HALLMARK MTORC1 SIGNALING,2.4709648305483642,0.0004997501249375312,1.4859282593836369e-05,2000,134596,18,6
temporal_pooled,Fibroblast,scaled,HALLMARK MYC TARGETS,-3.0756487853688292,0.0004997501249375312,1.4859282593836369e-05,2000,134596,18,6
temporal_pooled,Fibroblast,scaled,HALLMARK MYOGENESIS,3.7804339369004363,0.0004997501249375312,1.4859282593836369e-05,2000,134596,18,6
temporal_pooled,Fibroblast,scaled,HALLMARK NOTCH SIGNALING,-1.9019565660815818,0.0014992503748125937,1.4859282593836369e-05,2000,134596,18,6
temporal_pooled,Fibroblast,scaled,HALLMARK OXIDATIVE PHOSPHORYLATION,-1.963428702764556,0.0009995002498750624,1.4859282593836369e-05,2000,134596,18,6
temporal_pooled,Fibroblast,scaled,HALLMARK P53 PATHWAY,4.378318528171979,0.0004997501249375312,1.4859282593836369e-05,2000,134596,18,6
temporal_pooled,Fibroblast,scaled,HALLMARK PANCREAS BETA CELLS,0.43509464022451166,0.3748125937031484,1.4859282593836369e-05,2000,134596,18,6
temporal_pooled,Fibroblast,scaled,HALLMARK PEROXISOME,1.330873895937455,0.013493253373313344,1.4859282593836369e-05,2000,134596,18,6
temporal_pooled,Fibroblast,scaled,HALLMARK PI3K AKT MTOR SIGNALING,3.6217954017797784,0.0004997501249375312,1.4859282593836369e-05,2000,134596,18,6
temporal_pooled,Fibroblast,scaled,HALLMARK PROTEIN SECRETION,4.826598109097575,0.0004997501249375312,1.4859282593836369e-05,2000,134596,18,6
temporal_pooled,Fibroblast,scaled,HALLMARK REACTIVE OXYGEN SPECIES PATHWAY,-1.71058923133157,0.0014992503748125937,1.4859282593836369e-05,2000,134596,18,6
temporal_pooled,Fibroblast,scaled,HALLMARK SPERMATOGENESIS,1.042487079157172,0.04297851074462768,1.4859282593836369e-05,2000,134596,18,6
temporal_pooled,Fibroblast,scaled,HALLMARK TGF BETA SIGNALING,-1.4079521460094286,0.010994502748625687,1.4859282593836369e-05,2000,134596,18,6
temporal_pooled,Fibroblast,scaled,HALLMARK TNFA SIGNALING VIA NFKB,1.1903471021130148,0.02148925537231384,1.4859282593836369e-05,2000,134596,18,6
temporal_pooled,Fibroblast,scaled,HALLMARK UNFOLDED PROTEIN RESPONSE,7.414042136394268,0.0004997501249375312,1.4859282593836369e-05,2000,134596,18,6
temporal_pooled,Fibroblast,scaled,HALLMARK UV RESPONSE DN,-2.3196390724489975,0.0004997501249375312,1.4859282593836369e-05,2000,134596,18,6
temporal_pooled,Fibroblast,scaled,HALLMARK UV RESPONSE UP,2.9493421890566967,0.0004997501249375312,1.4859282593836369e-05,2000,134596,18,6
temporal_pooled,Fibroblast,scaled,HALLMARK WNT BETA CATENIN SIGNALING,2.9607544341617187,0.0004997501249375312,1.4859282593836369e-05,2000,134596,18,6
temporal_pooled,Fibroblast,scaled,HALLMARK XENOBIOTIC METABOLISM,0.4579339542717692,0.344327836081959,1.4859282593836369e-05,2000,134596,18,6
temporal_pooled,Fibroblast,scaled,Lysosomal Genes,0.5336215161909874,0.28385807096451776,1.4859282593836369e-05,2000,134596,18,6
temporal_pooled,Keratinocyte,scaled,HALLMARK ADIPOGENESIS,3.4509189593809624,0.0004997501249375312,1.4859282593836369e-05,2000,134596,18,6
temporal_pooled,Keratinocyte,scaled,HALLMARK ALLOGRAFT REJECTION,0.777728926534828,0.12743628185907047,1.4859282593836369e-05,2000,134596,18,6
temporal_pooled,Keratinocyte,scaled,HALLMARK ANDROGEN RESPONSE,0.5779055252525459,0.2368815592203898,1.4859282593836369e-05,2000,134596,18,6
temporal_pooled,Keratinocyte,scaled,HALLMARK ANGIOGENESIS,1.0535819887801068,0.03698150924537731,1.4859282593836369e-05,2000,134596,18,6
temporal_pooled,Keratinocyte,scaled,HALLMARK APICAL JUNCTION,1.9240952659020665,0.0004997501249375312,1.4859282593836369e-05,2000,134596,18,6
temporal_pooled,Keratinocyte,scaled,HALLMARK APICAL SURFACE,-1.8508264174174327,0.0024987506246876563,1.4859282593836369e-05,2000,134596,18,6
temporal_pooled,Keratinocyte,scaled,HALLMARK APOPTOSIS,0.18003881322116774,0.711144427786107,1.4859282593836369e-05,2000,134596,18,6
temporal_pooled,Keratinocyte,scaled,HALLMARK BILE ACID METABOLISM,1.1151508976014366,0.028985507246376812,1.4859282593836369e-05,2000,134596,18,6
temporal_pooled,Keratinocyte,scaled,HALLMARK CHOLESTEROL HOMEOSTASIS,2.5765528815184777,0.0004997501249375312,1.4859282593836369e-05,2000,134596,18,6
temporal_pooled,Keratinocyte,scaled,HALLMARK COAGULATION,0.9373603095041417,0.06896551724137931,1.4859282593836369e-05,2000,134596,18,6
temporal_pooled,Keratinocyte,scaled,HALLMARK COMPLEMENT,1.9076573317017178,0.0009995002498750624,1.4859282593836369e-05,2000,134596,18,6
temporal_pooled,Keratinocyte,scaled,HALLMARK DNA REPAIR,-0.3008757748858267,0.5392303848075962,1.4859282593836369e-05,2000,134596,18,6
temporal_pooled,Keratinocyte,scaled,HALLMARK E2F TARGETS,4.184878116409711,0.0004997501249375312,1.4859282593836369e-05,2000,134596,18,6
temporal_pooled,Keratinocyte,scaled,HALLMARK EPITHELIAL MESENCHYMAL TRANSITION,1.0789017756290145,0.035982008995502246,1.4859282593836369e-05,2000,134596,18,6
temporal_pooled,Keratinocyte,scaled,HALLMARK ESTROGEN RESPONSE EARLY,-0.9891799690552484,0.04897551224387806,1.4859282593836369e-05,2000,134596,18,6
temporal_pooled,Keratinocyte,scaled,HALLMARK ESTROGEN RESPONSE LATE,-1.2432444863229097,0.013993003498250875,1.4859282593836369e-05,2000,134596,18,6
temporal_pooled,Keratinocyte,scaled,HALLMARK FATTY ACID METABOLISM,1.2317367056213873,0.013493253373313344,1.4859282593836369e-05,2000,134596,18,6
temporal_pooled,Keratinocyte,scaled,HALLMARK G2M CHECKPOINT,3.9057717094300832,0.0004997501249375312,1.4859282593836369e-05,2000,134596,18,6
temporal_pooled,Keratinocyte,scaled,HALLMARK GLYCOLYSIS,0.18935392804265327,0.7031484257871065,1.4859282593836369e-05,2000,134596,18,6
temporal_pooled,Keratinocyte,scaled,HALLMARK HEDGEHOG SIGNALING,-1.0637286449688084,0.037481259370314844,1.4859282593836369e-05,2000,134596,18,6
temporal_pooled,Keratinocyte,scaled,HALLMARK HEME METABOLISM,2.5677796469032144,0.0004997501249375312,1.4859282593836369e-05,2000,134596,18,6
temporal_pooled,Keratinocyte,scaled,HALLMARK HYPOXIA,0.39602473026148166,0.4112943528235882,1.4859282593836369e-05,2000,134596,18,6
temporal_pooled,Keratinocyte,scaled,HALLMARK IL2 STAT5 SIGNALING,0.36975992050397943,0.4362818590704648,1.4859282593836369e-05,2000,134596,18,6
temporal_pooled,Keratinocyte,scaled,HALLMARK IL6 JAK STAT3 SIGNALING,-1.2336831961912365,0.017491254372813594,1.4859282593836369e-05,2000,134596,18,6
temporal_pooled,Keratinocyte,scaled,HALLMARK INFLAMMATORY RESPONSE,1.7141057430430493,0.0004997501249375312,1.4859282593836369e-05,2000,134596,18,6
temporal_pooled,Keratinocyte,scaled,HALLMARK INTERFERON ALPHA RESPONSE,0.17962631681456778,0.697151424287856,1.4859282593836369e-05,2000,134596,18,6
temporal_pooled,Keratinocyte,scaled,HALLMARK INTERFERON GAMMA RESPONSE,0.9036147436762946,0.07646176911544228,1.4859282593836369e-05,2000,134596,18,6
temporal_pooled,Keratinocyte,scaled,HALLMARK KRAS SIGNALING DN,-0.08651555904398035,0.8570714642678661,1.4859282593836369e-05,2000,134596,18,6
temporal_pooled,Keratinocyte,scaled,HALLMARK KRAS SIGNALING UP,1.1599918856253522,0.021989005497251374,1.4859282593836369e-05,2000,134596,18,6
temporal_pooled,Keratinocyte,scaled,HALLMARK MITOTIC SPINDLE,2.77347474076282,0.0004997501249375312,1.4859282593836369e-05,2000,134596,18,6
temporal_pooled,Keratinocyte,scaled,HALLMARK MTORC1 SIGNALING,2.4497125562612436,0.0004997501249375312,1.4859282593836369e-05,2000,134596,18,6
temporal_pooled,Keratinocyte,scaled,HALLMARK MYC TARGETS,-1.0913567050760091,0.025987006496751622,1.4859282593836369e-05,2000,134596,18,6
temporal_pooled,Keratinocyte,scaled,HALLMARK MYOGENESIS,2.3020644958668632,0.0004997501249375312,1.4859282593836369e-05,2000,134596,18,6
temporal_pooled,Keratinocyte,scaled,HALLMARK NOTCH SIGNALING,-0.01174082754366101,0.9810094952523738,1.4859282593836369e-05,2000,134596,18,6
temporal_pooled,Keratinocyte,scaled,HALLMARK OXIDATIVE PHOSPHORYLATION,-2.116130793109341,0.0004997501249375312,1.4859282593836369e-05,2000,134596,18,6
temporal_pooled,Keratinocyte,scaled,HALLMARK P53 PATHWAY,4.027391177112813,0.0004997501249375312,1.4859282593836369e-05,2000,134596,18,6
temporal_pooled,Keratinocyte,scaled,HALLMARK PANCREAS BETA CELLS,-0.07013870198829655,0.8790604697651174,1.4859282593836369e-05,2000,134596,18,6
temporal_pooled,Keratinocyte,scaled,HALLMARK PEROXISOME,1.4198078180422398,0.009995002498750625,1.4859282593836369e-05,2000,134596,18,6
temporal_pooled,Keratinocyte,scaled,HALLMARK PI3K AKT MTOR SIGNALING,2.3362265649332827,0.0004997501249375312,1.4859282593836369e-05,2000,134596,18,6
temporal_pooled,Keratinocyte,scaled,HALLMARK PROTEIN SECRETION,1.0528975539694811,0.041979010494752625,1.4859282593836369e-05,2000,134596,18,6
temporal_pooled,Keratinocyte,scaled,HALLMARK REACTIVE OXYGEN SPECIES PATHWAY,-0.43625327010556886,0.3548225887056472,1.4859282593836369e-05,2000,134596,18,6
temporal_pooled,Keratinocyte,scaled,HALLMARK SPERMATOGENESIS,1.6835947422251776,0.0034982508745627187,1.4859282593836369e-05,2000,134596,18,6
temporal_pooled,Keratinocyte,scaled,HALLMARK TGF BETA SIGNALING,-0.4990682757890685,0.3003498250874563,1.4859282593836369e-05,2000,134596,18,6
temporal_pooled,Keratinocyte,scaled,HALLMARK TNFA SIGNALING VIA NFKB,0.5878794586643316,0.22788605697151423,1.4859282593836369e-05,2000,134596,18,6
temporal_pooled,Keratinocyte,scaled,HALLMARK UNFOLDED PROTEIN RESPONSE,0.18566041232646896,0.6861569215392304,1.4859282593836369e-05,2000,134596,18,6
temporal_pooled,Keratinocyte,scaled,HALLMARK UV RESPONSE DN,-0.030697337933783323,0.9515242378810594,1.4859282593836369e-05,2000,134596,18,6
temporal_pooled,Keratinocyte,scaled,HALLMARK UV RESPONSE UP,1.215548081987167,0.01899050474762619,1.4859282593836369e-05,2000,134596,18,6
temporal_pooled,Keratinocyte,scaled,HALLMARK WNT BETA CATENIN SIGNALING,-0.6864882109832098,0.15142428785607195,1.4859282593836369e-05,2000,134596,18,6
temporal_pooled,Keratinocyte,scaled,HALLMARK XENOBIOTIC METABOLISM,0.04598514505026584,0.928535732133933,1.4859282593836369e-05,2000,134596,18,6
temporal_pooled,Keratinocyte,scaled,Lysosomal Genes,-0.3819819822233839,0.42828585707146427,1.4859282593836369e-05,2000,134596,18,6
temporal_pooled,Melanocyte,scaled,HALLMARK ADIPOGENESIS,-4.199250858723712,0.0004997501249375312,1.4859282593836369e-05,2000,134596,18,6
temporal_pooled,Melanocyte,scaled,HALLMARK ALLOGRAFT REJECTION,0.16901815542030826,0.712143928035982,1.4859282593836369e-05,2000,134596,18,6
temporal_pooled,Melanocyte,scaled,HALLMARK ANDROGEN RESPONSE,-0.5163303076419975,0.2748625687156422,1.4859282593836369e-05,2000,134596,18,6
temporal_pooled,Melanocyte,scaled,HALLMARK ANGIOGENESIS,-1.3046692955358912,0.004497751124437781,1.4859282593836369e-05,2000,134596,18,6
temporal_pooled,Melanocyte,scaled,HALLMARK APICAL JUNCTION,-1.4917141144309745,0.004997501249375313,1.4859282593836369e-05,2000,134596,18,6
temporal_pooled,Melanocyte,scaled,HALLMARK APICAL SURFACE,-2.589587032548753,0.0004997501249375312,1.4859282593836369e-05,2000,134596,18,6
temporal_pooled,Melanocyte,scaled,HALLMARK APOPTOSIS,4.250305742053957,0.0004997501249375312,1.4859282593836369e-05,2000,134596,18,6
temporal_pooled,Melanocyte,scaled,HALLMARK BILE ACID METABOLISM,-1.6474307622890423,0.0034982508745627187,1.4859282593836369e-05,2000,134596,18,6
temporal_pooled,Melanocyte,scaled,HALLMARK CHOLESTEROL HOMEOSTASIS,-0.7177991270237173,0.13993003498250875,1.4859282593836369e-05,2000,134596,18,6
temporal_pooled,Melanocyte,scaled,HALLMARK COAGULATION,0.6183586840677094,0.2028985507246377,1.4859282593836369e-05,2000,134596,18,6
temporal_pooled,Melanocyte,scaled,HALLMARK COMPLEMENT,2.643400527266182,0.0004997501249375312,1.4859282593836369e-05,2000,134596,18,6
temporal_pooled,Melanocyte,scaled,HALLMARK DNA REPAIR,1.105402347742289,0.02048975512243878,1.4859282593836369e-05,2000,134596,18,6
temporal_pooled,Melanocyte,scaled,HALLMARK E2F TARGETS,4.732873681813801,0.0004997501249375312,1.4859282593836369e-05,2000,134596,18,6
temporal_pooled,Melanocyte,scaled,HALLMARK EPITHELIAL MESENCHYMAL TRANSITION,-1.2230872164157793,0.0079960019990005,1.4859282593836369e-05,2000,134596,18,6
temporal_pooled,Melanocyte,scaled,HALLMARK ESTROGEN RESPONSE EARLY,3.4257688063786875,0.0004997501249375312,1.4859282593836369e-05,2000,134596,18,6
temporal_pooled,Melanocyte,scaled,HALLMARK ESTROGEN RESPONSE LATE,2.219849685913527,0.0004997501249375312,1.4859282593836369e-05,2000,134596,18,6
temporal_pooled,Melanocyte,scaled,HALLMARK FATTY ACID METABOLISM,-1.0276940284398957,0.028985507246376812,1.4859282593836369e-05,2000,134596,18,6
temporal_pooled,Melanocyte,scaled,HALLMARK G2M CHECKPOINT,-0.6592205470998965,0.15792103948025987,1.4859282593836369e-05,2000,134596,18,6
temporal_pooled,Melanocyte,scaled,HALLMARK GLYCOLYSIS,-1.5544358408804364,0.00399800099950025,1.4859282593836369e-05,2000,134596,18,6
temporal_pooled,Melanocyte,scaled,HALLMARK HEDGEHOG SIGNALING,-1.4654099644438203,0.006496751624187906,1.4859282593836369e-05,2000,134596,18,6
temporal_pooled,Melanocyte,scaled,HALLMARK HEME METABOLISM,-0.6542213245940556,0.18140929535232383,1.4859282593836369e-05,2000,134596,18,6
temporal_pooled,Melanocyte,scaled,HALLMARK HYPOXIA,5.076102939565158,0.0004997501249375312,1.4859282593836369e-05,2000,134596,18,6
temporal_pooled,Melanocyte,scaled,HALLMARK IL2 STAT5 SIGNALING,1.191219218438452,0.013993003498250875,1.4859282593836369e-05,2000,134596,18,6
temporal_pooled,Melanocyte,scaled,HALLMARK IL6 JAK STAT3 SIGNALING,-0.6481370379575679,0.18140929535232383,1.4859282593836369e-05,2000,134596,18,6
temporal_pooled,Melanocyte,scaled,HALLMARK INFLAMMATORY RESPONSE,5.946463945741083,0.0004997501249375312,1.4859282593836369e-05,2000,134596,18,6
temporal_pooled,Melanocyte,scaled,HALLMARK INTERFERON ALPHA RESPONSE,-10.35984653515322,0.0004997501249375312,1.4859282593836369e-05,2000,134596,18,6
temporal_pooled,Melanocyte,scaled,HALLMARK INTERFERON GAMMA RESPONSE,-1.9546907296060987,0.0004997501249375312,1.4859282593836369e-05,2000,134596,18,6
temporal_pooled,Melanocyte,scaled,HALLMARK KRAS SIGNALING DN,3.818277115517029,0.0004997501249375312,1.4859282593836369e-05,2000,134596,18,6
temporal_pooled,Melanocyte,scaled,HALLMARK KRAS SIGNALING UP,0.6373076321676565,0.19740129935032483,1.4859282593836369e-05,2000,134596,18,6
temporal_pooled,Melanocyte,scaled,HALLMARK MITOTIC SPINDLE,-0.3747395399659286,0.43278360819590206,1.4859282593836369e-05,2000,134596,18,6
temporal_pooled,Melanocyte,scaled,HALLMARK MTORC1 SIGNALING,9.02138833820513,0.0004997501249375312,1.4859282593836369e-05,2000,134596,18,6
temporal_pooled,Melanocyte,scaled,HALLMARK MYC TARGETS,3.433323623921687,0.0004997501249375312,1.4859282593836369e-05,2000,134596,18,6
temporal_pooled,Melanocyte,scaled,HALLMARK MYOGENESIS,-0.800397397646828,0.09745127436281859,1.4859282593836369e-05,2000,134596,18,6
temporal_pooled,Melanocyte,scaled,HALLMARK NOTCH SIGNALING,-0.3948441982351472,0.4027986006996502,1.4859282593836369e-05,2000,134596,18,6
temporal_pooled,Melanocyte,scaled,HALLMARK OXIDATIVE PHOSPHORYLATION,-1.5579749559148965,0.00399800099950025,1.4859282593836369e-05,2000,134596,18,6
temporal_pooled,Melanocyte,scaled,HALLMARK P53 PATHWAY,7.077361501757685,0.0004997501249375312,1.4859282593836369e-05,2000,134596,18,6
temporal_pooled,Melanocyte,scaled,HALLMARK PANCREAS BETA CELLS,-1.7187544656134575,0.0029985007496251873,1.4859282593836369e-05,2000,134596,18,6
temporal_pooled,Melanocyte,scaled,HALLMARK PEROXISOME,-1.2423873323553933,0.013493253373313344,1.4859282593836369e-05,2000,134596,18,6
temporal_pooled,Melanocyte,scaled,HALLMARK PI3K AKT MTOR SIGNALING,8.131437901888894,0.0004997501249375312,1.4859282593836369e-05,2000,134596,18,6
temporal_pooled,Melanocyte,scaled,HALLMARK PROTEIN SECRETION,-0.24518606548391506,0.6056971514242878,1.4859282593836369e-05,2000,134596,18,6
temporal_pooled,Melanocyte,scaled,HALLMARK REACTIVE OXYGEN SPECIES PATHWAY,0.5432237663284166,0.2813593203398301,1.4859282593836369e-05,2000,134596,18,6
temporal_pooled,Melanocyte,scaled,HALLMARK SPERMATOGENESIS,-0.8546908365974373,0.07796101949025487,1.4859282593836369e-05,2000,134596,18,6
temporal_pooled,Melanocyte,scaled,HALLMARK TGF BETA SIGNALING,2.0407352667085097,0.0004997501249375312,1.4859282593836369e-05,2000,134596,18,6
temporal_pooled,Melanocyte,scaled,HALLMARK TNFA SIGNALING VIA NFKB,3.3729038071079196,0.0004997501249375312,1.4859282593836369e-05,2000,134596,18,6
temporal_pooled,Melanocyte,scaled,HALLMARK UNFOLDED PROTEIN RESPONSE,3.54026841535357,0.0004997501249375312,1.4859282593836369e-05,2000,134596,18,6
temporal_pooled,Melanocyte,scaled,HALLMARK UV RESPONSE DN,-0.4149751595794785,0.3933033483258371,1.4859282593836369e-05,2000,134596,18,6
temporal_pooled,Melanocyte,scaled,HALLMARK UV RESPONSE UP,4.91758585800655,0.0004997501249375312,1.4859282593836369e-05,2000,134596,18,6
temporal_pooled,Melanocyte,scaled,HALLMARK WNT BETA CATENIN SIGNALING,0.13502987245161516,0.7831084457771115,1.4859282593836369e-05,2000,134596,18,6
temporal_pooled,Melanocyte,scaled,HALLMARK XENOBIOTIC METABOLISM,3.17407072365991,0.0004997501249375312,1.4859282593836369e-05,2000,134596,18,6
temporal_pooled,Melanocyte,scaled,Lysosomal Genes,0.38816482990499823,0.391304347826087,1.4859282593836369e-05,2000,134596,18,6
temporal_bytimepoint,Fibroblast_4_days,scaled,HALLMARK ADIPOGENESIS,1.491091431662426,0.03567567567567568,0.0021645021645021645,924,924,6,6
temporal_bytimepoint,Fibroblast_4_days,scaled,HALLMARK ALLOGRAFT REJECTION,4.652395205497013,0.003243243243243243,0.0021645021645021645,924,924,6,6
temporal_bytimepoint,Fibroblast_4_days,scaled,HALLMARK ANDROGEN RESPONSE,-9.571657041352754,0.003243243243243243,0.0021645021645021645,924,924,6,6
temporal_bytimepoint,Fibroblast_4_days,scaled,HALLMARK ANGIOGENESIS,-0.7193143651619973,0.21621621621621623,0.0021645021645021645,924,924,6,6
temporal_bytimepoint,Fibroblast_4_days,scaled,HALLMARK APICAL JUNCTION,11.092482089897457,0.003243243243243243,0.0021645021645021645,924,924,6,6
temporal_bytimepoint,Fibroblast_4_days,scaled,HALLMARK APICAL SURFACE,-3.396743612144886,0.003243243243243243,0.0021645021645021645,924,924,6,6
temporal_bytimepoint,Fibroblast_4_days,scaled,HALLMARK APOPTOSIS,1.5820186182847884,0.025945945945945945,0.0021645021645021645,924,924,6,6
temporal_bytimepoint,Fibroblast_4_days,scaled,HALLMARK BILE ACID METABOLISM,1.5898678262920296,0.025945945945945945,0.0021645021645021645,924,924,6,6
temporal_bytimepoint,Fibroblast_4_days,scaled,HALLMARK CHOLESTEROL HOMEOSTASIS,-1.5253105942643508,0.03135135135135135,0.0021645021645021645,924,924,6,6
temporal_bytimepoint,Fibroblast_4_days,scaled,HALLMARK COAGULATION,7.5656330281216455,0.003243243243243243,0.0021645021645021645,924,924,6,6
temporal_bytimepoint,Fibroblast_4_days,scaled,HALLMARK COMPLEMENT,1.7722749545822696,0.018378378378378378,0.0021645021645021645,924,924,6,6
temporal_bytimepoint,Fibroblast_4_days,scaled,HALLMARK DNA REPAIR,1.714414920480878,0.014054054054054054,0.0021645021645021645,924,924,6,6
temporal_bytimepoint,Fibroblast_4_days,scaled,HALLMARK E2F TARGETS,12.302281568771896,0.003243243243243243,0.0021645021645021645,924,924,6,6
temporal_bytimepoint,Fibroblast_4_days,scaled,HALLMARK EPITHELIAL MESENCHYMAL TRANSITION,-3.192016177493114,0.003243243243243243,0.0021645021645021645,924,924,6,6
temporal_bytimepoint,Fibroblast_4_days,scaled,HALLMARK ESTROGEN RESPONSE EARLY,-1.792340573181162,0.012972972972972972,0.0021645021645021645,924,924,6,6
temporal_bytimepoint,Fibroblast_4_days,scaled,HALLMARK ESTROGEN RESPONSE LATE,-12.068392654298087,0.003243243243243243,0.0021645021645021645,924,924,6,6
temporal_bytimepoint,Fibroblast_4_days,scaled,HALLMARK FATTY ACID METABOLISM,-1.6527877488985312,0.02054054054054054,0.0021645021645021645,924,924,6,6
temporal_bytimepoint,Fibroblast_4_days,scaled,HALLMARK G2M CHECKPOINT,20.424428626191986,0.003243243243243243,0.0021645021645021645,924,924,6,6
temporal_bytimepoint,Fibroblast_4_days,scaled,HALLMARK GLYCOLYSIS,-0.9660650587608098,0.09297297297297297,0.0021645021645021645,924,924,6,6
temporal_bytimepoint,Fibroblast_4_days,scaled,HALLMARK HEDGEHOG SIGNALING,-3.073713364675119,0.003243243243243243,0.0021645021645021645,924,924,6,6
temporal_bytimepoint,Fibroblast_4_days,scaled,HALLMARK HEME METABOLISM,9.21603719430365,0.003243243243243243,0.0021645021645021645,924,924,6,6
temporal_bytimepoint,Fibroblast_4_days,scaled,HALLMARK HYPOXIA,8.457004416339212,0.003243243243243243,0.0021645021645021645,924,924,6,6
temporal_bytimepoint,Fibroblast_4_days,scaled,HALLMARK IL2 STAT5 SIGNALING,2.2407232027490216,0.010810810810810811,0.0021645021645021645,924,924,6,6
temporal_bytimepoint,Fibroblast_4_days,scaled,HALLMARK IL6 JAK STAT3 SIGNALING,-3.5006523449261047,0.003243243243243243,0.0021645021645021645,924,924,6,6
temporal_bytimepoint,Fibroblast_4_days,scaled,HALLMARK INFLAMMATORY RESPONSE,12.335083110810187,0.003243243243243243,0.0021645021645021645,924,924,6,6
temporal_bytimepoint,Fibroblast_4_days,scaled,HALLMARK INTERFERON ALPHA RESPONSE,-0.650112903004679,0.24756756756756756,0.0021645021645021645,924,924,6,6
temporal_bytimepoint,Fibroblast_4_days,scaled,HALLMARK INTERFERON GAMMA RESPONSE,5.294347208523402,0.003243243243243243,0.0021645021645021645,924,924,6,6
temporal_bytimepoint,Fibroblast_4_days,scaled,HALLMARK KRAS SIGNALING DN,-0.37807241364401895,0.5145945945945946,0.0021645021645021645,924,924,6,6
temporal_bytimepoint,Fibroblast_4_days,scaled,HALLMARK KRAS SIGNALING UP,4.75933226566872,0.003243243243243243,0.0021645021645021645,924,924,6,6
temporal_bytimepoint,Fibroblast_4_days,scaled,HALLMARK MITOTIC SPINDLE,18.813722653735418,0.003243243243243243,0.0021645021645021645,924,924,6,6
temporal_bytimepoint,Fibroblast_4_days,scaled,HALLMARK MTORC1 SIGNALING,1.8743855795923217,0.012972972972972972,0.0021645021645021645,924,924,6,6
temporal_bytimepoint,Fibroblast_4_days,scaled,HALLMARK MYC TARGETS,-11.249571313366271,0.003243243243243243,0.0021645021645021645,924,924,6,6
temporal_bytimepoint,Fibroblast_4_days,scaled,HALLMARK MYOGENESIS,5.576626845785928,0.003243243243243243,0.0021645021645021645,924,924,6,6
temporal_bytimepoint,Fibroblast_4_days,scaled,HALLMARK NOTCH SIGNALING,-2.3757440927649047,0.003243243243243243,0.0021645021645021645,924,924,6,6
temporal_bytimepoint,Fibroblast_4_days,scaled,HALLMARK OXIDATIVE PHOSPHORYLATION,-2.472301737591785,0.003243243243243243,0.0021645021645021645,924,924,6,6
temporal_bytimepoint,Fibroblast_4_days,scaled,HALLMARK P53 PATHWAY,3.806367247592936,0.003243243243243243,0.0021645021645021645,924,924,6,6
temporal_bytimepoint,Fibroblast_4_days,scaled,HALLMARK PANCREAS BETA CELLS,-0.24591745530029002,0.6270270270270271,0.0021645021645021645,924,924,6,6
temporal_bytimepoint,Fibroblast_4_days,scaled,HALLMARK PEROXISOME,0.5868549008633942,0.29081081081081084,0.0021645021645021645,924,924,6,6
temporal_bytimepoint,Fibroblast_4_days,scaled,HALLMARK PI3K AKT MTOR SIGNALING,6.287747803050821,0.003243243243243243,0.0021645021645021645,924,924,6,6
temporal_bytimepoint,Fibroblast_4_days,scaled,HALLMARK PROTEIN SECRETION,4.53869335801889,0.003243243243243243,0.0021645021645021645,924,924,6,6
temporal_bytimepoint,Fibroblast_4_days,scaled,HALLMARK REACTIVE OXYGEN SPECIES PATHWAY,-1.685147404864584,0.016216216216216217,0.0021645021645021645,924,924,6,6
temporal_bytimepoint,Fibroblast_4_days,scaled,HALLMARK SPERMATOGENESIS,0.2761905109033236,0.6324324324324324,0.0021645021645021645,924,924,6,6
temporal_bytimepoint,Fibroblast_4_days,scaled,HALLMARK TGF BETA SIGNALING,-2.200315997679664,0.003243243243243243,0.0021645021645021645,924,924,6,6
temporal_bytimepoint,Fibroblast_4_days,scaled,HALLMARK TNFA SIGNALING VIA NFKB,2.4030186704154364,0.005405405405405406,0.0021645021645021645,924,924,6,6
temporal_bytimepoint,Fibroblast_4_days,scaled,HALLMARK UNFOLDED PROTEIN RESPONSE,7.3786529615621275,0.003243243243243243,0.0021645021645021645,924,924,6,6
temporal_bytimepoint,Fibroblast_4_days,scaled,HALLMARK UV RESPONSE DN,-2.5526788636691315,0.003243243243243243,0.0021645021645021645,924,924,6,6
temporal_bytimepoint,Fibroblast_4_days,scaled,HALLMARK UV RESPONSE UP,3.2529020807377127,0.003243243243243243,0.0021645021645021645,924,924,6,6
temporal_bytimepoint,Fibroblast_4_days,scaled,HALLMARK WNT BETA CATENIN SIGNALING,1.5453304889812058,0.036756756756756756,0.0021645021645021645,924,924,6,6
temporal_bytimepoint,Fibroblast_4_days,scaled,HALLMARK XENOBIOTIC METABOLISM,0.4609858780036562,0.41081081081081083,0.0021645021645021645,924,924,6,6
temporal_bytimepoint,Fibroblast_4_days,scaled,Lysosomal Genes,-0.4832750370632916,0.4118918918918919,0.0021645021645021645,924,924,6,6
temporal_bytimepoint,Fibroblast_10_days,scaled,HALLMARK ADIPOGENESIS,1.4058970361709566,0.04432432432432432,0.0021645021645021645,924,924,6,6
temporal_bytimepoint,Fibroblast_10_days,scaled,HALLMARK ALLOGRAFT REJECTION,2.7024751362809596,0.004324324324324324,0.0021645021645021645,924,924,6,6
temporal_bytimepoint,Fibroblast_10_days,scaled,HALLMARK ANDROGEN RESPONSE,-8.523162552009836,0.004324324324324324,0.0021645021645021645,924,924,6,6
temporal_bytimepoint,Fibroblast_10_days,scaled,HALLMARK ANGIOGENESIS,7.16048734166087,0.004324324324324324,0.0021645021645021645,924,924,6,6
temporal_bytimepoint,Fibroblast_10_days,scaled,HALLMARK APICAL JUNCTION,9.90343700470974,0.004324324324324324,0.0021645021645021645,924,924,6,6
temporal_bytimepoint,Fibroblast_10_days,scaled,HALLMARK APICAL SURFACE,-1.0288946064545628,0.16216216216216217,0.0021645021645021645,924,924,6,6
temporal_bytimepoint,Fibroblast_10_days,scaled,HALLMARK APOPTOSIS,2.7636044839582508,0.004324324324324324,0.0021645021645021645,924,924,6,6
temporal_bytimepoint,Fibroblast_10_days,scaled,HALLMARK BILE ACID METABOLISM,2.6966509757265484,0.004324324324324324,0.0021645021645021645,924,924,6,6
temporal_bytimepoint,Fibroblast_10_days,scaled,HALLMARK CHOLESTEROL HOMEOSTASIS,-0.5090398942061142,0.3881081081081081,0.0021645021645021645,924,924,6,6
temporal_bytimepoint,Fibroblast_10_days,scaled,HALLMARK COAGULATION,3.5248452399592187,0.004324324324324324,0.0021645021645021645,924,924,6,6
temporal_bytimepoint,Fibroblast_10_days,scaled,HALLMARK COMPLEMENT,3.10188560413323,0.004324324324324324,0.0021645021645021645,924,924,6,6
temporal_bytimepoint,Fibroblast_10_days,scaled,HALLMARK DNA REPAIR,2.2228274774029684,0.004324324324324324,0.0021645021645021645,924,924,6,6
temporal_bytimepoint,Fibroblast_10_days,scaled,HALLMARK E2F TARGETS,6.405517054584608,0.004324324324324324,0.0021645021645021645,924,924,6,6
temporal_bytimepoint,Fibroblast_10_days,scaled,HALLMARK EPITHELIAL MESENCHYMAL TRANSITION,-2.3218777921743095,0.004324324324324324,0.0021645021645021645,924,924,6,6
temporal_bytimepoint,Fibroblast_10_days,scaled,HALLMARK ESTROGEN RESPONSE EARLY,-1.3150325796396043,0.06486486486486487,0.0021645021645021645,924,924,6,6
temporal_bytimepoint,Fibroblast_10_days,scaled,HALLMARK ESTROGEN RESPONSE LATE,-3.0819087636770286,0.004324324324324324,0.0021645021645021645,924,924,6,6
temporal_bytimepoint,Fibroblast_10_days,scaled,HALLMARK FATTY ACID METABOLISM,2.17637421749543,0.006486486486486486,0.0021645021645021645,924,924,6,6
temporal_bytimepoint,Fibroblast_10_days,scaled,HALLMARK G2M CHECKPOINT,9.806160761948712,0.004324324324324324,0.0021645021645021645,924,924,6,6
temporal_bytimepoint,Fibroblast_10_days,scaled,HALLMARK GLYCOLYSIS,-0.29468138887854345,0.5956756756756757,0.0021645021645021645,924,924,6,6
temporal_bytimepoint,Fibroblast_10_days,scaled,HALLMARK HEDGEHOG SIGNALING,-3.6082559127210216,0.004324324324324324,0.0021645021645021645,924,924,6,6
temporal_bytimepoint,Fibroblast_10_days,scaled,HALLMARK HEME METABOLISM,9.945048312726009,0.004324324324324324,0.0021645021645021645,924,924,6,6
temporal_bytimepoint,Fibroblast_10_days,scaled,HALLMARK HYPOXIA,0.9799487182789768,0.17081081081081081,0.0021645021645021645,924,924,6,6
temporal_bytimepoint,Fibroblast_10_days,scaled,HALLMARK IL2 STAT5 SIGNALING,0.06620485856669077,0.8983783783783784,0.0021645021645021645,924,924,6,6
temporal_bytimepoint,Fibroblast_10_days,scaled,HALLMARK IL6 JAK STAT3 SIGNALING,-4.50723117666017,0.004324324324324324,0.0021645021645021645,924,924,6,6
temporal_bytimepoint,Fibroblast_10_days,scaled,HALLMARK INFLAMMATORY RESPONSE,6.222122228111589,0.004324324324324324,0.0021645021645021645,924,924,6,6
temporal_bytimepoint,Fibroblast_10_days,scaled,HALLMARK INTERFERON ALPHA RESPONSE,0.16476162485969456,0.7783783783783784,0.0021645021645021645,924,924,6,6
temporal_bytimepoint,Fibroblast_10_days,scaled,HALLMARK INTERFERON GAMMA RESPONSE,5.202788038075428,0.004324324324324324,0.0021645021645021645,924,924,6,6
temporal_bytimepoint,Fibroblast_10_days,scaled,HALLMARK KRAS SIGNALING DN,-1.2861293369212685,0.06702702702702702,0.0021645021645021645,924,924,6,6
temporal_bytimepoint,Fibroblast_10_days,scaled,HALLMARK KRAS SIGNALING UP,3.5721539972536043,0.004324324324324324,0.0021645021645021645,924,924,6,6
temporal_bytimepoint,Fibroblast_10_days,scaled,HALLMARK MITOTIC SPINDLE,12.600879709710473,0.004324324324324324,0.0021645021645021645,924,924,6,6
temporal_bytimepoint,Fibroblast_10_days,scaled,HALLMARK MTORC1 SIGNALING,2.075461533427815,0.008648648648648649,0.0021645021645021645,924,924,6,6
temporal_bytimepoint,Fibroblast_10_days,scaled,HALLMARK MYC TARGETS,-2.2094410419416564,0.004324324324324324,0.0021645021645021645,924,924,6,6
temporal_bytimepoint,Fibroblast_10_days,scaled,HALLMARK MYOGENESIS,3.9936173400497834,0.004324324324324324,0.0021645021645021645,924,924,6,6
temporal_bytimepoint,Fibroblast_10_days,scaled,HALLMARK NOTCH SIGNALING,-2.790615186782875,0.004324324324324324,0.0021645021645021645,924,924,6,6
temporal_bytimepoint,Fibroblast_10_days,scaled,HALLMARK OXIDATIVE PHOSPHORYLATION,-2.8252088252270386,0.004324324324324324,0.0021645021645021645,924,924,6,6
temporal_bytimepoint,Fibroblast_10_days,scaled,HALLMARK P53 PATHWAY,3.0694404135329436,0.004324324324324324,0.0021645021645021645,924,924,6,6
temporal_bytimepoint,Fibroblast_10_days,scaled,HALLMARK PANCREAS BETA CELLS,0.49278588526031203,0.4043243243243243,0.0021645021645021645,924,924,6,6
temporal_bytimepoint,Fibroblast_10_days,scaled,HALLMARK PEROXISOME,4.947652667274662,0.004324324324324324,0.0021645021645021645,924,924,6,6
temporal_bytimepoint,Fibroblast_10_days,scaled,HALLMARK PI3K AKT MTOR SIGNALING,3.1967213061923707,0.004324324324324324,0.0021645021645021645,924,924,6,6
temporal_bytimepoint,Fibroblast_10_days,scaled,HALLMARK PROTEIN SECRETION,9.241456837478404,0.004324324324324324,0.0021645021645021645,924,924,6,6
temporal_bytimepoint,Fibroblast_10_days,scaled,HALLMARK REACTIVE OXYGEN SPECIES PATHWAY,-1.6364886233097926,0.014054054054054054,0.0021645021645021645,924,924,6,6
temporal_bytimepoint,Fibroblast_10_days,scaled,HALLMARK SPERMATOGENESIS,0.8861709377349168,0.15027027027027026,0.0021645021645021645,924,924,6,6
temporal_bytimepoint,Fibroblast_10_days,scaled,HALLMARK TGF BETA SIGNALING,-1.2204940047193993,0.08108108108108109,0.0021645021645021645,924,924,6,6
temporal_bytimepoint,Fibroblast_10_days,scaled,HALLMARK TNFA SIGNALING VIA NFKB,0.6785771688593816,0.21297297297297296,0.0021645021645021645,924,924,6,6
temporal_bytimepoint,Fibroblast_10_days,scaled,HALLMARK UNFOLDED PROTEIN RESPONSE,7.449240027674386,0.004324324324324324,0.0021645021645021645,924,924,6,6
temporal_bytimepoint,Fibroblast_10_days,scaled,HALLMARK UV RESPONSE DN,-1.6269399806438474,0.023783783783783784,0.0021645021645021645,924,924,6,6
temporal_bytimepoint,Fibroblast_10_days,scaled,HALLMARK UV RESPONSE UP,2.1190600559373993,0.004324324324324324,0.0021645021645021645,924,924,6,6
temporal_bytimepoint,Fibroblast_10_days,scaled,HALLMARK WNT BETA CATENIN SIGNALING,3.2095929298952517,0.004324324324324324,0.0021645021645021645,924,924,6,6
temporal_bytimepoint,Fibroblast_10_days,scaled,HALLMARK XENOBIOTIC METABOLISM,-0.2981659403518674,0.5837837837837838,0.0021645021645021645,924,924,6,6
temporal_bytimepoint,Fibroblast_10_days,scaled,Lysosomal Genes,0.5096726660549566,0.37405405405405406,0.0021645021645021645,924,924,6,6
temporal_bytimepoint,Fibroblast_20_days,scaled,HALLMARK ADIPOGENESIS,2.5316805752625453,0.002162162162162162,0.0021645021645021645,924,924,6,6
temporal_bytimepoint,Fibroblast_20_days,scaled,HALLMARK ALLOGRAFT REJECTION,15.606552812259508,0.002162162162162162,0.0021645021645021645,924,924,6,6
temporal_bytimepoint,Fibroblast_20_days,scaled,HALLMARK ANDROGEN RESPONSE,-14.773743768455903,0.002162162162162162,0.0021645021645021645,924,924,6,6
temporal_bytimepoint,Fibroblast_20_days,scaled,HALLMARK ANGIOGENESIS,9.915605158680272,0.002162162162162162,0.0021645021645021645,924,924,6,6
temporal_bytimepoint,Fibroblast_20_days,scaled,HALLMARK APICAL JUNCTION,13.453844613411004,0.002162162162162162,0.0021645021645021645,924,924,6,6
temporal_bytimepoint,Fibroblast_20_days,scaled,HALLMARK APICAL SURFACE,-16.77561642257532,0.002162162162162162,0.0021645021645021645,924,924,6,6
temporal_bytimepoint,Fibroblast_20_days,scaled,HALLMARK APOPTOSIS,2.8642046254492586,0.002162162162162162,0.0021645021645021645,924,924,6,6
temporal_bytimepoint,Fibroblast_20_days,scaled,HALLMARK BILE ACID METABOLISM,2.069643412302365,0.00972972972972973,0.0021645021645021645,924,924,6,6
temporal_bytimepoint,Fibroblast_20_days,scaled,HALLMARK CHOLESTEROL HOMEOSTASIS,-1.7613873352760727,0.008648648648648649,0.0021645021645021645,924,924,6,6
temporal_bytimepoint,Fibroblast_20_days,scaled,HALLMARK COAGULATION,12.988398162589958,0.002162162162162162,0.0021645021645021645,924,924,6,6
temporal_bytimepoint,Fibroblast_20_days,scaled,HALLMARK COMPLEMENT,7.9671113493814545,0.002162162162162162,0.0021645021645021645,924,924,6,6
temporal_bytimepoint,Fibroblast_20_days,scaled,HALLMARK DNA REPAIR,2.0338641698274498,0.005405405405405406,0.0021645021645021645,924,924,6,6
temporal_bytimepoint,Fibroblast_20_days,scaled,HALLMARK E2F TARGETS,10.262587925890296,0.002162162162162162,0.0021645021645021645,924,924,6,6
temporal_bytimepoint,Fibroblast_20_days,scaled,HALLMARK EPITHELIAL MESENCHYMAL TRANSITION,-1.8462908043321058,0.005405405405405406,0.0021645021645021645,924,924,6,6
temporal_bytimepoint,Fibroblast_20_days,scaled,HALLMARK ESTROGEN RESPONSE EARLY,-1.1027003310067331,0.11027027027027027,0.0021645021645021645,924,924,6,6
temporal_bytimepoint,Fibroblast_20_days,scaled,HALLMARK ESTROGEN RESPONSE LATE,-9.12473128752491,0.002162162162162162,0.0021645021645021645,924,924,6,6
temporal_bytimepoint,Fibroblast_20_days,scaled,HALLMARK FATTY ACID METABOLISM,6.140471560467663,0.002162162162162162,0.0021645021645021645,924,924,6,6
temporal_bytimepoint,Fibroblast_20_days,scaled,HALLMARK G2M CHECKPOINT,21.518890868754372,0.002162162162162162,0.0021645021645021645,924,924,6,6
temporal_bytimepoint,Fibroblast_20_days,scaled,HALLMARK GLYCOLYSIS,1.2012166266457334,0.08216216216216216,0.0021645021645021645,924,924,6,6
temporal_bytimepoint,Fibroblast_20_days,scaled,HALLMARK HEDGEHOG SIGNALING,-3.65062099660156,0.002162162162162162,0.0021645021645021645,924,924,6,6
temporal_bytimepoint,Fibroblast_20_days,scaled,HALLMARK HEME METABOLISM,14.728785969083532,0.002162162162162162,0.0021645021645021645,924,924,6,6
temporal_bytimepoint,Fibroblast_20_days,scaled,HALLMARK HYPOXIA,11.111458147622384,0.002162162162162162,0.0021645021645021645,924,924,6,6
temporal_bytimepoint,Fibroblast_20_days,scaled,HALLMARK IL2 STAT5 SIGNALING,-2.368855332555703,0.0075675675675675675,0.0021645021645021645,924,924,6,6
temporal_bytimepoint,Fibroblast_20_days,scaled,HALLMARK IL6 JAK STAT3 SIGNALING,-6.155960431911096,0.002162162162162162,0.0021645021645021645,924,924,6,6
temporal_bytimepoint,Fibroblast_20_days,scaled,HALLMARK INFLAMMATORY RESPONSE,9.576363389721886,0.002162162162162162,0.0021645021645021645,924,924,6,6
temporal_bytimepoint,Fibroblast_20_days,scaled,HALLMARK INTERFERON ALPHA RESPONSE,-2.172677991787466,0.002162162162162162,0.0021645021645021645,924,924,6,6
temporal_bytimepoint,Fibroblast_20_days,scaled,HALLMARK INTERFERON GAMMA RESPONSE,4.1408525940224585,0.002162162162162162,0.0021645021645021645,924,924,6,6
temporal_bytimepoint,Fibroblast_20_days,scaled,HALLMARK KRAS SIGNALING DN,-0.6929512939766513,0.2616216216216216,0.0021645021645021645,924,924,6,6
temporal_bytimepoint,Fibroblast_20_days,scaled,HALLMARK KRAS SIGNALING UP,6.9091669599435885,0.002162162162162162,0.0021645021645021645,924,924,6,6
temporal_bytimepoint,Fibroblast_20_days,scaled,HALLMARK MITOTIC SPINDLE,18.065872089924067,0.002162162162162162,0.0021645021645021645,924,924,6,6
temporal_bytimepoint,Fibroblast_20_days,scaled,HALLMARK MTORC1 SIGNALING,2.6718268711227138,0.002162162162162162,0.0021645021645021645,924,924,6,6
temporal_bytimepoint,Fibroblast_20_days,scaled,HALLMARK MYC TARGETS,-12.746095496866657,0.002162162162162162,0.0021645021645021645,924,924,6,6
temporal_bytimepoint,Fibroblast_20_days,scaled,HALLMARK MYOGENESIS,6.10014642433634,0.002162162162162162,0.0021645021645021645,924,924,6,6
temporal_bytimepoint,Fibroblast_20_days,scaled,HALLMARK NOTCH SIGNALING,-1.8741040584376627,0.023783783783783784,0.0021645021645021645,924,924,6,6
temporal_bytimepoint,Fibroblast_20_days,scaled,HALLMARK OXIDATIVE PHOSPHORYLATION,-1.6693056720052108,0.032432432432432434,0.0021645021645021645,924,924,6,6
temporal_bytimepoint,Fibroblast_20_days,scaled,HALLMARK P53 PATHWAY,4.0169051398017634,0.002162162162162162,0.0021645021645021645,924,924,6,6
temporal_bytimepoint,Fibroblast_20_days,scaled,HALLMARK PANCREAS BETA CELLS,2.6935378965900583,0.004324324324324324,0.0021645021645021645,924,924,6,6
temporal_bytimepoint,Fibroblast_20_days,scaled,HALLMARK PEROXISOME,4.845179668156603,0.002162162162162162,0.0021645021645021645,924,924,6,6
temporal_bytimepoint,Fibroblast_20_days,scaled,HALLMARK PI3K AKT MTOR SIGNALING,4.61068651482444,0.002162162162162162,0.0021645021645021645,924,924,6,6
temporal_bytimepoint,Fibroblast_20_days,scaled,HALLMARK PROTEIN SECRETION,11.021738029592997,0.002162162162162162,0.0021645021645021645,924,924,6,6
temporal_bytimepoint,Fibroblast_20_days,scaled,HALLMARK REACTIVE OXYGEN SPECIES PATHWAY,-29.79184201444595,0.002162162162162162,0.0021645021645021645,924,924,6,6
temporal_bytimepoint,Fibroblast_20_days,scaled,HALLMARK SPERMATOGENESIS,3.6160677560672037,0.002162162162162162,0.0021645021645021645,924,924,6,6
temporal_bytimepoint,Fibroblast_20_days,scaled,HALLMARK TGF BETA SIGNALING,-2.113353411574057,0.005405405405405406,0.0021645021645021645,924,924,6,6
temporal_bytimepoint,Fibroblast_20_days,scaled,HALLMARK TNFA SIGNALING VIA NFKB,3.8949210014732545,0.002162162162162162,0.0021645021645021645,924,924,6,6
temporal_bytimepoint,Fibroblast_20_days,scaled,HALLMARK UNFOLDED PROTEIN RESPONSE,10.167816745692372,0.002162162162162162,0.0021645021645021645,924,924,6,6
temporal_bytimepoint,Fibroblast_20_days,scaled,HALLMARK UV RESPONSE DN,-1.6522076540069621,0.015135135135135135,0.0021645021645021645,924,924,6,6
temporal_bytimepoint,Fibroblast_20_days,scaled,HALLMARK UV RESPONSE UP,3.4555966582994353,0.002162162162162162,0.0021645021645021645,924,924,6,6
temporal_bytimepoint,Fibroblast_20_days,scaled,HALLMARK WNT BETA CATENIN SIGNALING,3.6807760067866777,0.002162162162162162,0.0021645021645021645,924,924,6,6
temporal_bytimepoint,Fibroblast_20_days,scaled,HALLMARK XENOBIOTIC METABOLISM,2.7746811435824648,0.003243243243243243,0.0021645021645021645,924,924,6,6
temporal_bytimepoint,Fibroblast_20_days,scaled,Lysosomal Genes,2.927739188716685,0.002162162162162162,0.0021645021645021645,924,924,6,6
temporal_bytimepoint,Keratinocyte_4_days,scaled,HALLMARK ADIPOGENESIS,3.4606863588922825,0.002162162162162162,0.0021645021645021645,924,924,6,6
temporal_bytimepoint,Keratinocyte_4_days,scaled,HALLMARK ALLOGRAFT REJECTION,0.8946792982437468,0.12108108108108108,0.0021645021645021645,924,924,6,6
temporal_bytimepoint,Keratinocyte_4_days,scaled,HALLMARK ANDROGEN RESPONSE,-0.952639034328903,0.10378378378378378,0.0021645021645021645,924,924,6,6
temporal_bytimepoint,Keratinocyte_4_days,scaled,HALLMARK ANGIOGENESIS,0.4174515036428999,0.45513513513513515,0.0021645021645021645,924,924,6,6
temporal_bytimepoint,Keratinocyte_4_days,scaled,HALLMARK APICAL JUNCTION,1.427489116838475,0.022702702702702703,0.0021645021645021645,924,924,6,6
temporal_bytimepoint,Keratinocyte_4_days,scaled,HALLMARK APICAL SURFACE,-1.0767791116105403,0.08648648648648649,0.0021645021645021645,924,924,6,6
temporal_bytimepoint,Keratinocyte_4_days,scaled,HALLMARK APOPTOSIS,1.9109885879821553,0.017297297297297298,0.0021645021645021645,924,924,6,6
temporal_bytimepoint,Keratinocyte_4_days,scaled,HALLMARK BILE ACID METABOLISM,0.051127942745069294,0.9059459459459459,0.0021645021645021645,924,924,6,6
temporal_bytimepoint,Keratinocyte_4_days,scaled,HALLMARK CHOLESTEROL HOMEOSTASIS,1.8498697838849831,0.014054054054054054,0.0021645021645021645,924,924,6,6
temporal_bytimepoint,Keratinocyte_4_days,scaled,HALLMARK COAGULATION,0.9392321526719405,0.10486486486486486,0.0021645021645021645,924,924,6,6
temporal_bytimepoint,Keratinocyte_4_days,scaled,HALLMARK COMPLEMENT,1.5228177271486105,0.022702702702702703,0.0021645021645021645,924,924,6,6
temporal_bytimepoint,Keratinocyte_4_days,scaled,HALLMARK DNA REPAIR,-0.3025853625010989,0.5837837837837838,0.0021645021645021645,924,924,6,6
temporal_bytimepoint,Keratinocyte_4_days,scaled,HALLMARK E2F TARGETS,3.276398049059476,0.002162162162162162,0.0021645021645021645,924,924,6,6
temporal_bytimepoint,Keratinocyte_4_days,scaled,HALLMARK EPITHELIAL MESENCHYMAL TRANSITION,0.4771214556923072,0.372972972972973,0.0021645021645021645,924,924,6,6
temporal_bytimepoint,Keratinocyte_4_days,scaled,HALLMARK ESTROGEN RESPONSE EARLY,-0.6204087900778743,0.29621621621621624,0.0021645021645021645,924,924,6,6
temporal_bytimepoint,Keratinocyte_4_days,scaled,HALLMARK ESTROGEN RESPONSE LATE,-0.3937566078307388,0.49405405405405406,0.0021645021645021645,924,924,6,6
temporal_bytimepoint,Keratinocyte_4_days,scaled,HALLMARK FATTY ACID METABOLISM,0.28054988496296285,0.6302702702702703,0.0021645021645021645,924,924,6,6
temporal_bytimepoint,Keratinocyte_4_days,scaled,HALLMARK G2M CHECKPOINT,3.5196208424509963,0.002162162162162162,0.0021645021645021645,924,924,6,6
temporal_bytimepoint,Keratinocyte_4_days,scaled,HALLMARK GLYCOLYSIS,1.9328844145876463,0.010810810810810811,0.0021645021645021645,924,924,6,6
temporal_bytimepoint,Keratinocyte_4_days,scaled,HALLMARK HEDGEHOG SIGNALING,-3.435134486184109,0.002162162162162162,0.0021645021645021645,924,924,6,6
temporal_bytimepoint,Keratinocyte_4_days,scaled,HALLMARK HEME METABOLISM,3.2323137943684115,0.002162162162162162,0.0021645021645021645,924,924,6,6
temporal_bytimepoint,Keratinocyte_4_days,scaled,HALLMARK HYPOXIA,1.1694051813328554,0.05621621621621622,0.0021645021645021645,924,924,6,6
temporal_bytimepoint,Keratinocyte_4_days,scaled,HALLMARK IL2 STAT5 SIGNALING,1.1990434319334584,0.07135135135135136,0.0021645021645021645,924,924,6,6
temporal_bytimepoint,Keratinocyte_4_days,scaled,HALLMARK IL6 JAK STAT3 SIGNALING,-0.8631577840082677,0.14594594594594595,0.0021645021645021645,924,924,6,6
temporal_bytimepoint,Keratinocyte_4_days,scaled,HALLMARK INFLAMMATORY RESPONSE,1.5406629965176382,0.02054054054054054,0.0021645021645021645,924,924,6,6
temporal_bytimepoint,Keratinocyte_4_days,scaled,HALLMARK INTERFERON ALPHA RESPONSE,-0.06574723831668633,0.9221621621621622,0.0021645021645021645,924,924,6,6
temporal_bytimepoint,Keratinocyte_4_days,scaled,HALLMARK INTERFERON GAMMA RESPONSE,0.8949574008887673,0.12432432432432433,0.0021645021645021645,924,924,6,6
temporal_bytimepoint,Keratinocyte_4_days,scaled,HALLMARK KRAS SIGNALING DN,0.06697466425305507,0.8897297297297297,0.0021645021645021645,924,924,6,6
temporal_bytimepoint,Keratinocyte_4_days,scaled,HALLMARK KRAS SIGNALING UP,0.5070659930454642,0.41081081081081083,0.0021645021645021645,924,924,6,6
temporal_bytimepoint,Keratinocyte_4_days,scaled,HALLMARK MITOTIC SPINDLE,1.7365095653384484,0.016216216216216217,0.0021645021645021645,924,924,6,6
temporal_bytimepoint,Keratinocyte_4_days,scaled,HALLMARK MTORC1 SIGNALING,3.026222608783375,0.002162162162162162,0.0021645021645021645,924,924,6,6
temporal_bytimepoint,Keratinocyte_4_days,scaled,HALLMARK MYC TARGETS,0.15071417084788896,0.7362162162162162,0.0021645021645021645,924,924,6,6
temporal_bytimepoint,Keratinocyte_4_days,scaled,HALLMARK MYOGENESIS,1.7313744492223893,0.015135135135135135,0.0021645021645021645,924,924,6,6
temporal_bytimepoint,Keratinocyte_4_days,scaled,HALLMARK NOTCH SIGNALING,-1.886457747073588,0.012972972972972972,0.0021645021645021645,924,924,6,6
temporal_bytimepoint,Keratinocyte_4_days,scaled,HALLMARK OXIDATIVE PHOSPHORYLATION,-2.3108627365849927,0.002162162162162162,0.0021645021645021645,924,924,6,6
temporal_bytimepoint,Keratinocyte_4_days,scaled,HALLMARK P53 PATHWAY,4.53299771130745,0.002162162162162162,0.0021645021645021645,924,924,6,6
temporal_bytimepoint,Keratinocyte_4_days,scaled,HALLMARK PANCREAS BETA CELLS,-0.9184435504423595,0.1318918918918919,0.0021645021645021645,924,924,6,6
temporal_bytimepoint,Keratinocyte_4_days,scaled,HALLMARK PEROXISOME,0.5972502946510553,0.3081081081081081,0.0021645021645021645,924,924,6,6
temporal_bytimepoint,Keratinocyte_4_days,scaled,HALLMARK PI3K AKT MTOR SIGNALING,3.602244269882233,0.002162162162162162,0.0021645021645021645,924,924,6,6
temporal_bytimepoint,Keratinocyte_4_days,scaled,HALLMARK PROTEIN SECRETION,0.22406395749967956,0.6994594594594594,0.0021645021645021645,924,924,6,6
temporal_bytimepoint,Keratinocyte_4_days,scaled,HALLMARK REACTIVE OXYGEN SPECIES PATHWAY,-1.083962927973024,0.08972972972972973,0.0021645021645021645,924,924,6,6
temporal_bytimepoint,Keratinocyte_4_days,scaled,HALLMARK SPERMATOGENESIS,0.1839357703713014,0.7405405405405405,0.0021645021645021645,924,924,6,6
temporal_bytimepoint,Keratinocyte_4_days,scaled,HALLMARK TGF BETA SIGNALING,-0.02369425027842233,0.9491891891891892,0.0021645021645021645,924,924,6,6
temporal_bytimepoint,Keratinocyte_4_days,scaled,HALLMARK TNFA SIGNALING VIA NFKB,2.414357926562642,0.0075675675675675675,0.0021645021645021645,924,924,6,6
temporal_bytimepoint,Keratinocyte_4_days,scaled,HALLMARK UNFOLDED PROTEIN RESPONSE,0.1504599770124975,0.7902702702702703,0.0021645021645021645,924,924,6,6
temporal_bytimepoint,Keratinocyte_4_days,scaled,HALLMARK UV RESPONSE DN,-0.3573003945302736,0.5567567567567567,0.0021645021645021645,924,924,6,6
temporal_bytimepoint,Keratinocyte_4_days,scaled,HALLMARK UV RESPONSE UP,2.382638716367465,0.0075675675675675675,0.0021645021645021645,924,924,6,6
temporal_bytimepoint,Keratinocyte_4_days,scaled,HALLMARK WNT BETA CATENIN SIGNALING,0.12863463646817996,0.8237837837837838,0.0021645021645021645,924,924,6,6
temporal_bytimepoint,Keratinocyte_4_days,scaled,HALLMARK XENOBIOTIC METABOLISM,-0.24701646212314435,0.5751351351351351,0.0021645021645021645,924,924,6,6
temporal_bytimepoint,Keratinocyte_4_days,scaled,Lysosomal Genes,-0.33863550762428174,0.5578378378378378,0.0021645021645021645,924,924,6,6
temporal_bytimepoint,Keratinocyte_10_days,scaled,HALLMARK ADIPOGENESIS,4.653612925875098,0.004324324324324324,0.0021645021645021645,924,924,6,6
temporal_bytimepoint,Keratinocyte_10_days,scaled,HALLMARK ALLOGRAFT REJECTION,1.1111822835613672,0.08324324324324324,0.0021645021645021645,924,924,6,6
temporal_bytimepoint,Keratinocyte_10_days,scaled,HALLMARK ANDROGEN RESPONSE,1.104575255040097,0.0918918918918919,0.0021645021645021645,924,924,6,6
temporal_bytimepoint,Keratinocyte_10_days,scaled,HALLMARK ANGIOGENESIS,0.958192142532821,0.15027027027027026,0.0021645021645021645,924,924,6,6
temporal_bytimepoint,Keratinocyte_10_days,scaled,HALLMARK APICAL JUNCTION,1.9686342941508737,0.017297297297297298,0.0021645021645021645,924,924,6,6
temporal_bytimepoint,Keratinocyte_10_days,scaled,HALLMARK APICAL SURFACE,-2.523682671242321,0.004324324324324324,0.0021645021645021645,924,924,6,6
temporal_bytimepoint,Keratinocyte_10_days,scaled,HALLMARK APOPTOSIS,-0.28423459667748047,0.5783783783783784,0.0021645021645021645,924,924,6,6
temporal_bytimepoint,Keratinocyte_10_days,scaled,HALLMARK BILE ACID METABOLISM,1.7798071846353685,0.02918918918918919,0.0021645021645021645,924,924,6,6
temporal_bytimepoint,Keratinocyte_10_days,scaled,HALLMARK CHOLESTEROL HOMEOSTASIS,3.1613282807045957,0.004324324324324324,0.0021645021645021645,924,924,6,6
temporal_bytimepoint,Keratinocyte_10_days,scaled,HALLMARK COAGULATION,0.7194620651504094,0.23243243243243245,0.0021645021645021645,924,924,6,6
temporal_bytimepoint,Keratinocyte_10_days,scaled,HALLMARK COMPLEMENT,1.9893218911707056,0.004324324324324324,0.0021645021645021645,924,924,6,6
temporal_bytimepoint,Keratinocyte_10_days,scaled,HALLMARK DNA REPAIR,-0.6491575606564856,0.25513513513513514,0.0021645021645021645,924,924,6,6
temporal_bytimepoint,Keratinocyte_10_days,scaled,HALLMARK E2F TARGETS,4.687607524345762,0.004324324324324324,0.0021645021645021645,924,924,6,6
temporal_bytimepoint,Keratinocyte_10_days,scaled,HALLMARK EPITHELIAL MESENCHYMAL TRANSITION,0.990204280241737,0.1264864864864865,0.0021645021645021645,924,924,6,6
temporal_bytimepoint,Keratinocyte_10_days,scaled,HALLMARK ESTROGEN RESPONSE EARLY,-0.521252990763012,0.3772972972972973,0.0021645021645021645,924,924,6,6
temporal_bytimepoint,Keratinocyte_10_days,scaled,HALLMARK ESTROGEN RESPONSE LATE,-2.2056129652521674,0.004324324324324324,0.0021645021645021645,924,924,6,6
temporal_bytimepoint,Keratinocyte_10_days,scaled,HALLMARK FATTY ACID METABOLISM,1.6390253829733585,0.011891891891891892,0.0021645021645021645,924,924,6,6
temporal_bytimepoint,Keratinocyte_10_days,scaled,HALLMARK G2M CHECKPOINT,5.854812282172558,0.004324324324324324,0.0021645021645021645,924,924,6,6
temporal_bytimepoint,Keratinocyte_10_days,scaled,HALLMARK GLYCOLYSIS,1.0313276058260086,0.13513513513513514,0.0021645021645021645,924,924,6,6
temporal_bytimepoint,Keratinocyte_10_days,scaled,HALLMARK HEDGEHOG SIGNALING,-3.5562422858263023,0.004324324324324324,0.0021645021645021645,924,924,6,6
temporal_bytimepoint,Keratinocyte_10_days,scaled,HALLMARK HEME METABOLISM,5.442253381413816,0.004324324324324324,0.0021645021645021645,924,924,6,6
temporal_bytimepoint,Keratinocyte_10_days,scaled,HALLMARK HYPOXIA,0.4219423027918479,0.4756756756756757,0.0021645021645021645,924,924,6,6
temporal_bytimepoint,Keratinocyte_10_days,scaled,HALLMARK IL2 STAT5 SIGNALING,0.7567739678032464,0.1891891891891892,0.0021645021645021645,924,924,6,6
temporal_bytimepoint,Keratinocyte_10_days,scaled,HALLMARK IL6 JAK STAT3 SIGNALING,-1.5549484861767942,0.03351351351351351,0.0021645021645021645,924,924,6,6
temporal_bytimepoint,Keratinocyte_10_days,scaled,HALLMARK INFLAMMATORY RESPONSE,2.702955455492468,0.004324324324324324,0.0021645021645021645,924,924,6,6
temporal_bytimepoint,Keratinocyte_10_days,scaled,HALLMARK INTERFERON ALPHA RESPONSE,-0.20207972033875163,0.7362162162162162,0.0021645021645021645,924,924,6,6
temporal_bytimepoint,Keratinocyte_10_days,scaled,HALLMARK INTERFERON GAMMA RESPONSE,1.1087500760495341,0.09081081081081081,0.0021645021645021645,924,924,6,6
temporal_bytimepoint,Keratinocyte_10_days,scaled,HALLMARK KRAS SIGNALING DN,0.4102784846599233,0.48324324324324325,0.0021645021645021645,924,924,6,6
temporal_bytimepoint,Keratinocyte_10_days,scaled,HALLMARK KRAS SIGNALING UP,1.187309830076879,0.11351351351351352,0.0021645021645021645,924,924,6,6
temporal_bytimepoint,Keratinocyte_10_days,scaled,HALLMARK MITOTIC SPINDLE,2.595912710897988,0.004324324324324324,0.0021645021645021645,924,924,6,6
temporal_bytimepoint,Keratinocyte_10_days,scaled,HALLMARK MTORC1 SIGNALING,5.775354119038651,0.004324324324324324,0.0021645021645021645,924,924,6,6
temporal_bytimepoint,Keratinocyte_10_days,scaled,HALLMARK MYC TARGETS,-3.218232454318355,0.004324324324324324,0.0021645021645021645,924,924,6,6
temporal_bytimepoint,Keratinocyte_10_days,scaled,HALLMARK MYOGENESIS,2.178861237183755,0.010810810810810811,0.0021645021645021645,924,924,6,6
temporal_bytimepoint,Keratinocyte_10_days,scaled,HALLMARK NOTCH SIGNALING,0.8281389575403465,0.16648648648648648,0.0021645021645021645,924,924,6,6
temporal_bytimepoint,Keratinocyte_10_days,scaled,HALLMARK OXIDATIVE PHOSPHORYLATION,-2.1469595046461523,0.017297297297297298,0.0021645021645021645,924,924,6,6
temporal_bytimepoint,Keratinocyte_10_days,scaled,HALLMARK P53 PATHWAY,4.614055674876873,0.004324324324324324,0.0021645021645021645,924,924,6,6
temporal_bytimepoint,Keratinocyte_10_days,scaled,HALLMARK PANCREAS BETA CELLS,2.425673158911811,0.005405405405405406,0.0021645021645021645,924,924,6,6
temporal_bytimepoint,Keratinocyte_10_days,scaled,HALLMARK PEROXISOME,2.8589701252443405,0.004324324324324324,0.0021645021645021645,924,924,6,6
temporal_bytimepoint,Keratinocyte_10_days,scaled,HALLMARK PI3K AKT MTOR SIGNALING,3.7739576775830566,0.004324324324324324,0.0021645021645021645,924,924,6,6
temporal_bytimepoint,Keratinocyte_10_days,scaled,HALLMARK PROTEIN SECRETION,2.1123879995938237,0.004324324324324324,0.0021645021645021645,924,924,6,6
temporal_bytimepoint,Keratinocyte_10_days,scaled,HALLMARK REACTIVE OXYGEN SPECIES PATHWAY,-0.6484275591241476,0.2745945945945946,0.0021645021645021645,924,924,6,6
temporal_bytimepoint,Keratinocyte_10_days,scaled,HALLMARK SPERMATOGENESIS,5.547713980151888,0.004324324324324324,0.0021645021645021645,924,924,6,6
temporal_bytimepoint,Keratinocyte_10_days,scaled,HALLMARK TGF BETA SIGNALING,-0.17885955641052098,0.6962162162162162,0.0021645021645021645,924,924,6,6
temporal_bytimepoint,Keratinocyte_10_days,scaled,HALLMARK TNFA SIGNALING VIA NFKB,1.9112022152614958,0.0075675675675675675,0.0021645021645021645,924,924,6,6
temporal_bytimepoint,Keratinocyte_10_days,scaled,HALLMARK UNFOLDED PROTEIN RESPONSE,0.15404608007606377,0.7772972972972974,0.0021645021645021645,924,924,6,6
temporal_bytimepoint,Keratinocyte_10_days,scaled,HALLMARK UV RESPONSE DN,-0.3238331374186748,0.5989189189189189,0.0021645021645021645,924,924,6,6
temporal_bytimepoint,Keratinocyte_10_days,scaled,HALLMARK UV RESPONSE UP,3.3291705267072427,0.004324324324324324,0.0021645021645021645,924,924,6,6
temporal_bytimepoint,Keratinocyte_10_days,scaled,HALLMARK WNT BETA CATENIN SIGNALING,-1.1752931885886622,0.06918918918918919,0.0021645021645021645,924,924,6,6
temporal_bytimepoint,Keratinocyte_10_days,scaled,HALLMARK XENOBIOTIC METABOLISM,-0.049806823562209536,0.9383783783783783,0.0021645021645021645,924,924,6,6
temporal_bytimepoint,Keratinocyte_10_days,scaled,Lysosomal Genes,0.13308433897613534,0.798918918918919,0.0021645021645021645,924,924,6,6
temporal_bytimepoint,Keratinocyte_20_days,scaled,HALLMARK ADIPOGENESIS,3.8408463671588517,0.004324324324324324,0.0021645021645021645,924,924,6,6
temporal_bytimepoint,Keratinocyte_20_days,scaled,HALLMARK ALLOGRAFT REJECTION,0.20245361919440785,0.6551351351351351,0.0021645021645021645,924,924,6,6
temporal_bytimepoint,Keratinocyte_20_days,scaled,HALLMARK ANDROGEN RESPONSE,3.724756743106507,0.004324324324324324,0.0021645021645021645,924,924,6,6
temporal_bytimepoint,Keratinocyte_20_days,scaled,HALLMARK ANGIOGENESIS,1.9230708154430691,0.024864864864864864,0.0021645021645021645,924,924,6,6
temporal_bytimepoint,Keratinocyte_20_days,scaled,HALLMARK APICAL JUNCTION,2.1317027508128876,0.008648648648648649,0.0021645021645021645,924,924,6,6
temporal_bytimepoint,Keratinocyte_20_days,scaled,HALLMARK APICAL SURFACE,-4.118117834427847,0.004324324324324324,0.0021645021645021645,924,924,6,6
temporal_bytimepoint,Keratinocyte_20_days,scaled,HALLMARK APOPTOSIS,-2.7384596175770937,0.004324324324324324,0.0021645021645021645,924,924,6,6
temporal_bytimepoint,Keratinocyte_20_days,scaled,HALLMARK BILE ACID METABOLISM,3.371402160670304,0.004324324324324324,0.0021645021645021645,924,924,6,6
temporal_bytimepoint,Keratinocyte_20_days,scaled,HALLMARK CHOLESTEROL HOMEOSTASIS,4.363859615908525,0.004324324324324324,0.0021645021645021645,924,924,6,6
temporal_bytimepoint,Keratinocyte_20_days,scaled,HALLMARK COAGULATION,0.7622066902561478,0.1891891891891892,0.0021645021645021645,924,924,6,6
temporal_bytimepoint,Keratinocyte_20_days,scaled,HALLMARK COMPLEMENT,1.6340664519927346,0.02918918918918919,0.0021645021645021645,924,924,6,6
temporal_bytimepoint,Keratinocyte_20_days,scaled,HALLMARK DNA REPAIR,0.08890851941407492,0.8518918918918919,0.0021645021645021645,924,924,6,6
temporal_bytimepoint,Keratinocyte_20_days,scaled,HALLMARK E2F TARGETS,4.0842983490544835,0.004324324324324324,0.0021645021645021645,924,924,6,6
temporal_bytimepoint,Keratinocyte_20_days,scaled,HALLMARK EPITHELIAL MESENCHYMAL TRANSITION,1.4284005161076103,0.05081081081081081,0.0021645021645021645,924,924,6,6
temporal_bytimepoint,Keratinocyte_20_days,scaled,HALLMARK ESTROGEN RESPONSE EARLY,-1.4198900265357985,0.03783783783783784,0.0021645021645021645,924,924,6,6
temporal_bytimepoint,Keratinocyte_20_days,scaled,HALLMARK ESTROGEN RESPONSE LATE,-5.171199945862927,0.004324324324324324,0.0021645021645021645,924,924,6,6
temporal_bytimepoint,Keratinocyte_20_days,scaled,HALLMARK FATTY ACID METABOLISM,2.2819243063835946,0.004324324324324324,0.0021645021645021645,924,924,6,6
temporal_bytimepoint,Keratinocyte_20_days,scaled,HALLMARK G2M CHECKPOINT,5.7116537069195585,0.004324324324324324,0.0021645021645021645,924,924,6,6
temporal_bytimepoint,Keratinocyte_20_days,scaled,HALLMARK GLYCOLYSIS,-2.2848498550979506,0.008648648648648649,0.0021645021645021645,924,924,6,6
temporal_bytimepoint,Keratinocyte_20_days,scaled,HALLMARK HEDGEHOG SIGNALING,0.10239505267819955,0.8594594594594595,0.0021645021645021645,924,924,6,6
temporal_bytimepoint,Keratinocyte_20_days,scaled,HALLMARK HEME METABOLISM,2.6936596453536605,0.004324324324324324,0.0021645021645021645,924,924,6,6
temporal_bytimepoint,Keratinocyte_20_days,scaled,HALLMARK HYPOXIA,-0.5435173627673711,0.3286486486486486,0.0021645021645021645,924,924,6,6
temporal_bytimepoint,Keratinocyte_20_days,scaled,HALLMARK IL2 STAT5 SIGNALING,-1.0452898966072663,0.10378378378378378,0.0021645021645021645,924,924,6,6
temporal_bytimepoint,Keratinocyte_20_days,scaled,HALLMARK IL6 JAK STAT3 SIGNALING,-4.7914134271577975,0.004324324324324324,0.0021645021645021645,924,924,6,6
temporal_bytimepoint,Keratinocyte_20_days,scaled,HALLMARK INFLAMMATORY RESPONSE,1.0828705150727558,0.09621621621621622,0.0021645021645021645,924,924,6,6
temporal_bytimepoint,Keratinocyte_20_days,scaled,HALLMARK INTERFERON ALPHA RESPONSE,0.662575872279792,0.2518918918918919,0.0021645021645021645,924,924,6,6
temporal_bytimepoint,Keratinocyte_20_days,scaled,HALLMARK INTERFERON GAMMA RESPONSE,0.456315970732541,0.4172972972972973,0.0021645021645021645,924,924,6,6
temporal_bytimepoint,Keratinocyte_20_days,scaled,HALLMARK KRAS SIGNALING DN,-0.6534571773385693,0.267027027027027,0.0021645021645021645,924,924,6,6
temporal_bytimepoint,Keratinocyte_20_days,scaled,HALLMARK KRAS SIGNALING UP,1.0187077284137709,0.14594594594594595,0.0021645021645021645,924,924,6,6
temporal_bytimepoint,Keratinocyte_20_days,scaled,HALLMARK MITOTIC SPINDLE,3.064756874029468,0.004324324324324324,0.0021645021645021645,924,924,6,6
temporal_bytimepoint,Keratinocyte_20_days,scaled,HALLMARK MTORC1 SIGNALING,1.9015054710279073,0.004324324324324324,0.0021645021645021645,924,924,6,6
temporal_bytimepoint,Keratinocyte_20_days,scaled,HALLMARK MYC TARGETS,-6.710586820824944,0.004324324324324324,0.0021645021645021645,924,924,6,6
temporal_bytimepoint,Keratinocyte_20_days,scaled,HALLMARK MYOGENESIS,2.9925823867115726,0.004324324324324324,0.0021645021645021645,924,924,6,6
temporal_bytimepoint,Keratinocyte_20_days,scaled,HALLMARK NOTCH SIGNALING,0.8341637653181414,0.1827027027027027,0.0021645021645021645,924,924,6,6
temporal_bytimepoint,Keratinocyte_20_days,scaled,HALLMARK OXIDATIVE PHOSPHORYLATION,-2.9442865095801247,0.004324324324324324,0.0021645021645021645,924,924,6,6
temporal_bytimepoint,Keratinocyte_20_days,scaled,HALLMARK P53 PATHWAY,4.071179089614219,0.004324324324324324,0.0021645021645021645,924,924,6,6
temporal_bytimepoint,Keratinocyte_20_days,scaled,HALLMARK PANCREAS BETA CELLS,8.157052359877344,0.004324324324324324,0.0021645021645021645,924,924,6,6
temporal_bytimepoint,Keratinocyte_20_days,scaled,HALLMARK PEROXISOME,9.824779914292076,0.004324324324324324,0.0021645021645021645,924,924,6,6
temporal_bytimepoint,Keratinocyte_20_days,scaled,HALLMARK PI3K AKT MTOR SIGNALING,3.1804579582480654,0.004324324324324324,0.0021645021645021645,924,924,6,6
temporal_bytimepoint,Keratinocyte_20_days,scaled,HALLMARK PROTEIN SECRETION,1.1782367679093289,0.07243243243243243,0.0021645021645021645,924,924,6,6
temporal_bytimepoint,Keratinocyte_20_days,scaled,HALLMARK REACTIVE OXYGEN SPECIES PATHWAY,0.6674242154193252,0.21405405405405406,0.0021645021645021645,924,924,6,6
temporal_bytimepoint,Keratinocyte_20_days,scaled,HALLMARK SPERMATOGENESIS,6.139919761057229,0.004324324324324324,0.0021645021645021645,924,924,6,6
temporal_bytimepoint,Keratinocyte_20_days,scaled,HALLMARK TGF BETA SIGNALING,-2.0728905352349565,0.004324324324324324,0.0021645021645021645,924,924,6,6
temporal_bytimepoint,Keratinocyte_20_days,scaled,HALLMARK TNFA SIGNALING VIA NFKB,-2.301037499665829,0.011891891891891892,0.0021645021645021645,924,924,6,6
temporal_bytimepoint,Keratinocyte_20_days,scaled,HALLMARK UNFOLDED PROTEIN RESPONSE,0.27425887151158546,0.6086486486486486,0.0021645021645021645,924,924,6,6
temporal_bytimepoint,Keratinocyte_20_days,scaled,HALLMARK UV RESPONSE DN,0.4397261092528881,0.44,0.0021645021645021645,924,924,6,6
temporal_bytimepoint,Keratinocyte_20_days,scaled,HALLMARK UV RESPONSE UP,0.016671364014984154,0.96,0.0021645021645021645,924,924,6,6
temporal_bytimepoint,Keratinocyte_20_days,scaled,HALLMARK WNT BETA CATENIN SIGNALING,-1.439930900543279,0.05081081081081081,0.0021645021645021645,924,924,6,6
temporal_bytimepoint,Keratinocyte_20_days,scaled,HALLMARK XENOBIOTIC METABOLISM,0.5825433246567606,0.2864864864864865,0.0021645021645021645,924,924,6,6
temporal_bytimepoint,Keratinocyte_20_days,scaled,Lysosomal Genes,-0.8123196053751762,0.17621621621621622,0.0021645021645021645,924,924,6,6
temporal_bytimepoint,Melanocyte_4_days,scaled,HALLMARK ADIPOGENESIS,-3.6156077645587748,0.003243243243243243,0.0021645021645021645,924,924,6,6
temporal_bytimepoint,Melanocyte_4_days,scaled,HALLMARK ALLOGRAFT REJECTION,2.7010551388992234,0.003243243243243243,0.0021645021645021645,924,924,6,6
temporal_bytimepoint,Melanocyte_4_days,scaled,HALLMARK ANDROGEN RESPONSE,0.14921147972012191,0.8497297297297297,0.0021645021645021645,924,924,6,6
temporal_bytimepoint,Melanocyte_4_days,scaled,HALLMARK ANGIOGENESIS,-0.8936243492770625,0.08648648648648649,0.0021645021645021645,924,924,6,6
temporal_bytimepoint,Melanocyte_4_days,scaled,HALLMARK APICAL JUNCTION,-1.7297650861868976,0.018378378378378378,0.0021645021645021645,924,924,6,6
temporal_bytimepoint,Melanocyte_4_days,scaled,HALLMARK APICAL SURFACE,-5.119522083839541,0.003243243243243243,0.0021645021645021645,924,924,6,6
temporal_bytimepoint,Melanocyte_4_days,scaled,HALLMARK APOPTOSIS,3.3144604330281537,0.003243243243243243,0.0021645021645021645,924,924,6,6
temporal_bytimepoint,Melanocyte_4_days,scaled,HALLMARK BILE ACID METABOLISM,-3.311607903004743,0.003243243243243243,0.0021645021645021645,924,924,6,6
temporal_bytimepoint,Melanocyte_4_days,scaled,HALLMARK CHOLESTEROL HOMEOSTASIS,0.6736718992568737,0.2616216216216216,0.0021645021645021645,924,924,6,6
temporal_bytimepoint,Melanocyte_4_days,scaled,HALLMARK COAGULATION,0.9597001490108752,0.15135135135135136,0.0021645021645021645,924,924,6,6
temporal_bytimepoint,Melanocyte_4_days,scaled,HALLMARK COMPLEMENT,8.508151632420635,0.003243243243243243,0.0021645021645021645,924,924,6,6
temporal_bytimepoint,Melanocyte_4_days,scaled,HALLMARK DNA REPAIR,-0.008373730270399612,1.0,0.0021645021645021645,924,924,6,6
temporal_bytimepoint,Melanocyte_4_days,scaled,HALLMARK E2F TARGETS,8.586633672609823,0.003243243243243243,0.0021645021645021645,924,924,6,6
temporal_bytimepoint,Melanocyte_4_days,scaled,HALLMARK EPITHELIAL MESENCHYMAL TRANSITION,-2.75956686758704,0.003243243243243243,0.0021645021645021645,924,924,6,6
temporal_bytimepoint,Melanocyte_4_days,scaled,HALLMARK ESTROGEN RESPONSE EARLY,4.81381925626173,0.003243243243243243,0.0021645021645021645,924,924,6,6
temporal_bytimepoint,Melanocyte_4_days,scaled,HALLMARK ESTROGEN RESPONSE LATE,2.952022008828741,0.003243243243243243,0.0021645021645021645,924,924,6,6
temporal_bytimepoint,Melanocyte_4_days,scaled,HALLMARK FATTY ACID METABOLISM,-0.845685564585502,0.1643243243243243,0.0021645021645021645,924,924,6,6
temporal_bytimepoint,Melanocyte_4_days,scaled,HALLMARK G2M CHECKPOINT,0.9669404014826884,0.12864864864864864,0.0021645021645021645,924,924,6,6
temporal_bytimepoint,Melanocyte_4_days,scaled,HALLMARK GLYCOLYSIS,-2.9769216716358664,0.003243243243243243,0.0021645021645021645,924,924,6,6
temporal_bytimepoint,Melanocyte_4_days,scaled,HALLMARK HEDGEHOG SIGNALING,-9.596333918897104,0.003243243243243243,0.0021645021645021645,924,924,6,6
temporal_bytimepoint,Melanocyte_4_days,scaled,HALLMARK HEME METABOLISM,-1.1340704410178524,0.018378378378378378,0.0021645021645021645,924,924,6,6
temporal_bytimepoint,Melanocyte_4_days,scaled,HALLMARK HYPOXIA,3.677936890900621,0.003243243243243243,0.0021645021645021645,924,924,6,6
temporal_bytimepoint,Melanocyte_4_days,scaled,HALLMARK IL2 STAT5 SIGNALING,0.42120303494866634,0.6648648648648648,0.0021645021645021645,924,924,6,6
temporal_bytimepoint,Melanocyte_4_days,scaled,HALLMARK IL6 JAK STAT3 SIGNALING,-2.329123879708834,0.004324324324324324,0.0021645021645021645,924,924,6,6
temporal_bytimepoint,Melanocyte_4_days,scaled,HALLMARK INFLAMMATORY RESPONSE,4.733363225140057,0.003243243243243243,0.0021645021645021645,924,924,6,6
temporal_bytimepoint,Melanocyte_4_days,scaled,HALLMARK INTERFERON ALPHA RESPONSE,-10.850036979807873,0.003243243243243243,0.0021645021645021645,924,924,6,6
temporal_bytimepoint,Melanocyte_4_days,scaled,HALLMARK INTERFERON GAMMA RESPONSE,-2.1920980481080705,0.004324324324324324,0.0021645021645021645,924,924,6,6
temporal_bytimepoint,Melanocyte_4_days,scaled,HALLMARK KRAS SIGNALING DN,3.9202159565110417,0.003243243243243243,0.0021645021645021645,924,924,6,6
temporal_bytimepoint,Melanocyte_4_days,scaled,HALLMARK KRAS SIGNALING UP,0.9649532432503652,0.06594594594594595,0.0021645021645021645,924,924,6,6
temporal_bytimepoint,Melanocyte_4_days,scaled,HALLMARK MITOTIC SPINDLE,-0.35985310096189194,0.6172972972972973,0.0021645021645021645,924,924,6,6
temporal_bytimepoint,Melanocyte_4_days,scaled,HALLMARK MTORC1 SIGNALING,11.375586976339731,0.003243243243243243,0.0021645021645021645,924,924,6,6
temporal_bytimepoint,Melanocyte_4_days,scaled,HALLMARK MYC TARGETS,5.583389007299948,0.003243243243243243,0.0021645021645021645,924,924,6,6
temporal_bytimepoint,Melanocyte_4_days,scaled,HALLMARK MYOGENESIS,-1.1325966995304517,0.08,0.0021645021645021645,924,924,6,6
temporal_bytimepoint,Melanocyte_4_days,scaled,HALLMARK NOTCH SIGNALING,0.1541287616615981,0.8172972972972973,0.0021645021645021645,924,924,6,6
temporal_bytimepoint,Melanocyte_4_days,scaled,HALLMARK OXIDATIVE PHOSPHORYLATION,-1.1513566530927877,0.07351351351351351,0.0021645021645021645,924,924,6,6
temporal_bytimepoint,Melanocyte_4_days,scaled,HALLMARK P53 PATHWAY,4.899803705096287,0.003243243243243243,0.0021645021645021645,924,924,6,6
temporal_bytimepoint,Melanocyte_4_days,scaled,HALLMARK PANCREAS BETA CELLS,-3.2431457067776615,0.003243243243243243,0.0021645021645021645,924,924,6,6
temporal_bytimepoint,Melanocyte_4_days,scaled,HALLMARK PEROXISOME,-1.6563912095171376,0.03351351351351351,0.0021645021645021645,924,924,6,6
temporal_bytimepoint,Melanocyte_4_days,scaled,HALLMARK PI3K AKT MTOR SIGNALING,6.171619332286139,0.003243243243243243,0.0021645021645021645,924,924,6,6
temporal_bytimepoint,Melanocyte_4_days,scaled,HALLMARK PROTEIN SECRETION,-0.7355650945410909,0.2648648648648649,0.0021645021645021645,924,924,6,6
temporal_bytimepoint,Melanocyte_4_days,scaled,HALLMARK REACTIVE OXYGEN SPECIES PATHWAY,1.172901061588555,0.06378378378378378,0.0021645021645021645,924,924,6,6
temporal_bytimepoint,Melanocyte_4_days,scaled,HALLMARK SPERMATOGENESIS,-1.0038786481851893,0.1264864864864865,0.0021645021645021645,924,924,6,6
temporal_bytimepoint,Melanocyte_4_days,scaled,HALLMARK TGF BETA SIGNALING,1.531926977708631,0.003243243243243243,0.0021645021645021645,924,924,6,6
temporal_bytimepoint,Melanocyte_4_days,scaled,HALLMARK TNFA SIGNALING VIA NFKB,2.558612211536171,0.003243243243243243,0.0021645021645021645,924,924,6,6
temporal_bytimepoint,Melanocyte_4_days,scaled,HALLMARK UNFOLDED PROTEIN RESPONSE,2.363518255477352,0.003243243243243243,0.0021645021645021645,924,924,6,6
temporal_bytimepoint,Melanocyte_4_days,scaled,HALLMARK UV RESPONSE DN,0.05959914440203308,0.9362162162162162,0.0021645021645021645,924,924,6,6
temporal_bytimepoint,Melanocyte_4_days,scaled,HALLMARK UV RESPONSE UP,10.466894575760419,0.003243243243243243,0.0021645021645021645,924,924,6,6
temporal_bytimepoint,Melanocyte_4_days,scaled,HALLMARK WNT BETA CATENIN SIGNALING,-1.4586320926934777,0.032432432432432434,0.0021645021645021645,924,924,6,6
temporal_bytimepoint,Melanocyte_4_days,scaled,HALLMARK XENOBIOTIC METABOLISM,4.9250552819840605,0.003243243243243243,0.0021645021645021645,924,924,6,6
temporal_bytimepoint,Melanocyte_4_days,scaled,Lysosomal Genes,1.8779681156783639,0.006486486486486486,0.0021645021645021645,924,924,6,6
temporal_bytimepoint,Melanocyte_10_days,scaled,HALLMARK ADIPOGENESIS,-5.25808567432671,0.003243243243243243,0.0021645021645021645,924,924,6,6
temporal_bytimepoint,Melanocyte_10_days,scaled,HALLMARK ALLOGRAFT REJECTION,-1.426083166361503,0.023783783783783784,0.0021645021645021645,924,924,6,6
temporal_bytimepoint,Melanocyte_10_days,scaled,HALLMARK ANDROGEN RESPONSE,-0.7596360057282305,0.21297297297297296,0.0021645021645021645,924,924,6,6
temporal_bytimepoint,Melanocyte_10_days,scaled,HALLMARK ANGIOGENESIS,-2.434407895537346,0.003243243243243243,0.0021645021645021645,924,924,6,6
temporal_bytimepoint,Melanocyte_10_days,scaled,HALLMARK APICAL JUNCTION,-1.407705028315122,0.03783783783783784,0.0021645021645021645,924,924,6,6
temporal_bytimepoint,Melanocyte_10_days,scaled,HALLMARK APICAL SURFACE,-2.2509680758317465,0.004324324324324324,0.0021645021645021645,924,924,6,6
temporal_bytimepoint,Melanocyte_10_days,scaled,HALLMARK APOPTOSIS,3.352446972035522,0.003243243243243243,0.0021645021645021645,924,924,6,6
temporal_bytimepoint,Melanocyte_10_days,scaled,HALLMARK BILE ACID METABOLISM,-2.2702440854575996,0.0075675675675675675,0.0021645021645021645,924,924,6,6
temporal_bytimepoint,Melanocyte_10_days,scaled,HALLMARK CHOLESTEROL HOMEOSTASIS,-1.6815811629763293,0.032432432432432434,0.0021645021645021645,924,924,6,6
temporal_bytimepoint,Melanocyte_10_days,scaled,HALLMARK COAGULATION,0.7535300497874855,0.24216216216216216,0.0021645021645021645,924,924,6,6
temporal_bytimepoint,Melanocyte_10_days,scaled,HALLMARK COMPLEMENT,2.250532001513839,0.006486486486486486,0.0021645021645021645,924,924,6,6
temporal_bytimepoint,Melanocyte_10_days,scaled,HALLMARK DNA REPAIR,1.572464151537559,0.003243243243243243,0.0021645021645021645,924,924,6,6
temporal_bytimepoint,Melanocyte_10_days,scaled,HALLMARK E2F TARGETS,4.594582437024965,0.003243243243243243,0.0021645021645021645,924,924,6,6
temporal_bytimepoint,Melanocyte_10_days,scaled,HALLMARK EPITHELIAL MESENCHYMAL TRANSITION,-2.4305580758711853,0.008648648648648649,0.0021645021645021645,924,924,6,6
temporal_bytimepoint,Melanocyte_10_days,scaled,HALLMARK ESTROGEN RESPONSE EARLY,3.5357955783633113,0.003243243243243243,0.0021645021645021645,924,924,6,6
temporal_bytimepoint,Melanocyte_10_days,scaled,HALLMARK ESTROGEN RESPONSE LATE,1.7353950913685205,0.03027027027027027,0.0021645021645021645,924,924,6,6
temporal_bytimepoint,Melanocyte_10_days,scaled,HALLMARK FATTY ACID METABOLISM,-0.7508377044072393,0.23027027027027028,0.0021645021645021645,924,924,6,6
temporal_bytimepoint,Melanocyte_10_days,scaled,HALLMARK G2M CHECKPOINT,-1.7519850138618152,0.004324324324324324,0.0021645021645021645,924,924,6,6
temporal_bytimepoint,Melanocyte_10_days,scaled,HALLMARK GLYCOLYSIS,-1.8204992753493865,0.024864864864864864,0.0021645021645021645,924,924,6,6
temporal_bytimepoint,Melanocyte_10_days,scaled,HALLMARK HEDGEHOG SIGNALING,-3.642954297025437,0.003243243243243243,0.0021645021645021645,924,924,6,6
temporal_bytimepoint,Melanocyte_10_days,scaled,HALLMARK HEME METABOLISM,-0.05690076720842482,0.9664864864864865,0.0021645021645021645,924,924,6,6
temporal_bytimepoint,Melanocyte_10_days,scaled,HALLMARK HYPOXIA,3.4137446726386314,0.003243243243243243,0.0021645021645021645,924,924,6,6
temporal_bytimepoint,Melanocyte_10_days,scaled,HALLMARK IL2 STAT5 SIGNALING,2.386413942544695,0.003243243243243243,0.0021645021645021645,924,924,6,6
temporal_bytimepoint,Melanocyte_10_days,scaled,HALLMARK IL6 JAK STAT3 SIGNALING,1.1473568760579693,0.07135135135135136,0.0021645021645021645,924,924,6,6
temporal_bytimepoint,Melanocyte_10_days,scaled,HALLMARK INFLAMMATORY RESPONSE,5.426655097531655,0.003243243243243243,0.0021645021645021645,924,924,6,6
temporal_bytimepoint,Melanocyte_10_days,scaled,HALLMARK INTERFERON ALPHA RESPONSE,-7.202860163014478,0.003243243243243243,0.0021645021645021645,924,924,6,6
temporal_bytimepoint,Melanocyte_10_days,scaled,HALLMARK INTERFERON GAMMA RESPONSE,-1.8758303433315944,0.008648648648648649,0.0021645021645021645,924,924,6,6
temporal_bytimepoint,Melanocyte_10_days,scaled,HALLMARK KRAS SIGNALING DN,2.5133408064315033,0.003243243243243243,0.0021645021645021645,924,924,6,6
temporal_bytimepoint,Melanocyte_10_days,scaled,HALLMARK KRAS SIGNALING UP,0.18445898938743957,0.8735135135135135,0.0021645021645021645,924,924,6,6
temporal_bytimepoint,Melanocyte_10_days,scaled,HALLMARK MITOTIC SPINDLE,-1.0458200618345437,0.08432432432432432,0.0021645021645021645,924,924,6,6
temporal_bytimepoint,Melanocyte_10_days,scaled,HALLMARK MTORC1 SIGNALING,11.626068158308383,0.003243243243243243,0.0021645021645021645,924,924,6,6
temporal_bytimepoint,Melanocyte_10_days,scaled,HALLMARK MYC TARGETS,5.234299059402702,0.003243243243243243,0.0021645021645021645,924,924,6,6
temporal_bytimepoint,Melanocyte_10_days,scaled,HALLMARK MYOGENESIS,-2.9320240721185407,0.003243243243243243,0.0021645021645021645,924,924,6,6
temporal_bytimepoint,Melanocyte_10_days,scaled,HALLMARK NOTCH SIGNALING,-1.2301477128577443,0.07891891891891892,0.0021645021645021645,924,924,6,6
temporal_bytimepoint,Melanocyte_10_days,scaled,HALLMARK OXIDATIVE PHOSPHORYLATION,-2.727991243955098,0.006486486486486486,0.0021645021645021645,924,924,6,6
temporal_bytimepoint,Melanocyte_10_days,scaled,HALLMARK P53 PATHWAY,5.046770565830714,0.003243243243243243,0.0021645021645021645,924,924,6,6
temporal_bytimepoint,Melanocyte_10_days,scaled,HALLMARK PANCREAS BETA CELLS,-0.9773879806691758,0.08216216216216216,0.0021645021645021645,924,924,6,6
temporal_bytimepoint,Melanocyte_10_days,scaled,HALLMARK PEROXISOME,-1.2871226008994519,0.03351351351351351,0.0021645021645021645,924,924,6,6
temporal_bytimepoint,Melanocyte_10_days,scaled,HALLMARK PI3K AKT MTOR SIGNALING,5.964660532571882,0.003243243243243243,0.0021645021645021645,924,924,6,6
temporal_bytimepoint,Melanocyte_10_days,scaled,HALLMARK PROTEIN SECRETION,-0.7642770617968115,0.20216216216216215,0.0021645021645021645,924,924,6,6
temporal_bytimepoint,Melanocyte_10_days,scaled,HALLMARK REACTIVE OXYGEN SPECIES PATHWAY,0.8868955510554681,0.16,0.0021645021645021645,924,924,6,6
temporal_bytimepoint,Melanocyte_10_days,scaled,HALLMARK SPERMATOGENESIS,-0.9321467928500934,0.15675675675675677,0.0021645021645021645,924,924,6,6
temporal_bytimepoint,Melanocyte_10_days,scaled,HALLMARK TGF BETA SIGNALING,1.3787466141097857,0.004324324324324324,0.0021645021645021645,924,924,6,6
temporal_bytimepoint,Melanocyte_10_days,scaled,HALLMARK TNFA SIGNALING VIA NFKB,2.7105740305286306,0.003243243243243243,0.0021645021645021645,924,924,6,6
temporal_bytimepoint,Melanocyte_10_days,scaled,HALLMARK UNFOLDED PROTEIN RESPONSE,2.9309961320302125,0.003243243243243243,0.0021645021645021645,924,924,6,6
temporal_bytimepoint,Melanocyte_10_days,scaled,HALLMARK UV RESPONSE DN,-0.9604259285722262,0.13297297297297297,0.0021645021645021645,924,924,6,6
temporal_bytimepoint,Melanocyte_10_days,scaled,HALLMARK UV RESPONSE UP,5.628553602252362,0.003243243243243243,0.0021645021645021645,924,924,6,6
temporal_bytimepoint,Melanocyte_10_days,scaled,HALLMARK WNT BETA CATENIN SIGNALING,0.4443114858678903,0.4454054054054054,0.0021645021645021645,924,924,6,6
temporal_bytimepoint,Melanocyte_10_days,scaled,HALLMARK XENOBIOTIC METABOLISM,3.3435988809312303,0.003243243243243243,0.0021645021645021645,924,924,6,6
temporal_bytimepoint,Melanocyte_10_days,scaled,Lysosomal Genes,-1.2250869078046414,0.05945945945945946,0.0021645021645021645,924,924,6,6
temporal_bytimepoint,Melanocyte_20_days,scaled,HALLMARK ADIPOGENESIS,-3.150715147266149,0.004324324324324324,0.0021645021645021645,924,924,6,6
temporal_bytimepoint,Melanocyte_20_days,scaled,HALLMARK ALLOGRAFT REJECTION,-0.09339793800389765,0.867027027027027,0.0021645021645021645,924,924,6,6
temporal_bytimepoint,Melanocyte_20_days,scaled,HALLMARK ANDROGEN RESPONSE,-0.6705298513852851,0.32756756756756755,0.0021645021645021645,924,924,6,6
temporal_bytimepoint,Melanocyte_20_days,scaled,HALLMARK ANGIOGENESIS,-0.8953996268471146,0.12864864864864864,0.0021645021645021645,924,924,6,6
temporal_bytimepoint,Melanocyte_20_days,scaled,HALLMARK APICAL JUNCTION,-1.3940407795028378,0.04,0.0021645021645021645,924,924,6,6
temporal_bytimepoint,Melanocyte_20_days,scaled,HALLMARK APICAL SURFACE,-2.5400435940904433,0.004324324324324324,0.0021645021645021645,924,924,6,6
temporal_bytimepoint,Melanocyte_20_days,scaled,HALLMARK APOPTOSIS,2.733211536499284,0.004324324324324324,0.0021645021645021645,924,924,6,6
temporal_bytimepoint,Melanocyte_20_days,scaled,HALLMARK BILE ACID METABOLISM,-0.9245274518807602,0.13837837837837838,0.0021645021645021645,924,924,6,6
temporal_bytimepoint,Melanocyte_20_days,scaled,HALLMARK CHOLESTEROL HOMEOSTASIS,-1.9811778149187216,0.011891891891891892,0.0021645021645021645,924,924,6,6
temporal_bytimepoint,Melanocyte_20_days,scaled,HALLMARK COAGULATION,1.1586707497452424,0.055135135135135134,0.0021645021645021645,924,924,6,6
temporal_bytimepoint,Melanocyte_20_days,scaled,HALLMARK COMPLEMENT,5.157745838484701,0.004324324324324324,0.0021645021645021645,924,924,6,6
temporal_bytimepoint,Melanocyte_20_days,scaled,HALLMARK DNA REPAIR,1.935739788137992,0.004324324324324324,0.0021645021645021645,924,924,6,6
temporal_bytimepoint,Melanocyte_20_days,scaled,HALLMARK E2F TARGETS,5.504821160500397,0.004324324324324324,0.0021645021645021645,924,924,6,6
temporal_bytimepoint,Melanocyte_20_days,scaled,HALLMARK EPITHELIAL MESENCHYMAL TRANSITION,-0.7321503036706205,0.23675675675675675,0.0021645021645021645,924,924,6,6
temporal_bytimepoint,Melanocyte_20_days,scaled,HALLMARK ESTROGEN RESPONSE EARLY,4.342891863016201,0.004324324324324324,0.0021645021645021645,924,924,6,6
temporal_bytimepoint,Melanocyte_20_days,scaled,HALLMARK ESTROGEN RESPONSE LATE,2.818650412157869,0.00972972972972973,0.0021645021645021645,924,924,6,6
temporal_bytimepoint,Melanocyte_20_days,scaled,HALLMARK FATTY ACID METABOLISM,-0.22685081212777353,0.6983783783783784,0.0021645021645021645,924,924,6,6
temporal_bytimepoint,Melanocyte_20_days,scaled,HALLMARK G2M CHECKPOINT,-1.593685816765638,0.005405405405405406,0.0021645021645021645,924,924,6,6
temporal_bytimepoint,Melanocyte_20_days,scaled,HALLMARK GLYCOLYSIS,-0.7179312205061092,0.2464864864864865,0.0021645021645021645,924,924,6,6
temporal_bytimepoint,Melanocyte_20_days,scaled,HALLMARK HEDGEHOG SIGNALING,-0.6043780660143849,0.34378378378378377,0.0021645021645021645,924,924,6,6
temporal_bytimepoint,Melanocyte_20_days,scaled,HALLMARK HEME METABOLISM,1.5071517584133296,0.03891891891891892,0.0021645021645021645,924,924,6,6
temporal_bytimepoint,Melanocyte_20_days,scaled,HALLMARK HYPOXIA,3.4195591212085503,0.004324324324324324,0.0021645021645021645,924,924,6,6
temporal_bytimepoint,Melanocyte_20_days,scaled,HALLMARK IL2 STAT5 SIGNALING,2.520944683011819,0.004324324324324324,0.0021645021645021645,924,924,6,6
temporal_bytimepoint,Melanocyte_20_days,scaled,HALLMARK IL6 JAK STAT3 SIGNALING,-0.7538361942970193,0.2464864864864865,0.0021645021645021645,924,924,6,6
temporal_bytimepoint,Melanocyte_20_days,scaled,HALLMARK INFLAMMATORY RESPONSE,5.146278445382878,0.004324324324324324,0.0021645021645021645,924,924,6,6
temporal_bytimepoint,Melanocyte_20_days,scaled,HALLMARK INTERFERON ALPHA RESPONSE,-9.487835580474002,0.004324324324324324,0.0021645021645021645,924,924,6,6
temporal_bytimepoint,Melanocyte_20_days,scaled,HALLMARK INTERFERON GAMMA RESPONSE,-2.5107334595306514,0.006486486486486486,0.0021645021645021645,924,924,6,6
temporal_bytimepoint,Melanocyte_20_days,scaled,HALLMARK KRAS SIGNALING DN,3.233020480886952,0.004324324324324324,0.0021645021645021645,924,924,6,6
temporal_bytimepoint,Melanocyte_20_days,scaled,HALLMARK KRAS SIGNALING UP,0.6746990535225136,0.3027027027027027,0.0021645021645021645,924,924,6,6
temporal_bytimepoint,Melanocyte_20_days,scaled,HALLMARK MITOTIC SPINDLE,0.3608389285220738,0.5448648648648649,0.0021645021645021645,924,924,6,6
temporal_bytimepoint,Melanocyte_20_days,scaled,HALLMARK MTORC1 SIGNALING,10.665624788970927,0.004324324324324324,0.0021645021645021645,924,924,6,6
temporal_bytimepoint,Melanocyte_20_days,scaled,HALLMARK MYC TARGETS,2.426467915399627,0.004324324324324324,0.0021645021645021645,924,924,6,6
temporal_bytimepoint,Melanocyte_20_days,scaled,HALLMARK MYOGENESIS,0.354050405111233,0.5621621621621622,0.0021645021645021645,924,924,6,6
temporal_bytimepoint,Melanocyte_20_days,scaled,HALLMARK NOTCH SIGNALING,-0.04646051224706715,0.9308108108108109,0.0021645021645021645,924,924,6,6
temporal_bytimepoint,Melanocyte_20_days,scaled,HALLMARK OXIDATIVE PHOSPHORYLATION,-1.090554649473346,0.08216216216216216,0.0021645021645021645,924,924,6,6
temporal_bytimepoint,Melanocyte_20_days,scaled,HALLMARK P53 PATHWAY,5.168412643696624,0.004324324324324324,0.0021645021645021645,924,924,6,6
temporal_bytimepoint,Melanocyte_20_days,scaled,HALLMARK PANCREAS BETA CELLS,-3.0998313440307355,0.004324324324324324,0.0021645021645021645,924,924,6,6
temporal_bytimepoint,Melanocyte_20_days,scaled,HALLMARK PEROXISOME,-0.7962326037762832,0.1989189189189189,0.0021645021645021645,924,924,6,6
temporal_bytimepoint,Melanocyte_20_days,scaled,HALLMARK PI3K AKT MTOR SIGNALING,5.5247295947491075,0.004324324324324324,0.0021645021645021645,924,924,6,6
temporal_bytimepoint,Melanocyte_20_days,scaled,HALLMARK PROTEIN SECRETION,0.780569749741156,0.23027027027027028,0.0021645021645021645,924,924,6,6
temporal_bytimepoint,Melanocyte_20_days,scaled,HALLMARK REACTIVE OXYGEN SPECIES PATHWAY,0.019295668904479195,0.9794594594594594,0.0021645021645021645,924,924,6,6
temporal_bytimepoint,Melanocyte_20_days,scaled,HALLMARK SPERMATOGENESIS,-1.5065161310457125,0.02918918918918919,0.0021645021645021645,924,924,6,6
temporal_bytimepoint,Melanocyte_20_days,scaled,HALLMARK TGF BETA SIGNALING,1.904433218707642,0.004324324324324324,0.0021645021645021645,924,924,6,6
temporal_bytimepoint,Melanocyte_20_days,scaled,HALLMARK TNFA SIGNALING VIA NFKB,2.614138261866088,0.004324324324324324,0.0021645021645021645,924,924,6,6
temporal_bytimepoint,Melanocyte_20_days,scaled,HALLMARK UNFOLDED PROTEIN RESPONSE,3.102996302585048,0.004324324324324324,0.0021645021645021645,924,924,6,6
temporal_bytimepoint,Melanocyte_20_days,scaled,HALLMARK UV RESPONSE DN,-0.11713831417222623,0.8735135135135135,0.0021645021645021645,924,924,6,6
temporal_bytimepoint,Melanocyte_20_days,scaled,HALLMARK UV RESPONSE UP,8.44543202777438,0.004324324324324324,0.0021645021645021645,924,924,6,6
temporal_bytimepoint,Melanocyte_20_days,scaled,HALLMARK WNT BETA CATENIN SIGNALING,2.0469443168207766,0.006486486486486486,0.0021645021645021645,924,924,6,6
temporal_bytimepoint,Melanocyte_20_days,scaled,HALLMARK XENOBIOTIC METABOLISM,2.0649701417961883,0.004324324324324324,0.0021645021645021645,924,924,6,6
temporal_bytimepoint,Melanocyte_20_days,scaled,Lysosomal Genes,1.189566379847442,0.08432432432432432,0.0021645021645021645,924,924,6,6
meta_analysis,CICQ,yugene,HALLMARK ADIPOGENESIS,1.3153068897369626,0.0004997501249375312,2.0710193391086377e-21,2000,965708027072695321800,19,91
meta_analysis,CICQ,yugene,HALLMARK ALLOGRAFT REJECTION,-0.8123208780100126,0.0014992503748125937,2.0710193391086377e-21,2000,965708027072695321800,19,91
meta_analysis,CICQ,yugene,HALLMARK ANDROGEN RESPONSE,0.5260403963875397,0.0384807596201899,2.0710193391086377e-21,2000,965708027072695321800,19,91
meta_analysis,CICQ,yugene,HALLMARK ANGIOGENESIS,0.22677713434881017,0.3663168415792104,2.0710193391086377e-21,2000,965708027072695321800,19,91
meta_analysis,CICQ,yugene,HALLMARK APICAL JUNCTION,0.510167907498104,0.04847576211894053,2.0710193391086377e-21,2000,965708027072695321800,19,91
meta_analysis,CICQ,yugene,HALLMARK APICAL SURFACE,-0.03068963201726856,0.9070464767616192,2.0710193391086377e-21,2000,965708027072695321800,19,91
meta_analysis,CICQ,yugene,HALLMARK APOPTOSIS,-0.5826657297601164,0.02348825587206397,2.0710193391086377e-21,2000,965708027072695321800,19,91
meta_analysis,CICQ,yugene,HALLMARK BILE ACID METABOLISM,0.9994657704895794,0.0004997501249375312,2.0710193391086377e-21,2000,965708027072695321800,19,91
meta_analysis,CICQ,yugene,HALLMARK CHOLESTEROL HOMEOSTASIS,-0.88680634224484,0.0004997501249375312,2.0710193391086377e-21,2000,965708027072695321800,19,91
meta_analysis,CICQ,yugene,HALLMARK COAGULATION,-0.29835063962288616,0.24537731134432783,2.0710193391086377e-21,2000,965708027072695321800,19,91
meta_analysis,CICQ,yugene,HALLMARK COMPLEMENT,0.899744216228735,0.0009995002498750624,2.0710193391086377e-21,2000,965708027072695321800,19,91
meta_analysis,CICQ,yugene,HALLMARK DNA REPAIR,0.12138813860399472,0.6251874062968515,2.0710193391086377e-21,2000,965708027072695321800,19,91
meta_analysis,CICQ,yugene,HALLMARK E2F TARGETS,0.40911811613858845,0.11594202898550725,2.0710193391086377e-21,2000,965708027072695321800,19,91
meta_analysis,CICQ,yugene,HALLMARK EPITHELIAL MESENCHYMAL TRANSITION,0.31636712361077535,0.21389305347326337,2.0710193391086377e-21,2000,965708027072695321800,19,91
meta_analysis,CICQ,yugene,HALLMARK ESTROGEN RESPONSE EARLY,-0.015305149629658045,0.9510244877561219,2.0710193391086377e-21,2000,965708027072695321800,19,91
meta_analysis,CICQ,yugene,HALLMARK ESTROGEN RESPONSE LATE,-0.8619145296289948,0.0004997501249375312,2.0710193391086377e-21,2000,965708027072695321800,19,91
meta_analysis,CICQ,yugene,HALLMARK FATTY ACID METABOLISM,1.1401684462701933,0.0004997501249375312,2.0710193391086377e-21,2000,965708027072695321800,19,91
meta_analysis,CICQ,yugene,HALLMARK G2M CHECKPOINT,0.2602264179298063,0.3243378310844578,2.0710193391086377e-21,2000,965708027072695321800,19,91
meta_analysis,CICQ,yugene,HALLMARK GLYCOLYSIS,1.2661122111651273,0.0004997501249375312,2.0710193391086377e-21,2000,965708027072695321800,19,91
meta_analysis,CICQ,yugene,HALLMARK HEDGEHOG SIGNALING,-0.29289277942657177,0.2318840579710145,2.0710193391086377e-21,2000,965708027072695321800,19,91
meta_analysis,CICQ,yugene,HALLMARK HEME METABOLISM,1.3233716414935977,0.0004997501249375312,2.0710193391086377e-21,2000,965708027072695321800,19,91
meta_analysis,CICQ,yugene,HALLMARK HYPOXIA,-0.2184304197394537,0.39430284857571213,2.0710193391086377e-21,2000,965708027072695321800,19,91
meta_analysis,CICQ,yugene,HALLMARK IL2 STAT5 SIGNALING,0.8007485733136016,0.0014992503748125937,2.0710193391086377e-21,2000,965708027072695321800,19,91
meta_analysis,CICQ,yugene,HALLMARK IL6 JAK STAT3 SIGNALING,0.8778767073685515,0.0014992503748125937,2.0710193391086377e-21,2000,965708027072695321800,19,91
meta_analysis,CICQ,yugene,HALLMARK INFLAMMATORY RESPONSE,-0.7287544598954568,0.006496751624187906,2.0710193391086377e-21,2000,965708027072695321800,19,91
meta_analysis,CICQ,yugene,HALLMARK INTERFERON ALPHA RESPONSE,-0.5260452196613706,0.03548225887056472,2.0710193391086377e-21,2000,965708027072695321800,19,91
meta_analysis,CICQ,yugene,HALLMARK INTERFERON GAMMA RESPONSE,-0.5890107385927863,0.021989005497251374,2.0710193391086377e-21,2000,965708027072695321800,19,91
meta_analysis,CICQ,yugene,HALLMARK KRAS SIGNALING DN,0.4213476061137426,0.09345327336331834,2.0710193391086377e-21,2000,965708027072695321800,19,91
meta_analysis,CICQ,yugene,HALLMARK KRAS SIGNALING UP,1.6929186388476496,0.0004997501249375312,2.0710193391086377e-21,2000,965708027072695321800,19,91
meta_analysis,CICQ,yugene,HALLMARK MITOTIC SPINDLE,1.0331464630384606,0.0004997501249375312,2.0710193391086377e-21,2000,965708027072695321800,19,91
meta_analysis,CICQ,yugene,HALLMARK MTORC1 SIGNALING,1.101825062343108,0.0009995002498750624,2.0710193391086377e-21,2000,965708027072695321800,19,91
meta_analysis,CICQ,yugene,HALLMARK MYC TARGETS,0.7736918671624017,0.004997501249375313,2.0710193391086377e-21,2000,965708027072695321800,19,91
meta_analysis,CICQ,yugene,HALLMARK MYOGENESIS,1.042452848582366,0.0004997501249375312,2.0710193391086377e-21,2000,965708027072695321800,19,91
meta_analysis,CICQ,yugene,HALLMARK NOTCH SIGNALING,-1.0172493189190654,0.0009995002498750624,2.0710193391086377e-21,2000,965708027072695321800,19,91
meta_analysis,CICQ,yugene,HALLMARK OXIDATIVE PHOSPHORYLATION,0.7432266228899999,0.006496751624187906,2.0710193391086377e-21,2000,965708027072695321800,19,91
meta_analysis,CICQ,yugene,HALLMARK P53 PATHWAY,0.24489568825511285,0.32033983008495753,2.0710193391086377e-21,2000,965708027072695321800,19,91
meta_analysis,CICQ,yugene,HALLMARK PANCREAS BETA CELLS,0.21373547687181368,0.3638180909545227,2.0710193391086377e-21,2000,965708027072695321800,19,91
meta_analysis,CICQ,yugene,HALLMARK PEROXISOME,-0.18822986701872255,0.4572713643178411,2.0710193391086377e-21,2000,965708027072695321800,19,91
meta_analysis,CICQ,yugene,HALLMARK PI3K AKT MTOR SIGNALING,0.35230690044357005,0.18240879560219891,2.0710193391086377e-21,2000,965708027072695321800,19,91
meta_analysis,CICQ,yugene,HALLMARK PROTEIN SECRETION,0.3545702003601878,0.1729135432283858,2.0710193391086377e-21,2000,965708027072695321800,19,91
meta_analysis,CICQ,yugene,HALLMARK REACTIVE OXYGEN SPECIES PATHWAY,-2.096170237910743,0.0004997501249375312,2.0710193391086377e-21,2000,965708027072695321800,19,91
meta_analysis,CICQ,yugene,HALLMARK SPERMATOGENESIS,0.4691716583725908,0.07146426786606697,2.0710193391086377e-21,2000,965708027072695321800,19,91
meta_analysis,CICQ,yugene,HALLMARK TGF BETA SIGNALING,-0.05406356405726385,0.8455772113943029,2.0710193391086377e-21,2000,965708027072695321800,19,91
meta_analysis,CICQ,yugene,HALLMARK TNFA SIGNALING VIA NFKB,-1.5605061114275813,0.0004997501249375312,2.0710193391086377e-21,2000,965708027072695321800,19,91
meta_analysis,CICQ,yugene,HALLMARK UNFOLDED PROTEIN RESPONSE,-1.0015958569118233,0.0004997501249375312,2.0710193391086377e-21,2000,965708027072695321800,19,91
meta_analysis,CICQ,yugene,HALLMARK UV RESPONSE DN,0.507396030588977,0.04597701149425287,2.0710193391086377e-21,2000,965708027072695321800,19,91
meta_analysis,CICQ,yugene,HALLMARK UV RESPONSE UP,0.22691674649318982,0.36081959020489757,2.0710193391086377e-21,2000,965708027072695321800,19,91
meta_analysis,CICQ,yugene,HALLMARK WNT BETA CATENIN SIGNALING,-0.1577773769609977,0.5377311344327836,2.0710193391086377e-21,2000,965708027072695321800,19,91
meta_analysis,CICQ,yugene,HALLMARK XENOBIOTIC METABOLISM,0.892765602937431,0.0004997501249375312,2.0710193391086377e-21,2000,965708027072695321800,19,91
meta_analysis,CICQ,yugene,Lysosomal Genes,1.3647234308985132,0.0004997501249375312,2.0710193391086377e-21,2000,965708027072695321800,19,91
meta_analysis,SSCQ,yugene,HALLMARK ADIPOGENESIS,0.24615394266219945,0.3023488255872064,1.3621868410783912e-23,2000,146822736770579605107120,22,91
meta_analysis,SSCQ,yugene,HALLMARK ALLOGRAFT REJECTION,-0.07278699767682689,0.7541229385307346,1.3621868410783912e-23,2000,146822736770579605107120,22,91
meta_analysis,SSCQ,yugene,HALLMARK ANDROGEN RESPONSE,0.2527588892302466,0.2798600699650175,1.3621868410783912e-23,2000,146822736770579605107120,22,91
meta_analysis,SSCQ,yugene,HALLMARK ANGIOGENESIS,-0.5534967402511204,0.025987006496751622,1.3621868410783912e-23,2000,146822736770579605107120,22,91
meta_analysis,SSCQ,yugene,HALLMARK APICAL JUNCTION,1.018866863705361,0.0004997501249375312,1.3621868410783912e-23,2000,146822736770579605107120,22,91
meta_analysis,SSCQ,yugene,HALLMARK APICAL SURFACE,-0.04921770979219617,0.8170914542728636,1.3621868410783912e-23,2000,146822736770579605107120,22,91
meta_analysis,SSCQ,yugene,HALLMARK APOPTOSIS,0.07991992431573852,0.7396301849075462,1.3621868410783912e-23,2000,146822736770579605107120,22,91
meta_analysis,SSCQ,yugene,HALLMARK BILE ACID METABOLISM,1.2212877777835403,0.0004997501249375312,1.3621868410783912e-23,2000,146822736770579605107120,22,91
meta_analysis,SSCQ,yugene,HALLMARK CHOLESTEROL HOMEOSTASIS,-0.470860889666081,0.05297351324337831,1.3621868410783912e-23,2000,146822736770579605107120,22,91
meta_analysis,SSCQ,yugene,HALLMARK COAGULATION,0.29494863708937324,0.20339830084957522,1.3621868410783912e-23,2000,146822736770579605107120,22,91
meta_analysis,SSCQ,yugene,HALLMARK COMPLEMENT,0.4259989134733098,0.06796601699150424,1.3621868410783912e-23,2000,146822736770579605107120,22,91
meta_analysis,SSCQ,yugene,HALLMARK DNA REPAIR,0.28817783790143386,0.22538730634682658,1.3621868410783912e-23,2000,146822736770579605107120,22,91
meta_analysis,SSCQ,yugene,HALLMARK E2F TARGETS,0.31885775220875084,0.19290354822588707,1.3621868410783912e-23,2000,146822736770579605107120,22,91
meta_analysis,SSCQ,yugene,HALLMARK EPITHELIAL MESENCHYMAL TRANSITION,0.5631808558168859,0.02048975512243878,1.3621868410783912e-23,2000,146822736770579605107120,22,91
meta_analysis,SSCQ,yugene,HALLMARK ESTROGEN RESPONSE EARLY,0.10091541321913353,0.6781609195402298,1.3621868410783912e-23,2000,146822736770579605107120,22,91
meta_analysis,SSCQ,yugene,HALLMARK ESTROGEN RESPONSE LATE,-0.5569277902759898,0.02148925537231384,1.3621868410783912e-23,2000,146822736770579605107120,22,91
meta_analysis,SSCQ,yugene,HALLMARK FATTY ACID METABOLISM,0.5675198154175238,0.02048975512243878,1.3621868410783912e-23,2000,146822736770579605107120,22,91
meta_analysis,SSCQ,yugene,HALLMARK G2M CHECKPOINT,0.5101398237479577,0.03648175912043978,1.3621868410783912e-23,2000,146822736770579605107120,22,91
meta_analysis,SSCQ,yugene,HALLMARK GLYCOLYSIS,0.18456469453433308,0.4387806096951524,1.3621868410783912e-23,2000,146822736770579605107120,22,91
meta_analysis,SSCQ,yugene,HALLMARK HEDGEHOG SIGNALING,-0.6296970734279802,0.009995002498750625,1.3621868410783912e-23,2000,146822736770579605107120,22,91
meta_analysis,SSCQ,yugene,HALLMARK HEME METABOLISM,0.45512914093161594,0.049475262368815595,1.3621868410783912e-23,2000,146822736770579605107120,22,91
meta_analysis,SSCQ,yugene,HALLMARK HYPOXIA,0.342104164754006,0.15892053973013492,1.3621868410783912e-23,2000,146822736770579605107120,22,91
meta_analysis,SSCQ,yugene,HALLMARK IL2 STAT5 SIGNALING,0.3852790837003149,0.11144427786106946,1.3621868410783912e-23,2000,146822736770579605107120,22,91
meta_analysis,SSCQ,yugene,HALLMARK IL6 JAK STAT3 SIGNALING,-0.09790366160729877,0.6696651674162919,1.3621868410783912e-23,2000,146822736770579605107120,22,91
meta_analysis,SSCQ,yugene,HALLMARK INFLAMMATORY RESPONSE,-0.225388707917874,0.34832583708145926,1.3621868410783912e-23,2000,146822736770579605107120,22,91
meta_analysis,SSCQ,yugene,HALLMARK INTERFERON ALPHA RESPONSE,-1.1388679797480907,0.0004997501249375312,1.3621868410783912e-23,2000,146822736770579605107120,22,91
meta_analysis,SSCQ,yugene,HALLMARK INTERFERON GAMMA RESPONSE,-0.34271896717207906,0.15242378810594703,1.3621868410783912e-23,2000,146822736770579605107120,22,91
meta_analysis,SSCQ,yugene,HALLMARK KRAS SIGNALING DN,1.3205813241192488,0.0004997501249375312,1.3621868410783912e-23,2000,146822736770579605107120,22,91
meta_analysis,SSCQ,yugene,HALLMARK KRAS SIGNALING UP,0.7294276642705647,0.004997501249375313,1.3621868410783912e-23,2000,146822736770579605107120,22,91
meta_analysis,SSCQ,yugene,HALLMARK MITOTIC SPINDLE,0.9475574745163997,0.0004997501249375312,1.3621868410783912e-23,2000,146822736770579605107120,22,91
meta_analysis,SSCQ,yugene,HALLMARK MTORC1 SIGNALING,0.45398821885311164,0.057971014492753624,1.3621868410783912e-23,2000,146822736770579605107120,22,91
meta_analysis,SSCQ,yugene,HALLMARK MYC TARGETS,0.05810471211799988,0.8250874562718641,1.3621868410783912e-23,2000,146822736770579605107120,22,91
meta_analysis,SSCQ,yugene,HALLMARK MYOGENESIS,1.3119117558526403,0.0004997501249375312,1.3621868410783912e-23,2000,146822736770579605107120,22,91
meta_analysis,SSCQ,yugene,HALLMARK NOTCH SIGNALING,-1.1124378263675851,0.0004997501249375312,1.3621868410783912e-23,2000,146822736770579605107120,22,91
meta_analysis,SSCQ,yugene,HALLMARK OXIDATIVE PHOSPHORYLATION,0.4918599612859132,0.037481259370314844,1.3621868410783912e-23,2000,146822736770579605107120,22,91
meta_analysis,SSCQ,yugene,HALLMARK P53 PATHWAY,1.0864176440857327,0.0004997501249375312,1.3621868410783912e-23,2000,146822736770579605107120,22,91
meta_analysis,SSCQ,yugene,HALLMARK PANCREAS BETA CELLS,-0.37989035987495523,0.11894052973513243,1.3621868410783912e-23,2000,146822736770579605107120,22,91
meta_analysis,SSCQ,yugene,HALLMARK PEROXISOME,-0.6292207695449349,0.009495252373813094,1.3621868410783912e-23,2000,146822736770579605107120,22,91
meta_analysis,SSCQ,yugene,HALLMARK PI3K AKT MTOR SIGNALING,0.1623007793978165,0.4917541229385307,1.3621868410783912e-23,2000,146822736770579605107120,22,91
meta_analysis,SSCQ,yugene,HALLMARK PROTEIN SECRETION,0.6799623628444345,0.005997001499250375,1.3621868410783912e-23,2000,146822736770579605107120,22,91
meta_analysis,SSCQ,yugene,HALLMARK REACTIVE OXYGEN SPECIES PATHWAY,-1.482247116911818,0.0004997501249375312,1.3621868410783912e-23,2000,146822736770579605107120,22,91
meta_analysis,SSCQ,yugene,HALLMARK SPERMATOGENESIS,-0.22323507302362347,0.35332333833083457,1.3621868410783912e-23,2000,146822736770579605107120,22,91
meta_analysis,SSCQ,yugene,HALLMARK TGF BETA SIGNALING,0.029683924101823814,0.8920539730134932,1.3621868410783912e-23,2000,146822736770579605107120,22,91
meta_analysis,SSCQ,yugene,HALLMARK TNFA SIGNALING VIA NFKB,-0.620081601830388,0.0079960019990005,1.3621868410783912e-23,2000,146822736770579605107120,22,91
meta_analysis,SSCQ,yugene,HALLMARK UNFOLDED PROTEIN RESPONSE,-0.4149021961762239,0.07746126936531735,1.3621868410783912e-23,2000,146822736770579605107120,22,91
meta_analysis,SSCQ,yugene,HALLMARK UV RESPONSE DN,0.5492407846877272,0.02148925537231384,1.3621868410783912e-23,2000,146822736770579605107120,22,91
meta_analysis,SSCQ,yugene,HALLMARK UV RESPONSE UP,0.6943778171277736,0.004497751124437781,1.3621868410783912e-23,2000,146822736770579605107120,22,91
meta_analysis,SSCQ,yugene,HALLMARK WNT BETA CATENIN SIGNALING,-0.11670629099105535,0.6136931534232883,1.3621868410783912e-23,2000,146822736770579605107120,22,91
meta_analysis,SSCQ,yugene,HALLMARK XENOBIOTIC METABOLISM,0.28505361575386257,0.24037981009495252,1.3621868410783912e-23,2000,146822736770579605107120,22,91
meta_analysis,SSCQ,yugene,Lysosomal Genes,1.1065732570079396,0.0004997501249375312,1.3621868410783912e-23,2000,146822736770579605107120,22,91
meta_analysis,RS,yugene,HALLMARK ADIPOGENESIS,0.2265820545206673,0.47176411794102946,1.1226327196211237e-14,2000,178152655364880,11,91
meta_analysis,RS,yugene,HALLMARK ALLOGRAFT REJECTION,0.6936927006930733,0.02448775612193903,1.1226327196211237e-14,2000,178152655364880,11,91
meta_analysis,RS,yugene,HALLMARK ANDROGEN RESPONSE,0.0975317176130194,0.7526236881559221,1.1226327196211237e-14,2000,178152655364880,11,91
meta_analysis,RS,yugene,HALLMARK ANGIOGENESIS,1.0517772357146573,0.0014992503748125937,1.1226327196211237e-14,2000,178152655364880,11,91
meta_analysis,RS,yugene,HALLMARK APICAL JUNCTION,0.6241652101750252,0.04997501249375312,1.1226327196211237e-14,2000,178152655364880,11,91
meta_analysis,RS,yugene,HALLMARK APICAL SURFACE,2.111742900716716,0.0004997501249375312,1.1226327196211237e-14,2000,178152655364880,11,91
meta_analysis,RS,yugene,HALLMARK APOPTOSIS,1.1759781542972234,0.0009995002498750624,1.1226327196211237e-14,2000,178152655364880,11,91
meta_analysis,RS,yugene,HALLMARK BILE ACID METABOLISM,1.8237587507008588,0.0004997501249375312,1.1226327196211237e-14,2000,178152655364880,11,91
meta_analysis,RS,yugene,HALLMARK CHOLESTEROL HOMEOSTASIS,-0.9410485630551637,0.004497751124437781,1.1226327196211237e-14,2000,178152655364880,11,91
meta_analysis,RS,yugene,HALLMARK COAGULATION,1.3382361449718836,0.0009995002498750624,1.1226327196211237e-14,2000,178152655364880,11,91
meta_analysis,RS,yugene,HALLMARK COMPLEMENT,1.3013739242953204,0.0009995002498750624,1.1226327196211237e-14,2000,178152655364880,11,91
meta_analysis,RS,yugene,HALLMARK DNA REPAIR,-0.8916082210133337,0.005997001499250375,1.1226327196211237e-14,2000,178152655364880,11,91
meta_analysis,RS,yugene,HALLMARK E2F TARGETS,0.374326779448647,0.23588205897051473,1.1226327196211237e-14,2000,178152655364880,11,91
meta_analysis,RS,yugene,HALLMARK EPITHELIAL MESENCHYMAL TRANSITION,0.14185020092879647,0.6606696651674163,1.1226327196211237e-14,2000,178152655364880,11,91
meta_analysis,RS,yugene,HALLMARK ESTROGEN RESPONSE EARLY,-0.07823962057790793,0.8055972013993004,1.1226327196211237e-14,2000,178152655364880,11,91
meta_analysis,RS,yugene,HALLMARK ESTROGEN RESPONSE LATE,-0.29347004955182093,0.37031484257871067,1.1226327196211237e-14,2000,178152655364880,11,91
meta_analysis,RS,yugene,HALLMARK FATTY ACID METABOLISM,0.4325884857792438,0.16691654172913542,1.1226327196211237e-14,2000,178152655364880,11,91
meta_analysis,RS,yugene,HALLMARK G2M CHECKPOINT,0.5916832313628874,0.07146426786606697,1.1226327196211237e-14,2000,178152655364880,11,91
meta_analysis,RS,yugene,HALLMARK GLYCOLYSIS,-0.3760245631612226,0.23288355822088955,1.1226327196211237e-14,2000,178152655364880,11,91
meta_analysis,RS,yugene,HALLMARK HEDGEHOG SIGNALING,-0.5737767015628632,0.08345827086456771,1.1226327196211237e-14,2000,178152655364880,11,91
meta_analysis,RS,yugene,HALLMARK HEME METABOLISM,1.188588083586844,0.0014992503748125937,1.1226327196211237e-14,2000,178152655364880,11,91
meta_analysis,RS,yugene,HALLMARK HYPOXIA,0.8047835679577767,0.00849575212393803,1.1226327196211237e-14,2000,178152655364880,11,91
meta_analysis,RS,yugene,HALLMARK IL2 STAT5 SIGNALING,-0.4058574444762845,0.19990004997501248,1.1226327196211237e-14,2000,178152655364880,11,91
meta_analysis,RS,yugene,HALLMARK IL6 JAK STAT3 SIGNALING,0.28430783218262135,0.36681659170414793,1.1226327196211237e-14,2000,178152655364880,11,91
meta_analysis,RS,yugene,HALLMARK INFLAMMATORY RESPONSE,0.646201040331859,0.03798100949525238,1.1226327196211237e-14,2000,178152655364880,11,91
meta_analysis,RS,yugene,HALLMARK INTERFERON ALPHA RESPONSE,-1.849243157687009,0.0004997501249375312,1.1226327196211237e-14,2000,178152655364880,11,91
meta_analysis,RS,yugene,HALLMARK INTERFERON GAMMA RESPONSE,0.31080894608997073,0.3333333333333333,1.1226327196211237e-14,2000,178152655364880,11,91
meta_analysis,RS,yugene,HALLMARK KRAS SIGNALING DN,-0.009551081460515167,0.975512243878061,1.1226327196211237e-14,2000,178152655364880,11,91
meta_analysis,RS,yugene,HALLMARK KRAS SIGNALING UP,0.3377477803889885,0.27436281859070466,1.1226327196211237e-14,2000,178152655364880,11,91
meta_analysis,RS,yugene,HALLMARK MITOTIC SPINDLE,1.981105669423772,0.0004997501249375312,1.1226327196211237e-14,2000,178152655364880,11,91
meta_analysis,RS,yugene,HALLMARK MTORC1 SIGNALING,-0.034071031064346946,0.9205397301349325,1.1226327196211237e-14,2000,178152655364880,11,91
meta_analysis,RS,yugene,HALLMARK MYC TARGETS,-1.4641094861809425,0.0004997501249375312,1.1226327196211237e-14,2000,178152655364880,11,91
meta_analysis,RS,yugene,HALLMARK MYOGENESIS,0.23348270350822378,0.4492753623188406,1.1226327196211237e-14,2000,178152655364880,11,91
meta_analysis,RS,yugene,HALLMARK NOTCH SIGNALING,0.9050790886317366,0.004997501249375313,1.1226327196211237e-14,2000,178152655364880,11,91
meta_analysis,RS,yugene,HALLMARK OXIDATIVE PHOSPHORYLATION,1.8169962244835978,0.0004997501249375312,1.1226327196211237e-14,2000,178152655364880,11,91
meta_analysis,RS,yugene,HALLMARK P53 PATHWAY,0.7763866818604449,0.01699150424787606,1.1226327196211237e-14,2000,178152655364880,11,91
meta_analysis,RS,yugene,HALLMARK PANCREAS BETA CELLS,0.015237886962721554,0.968015992003998,1.1226327196211237e-14,2000,178152655364880,11,91
meta_analysis,RS,yugene,HALLMARK PEROXISOME,1.0940120139638667,0.0009995002498750624,1.1226327196211237e-14,2000,178152655364880,11,91
meta_analysis,RS,yugene,HALLMARK PI3K AKT MTOR SIGNALING,-0.322490481579823,0.2988505747126437,1.1226327196211237e-14,2000,178152655364880,11,91
meta_analysis,RS,yugene,HALLMARK PROTEIN SECRETION,2.336062919186157,0.0004997501249375312,1.1226327196211237e-14,2000,178152655364880,11,91
meta_analysis,RS,yugene,HALLMARK REACTIVE OXYGEN SPECIES PATHWAY,-1.5625016133588596,0.0004997501249375312,1.1226327196211237e-14,2000,178152655364880,11,91
meta_analysis,RS,yugene,HALLMARK SPERMATOGENESIS,-0.0562446483249678,0.8435782108945528,1.1226327196211237e-14,2000,178152655364880,11,91
meta_analysis,RS,yugene,HALLMARK TGF BETA SIGNALING,0.21620409185505893,0.5087456271864068,1.1226327196211237e-14,2000,178152655364880,11,91
meta_analysis,RS,yugene,HALLMARK TNFA SIGNALING VIA NFKB,0.1426588444926146,0.6431784107946027,1.1226327196211237e-14,2000,178152655364880,11,91
meta_analysis,RS,yugene,HALLMARK UNFOLDED PROTEIN RESPONSE,0.8030050797341513,0.018490754622688656,1.1226327196211237e-14,2000,178152655364880,11,91
meta_analysis,RS,yugene,HALLMARK UV RESPONSE DN,0.41041529942807564,0.19740129935032483,1.1226327196211237e-14,2000,178152655364880,11,91
meta_analysis,RS,yugene,HALLMARK UV RESPONSE UP,-0.10073094059027439,0.7716141929035483,1.1226327196211237e-14,2000,178152655364880,11,91
meta_analysis,RS,yugene,HALLMARK WNT BETA CATENIN SIGNALING,1.16096516777046,0.0009995002498750624,1.1226327196211237e-14,2000,178152655364880,11,91
meta_analysis,RS,yugene,HALLMARK XENOBIOTIC METABOLISM,1.6379080578917835,0.0004997501249375312,1.1226327196211237e-14,2000,178152655364880,11,91
meta_analysis,RS,yugene,Lysosomal Genes,1.879830426786589,0.0004997501249375312,1.1226327196211237e-14,2000,178152655364880,11,91
meta_analysis,SIPS,yugene,HALLMARK ADIPOGENESIS,1.8892742241123253,0.0004997501249375312,8.529019329766146e-34,2000,2344935475782110961932506869776000,39,91
meta_analysis,SIPS,yugene,HALLMARK ALLOGRAFT REJECTION,0.8700984707796898,0.0004997501249375312,8.529019329766146e-34,2000,2344935475782110961932506869776000,39,91
meta_analysis,SIPS,yugene,HALLMARK ANDROGEN RESPONSE,-0.09388837446703119,0.6231884057971014,8.529019329766146e-34,2000,2344935475782110961932506869776000,39,91
meta_analysis,SIPS,yugene,HALLMARK ANGIOGENESIS,0.20096036735323877,0.28735632183908044,8.529019329766146e-34,2000,2344935475782110961932506869776000,39,91
meta_analysis,SIPS,yugene,HALLMARK APICAL JUNCTION,1.2640174623339315,0.0004997501249375312,8.529019329766146e-34,2000,2344935475782110961932506869776000,39,91
meta_analysis,SIPS,yugene,HALLMARK APICAL SURFACE,-0.5641052598797118,0.0034982508745627187,8.529019329766146e-34,2000,2344935475782110961932506869776000,39,91
meta_analysis,SIPS,yugene,HALLMARK APOPTOSIS,0.5377886801954208,0.0069965017491254375,8.529019329766146e-34,2000,2344935475782110961932506869776000,39,91
meta_analysis,SIPS,yugene,HALLMARK BILE ACID METABOLISM,1.5807315313210657,0.0004997501249375312,8.529019329766146e-34,2000,2344935475782110961932506869776000,39,91
meta_analysis,SIPS,yugene,HALLMARK CHOLESTEROL HOMEOSTASIS,-0.10790878975532472,0.5552223888055972,8.529019329766146e-34,2000,2344935475782110961932506869776000,39,91
meta_analysis,SIPS,yugene,HALLMARK COAGULATION,1.4216493663788408,0.0004997501249375312,8.529019329766146e-34,2000,2344935475782110961932506869776000,39,91
meta_analysis,SIPS,yugene,HALLMARK COMPLEMENT,1.2676284161220253,0.0004997501249375312,8.529019329766146e-34,2000,2344935475782110961932506869776000,39,91
meta_analysis,SIPS,yugene,HALLMARK DNA REPAIR,0.9231858201113117,0.0004997501249375312,8.529019329766146e-34,2000,2344935475782110961932506869776000,39,91
meta_analysis,SIPS,yugene,HALLMARK E2F TARGETS,0.8210631614795753,0.0004997501249375312,8.529019329766146e-34,2000,2344935475782110961932506869776000,39,91
meta_analysis,SIPS,yugene,HALLMARK EPITHELIAL MESENCHYMAL TRANSITION,0.34697092616714176,0.06846576711644178,8.529019329766146e-34,2000,2344935475782110961932506869776000,39,91
meta_analysis,SIPS,yugene,HALLMARK ESTROGEN RESPONSE EARLY,0.38823055451156524,0.047476261869065464,8.529019329766146e-34,2000,2344935475782110961932506869776000,39,91
meta_analysis,SIPS,yugene,HALLMARK ESTROGEN RESPONSE LATE,-0.23506535156484396,0.19990004997501248,8.529019329766146e-34,2000,2344935475782110961932506869776000,39,91
meta_analysis,SIPS,yugene,HALLMARK FATTY ACID METABOLISM,0.48833673344084544,0.010494752623688156,8.529019329766146e-34,2000,2344935475782110961932506869776000,39,91
meta_analysis,SIPS,yugene,HALLMARK G2M CHECKPOINT,0.7069911821467271,0.0009995002498750624,8.529019329766146e-34,2000,2344935475782110961932506869776000,39,91
meta_analysis,SIPS,yugene,HALLMARK GLYCOLYSIS,-0.5779527339327903,0.005497251374312844,8.529019329766146e-34,2000,2344935475782110961932506869776000,39,91
meta_analysis,SIPS,yugene,HALLMARK HEDGEHOG SIGNALING,-0.9031870790220206,0.0004997501249375312,8.529019329766146e-34,2000,2344935475782110961932506869776000,39,91
meta_analysis,SIPS,yugene,HALLMARK HEME METABOLISM,2.243664491894203,0.0004997501249375312,8.529019329766146e-34,2000,2344935475782110961932506869776000,39,91
meta_analysis,SIPS,yugene,HALLMARK HYPOXIA,0.730949355096102,0.0004997501249375312,8.529019329766146e-34,2000,2344935475782110961932506869776000,39,91
meta_analysis,SIPS,yugene,HALLMARK IL2 STAT5 SIGNALING,0.10577427506811021,0.5737131434282858,8.529019329766146e-34,2000,2344935475782110961932506869776000,39,91
meta_analysis,SIPS,yugene,HALLMARK IL6 JAK STAT3 SIGNALING,0.08425188360935418,0.6756621689155422,8.529019329766146e-34,2000,2344935475782110961932506869776000,39,91
meta_analysis,SIPS,yugene,HALLMARK INFLAMMATORY RESPONSE,0.9186391990030405,0.0004997501249375312,8.529019329766146e-34,2000,2344935475782110961932506869776000,39,91
meta_analysis,SIPS,yugene,HALLMARK INTERFERON ALPHA RESPONSE,-0.8044500033897029,0.0004997501249375312,8.529019329766146e-34,2000,2344935475782110961932506869776000,39,91
meta_analysis,SIPS,yugene,HALLMARK INTERFERON GAMMA RESPONSE,1.257492245019706,0.0004997501249375312,8.529019329766146e-34,2000,2344935475782110961932506869776000,39,91
meta_analysis,SIPS,yugene,HALLMARK KRAS SIGNALING DN,0.42057575763397115,0.027486256871564217,8.529019329766146e-34,2000,2344935475782110961932506869776000,39,91
meta_analysis,SIPS,yugene,HALLMARK KRAS SIGNALING UP,0.2240340634077303,0.2513743128435782,8.529019329766146e-34,2000,2344935475782110961932506869776000,39,91
meta_analysis,SIPS,yugene,HALLMARK MITOTIC SPINDLE,1.8803902079417847,0.0004997501249375312,8.529019329766146e-34,2000,2344935475782110961932506869776000,39,91
meta_analysis,SIPS,yugene,HALLMARK MTORC1 SIGNALING,0.018474122859944847,0.9310344827586207,8.529019329766146e-34,2000,2344935475782110961932506869776000,39,91
meta_analysis,SIPS,yugene,HALLMARK MYC TARGETS,-1.4572185870379923,0.0004997501249375312,8.529019329766146e-34,2000,2344935475782110961932506869776000,39,91
meta_analysis,SIPS,yugene,HALLMARK MYOGENESIS,0.8758128425101313,0.0004997501249375312,8.529019329766146e-34,2000,2344935475782110961932506869776000,39,91
meta_analysis,SIPS,yugene,HALLMARK NOTCH SIGNALING,-0.2472231486668404,0.2013993003498251,8.529019329766146e-34,2000,2344935475782110961932506869776000,39,91
meta_analysis,SIPS,yugene,HALLMARK OXIDATIVE PHOSPHORYLATION,0.1447781064714788,0.4587706146926537,8.529019329766146e-34,2000,2344935475782110961932506869776000,39,91
meta_analysis,SIPS,yugene,HALLMARK P53 PATHWAY,2.063557569486338,0.0004997501249375312,8.529019329766146e-34,2000,2344935475782110961932506869776000,39,91
meta_analysis,SIPS,yugene,HALLMARK PANCREAS BETA CELLS,-0.0595612227368247,0.7566216891554223,8.529019329766146e-34,2000,2344935475782110961932506869776000,39,91
meta_analysis,SIPS,yugene,HALLMARK PEROXISOME,0.7486150415483022,0.0004997501249375312,8.529019329766146e-34,2000,2344935475782110961932506869776000,39,91
meta_analysis,SIPS,yugene,HALLMARK PI3K AKT MTOR SIGNALING,0.30189253907214353,0.11044477761119441,8.529019329766146e-34,2000,2344935475782110961932506869776000,39,91
meta_analysis,SIPS,yugene,HALLMARK PROTEIN SECRETION,1.1806014830478495,0.0004997501249375312,8.529019329766146e-34,2000,2344935475782110961932506869776000,39,91
meta_analysis,SIPS,yugene,HALLMARK REACTIVE OXYGEN SPECIES PATHWAY,-0.46151174280958607,0.01899050474762619,8.529019329766146e-34,2000,2344935475782110961932506869776000,39,91
meta_analysis,SIPS,yugene,HALLMARK SPERMATOGENESIS,0.6583436018913953,0.0009995002498750624,8.529019329766146e-34,2000,2344935475782110961932506869776000,39,91
meta_analysis,SIPS,yugene,HALLMARK TGF BETA SIGNALING,0.052174274873178016,0.7916041979010495,8.529019329766146e-34,2000,2344935475782110961932506869776000,39,91
meta_analysis,SIPS,yugene,HALLMARK TNFA SIGNALING VIA NFKB,0.544333374545533,0.006496751624187906,8.529019329766146e-34,2000,2344935475782110961932506869776000,39,91
meta_analysis,SIPS,yugene,HALLMARK UNFOLDED PROTEIN RESPONSE,-0.4641144634187371,0.01249375312343828,8.529019329766146e-34,2000,2344935475782110961932506869776000,39,91
meta_analysis,SIPS,yugene,HALLMARK UV RESPONSE DN,0.4839357913845312,0.008995502248875561,8.529019329766146e-34,2000,2344935475782110961932506869776000,39,91
meta_analysis,SIPS,yugene,HALLMARK UV RESPONSE UP,0.9859564725467481,0.0004997501249375312,8.529019329766146e-34,2000,2344935475782110961932506869776000,39,91
meta_analysis,SIPS,yugene,HALLMARK WNT BETA CATENIN SIGNALING,0.31938178857593924,0.09145427286356822,8.529019329766146e-34,2000,2344935475782110961932506869776000,39,91
meta_analysis,SIPS,yugene,HALLMARK XENOBIOTIC METABOLISM,1.1474343666938296,0.0004997501249375312,8.529019329766146e-34,2000,2344935475782110961932506869776000,39,91
meta_analysis,SIPS,yugene,Lysosomal Genes,1.3655891317491198,0.0004997501249375312,8.529019329766146e-34,2000,2344935475782110961932506869776000,39,91
meta_analysis,OIS,yugene,HALLMARK ADIPOGENESIS,1.1063608959718974,0.0004997501249375312,3.490872709588532e-38,2000,57292263751311049962230333230948351800,48,91
meta_analysis,OIS,yugene,HALLMARK ALLOGRAFT REJECTION,1.5493038273472335,0.0004997501249375312,3.490872709588532e-38,2000,57292263751311049962230333230948351800,48,91
meta_analysis,OIS,yugene,HALLMARK ANDROGEN RESPONSE,-0.4737663065157884,0.008995502248875561,3.490872709588532e-38,2000,57292263751311049962230333230948351800,48,91
meta_analysis,OIS,yugene,HALLMARK ANGIOGENESIS,0.5016555286429113,0.005997001499250375,3.490872709588532e-38,2000,57292263751311049962230333230948351800,48,91
meta_analysis,OIS,yugene,HALLMARK APICAL JUNCTION,2.439261091250199,0.0004997501249375312,3.490872709588532e-38,2000,57292263751311049962230333230948351800,48,91
meta_analysis,OIS,yugene,HALLMARK APICAL SURFACE,0.35008614835927,0.053973013493253376,3.490872709588532e-38,2000,57292263751311049962230333230948351800,48,91
meta_analysis,OIS,yugene,HALLMARK APOPTOSIS,1.1202281238990324,0.0004997501249375312,3.490872709588532e-38,2000,57292263751311049962230333230948351800,48,91
meta_analysis,OIS,yugene,HALLMARK BILE ACID METABOLISM,0.9194257309027729,0.0004997501249375312,3.490872709588532e-38,2000,57292263751311049962230333230948351800,48,91
meta_analysis,OIS,yugene,HALLMARK CHOLESTEROL HOMEOSTASIS,-0.5140721309449197,0.0029985007496251873,3.490872709588532e-38,2000,57292263751311049962230333230948351800,48,91
meta_analysis,OIS,yugene,HALLMARK COAGULATION,1.0637556132305948,0.0004997501249375312,3.490872709588532e-38,2000,57292263751311049962230333230948351800,48,91
meta_analysis,OIS,yugene,HALLMARK COMPLEMENT,1.6289721806258342,0.0004997501249375312,3.490872709588532e-38,2000,57292263751311049962230333230948351800,48,91
meta_analysis,OIS,yugene,HALLMARK DNA REPAIR,0.5030885796824752,0.006496751624187906,3.490872709588532e-38,2000,57292263751311049962230333230948351800,48,91
meta_analysis,OIS,yugene,HALLMARK E2F TARGETS,0.7078106060758403,0.0004997501249375312,3.490872709588532e-38,2000,57292263751311049962230333230948351800,48,91
meta_analysis,OIS,yugene,HALLMARK EPITHELIAL MESENCHYMAL TRANSITION,1.8561469657342948,0.0004997501249375312,3.490872709588532e-38,2000,57292263751311049962230333230948351800,48,91
meta_analysis,OIS,yugene,HALLMARK ESTROGEN RESPONSE EARLY,-0.24464204778511772,0.17691154422788605,3.490872709588532e-38,2000,57292263751311049962230333230948351800,48,91
meta_analysis,OIS,yugene,HALLMARK ESTROGEN RESPONSE LATE,0.7538618634748447,0.0004997501249375312,3.490872709588532e-38,2000,57292263751311049962230333230948351800,48,91
meta_analysis,OIS,yugene,HALLMARK FATTY ACID METABOLISM,0.5981283900171637,0.0009995002498750624,3.490872709588532e-38,2000,57292263751311049962230333230948351800,48,91
meta_analysis,OIS,yugene,HALLMARK G2M CHECKPOINT,0.8294322058101308,0.0004997501249375312,3.490872709588532e-38,2000,57292263751311049962230333230948351800,48,91
meta_analysis,OIS,yugene,HALLMARK GLYCOLYSIS,-1.0938539175099173,0.0004997501249375312,3.490872709588532e-38,2000,57292263751311049962230333230948351800,48,91
meta_analysis,OIS,yugene,HALLMARK HEDGEHOG SIGNALING,1.088876562356648,0.0004997501249375312,3.490872709588532e-38,2000,57292263751311049962230333230948351800,48,91
meta_analysis,OIS,yugene,HALLMARK HEME METABOLISM,1.563737266082206,0.0004997501249375312,3.490872709588532e-38,2000,57292263751311049962230333230948351800,48,91
meta_analysis,OIS,yugene,HALLMARK HYPOXIA,0.6389730862120254,0.0009995002498750624,3.490872709588532e-38,2000,57292263751311049962230333230948351800,48,91
meta_analysis,OIS,yugene,HALLMARK IL2 STAT5 SIGNALING,-0.30789390892772606,0.08045977011494253,3.490872709588532e-38,2000,57292263751311049962230333230948351800,48,91
meta_analysis,OIS,yugene,HALLMARK IL6 JAK STAT3 SIGNALING,-1.6221700115370299,0.0004997501249375312,3.490872709588532e-38,2000,57292263751311049962230333230948351800,48,91
meta_analysis,OIS,yugene,HALLMARK INFLAMMATORY RESPONSE,0.6792984452347588,0.0004997501249375312,3.490872709588532e-38,2000,57292263751311049962230333230948351800,48,91
meta_analysis,OIS,yugene,HALLMARK INTERFERON ALPHA RESPONSE,-1.4841874883025648,0.0004997501249375312,3.490872709588532e-38,2000,57292263751311049962230333230948351800,48,91
meta_analysis,OIS,yugene,HALLMARK INTERFERON GAMMA RESPONSE,2.7074043965443537,0.0004997501249375312,3.490872709588532e-38,2000,57292263751311049962230333230948351800,48,91
meta_analysis,OIS,yugene,HALLMARK KRAS SIGNALING DN,0.006973172690992835,0.9700149925037481,3.490872709588532e-38,2000,57292263751311049962230333230948351800,48,91
meta_analysis,OIS,yugene,HALLMARK KRAS SIGNALING UP,1.5143752179245367,0.0004997501249375312,3.490872709588532e-38,2000,57292263751311049962230333230948351800,48,91
meta_analysis,OIS,yugene,HALLMARK MITOTIC SPINDLE,1.3243336486399842,0.0004997501249375312,3.490872709588532e-38,2000,57292263751311049962230333230948351800,48,91
meta_analysis,OIS,yugene,HALLMARK MTORC1 SIGNALING,0.09310774643874732,0.6106946526736632,3.490872709588532e-38,2000,57292263751311049962230333230948351800,48,91
meta_analysis,OIS,yugene,HALLMARK MYC TARGETS,-2.5172122433189843,0.0004997501249375312,3.490872709588532e-38,2000,57292263751311049962230333230948351800,48,91
meta_analysis,OIS,yugene,HALLMARK MYOGENESIS,1.4784160508518513,0.0004997501249375312,3.490872709588532e-38,2000,57292263751311049962230333230948351800,48,91
meta_analysis,OIS,yugene,HALLMARK NOTCH SIGNALING,-1.7421544936465554,0.0004997501249375312,3.490872709588532e-38,2000,57292263751311049962230333230948351800,48,91
meta_analysis,OIS,yugene,HALLMARK OXIDATIVE PHOSPHORYLATION,0.7683153304917821,0.0004997501249375312,3.490872709588532e-38,2000,57292263751311049962230333230948351800,48,91
meta_analysis,OIS,yugene,HALLMARK P53 PATHWAY,1.0385486667066697,0.0004997501249375312,3.490872709588532e-38,2000,57292263751311049962230333230948351800,48,91
meta_analysis,OIS,yugene,HALLMARK PANCREAS BETA CELLS,0.5149421563634565,0.0024987506246876563,3.490872709588532e-38,2000,57292263751311049962230333230948351800,48,91
meta_analysis,OIS,yugene,HALLMARK PEROXISOME,1.1200717938185827,0.0004997501249375312,3.490872709588532e-38,2000,57292263751311049962230333230948351800,48,91
meta_analysis,OIS,yugene,HALLMARK PI3K AKT MTOR SIGNALING,-0.0717307716472026,0.6921539230384808,3.490872709588532e-38,2000,57292263751311049962230333230948351800,48,91
meta_analysis,OIS,yugene,HALLMARK PROTEIN SECRETION,0.12387336881615599,0.4912543728135932,3.490872709588532e-38,2000,57292263751311049962230333230948351800,48,91
meta_analysis,OIS,yugene,HALLMARK REACTIVE OXYGEN SPECIES PATHWAY,0.224056822151569,0.20089955022488756,3.490872709588532e-38,2000,57292263751311049962230333230948351800,48,91
meta_analysis,OIS,yugene,HALLMARK SPERMATOGENESIS,0.957803207127671,0.0004997501249375312,3.490872709588532e-38,2000,57292263751311049962230333230948351800,48,91
meta_analysis,OIS,yugene,HALLMARK TGF BETA SIGNALING,-0.1553120353682345,0.39480259870064965,3.490872709588532e-38,2000,57292263751311049962230333230948351800,48,91
meta_analysis,OIS,yugene,HALLMARK TNFA SIGNALING VIA NFKB,0.7940324592197557,0.0004997501249375312,3.490872709588532e-38,2000,57292263751311049962230333230948351800,48,91
meta_analysis,OIS,yugene,HALLMARK UNFOLDED PROTEIN RESPONSE,-0.25764632290684814,0.14292853573213393,3.490872709588532e-38,2000,57292263751311049962230333230948351800,48,91
meta_analysis,OIS,yugene,HALLMARK UV RESPONSE DN,-0.7021636874116592,0.0014992503748125937,3.490872709588532e-38,2000,57292263751311049962230333230948351800,48,91
meta_analysis,OIS,yugene,HALLMARK UV RESPONSE UP,0.9942092812469321,0.0004997501249375312,3.490872709588532e-38,2000,57292263751311049962230333230948351800,48,91
meta_analysis,OIS,yugene,HALLMARK WNT BETA CATENIN SIGNALING,-1.2445078079467489,0.0004997501249375312,3.490872709588532e-38,2000,57292263751311049962230333230948351800,48,91
meta_analysis,OIS,yugene,HALLMARK XENOBIOTIC METABOLISM,3.592735670323012,0.0004997501249375312,3.490872709588532e-38,2000,57292263751311049962230333230948351800,48,91
meta_analysis,OIS,yugene,Lysosomal Genes,1.4164175071883909,0.0004997501249375312,3.490872709588532e-38,2000,57292263751311049962230333230948351800,48,91
temporal_pooled,Fibroblast,yugene,HALLMARK ADIPOGENESIS,3.8674190457732243,0.0004997501249375312,1.4859282593836369e-05,2000,134596,18,6
temporal_pooled,Fibroblast,yugene,HALLMARK ALLOGRAFT REJECTION,3.0722759734343796,0.0004997501249375312,1.4859282593836369e-05,2000,134596,18,6
temporal_pooled,Fibroblast,yugene,HALLMARK ANDROGEN RESPONSE,-3.290032016785491,0.0004997501249375312,1.4859282593836369e-05,2000,134596,18,6
temporal_pooled,Fibroblast,yugene,HALLMARK ANGIOGENESIS,2.2635993731995434,0.0009995002498750624,1.4859282593836369e-05,2000,134596,18,6
temporal_pooled,Fibroblast,yugene,HALLMARK APICAL JUNCTION,4.69159035976209,0.0004997501249375312,1.4859282593836369e-05,2000,134596,18,6
temporal_pooled,Fibroblast,yugene,HALLMARK APICAL SURFACE,2.4702456102928245,0.0004997501249375312,1.4859282593836369e-05,2000,134596,18,6
temporal_pooled,Fibroblast,yugene,HALLMARK APOPTOSIS,2.651001610541321,0.0004997501249375312,1.4859282593836369e-05,2000,134596,18,6
temporal_pooled,Fibroblast,yugene,HALLMARK BILE ACID METABOLISM,4.059890295605651,0.0004997501249375312,1.4859282593836369e-05,2000,134596,18,6
temporal_pooled,Fibroblast,yugene,HALLMARK CHOLESTEROL HOMEOSTASIS,0.5717255639488865,0.25037481259370314,1.4859282593836369e-05,2000,134596,18,6
temporal_pooled,Fibroblast,yugene,HALLMARK COAGULATION,1.9834235253540828,0.0014992503748125937,1.4859282593836369e-05,2000,134596,18,6
temporal_pooled,Fibroblast,yugene,HALLMARK COMPLEMENT,2.9994937537428723,0.0004997501249375312,1.4859282593836369e-05,2000,134596,18,6
temporal_pooled,Fibroblast,yugene,HALLMARK DNA REPAIR,1.5381679082216941,0.00399800099950025,1.4859282593836369e-05,2000,134596,18,6
temporal_pooled,Fibroblast,yugene,HALLMARK E2F TARGETS,4.961645628044335,0.0004997501249375312,1.4859282593836369e-05,2000,134596,18,6
temporal_pooled,Fibroblast,yugene,HALLMARK EPITHELIAL MESENCHYMAL TRANSITION,5.096563202265369,0.0004997501249375312,1.4859282593836369e-05,2000,134596,18,6
temporal_pooled,Fibroblast,yugene,HALLMARK ESTROGEN RESPONSE EARLY,1.1966945382997902,0.018490754622688656,1.4859282593836369e-05,2000,134596,18,6
temporal_pooled,Fibroblast,yugene,HALLMARK ESTROGEN RESPONSE LATE,0.16868430529634393,0.7321339330334833,1.4859282593836369e-05,2000,134596,18,6
temporal_pooled,Fibroblast,yugene,HALLMARK FATTY ACID METABOLISM,4.793491596130489,0.0004997501249375312,1.4859282593836369e-05,2000,134596,18,6
temporal_pooled,Fibroblast,yugene,HALLMARK G2M CHECKPOINT,5.924147366789496,0.0004997501249375312,1.4859282593836369e-05,2000,134596,18,6
temporal_pooled,Fibroblast,yugene,HALLMARK GLYCOLYSIS,1.058326608433304,0.031984007996002,1.4859282593836369e-05,2000,134596,18,6
temporal_pooled,Fibroblast,yugene,HALLMARK HEDGEHOG SIGNALING,-4.261737339847941,0.0004997501249375312,1.4859282593836369e-05,2000,134596,18,6
temporal_pooled,Fibroblast,yugene,HALLMARK HEME METABOLISM,6.6291549581761275,0.0004997501249375312,1.4859282593836369e-05,2000,134596,18,6
temporal_pooled,Fibroblast,yugene,HALLMARK HYPOXIA,0.5859995652158537,0.22638680659670166,1.4859282593836369e-05,2000,134596,18,6
temporal_pooled,Fibroblast,yugene,HALLMARK IL2 STAT5 SIGNALING,1.8769938568626994,0.0014992503748125937,1.4859282593836369e-05,2000,134596,18,6
temporal_pooled,Fibroblast,yugene,HALLMARK IL6 JAK STAT3 SIGNALING,-1.0522919091451086,0.033483258370814596,1.4859282593836369e-05,2000,134596,18,6
temporal_pooled,Fibroblast,yugene,HALLMARK INFLAMMATORY RESPONSE,1.8586071834290403,0.0009995002498750624,1.4859282593836369e-05,2000,134596,18,6
temporal_pooled,Fibroblast,yugene,HALLMARK INTERFERON ALPHA RESPONSE,-1.274218120819221,0.012993503248375811,1.4859282593836369e-05,2000,134596,18,6
temporal_pooled,Fibroblast,yugene,HALLMARK INTERFERON GAMMA RESPONSE,3.310278737300469,0.0004997501249375312,1.4859282593836369e-05,2000,134596,18,6
temporal_pooled,Fibroblast,yugene,HALLMARK KRAS SIGNALING DN,1.2161616386443357,0.017991004497751123,1.4859282593836369e-05,2000,134596,18,6
temporal_pooled,Fibroblast,yugene,HALLMARK KRAS SIGNALING UP,0.7075406596848655,0.14192903548225888,1.4859282593836369e-05,2000,134596,18,6
temporal_pooled,Fibroblast,yugene,HALLMARK MITOTIC SPINDLE,5.394335770038812,0.0004997501249375312,1.4859282593836369e-05,2000,134596,18,6
temporal_pooled,Fibroblast,yugene,HALLMARK MTORC1 SIGNALING,0.7993920595446846,0.10944527736131934,1.4859282593836369e-05,2000,134596,18,6
temporal_pooled,Fibroblast,yugene,HALLMARK MYC TARGETS,-0.21637126300201248,0.6701649175412294,1.4859282593836369e-05,2000,134596,18,6
temporal_pooled,Fibroblast,yugene,HALLMARK MYOGENESIS,1.7918049388131867,0.0009995002498750624,1.4859282593836369e-05,2000,134596,18,6
temporal_pooled,Fibroblast,yugene,HALLMARK NOTCH SIGNALING,-0.857899058891415,0.07446276861569215,1.4859282593836369e-05,2000,134596,18,6
temporal_pooled,Fibroblast,yugene,HALLMARK OXIDATIVE PHOSPHORYLATION,0.6116623393675665,0.1934032983508246,1.4859282593836369e-05,2000,134596,18,6
temporal_pooled,Fibroblast,yugene,HALLMARK P53 PATHWAY,5.279093891413986,0.0004997501249375312,1.4859282593836369e-05,2000,134596,18,6
temporal_pooled,Fibroblast,yugene,HALLMARK PANCREAS BETA CELLS,1.4893216453255862,0.0024987506246876563,1.4859282593836369e-05,2000,134596,18,6
temporal_pooled,Fibroblast,yugene,HALLMARK PEROXISOME,1.5697434978978428,0.0029985007496251873,1.4859282593836369e-05,2000,134596,18,6
temporal_pooled,Fibroblast,yugene,HALLMARK PI3K AKT MTOR SIGNALING,1.1426549435190803,0.020989505247376312,1.4859282593836369e-05,2000,134596,18,6
temporal_pooled,Fibroblast,yugene,HALLMARK PROTEIN SECRETION,3.1076986519516945,0.0004997501249375312,1.4859282593836369e-05,2000,134596,18,6
temporal_pooled,Fibroblast,yugene,HALLMARK REACTIVE OXYGEN SPECIES PATHWAY,0.8737188398401293,0.08495752123938032,1.4859282593836369e-05,2000,134596,18,6
temporal_pooled,Fibroblast,yugene,HALLMARK SPERMATOGENESIS,1.9807393619084326,0.0014992503748125937,1.4859282593836369e-05,2000,134596,18,6
temporal_pooled,Fibroblast,yugene,HALLMARK TGF BETA SIGNALING,-2.7819996231182547,0.0004997501249375312,1.4859282593836369e-05,2000,134596,18,6
temporal_pooled,Fibroblast,yugene,HALLMARK TNFA SIGNALING VIA NFKB,1.80429729102841,0.0014992503748125937,1.4859282593836369e-05,2000,134596,18,6
temporal_pooled,Fibroblast,yugene,HALLMARK UNFOLDED PROTEIN RESPONSE,-3.251109125302274,0.0004997501249375312,1.4859282593836369e-05,2000,134596,18,6
temporal_pooled,Fibroblast,yugene,HALLMARK UV RESPONSE DN,0.7774704514192221,0.11644177911044477,1.4859282593836369e-05,2000,134596,18,6
temporal_pooled,Fibroblast,yugene,HALLMARK UV RESPONSE UP,2.3784977296589873,0.0004997501249375312,1.4859282593836369e-05,2000,134596,18,6
temporal_pooled,Fibroblast,yugene,HALLMARK WNT BETA CATENIN SIGNALING,0.39168678550008945,0.4147926036981509,1.4859282593836369e-05,2000,134596,18,6
temporal_pooled,Fibroblast,yugene,HALLMARK XENOBIOTIC METABOLISM,2.429433519445188,0.0004997501249375312,1.4859282593836369e-05,2000,134596,18,6
temporal_pooled,Fibroblast,yugene,Lysosomal Genes,2.918831978935647,0.0004997501249375312,1.4859282593836369e-05,2000,134596,18,6
temporal_pooled,Keratinocyte,yugene,HALLMARK ADIPOGENESIS,3.4830884399061803,0.0004997501249375312,1.4859282593836369e-05,2000,134596,18,6
temporal_pooled,Keratinocyte,yugene,HALLMARK ALLOGRAFT REJECTION,0.5598735044744491,0.24037981009495252,1.4859282593836369e-05,2000,134596,18,6
temporal_pooled,Keratinocyte,yugene,HALLMARK ANDROGEN RESPONSE,0.7286675398438842,0.13843078460769614,1.4859282593836369e-05,2000,134596,18,6
temporal_pooled,Keratinocyte,yugene,HALLMARK ANGIOGENESIS,0.8034805015146984,0.09945027486256872,1.4859282593836369e-05,2000,134596,18,6
temporal_pooled,Keratinocyte,yugene,HALLMARK APICAL JUNCTION,1.4878646824235107,0.0074962518740629685,1.4859282593836369e-05,2000,134596,18,6
temporal_pooled,Keratinocyte,yugene,HALLMARK APICAL SURFACE,-2.1358670076808033,0.0004997501249375312,1.4859282593836369e-05,2000,134596,18,6
temporal_pooled,Keratinocyte,yugene,HALLMARK APOPTOSIS,-0.5505443022584067,0.2478760619690155,1.4859282593836369e-05,2000,134596,18,6
temporal_pooled,Keratinocyte,yugene,HALLMARK BILE ACID METABOLISM,0.8753495178705099,0.06946526736631684,1.4859282593836369e-05,2000,134596,18,6
temporal_pooled,Keratinocyte,yugene,HALLMARK CHOLESTEROL HOMEOSTASIS,2.464169157463183,0.0004997501249375312,1.4859282593836369e-05,2000,134596,18,6
temporal_pooled,Keratinocyte,yugene,HALLMARK COAGULATION,1.4247001491316964,0.0079960019990005,1.4859282593836369e-05,2000,134596,18,6
temporal_pooled,Keratinocyte,yugene,HALLMARK COMPLEMENT,2.3888559909460163,0.0009995002498750624,1.4859282593836369e-05,2000,134596,18,6
temporal_pooled,Keratinocyte,yugene,HALLMARK DNA REPAIR,0.3025781283693033,0.5407296351824088,1.4859282593836369e-05,2000,134596,18,6
temporal_pooled,Keratinocyte,yugene,HALLMARK E2F TARGETS,4.075624921730233,0.0004997501249375312,1.4859282593836369e-05,2000,134596,18,6
temporal_pooled,Keratinocyte,yugene,HALLMARK EPITHELIAL MESENCHYMAL TRANSITION,0.9984183218904,0.04397801099450275,1.4859282593836369e-05,2000,134596,18,6
temporal_pooled,Keratinocyte,yugene,HALLMARK ESTROGEN RESPONSE EARLY,0.5593747357247979,0.2433783108445777,1.4859282593836369e-05,2000,134596,18,6
temporal_pooled,Keratinocyte,yugene,HALLMARK ESTROGEN RESPONSE LATE,0.013796987496064903,0.9715142428785607,1.4859282593836369e-05,2000,134596,18,6
temporal_pooled,Keratinocyte,yugene,HALLMARK FATTY ACID METABOLISM,1.6553146966785153,0.004997501249375313,1.4859282593836369e-05,2000,134596,18,6
temporal_pooled,Keratinocyte,yugene,HALLMARK G2M CHECKPOINT,3.325255411958478,0.0004997501249375312,1.4859282593836369e-05,2000,134596,18,6
temporal_pooled,Keratinocyte,yugene,HALLMARK GLYCOLYSIS,0.16424161276634627,0.7361319340329835,1.4859282593836369e-05,2000,134596,18,6
temporal_pooled,Keratinocyte,yugene,HALLMARK HEDGEHOG SIGNALING,-1.4642731183384727,0.0079960019990005,1.4859282593836369e-05,2000,134596,18,6
temporal_pooled,Keratinocyte,yugene,HALLMARK HEME METABOLISM,2.065859247211585,0.0014992503748125937,1.4859282593836369e-05,2000,134596,18,6
temporal_pooled,Keratinocyte,yugene,HALLMARK HYPOXIA,0.35468574364956185,0.46026986506746626,1.4859282593836369e-05,2000,134596,18,6
temporal_pooled,Keratinocyte,yugene,HALLMARK IL2 STAT5 SIGNALING,0.0743578937552222,0.8750624687656172,1.4859282593836369e-05,2000,134596,18,6
temporal_pooled,Keratinocyte,yugene,HALLMARK IL6 JAK STAT3 SIGNALING,-0.6841761277382384,0.1619190404797601,1.4859282593836369e-05,2000,134596,18,6
temporal_pooled,Keratinocyte,yugene,HALLMARK INFLAMMATORY RESPONSE,0.6317314862683261,0.19440279860069964,1.4859282593836369e-05,2000,134596,18,6
temporal_pooled,Keratinocyte,yugene,HALLMARK INTERFERON ALPHA RESPONSE,0.7431883279261734,0.12993503248375812,1.4859282593836369e-05,2000,134596,18,6
temporal_pooled,Keratinocyte,yugene,HALLMARK INTERFERON GAMMA RESPONSE,1.102552397833037,0.03498250874562719,1.4859282593836369e-05,2000,134596,18,6
temporal_pooled,Keratinocyte,yugene,HALLMARK KRAS SIGNALING DN,-0.09693526371059923,0.8365817091454273,1.4859282593836369e-05,2000,134596,18,6
temporal_pooled,Keratinocyte,yugene,HALLMARK KRAS SIGNALING UP,1.1478077055899654,0.0239880059970015,1.4859282593836369e-05,2000,134596,18,6
temporal_pooled,Keratinocyte,yugene,HALLMARK MITOTIC SPINDLE,2.1000069402344663,0.0009995002498750624,1.4859282593836369e-05,2000,134596,18,6
temporal_pooled,Keratinocyte,yugene,HALLMARK MTORC1 SIGNALING,2.1115000060718288,0.0009995002498750624,1.4859282593836369e-05,2000,134596,18,6
temporal_pooled,Keratinocyte,yugene,HALLMARK MYC TARGETS,-1.2160472206952044,0.019490254872563718,1.4859282593836369e-05,2000,134596,18,6
temporal_pooled,Keratinocyte,yugene,HALLMARK MYOGENESIS,2.0583866473649377,0.0009995002498750624,1.4859282593836369e-05,2000,134596,18,6
temporal_pooled,Keratinocyte,yugene,HALLMARK NOTCH SIGNALING,-0.7559918932937308,0.12243878060969515,1.4859282593836369e-05,2000,134596,18,6
temporal_pooled,Keratinocyte,yugene,HALLMARK OXIDATIVE PHOSPHORYLATION,-1.0935693308806216,0.03548225887056472,1.4859282593836369e-05,2000,134596,18,6
temporal_pooled,Keratinocyte,yugene,HALLMARK P53 PATHWAY,0.7818278249658692,0.12143928035982009,1.4859282593836369e-05,2000,134596,18,6
temporal_pooled,Keratinocyte,yugene,HALLMARK PANCREAS BETA CELLS,-0.5167371420071195,0.29035482258870565,1.4859282593836369e-05,2000,134596,18,6
temporal_pooled,Keratinocyte,yugene,HALLMARK PEROXISOME,1.5704536286133666,0.0014992503748125937,1.4859282593836369e-05,2000,134596,18,6
temporal_pooled,Keratinocyte,yugene,HALLMARK PI3K AKT MTOR SIGNALING,1.7538395063956338,0.0014992503748125937,1.4859282593836369e-05,2000,134596,18,6
temporal_pooled,Keratinocyte,yugene,HALLMARK PROTEIN SECRETION,0.7056601363954428,0.15592203898050974,1.4859282593836369e-05,2000,134596,18,6
temporal_pooled,Keratinocyte,yugene,HALLMARK REACTIVE OXYGEN SPECIES PATHWAY,-0.46736902403203356,0.3183408295852074,1.4859282593836369e-05,2000,134596,18,6
temporal_pooled,Keratinocyte,yugene,HALLMARK SPERMATOGENESIS,1.1304880284246521,0.02798600699650175,1.4859282593836369e-05,2000,134596,18,6
temporal_pooled,Keratinocyte,yugene,HALLMARK TGF BETA SIGNALING,-1.7799732897508487,0.001999000499750125,1.4859282593836369e-05,2000,134596,18,6
temporal_pooled,Keratinocyte,yugene,HALLMARK TNFA SIGNALING VIA NFKB,0.22425451339912084,0.6411794102948526,1.4859282593836369e-05,2000,134596,18,6
temporal_pooled,Keratinocyte,yugene,HALLMARK UNFOLDED PROTEIN RESPONSE,-0.49051812348759316,0.3058470764617691,1.4859282593836369e-05,2000,134596,18,6
temporal_pooled,Keratinocyte,yugene,HALLMARK UV RESPONSE DN,-0.4758725250035456,0.3313343328335832,1.4859282593836369e-05,2000,134596,18,6
temporal_pooled,Keratinocyte,yugene,HALLMARK UV RESPONSE UP,1.6450408759000308,0.004497751124437781,1.4859282593836369e-05,2000,134596,18,6
temporal_pooled,Keratinocyte,yugene,HALLMARK WNT BETA CATENIN SIGNALING,-1.068766258040508,0.03948025987006497,1.4859282593836369e-05,2000,134596,18,6
temporal_pooled,Keratinocyte,yugene,HALLMARK XENOBIOTIC METABOLISM,0.49122501993199913,0.30434782608695654,1.4859282593836369e-05,2000,134596,18,6
temporal_pooled,Keratinocyte,yugene,Lysosomal Genes,0.7068024213210399,0.1504247876061969,1.4859282593836369e-05,2000,134596,18,6
temporal_pooled,Melanocyte,yugene,HALLMARK ADIPOGENESIS,-2.523260505556716,0.0004997501249375312,1.4859282593836369e-05,2000,134596,18,6
temporal_pooled,Melanocyte,yugene,HALLMARK ALLOGRAFT REJECTION,1.3539390016228454,0.01199400299850075,1.4859282593836369e-05,2000,134596,18,6
temporal_pooled,Melanocyte,yugene,HALLMARK ANDROGEN RESPONSE,-1.4343861202037997,0.0074962518740629685,1.4859282593836369e-05,2000,134596,18,6
temporal_pooled,Melanocyte,yugene,HALLMARK ANGIOGENESIS,-1.6931156427734653,0.001999000499750125,1.4859282593836369e-05,2000,134596,18,6
temporal_pooled,Melanocyte,yugene,HALLMARK APICAL JUNCTION,-2.4105595101426402,0.0004997501249375312,1.4859282593836369e-05,2000,134596,18,6
temporal_pooled,Melanocyte,yugene,HALLMARK APICAL SURFACE,-1.1263938424753641,0.02448775612193903,1.4859282593836369e-05,2000,134596,18,6
temporal_pooled,Melanocyte,yugene,HALLMARK APOPTOSIS,1.2213405701571245,0.010994502748625687,1.4859282593836369e-05,2000,134596,18,6
temporal_pooled,Melanocyte,yugene,HALLMARK BILE ACID METABOLISM,-0.5892373995034053,0.21489255372313842,1.4859282593836369e-05,2000,134596,18,6
temporal_pooled,Melanocyte,yugene,HALLMARK CHOLESTEROL HOMEOSTASIS,-1.4266651979979235,0.005997001499250375,1.4859282593836369e-05,2000,134596,18,6
temporal_pooled,Melanocyte,yugene,HALLMARK COAGULATION,2.9475666856786185,0.0004997501249375312,1.4859282593836369e-05,2000,134596,18,6
temporal_pooled,Melanocyte,yugene,HALLMARK COMPLEMENT,2.2058420775099807,0.0004997501249375312,1.4859282593836369e-05,2000,134596,18,6
temporal_pooled,Melanocyte,yugene,HALLMARK DNA REPAIR,3.4132019910011224,0.0004997501249375312,1.4859282593836369e-05,2000,134596,18,6
temporal_pooled,Melanocyte,yugene,HALLMARK E2F TARGETS,1.1795409746914474,0.01999000499750125,1.4859282593836369e-05,2000,134596,18,6
temporal_pooled,Melanocyte,yugene,HALLMARK EPITHELIAL MESENCHYMAL TRANSITION,-0.6633174855401672,0.17891054472763618,1.4859282593836369e-05,2000,134596,18,6
temporal_pooled,Melanocyte,yugene,HALLMARK ESTROGEN RESPONSE EARLY,1.75701182111423,0.004997501249375313,1.4859282593836369e-05,2000,134596,18,6
temporal_pooled,Melanocyte,yugene,HALLMARK ESTROGEN RESPONSE LATE,0.42293719120987544,0.3728135932033983,1.4859282593836369e-05,2000,134596,18,6
temporal_pooled,Melanocyte,yugene,HALLMARK FATTY ACID METABOLISM,-1.2444429404875639,0.014492753623188406,1.4859282593836369e-05,2000,134596,18,6
temporal_pooled,Melanocyte,yugene,HALLMARK G2M CHECKPOINT,-0.5211088874808464,0.2848575712143928,1.4859282593836369e-05,2000,134596,18,6
temporal_pooled,Melanocyte,yugene,HALLMARK GLYCOLYSIS,-3.0119047285682314,0.0004997501249375312,1.4859282593836369e-05,2000,134596,18,6
temporal_pooled,Melanocyte,yugene,HALLMARK HEDGEHOG SIGNALING,-2.451240147718118,0.0004997501249375312,1.4859282593836369e-05,2000,134596,18,6
temporal_pooled,Melanocyte,yugene,HALLMARK HEME METABOLISM,1.6412193597378368,0.004497751124437781,1.4859282593836369e-05,2000,134596,18,6
temporal_pooled,Melanocyte,yugene,HALLMARK HYPOXIA,1.0603011928309027,0.03298350824587706,1.4859282593836369e-05,2000,134596,18,6
temporal_pooled,Melanocyte,yugene,HALLMARK IL2 STAT5 SIGNALING,-0.8358267359078377,0.08445777111444278,1.4859282593836369e-05,2000,134596,18,6
temporal_pooled,Melanocyte,yugene,HALLMARK IL6 JAK STAT3 SIGNALING,4.806515379359858,0.0004997501249375312,1.4859282593836369e-05,2000,134596,18,6
temporal_pooled,Melanocyte,yugene,HALLMARK INFLAMMATORY RESPONSE,4.84461721386585,0.0004997501249375312,1.4859282593836369e-05,2000,134596,18,6
temporal_pooled,Melanocyte,yugene,HALLMARK INTERFERON ALPHA RESPONSE,-10.504194001267093,0.0004997501249375312,1.4859282593836369e-05,2000,134596,18,6
temporal_pooled,Melanocyte,yugene,HALLMARK INTERFERON GAMMA RESPONSE,-0.4600695538982858,0.3293353323338331,1.4859282593836369e-05,2000,134596,18,6
temporal_pooled,Melanocyte,yugene,HALLMARK KRAS SIGNALING DN,6.4057525032526295,0.0004997501249375312,1.4859282593836369e-05,2000,134596,18,6
temporal_pooled,Melanocyte,yugene,HALLMARK KRAS SIGNALING UP,0.1520612475950177,0.7511244377811095,1.4859282593836369e-05,2000,134596,18,6
temporal_pooled,Melanocyte,yugene,HALLMARK MITOTIC SPINDLE,0.05729818887011329,0.9015492253873063,1.4859282593836369e-05,2000,134596,18,6
temporal_pooled,Melanocyte,yugene,HALLMARK MTORC1 SIGNALING,-1.328517761519879,0.0069965017491254375,1.4859282593836369e-05,2000,134596,18,6
temporal_pooled,Melanocyte,yugene,HALLMARK MYC TARGETS,3.0146337545072437,0.0004997501249375312,1.4859282593836369e-05,2000,134596,18,6
temporal_pooled,Melanocyte,yugene,HALLMARK MYOGENESIS,-1.4241722629456737,0.0074962518740629685,1.4859282593836369e-05,2000,134596,18,6
temporal_pooled,Melanocyte,yugene,HALLMARK NOTCH SIGNALING,-0.7918083809601478,0.111944027986007,1.4859282593836369e-05,2000,134596,18,6
temporal_pooled,Melanocyte,yugene,HALLMARK OXIDATIVE PHOSPHORYLATION,-0.9656532147124475,0.0544727636181909,1.4859282593836369e-05,2000,134596,18,6
temporal_pooled,Melanocyte,yugene,HALLMARK P53 PATHWAY,5.791441930953891,0.0004997501249375312,1.4859282593836369e-05,2000,134596,18,6
temporal_pooled,Melanocyte,yugene,HALLMARK PANCREAS BETA CELLS,-0.346726438084489,0.48575712143928035,1.4859282593836369e-05,2000,134596,18,6
temporal_pooled,Melanocyte,yugene,HALLMARK PEROXISOME,0.8743763354349289,0.07646176911544228,1.4859282593836369e-05,2000,134596,18,6
temporal_pooled,Melanocyte,yugene,HALLMARK PI3K AKT MTOR SIGNALING,2.2199470992708377,0.0004997501249375312,1.4859282593836369e-05,2000,134596,18,6
temporal_pooled,Melanocyte,yugene,HALLMARK PROTEIN SECRETION,-2.535409008299668,0.0004997501249375312,1.4859282593836369e-05,2000,134596,18,6
temporal_pooled,Melanocyte,yugene,HALLMARK REACTIVE OXYGEN SPECIES PATHWAY,2.755698114891491,0.0004997501249375312,1.4859282593836369e-05,2000,134596,18,6
temporal_pooled,Melanocyte,yugene,HALLMARK SPERMATOGENESIS,2.374160635777187,0.0004997501249375312,1.4859282593836369e-05,2000,134596,18,6
temporal_pooled,Melanocyte,yugene,HALLMARK TGF BETA SIGNALING,0.6550028887352539,0.18840579710144928,1.4859282593836369e-05,2000,134596,18,6
temporal_pooled,Melanocyte,yugene,HALLMARK TNFA SIGNALING VIA NFKB,2.6452293266043623,0.0004997501249375312,1.4859282593836369e-05,2000,134596,18,6
temporal_pooled,Melanocyte,yugene,HALLMARK UNFOLDED PROTEIN RESPONSE,-2.1034758398831035,0.0004997501249375312,1.4859282593836369e-05,2000,134596,18,6
temporal_pooled,Melanocyte,yugene,HALLMARK UV RESPONSE DN,-0.8474128773582467,0.09195402298850575,1.4859282593836369e-05,2000,134596,18,6
temporal_pooled,Melanocyte,yugene,HALLMARK UV RESPONSE UP,3.915154901498809,0.0004997501249375312,1.4859282593836369e-05,2000,134596,18,6
temporal_pooled,Melanocyte,yugene,HALLMARK WNT BETA CATENIN SIGNALING,0.8496599445061666,0.08445777111444278,1.4859282593836369e-05,2000,134596,18,6
temporal_pooled,Melanocyte,yugene,HALLMARK XENOBIOTIC METABOLISM,5.073631328609198,0.0004997501249375312,1.4859282593836369e-05,2000,134596,18,6
temporal_pooled,Melanocyte,yugene,Lysosomal Genes,0.2931150654052729,0.552223888055972,1.4859282593836369e-05,2000,134596,18,6
temporal_bytimepoint,Fibroblast_4_days,yugene,HALLMARK ADIPOGENESIS,4.018065984390877,0.003243243243243243,0.0021645021645021645,924,924,6,6
temporal_bytimepoint,Fibroblast_4_days,yugene,HALLMARK ALLOGRAFT REJECTION,5.2860790658055965,0.003243243243243243,0.0021645021645021645,924,924,6,6
temporal_bytimepoint,Fibroblast_4_days,yugene,HALLMARK ANDROGEN RESPONSE,-4.067717230039671,0.003243243243243243,0.0021645021645021645,924,924,6,6
temporal_bytimepoint,Fibroblast_4_days,yugene,HALLMARK ANGIOGENESIS,1.8262758889485735,0.004324324324324324,0.0021645021645021645,924,924,6,6
temporal_bytimepoint,Fibroblast_4_days,yugene,HALLMARK APICAL JUNCTION,9.148434335965396,0.003243243243243243,0.0021645021645021645,924,924,6,6
temporal_bytimepoint,Fibroblast_4_days,yugene,HALLMARK APICAL SURFACE,1.8021151848870973,0.010810810810810811,0.0021645021645021645,924,924,6,6
temporal_bytimepoint,Fibroblast_4_days,yugene,HALLMARK APOPTOSIS,2.33908411400126,0.006486486486486486,0.0021645021645021645,924,924,6,6
temporal_bytimepoint,Fibroblast_4_days,yugene,HALLMARK BILE ACID METABOLISM,6.041310799955954,0.003243243243243243,0.0021645021645021645,924,924,6,6
temporal_bytimepoint,Fibroblast_4_days,yugene,HALLMARK CHOLESTEROL HOMEOSTASIS,0.22479325347217757,0.6843243243243243,0.0021645021645021645,924,924,6,6
temporal_bytimepoint,Fibroblast_4_days,yugene,HALLMARK COAGULATION,1.727162510577498,0.046486486486486484,0.0021645021645021645,924,924,6,6
temporal_bytimepoint,Fibroblast_4_days,yugene,HALLMARK COMPLEMENT,13.663669615993143,0.003243243243243243,0.0021645021645021645,924,924,6,6
temporal_bytimepoint,Fibroblast_4_days,yugene,HALLMARK DNA REPAIR,0.8634688330715123,0.17945945945945946,0.0021645021645021645,924,924,6,6
temporal_bytimepoint,Fibroblast_4_days,yugene,HALLMARK E2F TARGETS,10.371461642277373,0.003243243243243243,0.0021645021645021645,924,924,6,6
temporal_bytimepoint,Fibroblast_4_days,yugene,HALLMARK EPITHELIAL MESENCHYMAL TRANSITION,7.130981629027074,0.003243243243243243,0.0021645021645021645,924,924,6,6
temporal_bytimepoint,Fibroblast_4_days,yugene,HALLMARK ESTROGEN RESPONSE EARLY,0.7733608495498163,0.21513513513513513,0.0021645021645021645,924,924,6,6
temporal_bytimepoint,Fibroblast_4_days,yugene,HALLMARK ESTROGEN RESPONSE LATE,-0.6323350165825311,0.32216216216216215,0.0021645021645021645,924,924,6,6
temporal_bytimepoint,Fibroblast_4_days,yugene,HALLMARK FATTY ACID METABOLISM,5.223565895890194,0.003243243243243243,0.0021645021645021645,924,924,6,6
temporal_bytimepoint,Fibroblast_4_days,yugene,HALLMARK G2M CHECKPOINT,8.119049306256802,0.003243243243243243,0.0021645021645021645,924,924,6,6
temporal_bytimepoint,Fibroblast_4_days,yugene,HALLMARK GLYCOLYSIS,1.0154106466211394,0.10810810810810811,0.0021645021645021645,924,924,6,6
temporal_bytimepoint,Fibroblast_4_days,yugene,HALLMARK HEDGEHOG SIGNALING,-2.814268708447172,0.003243243243243243,0.0021645021645021645,924,924,6,6
temporal_bytimepoint,Fibroblast_4_days,yugene,HALLMARK HEME METABOLISM,8.256395632301514,0.003243243243243243,0.0021645021645021645,924,924,6,6
temporal_bytimepoint,Fibroblast_4_days,yugene,HALLMARK HYPOXIA,0.21752798847772092,0.7135135135135136,0.0021645021645021645,924,924,6,6
temporal_bytimepoint,Fibroblast_4_days,yugene,HALLMARK IL2 STAT5 SIGNALING,1.6829365481214258,0.04108108108108108,0.0021645021645021645,924,924,6,6
temporal_bytimepoint,Fibroblast_4_days,yugene,HALLMARK IL6 JAK STAT3 SIGNALING,0.17904170798612115,0.7675675675675676,0.0021645021645021645,924,924,6,6
temporal_bytimepoint,Fibroblast_4_days,yugene,HALLMARK INFLAMMATORY RESPONSE,1.8126996357995633,0.003243243243243243,0.0021645021645021645,924,924,6,6
temporal_bytimepoint,Fibroblast_4_days,yugene,HALLMARK INTERFERON ALPHA RESPONSE,-0.7839285444829368,0.2118918918918919,0.0021645021645021645,924,924,6,6
temporal_bytimepoint,Fibroblast_4_days,yugene,HALLMARK INTERFERON GAMMA RESPONSE,3.11777279186963,0.003243243243243243,0.0021645021645021645,924,924,6,6
temporal_bytimepoint,Fibroblast_4_days,yugene,HALLMARK KRAS SIGNALING DN,1.2345789301215753,0.06378378378378378,0.0021645021645021645,924,924,6,6
temporal_bytimepoint,Fibroblast_4_days,yugene,HALLMARK KRAS SIGNALING UP,-1.019886595022856,0.10594594594594595,0.0021645021645021645,924,924,6,6
temporal_bytimepoint,Fibroblast_4_days,yugene,HALLMARK MITOTIC SPINDLE,15.532866711985253,0.003243243243243243,0.0021645021645021645,924,924,6,6
temporal_bytimepoint,Fibroblast_4_days,yugene,HALLMARK MTORC1 SIGNALING,-0.18184313483240983,0.625945945945946,0.0021645021645021645,924,924,6,6
temporal_bytimepoint,Fibroblast_4_days,yugene,HALLMARK MYC TARGETS,-1.078572123103181,0.11783783783783784,0.0021645021645021645,924,924,6,6
temporal_bytimepoint,Fibroblast_4_days,yugene,HALLMARK MYOGENESIS,3.505236674890862,0.003243243243243243,0.0021645021645021645,924,924,6,6
temporal_bytimepoint,Fibroblast_4_days,yugene,HALLMARK NOTCH SIGNALING,-0.39738032659682554,0.492972972972973,0.0021645021645021645,924,924,6,6
temporal_bytimepoint,Fibroblast_4_days,yugene,HALLMARK OXIDATIVE PHOSPHORYLATION,0.41997532145941124,0.46702702702702703,0.0021645021645021645,924,924,6,6
temporal_bytimepoint,Fibroblast_4_days,yugene,HALLMARK P53 PATHWAY,5.79450806916456,0.003243243243243243,0.0021645021645021645,924,924,6,6
temporal_bytimepoint,Fibroblast_4_days,yugene,HALLMARK PANCREAS BETA CELLS,0.5902742888968862,0.3318918918918919,0.0021645021645021645,924,924,6,6
temporal_bytimepoint,Fibroblast_4_days,yugene,HALLMARK PEROXISOME,0.439957012322634,0.4562162162162162,0.0021645021645021645,924,924,6,6
temporal_bytimepoint,Fibroblast_4_days,yugene,HALLMARK PI3K AKT MTOR SIGNALING,1.0819850664113055,0.10162162162162162,0.0021645021645021645,924,924,6,6
temporal_bytimepoint,Fibroblast_4_days,yugene,HALLMARK PROTEIN SECRETION,2.7975929270432647,0.003243243243243243,0.0021645021645021645,924,924,6,6
temporal_bytimepoint,Fibroblast_4_days,yugene,HALLMARK REACTIVE OXYGEN SPECIES PATHWAY,1.194234825333624,0.08,0.0021645021645021645,924,924,6,6
temporal_bytimepoint,Fibroblast_4_days,yugene,HALLMARK SPERMATOGENESIS,2.6952873939097914,0.003243243243243243,0.0021645021645021645,924,924,6,6
temporal_bytimepoint,Fibroblast_4_days,yugene,HALLMARK TGF BETA SIGNALING,-2.209023517074754,0.003243243243243243,0.0021645021645021645,924,924,6,6
temporal_bytimepoint,Fibroblast_4_days,yugene,HALLMARK TNFA SIGNALING VIA NFKB,1.4637524239873496,0.036756756756756756,0.0021645021645021645,924,924,6,6
temporal_bytimepoint,Fibroblast_4_days,yugene,HALLMARK UNFOLDED PROTEIN RESPONSE,-5.53570983383355,0.003243243243243243,0.0021645021645021645,924,924,6,6
temporal_bytimepoint,Fibroblast_4_days,yugene,HALLMARK UV RESPONSE DN,2.389122812747238,0.003243243243243243,0.0021645021645021645,924,924,6,6
temporal_bytimepoint,Fibroblast_4_days,yugene,HALLMARK UV RESPONSE UP,2.7765661067212513,0.003243243243243243,0.0021645021645021645,924,924,6,6
temporal_bytimepoint,Fibroblast_4_days,yugene,HALLMARK WNT BETA CATENIN SIGNALING,0.3851639439051612,0.47243243243243244,0.0021645021645021645,924,924,6,6
temporal_bytimepoint,Fibroblast_4_days,yugene,HALLMARK XENOBIOTIC METABOLISM,3.12616309496188,0.003243243243243243,0.0021645021645021645,924,924,6,6
temporal_bytimepoint,Fibroblast_4_days,yugene,Lysosomal Genes,2.9922690441828763,0.003243243243243243,0.0021645021645021645,924,924,6,6
temporal_bytimepoint,Fibroblast_10_days,yugene,HALLMARK ADIPOGENESIS,3.3365386372145,0.003243243243243243,0.0021645021645021645,924,924,6,6
temporal_bytimepoint,Fibroblast_10_days,yugene,HALLMARK ALLOGRAFT REJECTION,2.4368875351495434,0.003243243243243243,0.0021645021645021645,924,924,6,6
temporal_bytimepoint,Fibroblast_10_days,yugene,HALLMARK ANDROGEN RESPONSE,-3.527459603472351,0.003243243243243243,0.0021645021645021645,924,924,6,6
temporal_bytimepoint,Fibroblast_10_days,yugene,HALLMARK ANGIOGENESIS,2.1989305794975706,0.015135135135135135,0.0021645021645021645,924,924,6,6
temporal_bytimepoint,Fibroblast_10_days,yugene,HALLMARK APICAL JUNCTION,6.414533580415128,0.003243243243243243,0.0021645021645021645,924,924,6,6
temporal_bytimepoint,Fibroblast_10_days,yugene,HALLMARK APICAL SURFACE,3.281717162614017,0.003243243243243243,0.0021645021645021645,924,924,6,6
temporal_bytimepoint,Fibroblast_10_days,yugene,HALLMARK APOPTOSIS,7.257518857045659,0.003243243243243243,0.0021645021645021645,924,924,6,6
temporal_bytimepoint,Fibroblast_10_days,yugene,HALLMARK BILE ACID METABOLISM,4.597793004680032,0.003243243243243243,0.0021645021645021645,924,924,6,6
temporal_bytimepoint,Fibroblast_10_days,yugene,HALLMARK CHOLESTEROL HOMEOSTASIS,1.193831016730494,0.08216216216216216,0.0021645021645021645,924,924,6,6
temporal_bytimepoint,Fibroblast_10_days,yugene,HALLMARK COAGULATION,2.7321388053546705,0.003243243243243243,0.0021645021645021645,924,924,6,6
temporal_bytimepoint,Fibroblast_10_days,yugene,HALLMARK COMPLEMENT,3.8099430275498536,0.003243243243243243,0.0021645021645021645,924,924,6,6
temporal_bytimepoint,Fibroblast_10_days,yugene,HALLMARK DNA REPAIR,1.2425101694430638,0.07351351351351351,0.0021645021645021645,924,924,6,6
temporal_bytimepoint,Fibroblast_10_days,yugene,HALLMARK E2F TARGETS,3.425385493826091,0.003243243243243243,0.0021645021645021645,924,924,6,6
temporal_bytimepoint,Fibroblast_10_days,yugene,HALLMARK EPITHELIAL MESENCHYMAL TRANSITION,9.72478440314964,0.003243243243243243,0.0021645021645021645,924,924,6,6
temporal_bytimepoint,Fibroblast_10_days,yugene,HALLMARK ESTROGEN RESPONSE EARLY,1.3972067464223108,0.043243243243243246,0.0021645021645021645,924,924,6,6
temporal_bytimepoint,Fibroblast_10_days,yugene,HALLMARK ESTROGEN RESPONSE LATE,-0.5538042516129097,0.3567567567567568,0.0021645021645021645,924,924,6,6
temporal_bytimepoint,Fibroblast_10_days,yugene,HALLMARK FATTY ACID METABOLISM,6.932193245688046,0.003243243243243243,0.0021645021645021645,924,924,6,6
temporal_bytimepoint,Fibroblast_10_days,yugene,HALLMARK G2M CHECKPOINT,5.815049447125801,0.003243243243243243,0.0021645021645021645,924,924,6,6
temporal_bytimepoint,Fibroblast_10_days,yugene,HALLMARK GLYCOLYSIS,0.7186055973921973,0.2,0.0021645021645021645,924,924,6,6
temporal_bytimepoint,Fibroblast_10_days,yugene,HALLMARK HEDGEHOG SIGNALING,-3.5574570585268654,0.003243243243243243,0.0021645021645021645,924,924,6,6
temporal_bytimepoint,Fibroblast_10_days,yugene,HALLMARK HEME METABOLISM,6.462308613129892,0.003243243243243243,0.0021645021645021645,924,924,6,6
temporal_bytimepoint,Fibroblast_10_days,yugene,HALLMARK HYPOXIA,0.5175522162859478,0.372972972972973,0.0021645021645021645,924,924,6,6
temporal_bytimepoint,Fibroblast_10_days,yugene,HALLMARK IL2 STAT5 SIGNALING,1.9198912036627083,0.003243243243243243,0.0021645021645021645,924,924,6,6
temporal_bytimepoint,Fibroblast_10_days,yugene,HALLMARK IL6 JAK STAT3 SIGNALING,-0.557373246090459,0.3621621621621622,0.0021645021645021645,924,924,6,6
temporal_bytimepoint,Fibroblast_10_days,yugene,HALLMARK INFLAMMATORY RESPONSE,1.6213143244807848,0.03567567567567568,0.0021645021645021645,924,924,6,6
temporal_bytimepoint,Fibroblast_10_days,yugene,HALLMARK INTERFERON ALPHA RESPONSE,-0.5881161770837083,0.35027027027027025,0.0021645021645021645,924,924,6,6
temporal_bytimepoint,Fibroblast_10_days,yugene,HALLMARK INTERFERON GAMMA RESPONSE,3.885379368199855,0.003243243243243243,0.0021645021645021645,924,924,6,6
temporal_bytimepoint,Fibroblast_10_days,yugene,HALLMARK KRAS SIGNALING DN,1.7497551923301924,0.034594594594594595,0.0021645021645021645,924,924,6,6
temporal_bytimepoint,Fibroblast_10_days,yugene,HALLMARK KRAS SIGNALING UP,1.026693733749299,0.1772972972972973,0.0021645021645021645,924,924,6,6
temporal_bytimepoint,Fibroblast_10_days,yugene,HALLMARK MITOTIC SPINDLE,3.8413375615706853,0.003243243243243243,0.0021645021645021645,924,924,6,6
temporal_bytimepoint,Fibroblast_10_days,yugene,HALLMARK MTORC1 SIGNALING,1.7902584821662584,0.025945945945945945,0.0021645021645021645,924,924,6,6
temporal_bytimepoint,Fibroblast_10_days,yugene,HALLMARK MYC TARGETS,-0.6482079578586328,0.2983783783783784,0.0021645021645021645,924,924,6,6
temporal_bytimepoint,Fibroblast_10_days,yugene,HALLMARK MYOGENESIS,2.69370511450833,0.003243243243243243,0.0021645021645021645,924,924,6,6
temporal_bytimepoint,Fibroblast_10_days,yugene,HALLMARK NOTCH SIGNALING,-2.293451030563456,0.0075675675675675675,0.0021645021645021645,924,924,6,6
temporal_bytimepoint,Fibroblast_10_days,yugene,HALLMARK OXIDATIVE PHOSPHORYLATION,0.18103228757856007,0.7491891891891892,0.0021645021645021645,924,924,6,6
temporal_bytimepoint,Fibroblast_10_days,yugene,HALLMARK P53 PATHWAY,6.785319714341526,0.003243243243243243,0.0021645021645021645,924,924,6,6
temporal_bytimepoint,Fibroblast_10_days,yugene,HALLMARK PANCREAS BETA CELLS,2.049725621617748,0.003243243243243243,0.0021645021645021645,924,924,6,6
temporal_bytimepoint,Fibroblast_10_days,yugene,HALLMARK PEROXISOME,6.471475534698903,0.003243243243243243,0.0021645021645021645,924,924,6,6
temporal_bytimepoint,Fibroblast_10_days,yugene,HALLMARK PI3K AKT MTOR SIGNALING,0.4243795382701932,0.4464864864864865,0.0021645021645021645,924,924,6,6
temporal_bytimepoint,Fibroblast_10_days,yugene,HALLMARK PROTEIN SECRETION,5.351082977427013,0.003243243243243243,0.0021645021645021645,924,924,6,6
temporal_bytimepoint,Fibroblast_10_days,yugene,HALLMARK REACTIVE OXYGEN SPECIES PATHWAY,0.32513312444994735,0.6356756756756756,0.0021645021645021645,924,924,6,6
temporal_bytimepoint,Fibroblast_10_days,yugene,HALLMARK SPERMATOGENESIS,2.008408845279291,0.008648648648648649,0.0021645021645021645,924,924,6,6
temporal_bytimepoint,Fibroblast_10_days,yugene,HALLMARK TGF BETA SIGNALING,-2.8347221512556056,0.003243243243243243,0.0021645021645021645,924,924,6,6
temporal_bytimepoint,Fibroblast_10_days,yugene,HALLMARK TNFA SIGNALING VIA NFKB,2.450802317138343,0.003243243243243243,0.0021645021645021645,924,924,6,6
temporal_bytimepoint,Fibroblast_10_days,yugene,HALLMARK UNFOLDED PROTEIN RESPONSE,-3.0069435396147814,0.003243243243243243,0.0021645021645021645,924,924,6,6
temporal_bytimepoint,Fibroblast_10_days,yugene,HALLMARK UV RESPONSE DN,0.9427996165998737,0.14594594594594595,0.0021645021645021645,924,924,6,6
temporal_bytimepoint,Fibroblast_10_days,yugene,HALLMARK UV RESPONSE UP,2.2308449287474215,0.003243243243243243,0.0021645021645021645,924,924,6,6
temporal_bytimepoint,Fibroblast_10_days,yugene,HALLMARK WNT BETA CATENIN SIGNALING,-0.5495930654342173,0.3286486486486486,0.0021645021645021645,924,924,6,6
temporal_bytimepoint,Fibroblast_10_days,yugene,HALLMARK XENOBIOTIC METABOLISM,3.1980811914574154,0.003243243243243243,0.0021645021645021645,924,924,6,6
temporal_bytimepoint,Fibroblast_10_days,yugene,Lysosomal Genes,3.0375024325236835,0.003243243243243243,0.0021645021645021645,924,924,6,6
temporal_bytimepoint,Fibroblast_20_days,yugene,HALLMARK ADIPOGENESIS,7.243967412679694,0.002162162162162162,0.0021645021645021645,924,924,6,6
temporal_bytimepoint,Fibroblast_20_days,yugene,HALLMARK ALLOGRAFT REJECTION,5.170948143535324,0.002162162162162162,0.0021645021645021645,924,924,6,6
temporal_bytimepoint,Fibroblast_20_days,yugene,HALLMARK ANDROGEN RESPONSE,-10.042273906329527,0.002162162162162162,0.0021645021645021645,924,924,6,6
temporal_bytimepoint,Fibroblast_20_days,yugene,HALLMARK ANGIOGENESIS,2.0364786759766234,0.002162162162162162,0.0021645021645021645,924,924,6,6
temporal_bytimepoint,Fibroblast_20_days,yugene,HALLMARK APICAL JUNCTION,14.661874422654934,0.002162162162162162,0.0021645021645021645,924,924,6,6
temporal_bytimepoint,Fibroblast_20_days,yugene,HALLMARK APICAL SURFACE,3.8252432735757482,0.002162162162162162,0.0021645021645021645,924,924,6,6
temporal_bytimepoint,Fibroblast_20_days,yugene,HALLMARK APOPTOSIS,15.978929269349964,0.002162162162162162,0.0021645021645021645,924,924,6,6
temporal_bytimepoint,Fibroblast_20_days,yugene,HALLMARK BILE ACID METABOLISM,7.875992412074098,0.002162162162162162,0.0021645021645021645,924,924,6,6
temporal_bytimepoint,Fibroblast_20_days,yugene,HALLMARK CHOLESTEROL HOMEOSTASIS,0.8776943552039143,0.17513513513513512,0.0021645021645021645,924,924,6,6
temporal_bytimepoint,Fibroblast_20_days,yugene,HALLMARK COAGULATION,8.543975625002187,0.002162162162162162,0.0021645021645021645,924,924,6,6
temporal_bytimepoint,Fibroblast_20_days,yugene,HALLMARK COMPLEMENT,18.29466677758364,0.002162162162162162,0.0021645021645021645,924,924,6,6
temporal_bytimepoint,Fibroblast_20_days,yugene,HALLMARK DNA REPAIR,2.4868608687728084,0.002162162162162162,0.0021645021645021645,924,924,6,6
temporal_bytimepoint,Fibroblast_20_days,yugene,HALLMARK E2F TARGETS,10.65936462568357,0.002162162162162162,0.0021645021645021645,924,924,6,6
temporal_bytimepoint,Fibroblast_20_days,yugene,HALLMARK EPITHELIAL MESENCHYMAL TRANSITION,6.813253468643932,0.002162162162162162,0.0021645021645021645,924,924,6,6
temporal_bytimepoint,Fibroblast_20_days,yugene,HALLMARK ESTROGEN RESPONSE EARLY,3.096507326827175,0.002162162162162162,0.0021645021645021645,924,924,6,6
temporal_bytimepoint,Fibroblast_20_days,yugene,HALLMARK ESTROGEN RESPONSE LATE,1.6700779241555967,0.021621621621621623,0.0021645021645021645,924,924,6,6
temporal_bytimepoint,Fibroblast_20_days,yugene,HALLMARK FATTY ACID METABOLISM,10.137681656814662,0.002162162162162162,0.0021645021645021645,924,924,6,6
temporal_bytimepoint,Fibroblast_20_days,yugene,HALLMARK G2M CHECKPOINT,16.207658350909956,0.002162162162162162,0.0021645021645021645,924,924,6,6
temporal_bytimepoint,Fibroblast_20_days,yugene,HALLMARK GLYCOLYSIS,10.216509453106426,0.002162162162162162,0.0021645021645021645,924,924,6,6
temporal_bytimepoint,Fibroblast_20_days,yugene,HALLMARK HEDGEHOG SIGNALING,-3.4959346651071885,0.002162162162162162,0.0021645021645021645,924,924,6,6
temporal_bytimepoint,Fibroblast_20_days,yugene,HALLMARK HEME METABOLISM,10.849518467308277,0.002162162162162162,0.0021645021645021645,924,924,6,6
temporal_bytimepoint,Fibroblast_20_days,yugene,HALLMARK HYPOXIA,1.7122630721955234,0.0075675675675675675,0.0021645021645021645,924,924,6,6
temporal_bytimepoint,Fibroblast_20_days,yugene,HALLMARK IL2 STAT5 SIGNALING,3.0107477551582744,0.002162162162162162,0.0021645021645021645,924,924,6,6
temporal_bytimepoint,Fibroblast_20_days,yugene,HALLMARK IL6 JAK STAT3 SIGNALING,-2.4985617192479044,0.002162162162162162,0.0021645021645021645,924,924,6,6
temporal_bytimepoint,Fibroblast_20_days,yugene,HALLMARK INFLAMMATORY RESPONSE,3.7286234930871767,0.002162162162162162,0.0021645021645021645,924,924,6,6
temporal_bytimepoint,Fibroblast_20_days,yugene,HALLMARK INTERFERON ALPHA RESPONSE,-2.2309689905211343,0.002162162162162162,0.0021645021645021645,924,924,6,6
temporal_bytimepoint,Fibroblast_20_days,yugene,HALLMARK INTERFERON GAMMA RESPONSE,4.929237498765803,0.002162162162162162,0.0021645021645021645,924,924,6,6
temporal_bytimepoint,Fibroblast_20_days,yugene,HALLMARK KRAS SIGNALING DN,1.0513752492322432,0.1783783783783784,0.0021645021645021645,924,924,6,6
temporal_bytimepoint,Fibroblast_20_days,yugene,HALLMARK KRAS SIGNALING UP,9.066836066118084,0.002162162162162162,0.0021645021645021645,924,924,6,6
temporal_bytimepoint,Fibroblast_20_days,yugene,HALLMARK MITOTIC SPINDLE,18.206398427192454,0.002162162162162162,0.0021645021645021645,924,924,6,6
temporal_bytimepoint,Fibroblast_20_days,yugene,HALLMARK MTORC1 SIGNALING,1.7101279078574798,0.005405405405405406,0.0021645021645021645,924,924,6,6
temporal_bytimepoint,Fibroblast_20_days,yugene,HALLMARK MYC TARGETS,0.9786824706490311,0.17189189189189188,0.0021645021645021645,924,924,6,6
temporal_bytimepoint,Fibroblast_20_days,yugene,HALLMARK MYOGENESIS,9.147672774948232,0.002162162162162162,0.0021645021645021645,924,924,6,6
temporal_bytimepoint,Fibroblast_20_days,yugene,HALLMARK NOTCH SIGNALING,-0.9484395207744122,0.1545945945945946,0.0021645021645021645,924,924,6,6
temporal_bytimepoint,Fibroblast_20_days,yugene,HALLMARK OXIDATIVE PHOSPHORYLATION,1.6527839727247184,0.002162162162162162,0.0021645021645021645,924,924,6,6
temporal_bytimepoint,Fibroblast_20_days,yugene,HALLMARK P53 PATHWAY,9.321441411243063,0.002162162162162162,0.0021645021645021645,924,924,6,6
temporal_bytimepoint,Fibroblast_20_days,yugene,HALLMARK PANCREAS BETA CELLS,3.4096501040577807,0.002162162162162162,0.0021645021645021645,924,924,6,6
temporal_bytimepoint,Fibroblast_20_days,yugene,HALLMARK PEROXISOME,9.316811673264823,0.002162162162162162,0.0021645021645021645,924,924,6,6
temporal_bytimepoint,Fibroblast_20_days,yugene,HALLMARK PI3K AKT MTOR SIGNALING,1.2201876483046765,0.05189189189189189,0.0021645021645021645,924,924,6,6
temporal_bytimepoint,Fibroblast_20_days,yugene,HALLMARK PROTEIN SECRETION,6.600550336058364,0.002162162162162162,0.0021645021645021645,924,924,6,6
temporal_bytimepoint,Fibroblast_20_days,yugene,HALLMARK REACTIVE OXYGEN SPECIES PATHWAY,0.5382660025289167,0.3567567567567568,0.0021645021645021645,924,924,6,6
temporal_bytimepoint,Fibroblast_20_days,yugene,HALLMARK SPERMATOGENESIS,7.934804692464356,0.002162162162162162,0.0021645021645021645,924,924,6,6
temporal_bytimepoint,Fibroblast_20_days,yugene,HALLMARK TGF BETA SIGNALING,-6.2020814596431455,0.002162162162162162,0.0021645021645021645,924,924,6,6
temporal_bytimepoint,Fibroblast_20_days,yugene,HALLMARK TNFA SIGNALING VIA NFKB,5.91993288760474,0.002162162162162162,0.0021645021645021645,924,924,6,6
temporal_bytimepoint,Fibroblast_20_days,yugene,HALLMARK UNFOLDED PROTEIN RESPONSE,-6.915666153365736,0.002162162162162162,0.0021645021645021645,924,924,6,6
temporal_bytimepoint,Fibroblast_20_days,yugene,HALLMARK UV RESPONSE DN,-0.24961552536787762,0.6324324324324324,0.0021645021645021645,924,924,6,6
temporal_bytimepoint,Fibroblast_20_days,yugene,HALLMARK UV RESPONSE UP,2.78258376554078,0.002162162162162162,0.0021645021645021645,924,924,6,6
temporal_bytimepoint,Fibroblast_20_days,yugene,HALLMARK WNT BETA CATENIN SIGNALING,0.41547499808361116,0.4897297297297297,0.0021645021645021645,924,924,6,6
temporal_bytimepoint,Fibroblast_20_days,yugene,HALLMARK XENOBIOTIC METABOLISM,9.936186043266334,0.002162162162162162,0.0021645021645021645,924,924,6,6
temporal_bytimepoint,Fibroblast_20_days,yugene,Lysosomal Genes,5.75211384092391,0.002162162162162162,0.0021645021645021645,924,924,6,6
temporal_bytimepoint,Keratinocyte_4_days,yugene,HALLMARK ADIPOGENESIS,3.161766781340866,0.002162162162162162,0.0021645021645021645,924,924,6,6
temporal_bytimepoint,Keratinocyte_4_days,yugene,HALLMARK ALLOGRAFT REJECTION,0.7351865329490241,0.23135135135135135,0.0021645021645021645,924,924,6,6
temporal_bytimepoint,Keratinocyte_4_days,yugene,HALLMARK ANDROGEN RESPONSE,-0.6156151295839274,0.307027027027027,0.0021645021645021645,924,924,6,6
temporal_bytimepoint,Keratinocyte_4_days,yugene,HALLMARK ANGIOGENESIS,0.5089537507924342,0.40540540540540543,0.0021645021645021645,924,924,6,6
temporal_bytimepoint,Keratinocyte_4_days,yugene,HALLMARK APICAL JUNCTION,1.127935326012917,0.08216216216216216,0.0021645021645021645,924,924,6,6
temporal_bytimepoint,Keratinocyte_4_days,yugene,HALLMARK APICAL SURFACE,-2.0717521899418627,0.006486486486486486,0.0021645021645021645,924,924,6,6
temporal_bytimepoint,Keratinocyte_4_days,yugene,HALLMARK APOPTOSIS,0.5905831533562639,0.31567567567567567,0.0021645021645021645,924,924,6,6
temporal_bytimepoint,Keratinocyte_4_days,yugene,HALLMARK BILE ACID METABOLISM,0.30833274661536686,0.5924324324324325,0.0021645021645021645,924,924,6,6
temporal_bytimepoint,Keratinocyte_4_days,yugene,HALLMARK CHOLESTEROL HOMEOSTASIS,2.1268531719337167,0.006486486486486486,0.0021645021645021645,924,924,6,6
temporal_bytimepoint,Keratinocyte_4_days,yugene,HALLMARK COAGULATION,1.2509563368896797,0.08,0.0021645021645021645,924,924,6,6
temporal_bytimepoint,Keratinocyte_4_days,yugene,HALLMARK COMPLEMENT,1.5740725172138592,0.02054054054054054,0.0021645021645021645,924,924,6,6
temporal_bytimepoint,Keratinocyte_4_days,yugene,HALLMARK DNA REPAIR,1.1514539759019142,0.07351351351351351,0.0021645021645021645,924,924,6,6
temporal_bytimepoint,Keratinocyte_4_days,yugene,HALLMARK E2F TARGETS,3.171520669163303,0.002162162162162162,0.0021645021645021645,924,924,6,6
temporal_bytimepoint,Keratinocyte_4_days,yugene,HALLMARK EPITHELIAL MESENCHYMAL TRANSITION,0.7305501074146442,0.2518918918918919,0.0021645021645021645,924,924,6,6
temporal_bytimepoint,Keratinocyte_4_days,yugene,HALLMARK ESTROGEN RESPONSE EARLY,0.031830131863893586,0.9794594594594594,0.0021645021645021645,924,924,6,6
temporal_bytimepoint,Keratinocyte_4_days,yugene,HALLMARK ESTROGEN RESPONSE LATE,0.2946644015524595,0.5978378378378378,0.0021645021645021645,924,924,6,6
temporal_bytimepoint,Keratinocyte_4_days,yugene,HALLMARK FATTY ACID METABOLISM,0.7991269076551195,0.20324324324324325,0.0021645021645021645,924,924,6,6
temporal_bytimepoint,Keratinocyte_4_days,yugene,HALLMARK G2M CHECKPOINT,2.19300051105562,0.005405405405405406,0.0021645021645021645,924,924,6,6
temporal_bytimepoint,Keratinocyte_4_days,yugene,HALLMARK GLYCOLYSIS,1.7888632724570126,0.010810810810810811,0.0021645021645021645,924,924,6,6
temporal_bytimepoint,Keratinocyte_4_days,yugene,HALLMARK HEDGEHOG SIGNALING,-3.4357522017071815,0.002162162162162162,0.0021645021645021645,924,924,6,6
temporal_bytimepoint,Keratinocyte_4_days,yugene,HALLMARK HEME METABOLISM,2.5195739489901614,0.002162162162162162,0.0021645021645021645,924,924,6,6
temporal_bytimepoint,Keratinocyte_4_days,yugene,HALLMARK HYPOXIA,2.4468365595208414,0.002162162162162162,0.0021645021645021645,924,924,6,6
temporal_bytimepoint,Keratinocyte_4_days,yugene,HALLMARK IL2 STAT5 SIGNALING,4.3365616879007,0.002162162162162162,0.0021645021645021645,924,924,6,6
temporal_bytimepoint,Keratinocyte_4_days,yugene,HALLMARK IL6 JAK STAT3 SIGNALING,-0.2669697976022795,0.6464864864864864,0.0021645021645021645,924,924,6,6
temporal_bytimepoint,Keratinocyte_4_days,yugene,HALLMARK INFLAMMATORY RESPONSE,0.8744098685331948,0.16324324324324324,0.0021645021645021645,924,924,6,6
temporal_bytimepoint,Keratinocyte_4_days,yugene,HALLMARK INTERFERON ALPHA RESPONSE,0.16551638044706177,0.7470270270270271,0.0021645021645021645,924,924,6,6
temporal_bytimepoint,Keratinocyte_4_days,yugene,HALLMARK INTERFERON GAMMA RESPONSE,0.7150758669008906,0.24432432432432433,0.0021645021645021645,924,924,6,6
temporal_bytimepoint,Keratinocyte_4_days,yugene,HALLMARK KRAS SIGNALING DN,1.0826872891064387,0.10918918918918918,0.0021645021645021645,924,924,6,6
temporal_bytimepoint,Keratinocyte_4_days,yugene,HALLMARK KRAS SIGNALING UP,0.4074015813193312,0.5037837837837837,0.0021645021645021645,924,924,6,6
temporal_bytimepoint,Keratinocyte_4_days,yugene,HALLMARK MITOTIC SPINDLE,1.581533313795987,0.03783783783783784,0.0021645021645021645,924,924,6,6
temporal_bytimepoint,Keratinocyte_4_days,yugene,HALLMARK MTORC1 SIGNALING,1.4043100849051653,0.046486486486486484,0.0021645021645021645,924,924,6,6
temporal_bytimepoint,Keratinocyte_4_days,yugene,HALLMARK MYC TARGETS,-0.005160154225681023,0.9902702702702703,0.0021645021645021645,924,924,6,6
temporal_bytimepoint,Keratinocyte_4_days,yugene,HALLMARK MYOGENESIS,1.1504576540438314,0.09513513513513513,0.0021645021645021645,924,924,6,6
temporal_bytimepoint,Keratinocyte_4_days,yugene,HALLMARK NOTCH SIGNALING,-0.8611184488772364,0.15675675675675677,0.0021645021645021645,924,924,6,6
temporal_bytimepoint,Keratinocyte_4_days,yugene,HALLMARK OXIDATIVE PHOSPHORYLATION,0.10076514521830116,0.8864864864864865,0.0021645021645021645,924,924,6,6
temporal_bytimepoint,Keratinocyte_4_days,yugene,HALLMARK P53 PATHWAY,2.1447207600589198,0.002162162162162162,0.0021645021645021645,924,924,6,6
temporal_bytimepoint,Keratinocyte_4_days,yugene,HALLMARK PANCREAS BETA CELLS,-3.233981710400849,0.002162162162162162,0.0021645021645021645,924,924,6,6
temporal_bytimepoint,Keratinocyte_4_days,yugene,HALLMARK PEROXISOME,2.1357114427208836,0.004324324324324324,0.0021645021645021645,924,924,6,6
temporal_bytimepoint,Keratinocyte_4_days,yugene,HALLMARK PI3K AKT MTOR SIGNALING,1.5253725412465524,0.04216216216216216,0.0021645021645021645,924,924,6,6
temporal_bytimepoint,Keratinocyte_4_days,yugene,HALLMARK PROTEIN SECRETION,0.026145253881681485,0.9545945945945946,0.0021645021645021645,924,924,6,6
temporal_bytimepoint,Keratinocyte_4_days,yugene,HALLMARK REACTIVE OXYGEN SPECIES PATHWAY,-0.19233190925490626,0.6129729729729729,0.0021645021645021645,924,924,6,6
temporal_bytimepoint,Keratinocyte_4_days,yugene,HALLMARK SPERMATOGENESIS,0.2680036785015349,0.6551351351351351,0.0021645021645021645,924,924,6,6
temporal_bytimepoint,Keratinocyte_4_days,yugene,HALLMARK TGF BETA SIGNALING,-0.7639130106938908,0.19567567567567568,0.0021645021645021645,924,924,6,6
temporal_bytimepoint,Keratinocyte_4_days,yugene,HALLMARK TNFA SIGNALING VIA NFKB,1.3962336309955634,0.043243243243243246,0.0021645021645021645,924,924,6,6
temporal_bytimepoint,Keratinocyte_4_days,yugene,HALLMARK UNFOLDED PROTEIN RESPONSE,0.7071644294876405,0.22594594594594594,0.0021645021645021645,924,924,6,6
temporal_bytimepoint,Keratinocyte_4_days,yugene,HALLMARK UV RESPONSE DN,-0.13311571978474737,0.827027027027027,0.0021645021645021645,924,924,6,6
temporal_bytimepoint,Keratinocyte_4_days,yugene,HALLMARK UV RESPONSE UP,2.030889593408111,0.008648648648648649,0.0021645021645021645,924,924,6,6
temporal_bytimepoint,Keratinocyte_4_days,yugene,HALLMARK WNT BETA CATENIN SIGNALING,-0.4790956626252289,0.3891891891891892,0.0021645021645021645,924,924,6,6
temporal_bytimepoint,Keratinocyte_4_days,yugene,HALLMARK XENOBIOTIC METABOLISM,0.08033711181076364,0.798918918918919,0.0021645021645021645,924,924,6,6
temporal_bytimepoint,Keratinocyte_4_days,yugene,Lysosomal Genes,0.06473829787014154,0.9167567567567567,0.0021645021645021645,924,924,6,6
temporal_bytimepoint,Keratinocyte_10_days,yugene,HALLMARK ADIPOGENESIS,4.399049797672067,0.004324324324324324,0.0021645021645021645,924,924,6,6
temporal_bytimepoint,Keratinocyte_10_days,yugene,HALLMARK ALLOGRAFT REJECTION,0.8845991620541409,0.1654054054054054,0.0021645021645021645,924,924,6,6
temporal_bytimepoint,Keratinocyte_10_days,yugene,HALLMARK ANDROGEN RESPONSE,1.0881178128046625,0.1362162162162162,0.0021645021645021645,924,924,6,6
temporal_bytimepoint,Keratinocyte_10_days,yugene,HALLMARK ANGIOGENESIS,0.5974949875996868,0.3178378378378378,0.0021645021645021645,924,924,6,6
temporal_bytimepoint,Keratinocyte_10_days,yugene,HALLMARK APICAL JUNCTION,2.479837495776837,0.004324324324324324,0.0021645021645021645,924,924,6,6
temporal_bytimepoint,Keratinocyte_10_days,yugene,HALLMARK APICAL SURFACE,-4.646478062839668,0.004324324324324324,0.0021645021645021645,924,924,6,6
temporal_bytimepoint,Keratinocyte_10_days,yugene,HALLMARK APOPTOSIS,-0.4680616633514331,0.42702702702702705,0.0021645021645021645,924,924,6,6
temporal_bytimepoint,Keratinocyte_10_days,yugene,HALLMARK BILE ACID METABOLISM,0.802752519360395,0.16216216216216217,0.0021645021645021645,924,924,6,6
temporal_bytimepoint,Keratinocyte_10_days,yugene,HALLMARK CHOLESTEROL HOMEOSTASIS,5.402313374399741,0.004324324324324324,0.0021645021645021645,924,924,6,6
temporal_bytimepoint,Keratinocyte_10_days,yugene,HALLMARK COAGULATION,1.653839800878424,0.02918918918918919,0.0021645021645021645,924,924,6,6
temporal_bytimepoint,Keratinocyte_10_days,yugene,HALLMARK COMPLEMENT,2.206719204462259,0.004324324324324324,0.0021645021645021645,924,924,6,6
temporal_bytimepoint,Keratinocyte_10_days,yugene,HALLMARK DNA REPAIR,0.047387110996412005,0.9318918918918919,0.0021645021645021645,924,924,6,6
temporal_bytimepoint,Keratinocyte_10_days,yugene,HALLMARK E2F TARGETS,4.947845056600178,0.004324324324324324,0.0021645021645021645,924,924,6,6
temporal_bytimepoint,Keratinocyte_10_days,yugene,HALLMARK EPITHELIAL MESENCHYMAL TRANSITION,0.9199595655951759,0.14054054054054055,0.0021645021645021645,924,924,6,6
temporal_bytimepoint,Keratinocyte_10_days,yugene,HALLMARK ESTROGEN RESPONSE EARLY,0.9010979012084829,0.14810810810810812,0.0021645021645021645,924,924,6,6
temporal_bytimepoint,Keratinocyte_10_days,yugene,HALLMARK ESTROGEN RESPONSE LATE,0.637581029217518,0.2897297297297297,0.0021645021645021645,924,924,6,6
temporal_bytimepoint,Keratinocyte_10_days,yugene,HALLMARK FATTY ACID METABOLISM,2.513683927161209,0.0075675675675675675,0.0021645021645021645,924,924,6,6
temporal_bytimepoint,Keratinocyte_10_days,yugene,HALLMARK G2M CHECKPOINT,3.1899832663761925,0.004324324324324324,0.0021645021645021645,924,924,6,6
temporal_bytimepoint,Keratinocyte_10_days,yugene,HALLMARK GLYCOLYSIS,1.0378406201245371,0.08108108108108109,0.0021645021645021645,924,924,6,6
temporal_bytimepoint,Keratinocyte_10_days,yugene,HALLMARK HEDGEHOG SIGNALING,-5.092564204452502,0.004324324324324324,0.0021645021645021645,924,924,6,6
temporal_bytimepoint,Keratinocyte_10_days,yugene,HALLMARK HEME METABOLISM,3.6320271110287456,0.004324324324324324,0.0021645021645021645,924,924,6,6
temporal_bytimepoint,Keratinocyte_10_days,yugene,HALLMARK HYPOXIA,2.624140662701196,0.004324324324324324,0.0021645021645021645,924,924,6,6
temporal_bytimepoint,Keratinocyte_10_days,yugene,HALLMARK IL2 STAT5 SIGNALING,1.9498745293881596,0.017297297297297298,0.0021645021645021645,924,924,6,6
temporal_bytimepoint,Keratinocyte_10_days,yugene,HALLMARK IL6 JAK STAT3 SIGNALING,-0.5501172871391342,0.34594594594594597,0.0021645021645021645,924,924,6,6
temporal_bytimepoint,Keratinocyte_10_days,yugene,HALLMARK INFLAMMATORY RESPONSE,1.1601963236431896,0.0745945945945946,0.0021645021645021645,924,924,6,6
temporal_bytimepoint,Keratinocyte_10_days,yugene,HALLMARK INTERFERON ALPHA RESPONSE,0.9190905772854244,0.1372972972972973,0.0021645021645021645,924,924,6,6
temporal_bytimepoint,Keratinocyte_10_days,yugene,HALLMARK INTERFERON GAMMA RESPONSE,1.59498805901569,0.02918918918918919,0.0021645021645021645,924,924,6,6
temporal_bytimepoint,Keratinocyte_10_days,yugene,HALLMARK KRAS SIGNALING DN,-0.26313642146540794,0.6562162162162162,0.0021645021645021645,924,924,6,6
temporal_bytimepoint,Keratinocyte_10_days,yugene,HALLMARK KRAS SIGNALING UP,1.5739192005662108,0.04108108108108108,0.0021645021645021645,924,924,6,6
temporal_bytimepoint,Keratinocyte_10_days,yugene,HALLMARK MITOTIC SPINDLE,1.71078045050888,0.021621621621621623,0.0021645021645021645,924,924,6,6
temporal_bytimepoint,Keratinocyte_10_days,yugene,HALLMARK MTORC1 SIGNALING,2.7616051503454178,0.004324324324324324,0.0021645021645021645,924,924,6,6
temporal_bytimepoint,Keratinocyte_10_days,yugene,HALLMARK MYC TARGETS,-2.690175302785589,0.004324324324324324,0.0021645021645021645,924,924,6,6
temporal_bytimepoint,Keratinocyte_10_days,yugene,HALLMARK MYOGENESIS,3.487755931618741,0.004324324324324324,0.0021645021645021645,924,924,6,6
temporal_bytimepoint,Keratinocyte_10_days,yugene,HALLMARK NOTCH SIGNALING,-0.5351441647552274,0.43027027027027026,0.0021645021645021645,924,924,6,6
temporal_bytimepoint,Keratinocyte_10_days,yugene,HALLMARK OXIDATIVE PHOSPHORYLATION,-2.0850738993057907,0.012972972972972972,0.0021645021645021645,924,924,6,6
temporal_bytimepoint,Keratinocyte_10_days,yugene,HALLMARK P53 PATHWAY,1.7029659100218795,0.03567567567567568,0.0021645021645021645,924,924,6,6
temporal_bytimepoint,Keratinocyte_10_days,yugene,HALLMARK PANCREAS BETA CELLS,-0.9252131474595371,0.14270270270270272,0.0021645021645021645,924,924,6,6
temporal_bytimepoint,Keratinocyte_10_days,yugene,HALLMARK PEROXISOME,1.4255479497243158,0.04216216216216216,0.0021645021645021645,924,924,6,6
temporal_bytimepoint,Keratinocyte_10_days,yugene,HALLMARK PI3K AKT MTOR SIGNALING,2.0665912851377315,0.010810810810810811,0.0021645021645021645,924,924,6,6
temporal_bytimepoint,Keratinocyte_10_days,yugene,HALLMARK PROTEIN SECRETION,1.9789076899315479,0.004324324324324324,0.0021645021645021645,924,924,6,6
temporal_bytimepoint,Keratinocyte_10_days,yugene,HALLMARK REACTIVE OXYGEN SPECIES PATHWAY,-0.24357775618652652,0.652972972972973,0.0021645021645021645,924,924,6,6
temporal_bytimepoint,Keratinocyte_10_days,yugene,HALLMARK SPERMATOGENESIS,2.163722001558904,0.00972972972972973,0.0021645021645021645,924,924,6,6
temporal_bytimepoint,Keratinocyte_10_days,yugene,HALLMARK TGF BETA SIGNALING,-3.1840286842513295,0.004324324324324324,0.0021645021645021645,924,924,6,6
temporal_bytimepoint,Keratinocyte_10_days,yugene,HALLMARK TNFA SIGNALING VIA NFKB,0.6724348046836982,0.28540540540540543,0.0021645021645021645,924,924,6,6
temporal_bytimepoint,Keratinocyte_10_days,yugene,HALLMARK UNFOLDED PROTEIN RESPONSE,-1.0340626493777236,0.09081081081081081,0.0021645021645021645,924,924,6,6
temporal_bytimepoint,Keratinocyte_10_days,yugene,HALLMARK UV RESPONSE DN,-0.12004387504680404,0.8183783783783783,0.0021645021645021645,924,924,6,6
temporal_bytimepoint,Keratinocyte_10_days,yugene,HALLMARK UV RESPONSE UP,3.0964564446918184,0.004324324324324324,0.0021645021645021645,924,924,6,6
temporal_bytimepoint,Keratinocyte_10_days,yugene,HALLMARK WNT BETA CATENIN SIGNALING,-1.3068277612419672,0.05081081081081081,0.0021645021645021645,924,924,6,6
temporal_bytimepoint,Keratinocyte_10_days,yugene,HALLMARK XENOBIOTIC METABOLISM,0.7100811547492333,0.1891891891891892,0.0021645021645021645,924,924,6,6
temporal_bytimepoint,Keratinocyte_10_days,yugene,Lysosomal Genes,1.3425967960976928,0.06054054054054054,0.0021645021645021645,924,924,6,6
temporal_bytimepoint,Keratinocyte_20_days,yugene,HALLMARK ADIPOGENESIS,3.559994842339809,0.004324324324324324,0.0021645021645021645,924,924,6,6
temporal_bytimepoint,Keratinocyte_20_days,yugene,HALLMARK ALLOGRAFT REJECTION,-0.040135530453384784,0.9308108108108109,0.0021645021645021645,924,924,6,6
temporal_bytimepoint,Keratinocyte_20_days,yugene,HALLMARK ANDROGEN RESPONSE,4.778693600898769,0.004324324324324324,0.0021645021645021645,924,924,6,6
temporal_bytimepoint,Keratinocyte_20_days,yugene,HALLMARK ANGIOGENESIS,0.8597716749282998,0.15135135135135136,0.0021645021645021645,924,924,6,6
temporal_bytimepoint,Keratinocyte_20_days,yugene,HALLMARK APICAL JUNCTION,1.218332650097074,0.07891891891891892,0.0021645021645021645,924,924,6,6
temporal_bytimepoint,Keratinocyte_20_days,yugene,HALLMARK APICAL SURFACE,-2.768842250712862,0.004324324324324324,0.0021645021645021645,924,924,6,6
temporal_bytimepoint,Keratinocyte_20_days,yugene,HALLMARK APOPTOSIS,-2.8007577261479177,0.004324324324324324,0.0021645021645021645,924,924,6,6
temporal_bytimepoint,Keratinocyte_20_days,yugene,HALLMARK BILE ACID METABOLISM,3.116964601001555,0.004324324324324324,0.0021645021645021645,924,924,6,6
temporal_bytimepoint,Keratinocyte_20_days,yugene,HALLMARK CHOLESTEROL HOMEOSTASIS,6.1370061331844985,0.004324324324324324,0.0021645021645021645,924,924,6,6
temporal_bytimepoint,Keratinocyte_20_days,yugene,HALLMARK COAGULATION,0.8019939396506801,0.18486486486486486,0.0021645021645021645,924,924,6,6
temporal_bytimepoint,Keratinocyte_20_days,yugene,HALLMARK COMPLEMENT,1.8652599400101715,0.012972972972972972,0.0021645021645021645,924,924,6,6
temporal_bytimepoint,Keratinocyte_20_days,yugene,HALLMARK DNA REPAIR,-0.5213432364997435,0.36324324324324325,0.0021645021645021645,924,924,6,6
temporal_bytimepoint,Keratinocyte_20_days,yugene,HALLMARK E2F TARGETS,3.7814272568765537,0.004324324324324324,0.0021645021645021645,924,924,6,6
temporal_bytimepoint,Keratinocyte_20_days,yugene,HALLMARK EPITHELIAL MESENCHYMAL TRANSITION,1.301115784383553,0.05405405405405406,0.0021645021645021645,924,924,6,6
temporal_bytimepoint,Keratinocyte_20_days,yugene,HALLMARK ESTROGEN RESPONSE EARLY,0.6065615281253753,0.2864864864864865,0.0021645021645021645,924,924,6,6
temporal_bytimepoint,Keratinocyte_20_days,yugene,HALLMARK ESTROGEN RESPONSE LATE,-0.7405459767184663,0.22918918918918918,0.0021645021645021645,924,924,6,6
temporal_bytimepoint,Keratinocyte_20_days,yugene,HALLMARK FATTY ACID METABOLISM,3.186117566378329,0.004324324324324324,0.0021645021645021645,924,924,6,6
temporal_bytimepoint,Keratinocyte_20_days,yugene,HALLMARK G2M CHECKPOINT,3.070762875119079,0.004324324324324324,0.0021645021645021645,924,924,6,6
temporal_bytimepoint,Keratinocyte_20_days,yugene,HALLMARK GLYCOLYSIS,-1.1691295416553449,0.11027027027027027,0.0021645021645021645,924,924,6,6
temporal_bytimepoint,Keratinocyte_20_days,yugene,HALLMARK HEDGEHOG SIGNALING,-0.3906218170330404,0.5102702702702703,0.0021645021645021645,924,924,6,6
temporal_bytimepoint,Keratinocyte_20_days,yugene,HALLMARK HEME METABOLISM,1.2572821689500338,0.07783783783783783,0.0021645021645021645,924,924,6,6
temporal_bytimepoint,Keratinocyte_20_days,yugene,HALLMARK HYPOXIA,-1.3917414070711613,0.05297297297297297,0.0021645021645021645,924,924,6,6
temporal_bytimepoint,Keratinocyte_20_days,yugene,HALLMARK IL2 STAT5 SIGNALING,-3.9251256274263135,0.004324324324324324,0.0021645021645021645,924,924,6,6
temporal_bytimepoint,Keratinocyte_20_days,yugene,HALLMARK IL6 JAK STAT3 SIGNALING,-2.199406580023242,0.004324324324324324,0.0021645021645021645,924,924,6,6
temporal_bytimepoint,Keratinocyte_20_days,yugene,HALLMARK INFLAMMATORY RESPONSE,-0.18357731477072692,0.774054054054054,0.0021645021645021645,924,924,6,6
temporal_bytimepoint,Keratinocyte_20_days,yugene,HALLMARK INTERFERON ALPHA RESPONSE,1.4478779155842758,0.04756756756756757,0.0021645021645021645,924,924,6,6
temporal_bytimepoint,Keratinocyte_20_days,yugene,HALLMARK INTERFERON GAMMA RESPONSE,1.0485785304231219,0.10486486486486486,0.0021645021645021645,924,924,6,6
temporal_bytimepoint,Keratinocyte_20_days,yugene,HALLMARK KRAS SIGNALING DN,-0.9615536462911807,0.14486486486486486,0.0021645021645021645,924,924,6,6
temporal_bytimepoint,Keratinocyte_20_days,yugene,HALLMARK KRAS SIGNALING UP,1.113033129267193,0.1372972972972973,0.0021645021645021645,924,924,6,6
temporal_bytimepoint,Keratinocyte_20_days,yugene,HALLMARK MITOTIC SPINDLE,1.6733025334478813,0.004324324324324324,0.0021645021645021645,924,924,6,6
temporal_bytimepoint,Keratinocyte_20_days,yugene,HALLMARK MTORC1 SIGNALING,1.5464005157787264,0.02810810810810811,0.0021645021645021645,924,924,6,6
temporal_bytimepoint,Keratinocyte_20_days,yugene,HALLMARK MYC TARGETS,-9.493844166982491,0.004324324324324324,0.0021645021645021645,924,924,6,6
temporal_bytimepoint,Keratinocyte_20_days,yugene,HALLMARK MYOGENESIS,2.617193407990131,0.006486486486486486,0.0021645021645021645,924,924,6,6
temporal_bytimepoint,Keratinocyte_20_days,yugene,HALLMARK NOTCH SIGNALING,-0.7833628382866202,0.20864864864864865,0.0021645021645021645,924,924,6,6
temporal_bytimepoint,Keratinocyte_20_days,yugene,HALLMARK OXIDATIVE PHOSPHORYLATION,-2.7287788538479556,0.004324324324324324,0.0021645021645021645,924,924,6,6
temporal_bytimepoint,Keratinocyte_20_days,yugene,HALLMARK P53 PATHWAY,-0.7143597276306142,0.24,0.0021645021645021645,924,924,6,6
temporal_bytimepoint,Keratinocyte_20_days,yugene,HALLMARK PANCREAS BETA CELLS,1.487583383091688,0.04972972972972973,0.0021645021645021645,924,924,6,6
temporal_bytimepoint,Keratinocyte_20_days,yugene,HALLMARK PEROXISOME,5.719215627616451,0.004324324324324324,0.0021645021645021645,924,924,6,6
temporal_bytimepoint,Keratinocyte_20_days,yugene,HALLMARK PI3K AKT MTOR SIGNALING,1.8216426800032146,0.021621621621621623,0.0021645021645021645,924,924,6,6
temporal_bytimepoint,Keratinocyte_20_days,yugene,HALLMARK PROTEIN SECRETION,0.6355897688171667,0.307027027027027,0.0021645021645021645,924,924,6,6
temporal_bytimepoint,Keratinocyte_20_days,yugene,HALLMARK REACTIVE OXYGEN SPECIES PATHWAY,-0.8232027634017925,0.16,0.0021645021645021645,924,924,6,6
temporal_bytimepoint,Keratinocyte_20_days,yugene,HALLMARK SPERMATOGENESIS,2.484294535143657,0.004324324324324324,0.0021645021645021645,924,924,6,6
temporal_bytimepoint,Keratinocyte_20_days,yugene,HALLMARK TGF BETA SIGNALING,-3.5597359586791884,0.004324324324324324,0.0021645021645021645,924,924,6,6
temporal_bytimepoint,Keratinocyte_20_days,yugene,HALLMARK TNFA SIGNALING VIA NFKB,-1.7904228660399077,0.00972972972972973,0.0021645021645021645,924,924,6,6
temporal_bytimepoint,Keratinocyte_20_days,yugene,HALLMARK UNFOLDED PROTEIN RESPONSE,-1.7639739864544322,0.018378378378378378,0.0021645021645021645,924,924,6,6
temporal_bytimepoint,Keratinocyte_20_days,yugene,HALLMARK UV RESPONSE DN,-0.9802727905503117,0.12432432432432433,0.0021645021645021645,924,924,6,6
temporal_bytimepoint,Keratinocyte_20_days,yugene,HALLMARK UV RESPONSE UP,1.1877855148079524,0.07243243243243243,0.0021645021645021645,924,924,6,6
temporal_bytimepoint,Keratinocyte_20_days,yugene,HALLMARK WNT BETA CATENIN SIGNALING,-1.7525094459324007,0.022702702702702703,0.0021645021645021645,924,924,6,6
temporal_bytimepoint,Keratinocyte_20_days,yugene,HALLMARK XENOBIOTIC METABOLISM,0.5030425023752672,0.33945945945945943,0.0021645021645021645,924,924,6,6
temporal_bytimepoint,Keratinocyte_20_days,yugene,Lysosomal Genes,0.862178172081746,0.17189189189189188,0.0021645021645021645,924,924,6,6
temporal_bytimepoint,Melanocyte_4_days,yugene,HALLMARK ADIPOGENESIS,-1.5428397409847894,0.0075675675675675675,0.0021645021645021645,924,924,6,6
temporal_bytimepoint,Melanocyte_4_days,yugene,HALLMARK ALLOGRAFT REJECTION,7.582085543462031,0.001081081081081081,0.0021645021645021645,924,924,6,6
temporal_bytimepoint,Melanocyte_4_days,yugene,HALLMARK ANDROGEN RESPONSE,-0.7963470603749354,0.21297297297297296,0.0021645021645021645,924,924,6,6
temporal_bytimepoint,Melanocyte_4_days,yugene,HALLMARK ANGIOGENESIS,-1.3022437643376257,0.015135135135135135,0.0021645021645021645,924,924,6,6
temporal_bytimepoint,Melanocyte_4_days,yugene,HALLMARK APICAL JUNCTION,-4.914754056352915,0.001081081081081081,0.0021645021645021645,924,924,6,6
temporal_bytimepoint,Melanocyte_4_days,yugene,HALLMARK APICAL SURFACE,-2.6940303622575463,0.001081081081081081,0.0021645021645021645,924,924,6,6
temporal_bytimepoint,Melanocyte_4_days,yugene,HALLMARK APOPTOSIS,0.9014362708424333,0.023783783783783784,0.0021645021645021645,924,924,6,6
temporal_bytimepoint,Melanocyte_4_days,yugene,HALLMARK BILE ACID METABOLISM,-0.7499687055091747,0.2227027027027027,0.0021645021645021645,924,924,6,6
temporal_bytimepoint,Melanocyte_4_days,yugene,HALLMARK CHOLESTEROL HOMEOSTASIS,-0.3104054024493287,0.5848648648648649,0.0021645021645021645,924,924,6,6
temporal_bytimepoint,Melanocyte_4_days,yugene,HALLMARK COAGULATION,4.210576061196239,0.001081081081081081,0.0021645021645021645,924,924,6,6
temporal_bytimepoint,Melanocyte_4_days,yugene,HALLMARK COMPLEMENT,12.722828003414515,0.001081081081081081,0.0021645021645021645,924,924,6,6
temporal_bytimepoint,Melanocyte_4_days,yugene,HALLMARK DNA REPAIR,3.931069501999832,0.001081081081081081,0.0021645021645021645,924,924,6,6
temporal_bytimepoint,Melanocyte_4_days,yugene,HALLMARK E2F TARGETS,4.798439624448209,0.001081081081081081,0.0021645021645021645,924,924,6,6
temporal_bytimepoint,Melanocyte_4_days,yugene,HALLMARK EPITHELIAL MESENCHYMAL TRANSITION,-0.595037853817795,0.4118918918918919,0.0021645021645021645,924,924,6,6
temporal_bytimepoint,Melanocyte_4_days,yugene,HALLMARK ESTROGEN RESPONSE EARLY,4.519482168590575,0.001081081081081081,0.0021645021645021645,924,924,6,6
temporal_bytimepoint,Melanocyte_4_days,yugene,HALLMARK ESTROGEN RESPONSE LATE,2.281606281284399,0.001081081081081081,0.0021645021645021645,924,924,6,6
temporal_bytimepoint,Melanocyte_4_days,yugene,HALLMARK FATTY ACID METABOLISM,-1.1950766069510332,0.023783783783783784,0.0021645021645021645,924,924,6,6
temporal_bytimepoint,Melanocyte_4_days,yugene,HALLMARK G2M CHECKPOINT,0.9631465871999287,0.11459459459459459,0.0021645021645021645,924,924,6,6
temporal_bytimepoint,Melanocyte_4_days,yugene,HALLMARK GLYCOLYSIS,-6.423856562308462,0.001081081081081081,0.0021645021645021645,924,924,6,6
temporal_bytimepoint,Melanocyte_4_days,yugene,HALLMARK HEDGEHOG SIGNALING,-3.9191709580867746,0.001081081081081081,0.0021645021645021645,924,924,6,6
temporal_bytimepoint,Melanocyte_4_days,yugene,HALLMARK HEME METABOLISM,1.6873664353830422,0.011891891891891892,0.0021645021645021645,924,924,6,6
temporal_bytimepoint,Melanocyte_4_days,yugene,HALLMARK HYPOXIA,0.9040250865834645,0.12216216216216216,0.0021645021645021645,924,924,6,6
temporal_bytimepoint,Melanocyte_4_days,yugene,HALLMARK IL2 STAT5 SIGNALING,-6.736843968196133,0.001081081081081081,0.0021645021645021645,924,924,6,6
temporal_bytimepoint,Melanocyte_4_days,yugene,HALLMARK IL6 JAK STAT3 SIGNALING,7.763557041332745,0.001081081081081081,0.0021645021645021645,924,924,6,6
temporal_bytimepoint,Melanocyte_4_days,yugene,HALLMARK INFLAMMATORY RESPONSE,4.237565486010621,0.001081081081081081,0.0021645021645021645,924,924,6,6
temporal_bytimepoint,Melanocyte_4_days,yugene,HALLMARK INTERFERON ALPHA RESPONSE,-21.65553438426382,0.001081081081081081,0.0021645021645021645,924,924,6,6
temporal_bytimepoint,Melanocyte_4_days,yugene,HALLMARK INTERFERON GAMMA RESPONSE,0.8564666962896409,0.13405405405405404,0.0021645021645021645,924,924,6,6
temporal_bytimepoint,Melanocyte_4_days,yugene,HALLMARK KRAS SIGNALING DN,9.216087398913036,0.001081081081081081,0.0021645021645021645,924,924,6,6
temporal_bytimepoint,Melanocyte_4_days,yugene,HALLMARK KRAS SIGNALING UP,1.0355688815822868,0.017297297297297298,0.0021645021645021645,924,924,6,6
temporal_bytimepoint,Melanocyte_4_days,yugene,HALLMARK MITOTIC SPINDLE,0.8698884134056312,0.17621621621621622,0.0021645021645021645,924,924,6,6
temporal_bytimepoint,Melanocyte_4_days,yugene,HALLMARK MTORC1 SIGNALING,-2.8746103408939545,0.001081081081081081,0.0021645021645021645,924,924,6,6
temporal_bytimepoint,Melanocyte_4_days,yugene,HALLMARK MYC TARGETS,7.740318300785223,0.001081081081081081,0.0021645021645021645,924,924,6,6
temporal_bytimepoint,Melanocyte_4_days,yugene,HALLMARK MYOGENESIS,-1.6926415148421547,0.006486486486486486,0.0021645021645021645,924,924,6,6
temporal_bytimepoint,Melanocyte_4_days,yugene,HALLMARK NOTCH SIGNALING,-0.36754597246819665,0.5848648648648649,0.0021645021645021645,924,924,6,6
temporal_bytimepoint,Melanocyte_4_days,yugene,HALLMARK OXIDATIVE PHOSPHORYLATION,-0.6907255007002746,0.2627027027027027,0.0021645021645021645,924,924,6,6
temporal_bytimepoint,Melanocyte_4_days,yugene,HALLMARK P53 PATHWAY,5.69493535035498,0.001081081081081081,0.0021645021645021645,924,924,6,6
temporal_bytimepoint,Melanocyte_4_days,yugene,HALLMARK PANCREAS BETA CELLS,-0.9638301097377306,0.12972972972972974,0.0021645021645021645,924,924,6,6
temporal_bytimepoint,Melanocyte_4_days,yugene,HALLMARK PEROXISOME,1.1988363708113006,0.07243243243243243,0.0021645021645021645,924,924,6,6
temporal_bytimepoint,Melanocyte_4_days,yugene,HALLMARK PI3K AKT MTOR SIGNALING,2.814051967384222,0.001081081081081081,0.0021645021645021645,924,924,6,6
temporal_bytimepoint,Melanocyte_4_days,yugene,HALLMARK PROTEIN SECRETION,-5.978045034490218,0.001081081081081081,0.0021645021645021645,924,924,6,6
temporal_bytimepoint,Melanocyte_4_days,yugene,HALLMARK REACTIVE OXYGEN SPECIES PATHWAY,14.709736662206698,0.001081081081081081,0.0021645021645021645,924,924,6,6
temporal_bytimepoint,Melanocyte_4_days,yugene,HALLMARK SPERMATOGENESIS,2.9242461460311686,0.001081081081081081,0.0021645021645021645,924,924,6,6
temporal_bytimepoint,Melanocyte_4_days,yugene,HALLMARK TGF BETA SIGNALING,0.32966741176487135,0.6475675675675676,0.0021645021645021645,924,924,6,6
temporal_bytimepoint,Melanocyte_4_days,yugene,HALLMARK TNFA SIGNALING VIA NFKB,2.4926588674738013,0.001081081081081081,0.0021645021645021645,924,924,6,6
temporal_bytimepoint,Melanocyte_4_days,yugene,HALLMARK UNFOLDED PROTEIN RESPONSE,-3.3697316174300713,0.001081081081081081,0.0021645021645021645,924,924,6,6
temporal_bytimepoint,Melanocyte_4_days,yugene,HALLMARK UV RESPONSE DN,-0.6242746375683451,0.3372972972972973,0.0021645021645021645,924,924,6,6
temporal_bytimepoint,Melanocyte_4_days,yugene,HALLMARK UV RESPONSE UP,11.05318036762799,0.001081081081081081,0.0021645021645021645,924,924,6,6
temporal_bytimepoint,Melanocyte_4_days,yugene,HALLMARK WNT BETA CATENIN SIGNALING,1.1521083443620723,0.04864864864864865,0.0021645021645021645,924,924,6,6
temporal_bytimepoint,Melanocyte_4_days,yugene,HALLMARK XENOBIOTIC METABOLISM,18.004145450538473,0.001081081081081081,0.0021645021645021645,924,924,6,6
temporal_bytimepoint,Melanocyte_4_days,yugene,Lysosomal Genes,2.6943010742101903,0.001081081081081081,0.0021645021645021645,924,924,6,6
temporal_bytimepoint,Melanocyte_10_days,yugene,HALLMARK ADIPOGENESIS,-2.704628103875638,0.003243243243243243,0.0021645021645021645,924,924,6,6
temporal_bytimepoint,Melanocyte_10_days,yugene,HALLMARK ALLOGRAFT REJECTION,0.10904448815612204,0.8886486486486487,0.0021645021645021645,924,924,6,6
temporal_bytimepoint,Melanocyte_10_days,yugene,HALLMARK ANDROGEN RESPONSE,-1.6633482110233666,0.010810810810810811,0.0021645021645021645,924,924,6,6
temporal_bytimepoint,Melanocyte_10_days,yugene,HALLMARK ANGIOGENESIS,-3.9503975767117696,0.003243243243243243,0.0021645021645021645,924,924,6,6
temporal_bytimepoint,Melanocyte_10_days,yugene,HALLMARK APICAL JUNCTION,-4.371139942373867,0.003243243243243243,0.0021645021645021645,924,924,6,6
temporal_bytimepoint,Melanocyte_10_days,yugene,HALLMARK APICAL SURFACE,-0.6018884776804696,0.34054054054054056,0.0021645021645021645,924,924,6,6
temporal_bytimepoint,Melanocyte_10_days,yugene,HALLMARK APOPTOSIS,1.2837913738659772,0.008648648648648649,0.0021645021645021645,924,924,6,6
temporal_bytimepoint,Melanocyte_10_days,yugene,HALLMARK BILE ACID METABOLISM,-0.4799828759444853,0.5178378378378379,0.0021645021645021645,924,924,6,6
temporal_bytimepoint,Melanocyte_10_days,yugene,HALLMARK CHOLESTEROL HOMEOSTASIS,-2.5039474325792748,0.005405405405405406,0.0021645021645021645,924,924,6,6
temporal_bytimepoint,Melanocyte_10_days,yugene,HALLMARK COAGULATION,5.126949737715185,0.003243243243243243,0.0021645021645021645,924,924,6,6
temporal_bytimepoint,Melanocyte_10_days,yugene,HALLMARK COMPLEMENT,4.013709080201122,0.003243243243243243,0.0021645021645021645,924,924,6,6
temporal_bytimepoint,Melanocyte_10_days,yugene,HALLMARK DNA REPAIR,3.1602535609310634,0.003243243243243243,0.0021645021645021645,924,924,6,6
temporal_bytimepoint,Melanocyte_10_days,yugene,HALLMARK E2F TARGETS,0.369747934109258,0.5394594594594595,0.0021645021645021645,924,924,6,6
temporal_bytimepoint,Melanocyte_10_days,yugene,HALLMARK EPITHELIAL MESENCHYMAL TRANSITION,-2.300489264476375,0.003243243243243243,0.0021645021645021645,924,924,6,6
temporal_bytimepoint,Melanocyte_10_days,yugene,HALLMARK ESTROGEN RESPONSE EARLY,0.6273203479573637,0.2410810810810811,0.0021645021645021645,924,924,6,6
temporal_bytimepoint,Melanocyte_10_days,yugene,HALLMARK ESTROGEN RESPONSE LATE,-0.6297402761884755,0.29081081081081084,0.0021645021645021645,924,924,6,6
temporal_bytimepoint,Melanocyte_10_days,yugene,HALLMARK FATTY ACID METABOLISM,-1.1445981073059095,0.07135135135135136,0.0021645021645021645,924,924,6,6
temporal_bytimepoint,Melanocyte_10_days,yugene,HALLMARK G2M CHECKPOINT,-1.961468956298021,0.012972972972972972,0.0021645021645021645,924,924,6,6
temporal_bytimepoint,Melanocyte_10_days,yugene,HALLMARK GLYCOLYSIS,-3.081221635394907,0.003243243243243243,0.0021645021645021645,924,924,6,6
temporal_bytimepoint,Melanocyte_10_days,yugene,HALLMARK HEDGEHOG SIGNALING,-2.8614376271236317,0.003243243243243243,0.0021645021645021645,924,924,6,6
temporal_bytimepoint,Melanocyte_10_days,yugene,HALLMARK HEME METABOLISM,1.6507774286554058,0.01945945945945946,0.0021645021645021645,924,924,6,6
temporal_bytimepoint,Melanocyte_10_days,yugene,HALLMARK HYPOXIA,0.816427238226212,0.21513513513513513,0.0021645021645021645,924,924,6,6
temporal_bytimepoint,Melanocyte_10_days,yugene,HALLMARK IL2 STAT5 SIGNALING,-1.2624034723639177,0.06702702702702702,0.0021645021645021645,924,924,6,6
temporal_bytimepoint,Melanocyte_10_days,yugene,HALLMARK IL6 JAK STAT3 SIGNALING,8.185918342346591,0.003243243243243243,0.0021645021645021645,924,924,6,6
temporal_bytimepoint,Melanocyte_10_days,yugene,HALLMARK INFLAMMATORY RESPONSE,3.2057776191984875,0.003243243243243243,0.0021645021645021645,924,924,6,6
temporal_bytimepoint,Melanocyte_10_days,yugene,HALLMARK INTERFERON ALPHA RESPONSE,-10.009240654101957,0.003243243243243243,0.0021645021645021645,924,924,6,6
temporal_bytimepoint,Melanocyte_10_days,yugene,HALLMARK INTERFERON GAMMA RESPONSE,-0.8624210683416855,0.16648648648648648,0.0021645021645021645,924,924,6,6
temporal_bytimepoint,Melanocyte_10_days,yugene,HALLMARK KRAS SIGNALING DN,5.077401178663441,0.003243243243243243,0.0021645021645021645,924,924,6,6
temporal_bytimepoint,Melanocyte_10_days,yugene,HALLMARK KRAS SIGNALING UP,-0.4859108288610792,0.4508108108108108,0.0021645021645021645,924,924,6,6
temporal_bytimepoint,Melanocyte_10_days,yugene,HALLMARK MITOTIC SPINDLE,-1.0363474088879354,0.12864864864864864,0.0021645021645021645,924,924,6,6
temporal_bytimepoint,Melanocyte_10_days,yugene,HALLMARK MTORC1 SIGNALING,-1.0642783616323357,0.09081081081081081,0.0021645021645021645,924,924,6,6
temporal_bytimepoint,Melanocyte_10_days,yugene,HALLMARK MYC TARGETS,5.503876045007415,0.003243243243243243,0.0021645021645021645,924,924,6,6
temporal_bytimepoint,Melanocyte_10_days,yugene,HALLMARK MYOGENESIS,-4.595199118338346,0.003243243243243243,0.0021645021645021645,924,924,6,6
temporal_bytimepoint,Melanocyte_10_days,yugene,HALLMARK NOTCH SIGNALING,-1.6466363834369693,0.014054054054054054,0.0021645021645021645,924,924,6,6
temporal_bytimepoint,Melanocyte_10_days,yugene,HALLMARK OXIDATIVE PHOSPHORYLATION,-2.474560964069462,0.003243243243243243,0.0021645021645021645,924,924,6,6
temporal_bytimepoint,Melanocyte_10_days,yugene,HALLMARK P53 PATHWAY,5.3792182628767495,0.003243243243243243,0.0021645021645021645,924,924,6,6
temporal_bytimepoint,Melanocyte_10_days,yugene,HALLMARK PANCREAS BETA CELLS,0.7919692968585833,0.22378378378378377,0.0021645021645021645,924,924,6,6
temporal_bytimepoint,Melanocyte_10_days,yugene,HALLMARK PEROXISOME,0.8394246026991632,0.16324324324324324,0.0021645021645021645,924,924,6,6
temporal_bytimepoint,Melanocyte_10_days,yugene,HALLMARK PI3K AKT MTOR SIGNALING,2.240850053672245,0.003243243243243243,0.0021645021645021645,924,924,6,6
temporal_bytimepoint,Melanocyte_10_days,yugene,HALLMARK PROTEIN SECRETION,-2.766722760262959,0.003243243243243243,0.0021645021645021645,924,924,6,6
temporal_bytimepoint,Melanocyte_10_days,yugene,HALLMARK REACTIVE OXYGEN SPECIES PATHWAY,4.8121574828586695,0.003243243243243243,0.0021645021645021645,924,924,6,6
temporal_bytimepoint,Melanocyte_10_days,yugene,HALLMARK SPERMATOGENESIS,1.9466948798888706,0.006486486486486486,0.0021645021645021645,924,924,6,6
temporal_bytimepoint,Melanocyte_10_days,yugene,HALLMARK TGF BETA SIGNALING,-0.17968240448482023,0.7686486486486487,0.0021645021645021645,924,924,6,6
temporal_bytimepoint,Melanocyte_10_days,yugene,HALLMARK TNFA SIGNALING VIA NFKB,2.007611061418964,0.006486486486486486,0.0021645021645021645,924,924,6,6
temporal_bytimepoint,Melanocyte_10_days,yugene,HALLMARK UNFOLDED PROTEIN RESPONSE,-1.2007043351020652,0.04540540540540541,0.0021645021645021645,924,924,6,6
temporal_bytimepoint,Melanocyte_10_days,yugene,HALLMARK UV RESPONSE DN,-2.9284596523818403,0.003243243243243243,0.0021645021645021645,924,924,6,6
temporal_bytimepoint,Melanocyte_10_days,yugene,HALLMARK UV RESPONSE UP,4.352513896533985,0.003243243243243243,0.0021645021645021645,924,924,6,6
temporal_bytimepoint,Melanocyte_10_days,yugene,HALLMARK WNT BETA CATENIN SIGNALING,0.4920140727088183,0.4616216216216216,0.0021645021645021645,924,924,6,6
temporal_bytimepoint,Melanocyte_10_days,yugene,HALLMARK XENOBIOTIC METABOLISM,9.282403506369633,0.003243243243243243,0.0021645021645021645,924,924,6,6
temporal_bytimepoint,Melanocyte_10_days,yugene,Lysosomal Genes,-1.756230566896888,0.01945945945945946,0.0021645021645021645,924,924,6,6
temporal_bytimepoint,Melanocyte_20_days,yugene,HALLMARK ADIPOGENESIS,-2.0206663914474676,0.010810810810810811,0.0021645021645021645,924,924,6,6
temporal_bytimepoint,Melanocyte_20_days,yugene,HALLMARK ALLOGRAFT REJECTION,1.8502314032149636,0.014054054054054054,0.0021645021645021645,924,924,6,6
temporal_bytimepoint,Melanocyte_20_days,yugene,HALLMARK ANDROGEN RESPONSE,-0.9507995982777843,0.13945945945945945,0.0021645021645021645,924,924,6,6
temporal_bytimepoint,Melanocyte_20_days,yugene,HALLMARK ANGIOGENESIS,-3.0532985101344745,0.003243243243243243,0.0021645021645021645,924,924,6,6
temporal_bytimepoint,Melanocyte_20_days,yugene,HALLMARK APICAL JUNCTION,-1.7766847595228104,0.01945945945945946,0.0021645021645021645,924,924,6,6
temporal_bytimepoint,Melanocyte_20_days,yugene,HALLMARK APICAL SURFACE,-0.5825298500506407,0.36,0.0021645021645021645,924,924,6,6
temporal_bytimepoint,Melanocyte_20_days,yugene,HALLMARK APOPTOSIS,0.6195024786288256,0.4,0.0021645021645021645,924,924,6,6
temporal_bytimepoint,Melanocyte_20_days,yugene,HALLMARK BILE ACID METABOLISM,-0.029082396760462596,0.9535135135135135,0.0021645021645021645,924,924,6,6
temporal_bytimepoint,Melanocyte_20_days,yugene,HALLMARK CHOLESTEROL HOMEOSTASIS,-3.6568809607785004,0.003243243243243243,0.0021645021645021645,924,924,6,6
temporal_bytimepoint,Melanocyte_20_days,yugene,HALLMARK COAGULATION,2.1772064100364177,0.003243243243243243,0.0021645021645021645,924,924,6,6
temporal_bytimepoint,Melanocyte_20_days,yugene,HALLMARK COMPLEMENT,2.593904757237968,0.003243243243243243,0.0021645021645021645,924,924,6,6
temporal_bytimepoint,Melanocyte_20_days,yugene,HALLMARK DNA REPAIR,2.3580472176183296,0.003243243243243243,0.0021645021645021645,924,924,6,6
temporal_bytimepoint,Melanocyte_20_days,yugene,HALLMARK E2F TARGETS,1.1656644767756317,0.055135135135135134,0.0021645021645021645,924,924,6,6
temporal_bytimepoint,Melanocyte_20_days,yugene,HALLMARK EPITHELIAL MESENCHYMAL TRANSITION,0.5687189269671503,0.39675675675675676,0.0021645021645021645,924,924,6,6
temporal_bytimepoint,Melanocyte_20_days,yugene,HALLMARK ESTROGEN RESPONSE EARLY,2.9855321567938526,0.0075675675675675675,0.0021645021645021645,924,924,6,6
temporal_bytimepoint,Melanocyte_20_days,yugene,HALLMARK ESTROGEN RESPONSE LATE,0.5266482280977038,0.4,0.0021645021645021645,924,924,6,6
temporal_bytimepoint,Melanocyte_20_days,yugene,HALLMARK FATTY ACID METABOLISM,-0.25579946988772556,0.7945945945945946,0.0021645021645021645,924,924,6,6
temporal_bytimepoint,Melanocyte_20_days,yugene,HALLMARK G2M CHECKPOINT,-0.7100405908404186,0.2594594594594595,0.0021645021645021645,924,924,6,6
temporal_bytimepoint,Melanocyte_20_days,yugene,HALLMARK GLYCOLYSIS,-2.7298495029445937,0.003243243243243243,0.0021645021645021645,924,924,6,6
temporal_bytimepoint,Melanocyte_20_days,yugene,HALLMARK HEDGEHOG SIGNALING,-1.4338196123485207,0.011891891891891892,0.0021645021645021645,924,924,6,6
temporal_bytimepoint,Melanocyte_20_days,yugene,HALLMARK HEME METABOLISM,1.199456248068651,0.06378378378378378,0.0021645021645021645,924,924,6,6
temporal_bytimepoint,Melanocyte_20_days,yugene,HALLMARK HYPOXIA,1.9016361919991545,0.008648648648648649,0.0021645021645021645,924,924,6,6
temporal_bytimepoint,Melanocyte_20_days,yugene,HALLMARK IL2 STAT5 SIGNALING,0.7900986287896653,0.22378378378378377,0.0021645021645021645,924,924,6,6
temporal_bytimepoint,Melanocyte_20_days,yugene,HALLMARK IL6 JAK STAT3 SIGNALING,4.898207128049646,0.003243243243243243,0.0021645021645021645,924,924,6,6
temporal_bytimepoint,Melanocyte_20_days,yugene,HALLMARK INFLAMMATORY RESPONSE,3.5488694416700706,0.003243243243243243,0.0021645021645021645,924,924,6,6
temporal_bytimepoint,Melanocyte_20_days,yugene,HALLMARK INTERFERON ALPHA RESPONSE,-22.596826790395994,0.003243243243243243,0.0021645021645021645,924,924,6,6
temporal_bytimepoint,Melanocyte_20_days,yugene,HALLMARK INTERFERON GAMMA RESPONSE,-1.7122389652417618,0.015135135135135135,0.0021645021645021645,924,924,6,6
temporal_bytimepoint,Melanocyte_20_days,yugene,HALLMARK KRAS SIGNALING DN,8.51291905030281,0.003243243243243243,0.0021645021645021645,924,924,6,6
temporal_bytimepoint,Melanocyte_20_days,yugene,HALLMARK KRAS SIGNALING UP,-0.14676432195362452,0.8648648648648649,0.0021645021645021645,924,924,6,6
temporal_bytimepoint,Melanocyte_20_days,yugene,HALLMARK MITOTIC SPINDLE,0.664995339969519,0.2951351351351351,0.0021645021645021645,924,924,6,6
temporal_bytimepoint,Melanocyte_20_days,yugene,HALLMARK MTORC1 SIGNALING,-0.5414653317928135,0.3708108108108108,0.0021645021645021645,924,924,6,6
temporal_bytimepoint,Melanocyte_20_days,yugene,HALLMARK MYC TARGETS,2.5426139911924888,0.004324324324324324,0.0021645021645021645,924,924,6,6
temporal_bytimepoint,Melanocyte_20_days,yugene,HALLMARK MYOGENESIS,-0.8945738474056341,0.16972972972972972,0.0021645021645021645,924,924,6,6
temporal_bytimepoint,Melanocyte_20_days,yugene,HALLMARK NOTCH SIGNALING,-0.16530153731431263,0.7935135135135135,0.0021645021645021645,924,924,6,6
temporal_bytimepoint,Melanocyte_20_days,yugene,HALLMARK OXIDATIVE PHOSPHORYLATION,-0.332685155122471,0.5762162162162162,0.0021645021645021645,924,924,6,6
temporal_bytimepoint,Melanocyte_20_days,yugene,HALLMARK P53 PATHWAY,4.183333933548544,0.003243243243243243,0.0021645021645021645,924,924,6,6
temporal_bytimepoint,Melanocyte_20_days,yugene,HALLMARK PANCREAS BETA CELLS,-0.7698456867580125,0.23243243243243245,0.0021645021645021645,924,924,6,6
temporal_bytimepoint,Melanocyte_20_days,yugene,HALLMARK PEROXISOME,0.6050507302946871,0.34486486486486484,0.0021645021645021645,924,924,6,6
temporal_bytimepoint,Melanocyte_20_days,yugene,HALLMARK PI3K AKT MTOR SIGNALING,1.252693822821397,0.003243243243243243,0.0021645021645021645,924,924,6,6
temporal_bytimepoint,Melanocyte_20_days,yugene,HALLMARK PROTEIN SECRETION,-2.401339855420974,0.008648648648648649,0.0021645021645021645,924,924,6,6
temporal_bytimepoint,Melanocyte_20_days,yugene,HALLMARK REACTIVE OXYGEN SPECIES PATHWAY,3.3414199303563916,0.003243243243243243,0.0021645021645021645,924,924,6,6
temporal_bytimepoint,Melanocyte_20_days,yugene,HALLMARK SPERMATOGENESIS,1.6110609473394373,0.011891891891891892,0.0021645021645021645,924,924,6,6
temporal_bytimepoint,Melanocyte_20_days,yugene,HALLMARK TGF BETA SIGNALING,1.8229262878483175,0.011891891891891892,0.0021645021645021645,924,924,6,6
temporal_bytimepoint,Melanocyte_20_days,yugene,HALLMARK TNFA SIGNALING VIA NFKB,2.6332870370810624,0.003243243243243243,0.0021645021645021645,924,924,6,6
temporal_bytimepoint,Melanocyte_20_days,yugene,HALLMARK UNFOLDED PROTEIN RESPONSE,-2.0375700681543707,0.005405405405405406,0.0021645021645021645,924,924,6,6
temporal_bytimepoint,Melanocyte_20_days,yugene,HALLMARK UV RESPONSE DN,0.15852553734987052,0.9340540540540541,0.0021645021645021645,924,924,6,6
temporal_bytimepoint,Melanocyte_20_days,yugene,HALLMARK UV RESPONSE UP,9.164335921068547,0.003243243243243243,0.0021645021645021645,924,924,6,6
temporal_bytimepoint,Melanocyte_20_days,yugene,HALLMARK WNT BETA CATENIN SIGNALING,0.6464857026448334,0.30594594594594593,0.0021645021645021645,924,924,6,6
temporal_bytimepoint,Melanocyte_20_days,yugene,HALLMARK XENOBIOTIC METABOLISM,6.797132519656563,0.003243243243243243,0.0021645021645021645,924,924,6,6
temporal_bytimepoint,Melanocyte_20_days,yugene,Lysosomal Genes,0.7998024720757979,0.20756756756756756,0.0021645021645021645,924,924,6,6
