analysis,label,model,pathway,n_clock,n_nonzero,weight_share,total_shift,observed,expected_from_weight,ratio,ratio_reliable,null_mean,null_sd,z,p_emp,interpretable,p_emp_adj
meta_analysis,CICQ,scaled,HALLMARK ADIPOGENESIS,142,23,0.0159896666166188,5.88320206320108,2.3037881372330533,0.0940704396287896,24.490032642815397,False,0.1232025010999107,1.5685595882545391,1.3901834858308784,0.1570921453927303,False,
meta_analysis,CICQ,scaled,HALLMARK ALLOGRAFT REJECTION,133,28,0.0224234560913446,5.88320206320108,2.220506330909972,0.1319217231406975,16.831999143475038,False,0.2363773689576492,2.039647491442441,0.9727803310508054,0.311784410779461,False,
meta_analysis,CICQ,scaled,HALLMARK ANDROGEN RESPONSE,75,15,0.0092040014056126,5.88320206320108,-1.3877828971220438,0.0541490000592059,-25.62896628939881,False,0.0492057651681124,1.2131438369757677,-1.1845163108378054,0.2073396330183491,False,
meta_analysis,CICQ,scaled,HALLMARK ANGIOGENESIS,28,8,0.0105685417604998,5.88320206320108,-2.214582181746537,0.0621768666903993,-35.61746192154913,False,0.0683042619469125,1.1541461709629044,-1.9779872784994268,0.0576471176441177,False,
meta_analysis,CICQ,scaled,HALLMARK APICAL JUNCTION,152,33,0.0229092646644998,5.88320206320108,2.6141332249696907,0.1347798331406053,19.39558140157785,False,0.177777682988231,1.7606945204648656,1.3837468758284106,0.1568421578921054,False,
meta_analysis,CICQ,scaled,HALLMARK APICAL SURFACE,31,6,0.0044629388278138,5.88320206320108,0.2057045847421422,0.0262563709197349,7.834463695343733,False,0.0310083593975305,0.8421745107994629,0.2074347099139528,0.7799110044497775,False,
meta_analysis,CICQ,scaled,HALLMARK APOPTOSIS,123,25,0.0192046057307468,5.88320206320108,0.493051873359035,0.112984576058093,4.363886563644967,False,0.1327561972037721,1.659965707259767,0.2170500719259017,0.8142592870356482,True,0.96979032627316
meta_analysis,CICQ,scaled,HALLMARK BILE ACID METABOLISM,79,16,0.0089765043147284,5.88320206320108,-0.1154355911493452,0.0528105887047436,-2.185841778714661,False,0.0599118307473737,1.136871588378371,-0.1542367877684707,0.8478076096195191,False,
meta_analysis,CICQ,scaled,HALLMARK CHOLESTEROL HOMEOSTASIS,58,11,0.0116143296918463,5.88320206320108,-1.1401055036274563,0.0683294484057681,-16.685419394241915,False,0.1018339284754336,1.345292833553918,-0.9231740488961092,0.3085345732713364,False,
meta_analysis,CICQ,scaled,HALLMARK COAGULATION,77,20,0.0120868292054766,5.88320206320108,2.961654078263834,0.0711092585192195,41.64934552739506,False,0.021520112000008,1.000209053418832,2.9395194496731487,0.0121493925303734,False,
meta_analysis,CICQ,scaled,HALLMARK COMPLEMENT,127,35,0.0197891890694979,5.88320206320108,3.571394462898483,0.1164237979627465,30.675811349508308,False,0.2010259696472665,1.8064594037886657,1.8657316550721168,0.0672966351682416,True,0.476684499108378
meta_analysis,CICQ,scaled,HALLMARK DNA REPAIR,93,12,0.0067373565593693,5.88320206320108,0.6064357058060028,0.0396372300106029,15.29964898263026,False,0.0736251711753457,1.056464265223154,0.504333702681475,0.5206739663016849,False,
meta_analysis,CICQ,scaled,HALLMARK E2F TARGETS,136,18,0.011107688312077,5.88320206320108,1.008333456271723,0.0653487747950062,15.43002848079069,False,0.0191047411164762,1.0980120994501024,0.9009269712516504,0.3046847657617119,False,
meta_analysis,CICQ,scaled,HALLMARK EPITHELIAL MESENCHYMAL TRANSITION,153,55,0.0397412605410033,5.88320206320108,-4.96412348694699,0.2338058660090423,-21.23181754026225,False,0.2878368076662455,2.274058265155299,-2.309509995890352,0.0249987500624968,True,0.3035562507588906
meta_analysis,CICQ,scaled,HALLMARK ESTROGEN RESPONSE EARLY,150,50,0.02569614946034,5.88320206320108,1.6404953730027818,0.1511756395213961,10.851585468375673,False,0.052526486264475,1.8024633178206049,0.8809992808388204,0.3584820758962052,True,0.7625181240937954
meta_analysis,CICQ,scaled,HALLMARK ESTROGEN RESPONSE LATE,150,44,0.0225695918474804,5.88320206320108,-0.1600222273478364,0.132781469322703,-1.2051548168888635,False,0.1593402666350123,1.72181828397,-0.1854797901474794,0.8428578571071447,True,0.96979032627316
meta_analysis,CICQ,scaled,HALLMARK FATTY ACID METABOLISM,107,24,0.0156727206116287,5.88320206320108,-0.3326785586751623,0.0922057822383081,-3.608001045046677,False,0.1695090186686899,1.7289157014759602,-0.2904638883868884,0.7414629268536573,True,0.9549143754933466
meta_analysis,CICQ,scaled,HALLMARK G2M CHECKPOINT,142,17,0.0105432869349456,5.88320206320108,-0.0768955761921906,0.0620282874485932,-1.2396856233685132,False,0.0494097770486985,1.1126736126816772,-0.1135151870245921,0.8871056447177641,False,
meta_analysis,CICQ,scaled,HALLMARK GLYCOLYSIS,139,30,0.0200052529173737,5.88320206320108,-0.3200875894868188,0.1176949452383528,-2.7196375242673807,False,0.1408627238109054,1.6988562840805623,-0.2713297867613299,0.7673616319184041,True,0.96979032627316
meta_analysis,CICQ,scaled,HALLMARK HEDGEHOG SIGNALING,32,8,0.0037695085540802,5.88320206320108,-0.6298043348931698,0.022176780502619,-28.39926809118168,False,0.0271592185633889,0.8029169614226564,-0.818221042799384,0.311734413279336,False,
meta_analysis,CICQ,scaled,HALLMARK HEME METABOLISM,142,20,0.0090905971349676,5.88320206320108,2.746127926210731,0.0534818198201716,51.34694248334046,False,0.0122515127714468,0.9589133044018768,2.8510152074118342,0.0144992750362481,False,
meta_analysis,CICQ,scaled,HALLMARK HYPOXIA,142,32,0.0248285872137324,5.88320206320108,2.044738992218086,0.1460715955221987,13.998197150570205,False,0.2227540562840438,1.9983779906198744,0.9117318868032984,0.3426828658567071,True,0.7625181240937954
meta_analysis,CICQ,scaled,HALLMARK IL2 STAT5 SIGNALING,148,35,0.0191720717138196,5.88320206320108,1.0022842429362486,0.1127931718625828,8.886036507221752,False,0.0731442260914962,1.345457450476374,0.6905755484989734,0.4578771061446928,True,0.8460772613543237
meta_analysis,CICQ,scaled,HALLMARK IL6 JAK STAT3 SIGNALING,57,13,0.0054087736405016,5.88320206320108,0.1304281328629964,0.0318209082411868,4.098818672126364,False,-0.039035470095357,0.5404886913022167,0.313537740355047,0.727863606819659,False,
meta_analysis,CICQ,scaled,HALLMARK INFLAMMATORY RESPONSE,146,34,0.0206525357886357,5.88320206320108,2.191553511872672,0.1215030411620362,18.03702599468289,False,0.123029506553644,1.6452640019191438,1.2572596269693896,0.1941402929853507,False,
meta_analysis,CICQ,scaled,HALLMARK INTERFERON ALPHA RESPONSE,66,13,0.0103440128843608,5.88320206320108,-0.0157777822792662,0.0608559179430505,-0.2592645516255507,False,0.0354723788277361,0.9801970652210236,-0.0522855688161503,0.951702414879256,False,
meta_analysis,CICQ,scaled,HALLMARK INTERFERON GAMMA RESPONSE,134,30,0.0262464255577463,5.88320206320108,1.1119025124077526,0.1544130249929867,7.20083368911563,False,0.2558412811243936,2.062736937336328,0.4150123148465144,0.656567171641418,False,
meta_analysis,CICQ,scaled,HALLMARK KRAS SIGNALING DN,110,31,0.0150518155041489,5.88320206320108,0.908940344334757,0.0885528720289311,10.264380177729262,False,-0.0044196110551763,1.0776066106344349,0.847581989917636,0.3564321783910804,False,
meta_analysis,CICQ,scaled,HALLMARK KRAS SIGNALING UP,155,46,0.0232272905683437,5.88320206320108,7.165919332586271,0.1366508437942511,52.439627400879175,False,0.0279931268869546,1.683289119313877,4.240463580379345,0.0003499825008749,True,0.0297485125743712
meta_analysis,CICQ,scaled,HALLMARK MITOTIC SPINDLE,159,18,0.0102920766135842,5.88320206320108,0.5225739229153354,0.0605503663676625,8.630400677384184,False,-0.0347148547708879,0.920865348826691,0.605179441702618,0.4722763861806909,False,
meta_analysis,CICQ,scaled,HALLMARK MTORC1 SIGNALING,131,28,0.0197176958311117,5.88320206320108,1.182434069729842,0.1160031887951678,10.19311694799804,False,0.1743100831568879,1.7415190640191482,0.578876227887144,0.5338233088345583,True,0.8702468102401332
meta_analysis,CICQ,scaled,HALLMARK MYC TARGETS,137,11,0.0053251411895909,5.88320206320108,-0.1209896900901182,0.0313288816334385,-3.8619217725595782,False,0.0038021726614834,0.8184085316675399,-0.1524811361598752,0.8350082495875206,False,
meta_analysis,CICQ,scaled,HALLMARK MYOGENESIS,156,52,0.0341216826244272,5.88320206320108,2.62391808015944,0.2007447536159228,13.070917336049945,False,0.205561566674172,1.853594164913519,1.304685005629643,0.1821408929553522,True,0.5808042931186774
meta_analysis,CICQ,scaled,HALLMARK NOTCH SIGNALING,26,4,0.0029431687903581,5.88320206320108,-0.2958607643314824,0.0173152566997838,-17.086709683904083,False,-0.011775767196049,0.4672731544869725,-0.6079634458079136,0.4700764961751912,False,
meta_analysis,CICQ,scaled,HALLMARK OXIDATIVE PHOSPHORYLATION,103,11,0.0083391356490583,5.88320206320108,-0.1010351990062435,0.049060820055854,-2.0593866733417534,False,0.0223394347356155,1.137758056101298,-0.1084366162737807,0.8948552572371381,False,
meta_analysis,CICQ,scaled,HALLMARK P53 PATHWAY,141,36,0.0278645558413095,5.88320206320108,1.024523419198054,0.1639328124157738,6.249654380354382,False,0.2434896662459839,2.120229619814333,0.3683722487663692,0.6934153292335383,True,0.9067738920746272
meta_analysis,CICQ,scaled,HALLMARK PANCREAS BETA CELLS,19,5,0.0015289761528051,5.88320206320108,-0.0057454975518352,0.0089952756567686,-0.6387239003078202,False,-0.014090169123231,0.2276737977256005,0.036651874984108,0.95985200739963,False,
meta_analysis,CICQ,scaled,HALLMARK PEROXISOME,78,13,0.0064702844159259,5.88320206320108,0.0403779061914012,0.0380659906252733,1.0607344122181566,False,0.0120482569452913,0.9032719935098062,0.0313633650214599,0.968301584920754,False,
meta_analysis,CICQ,scaled,HALLMARK PI3K AKT MTOR SIGNALING,77,11,0.005470409096362,5.88320206320108,0.1599861955334525,0.0321835220822713,4.971059262080661,False,0.017680547063699,0.7852240749368693,0.1812293497002045,0.7882105894705265,False,
meta_analysis,CICQ,scaled,HALLMARK PROTEIN SECRETION,76,5,0.0028243260081014,5.88320206320108,0.3308804384186635,0.0166160805980149,19.913266336598785,False,0.0068842852098421,0.4212201475648613,0.769184843322175,0.3784310784460777,False,
meta_analysis,CICQ,scaled,HALLMARK REACTIVE OXYGEN SPECIES PATHWAY,28,5,0.001463852562887,5.88320206320108,-0.2742336437520042,0.0086121404181991,-31.84268142824212,False,-0.0040693016813334,0.2021490751846236,-1.3364609351980885,0.1726413679316034,False,
meta_analysis,CICQ,scaled,HALLMARK SPERMATOGENESIS,74,12,0.0082702231817565,5.88320206320108,0.2848262960928568,0.0486553940860436,5.8539510663331935,False,0.0407353245224551,0.8683779642568682,0.2810883988509398,0.7171641417929103,False,
meta_analysis,CICQ,scaled,HALLMARK TGF BETA SIGNALING,40,11,0.005390860523621,5.88320206320108,0.5796698604074129,0.0317155217549966,18.277166142350723,False,-0.0352480797360349,0.6075031457608779,1.0122053596500855,0.2826858657067146,False,
meta_analysis,CICQ,scaled,HALLMARK TNFA SIGNALING VIA NFKB,164,50,0.0303462780806595,5.88320206320108,-2.161357360529377,0.1785332858146102,-12.106187093726268,False,0.0364137913870608,1.7996872493335718,-1.2211961565712472,0.2090895455227238,True,0.5924203789810509
meta_analysis,CICQ,scaled,HALLMARK UNFOLDED PROTEIN RESPONSE,79,9,0.0041679179798426,5.88320206320108,0.1162845518500761,0.0245207036582633,4.742300770430325,False,-0.0007132141463723,0.4708729880376477,0.2484699037080762,0.7802109894505275,False,
meta_analysis,CICQ,scaled,HALLMARK UV RESPONSE DN,128,30,0.0186947256569939,5.88320206320108,-0.5179850348297286,0.1099848485562052,-4.709603564758506,False,0.1270302052008308,1.4970977611534813,-0.4308437676999725,0.6347682615869207,True,0.8702468102401332
meta_analysis,CICQ,scaled,HALLMARK UV RESPONSE UP,104,21,0.011923140245684,5.88320206320108,2.032667003549732,0.0701462432932444,28.977560424044725,False,-0.0175048103054387,1.0289124287139038,1.99256200687341,0.0521473926303684,False,
meta_analysis,CICQ,scaled,HALLMARK WNT BETA CATENIN SIGNALING,29,4,0.0048011605210316,5.88320206320108,0.1640400591995006,0.0282461974830932,5.807509463802585,False,0.0716762438649907,1.0755101273370349,0.085879075414383,0.9049547522623868,False,
meta_analysis,CICQ,scaled,HALLMARK XENOBIOTIC METABOLISM,136,38,0.0193351045231881,5.88320206320108,-0.8117264566220704,0.113752326823029,-7.135910792268184,False,0.1382969261533855,1.672768912076259,-0.5679346237946739,0.5386730663466827,True,0.8702468102401332
meta_analysis,CICQ,scaled,Lysosomal Genes,138,22,0.0196446374095193,5.88320206320108,2.935789069371535,0.1155733713385213,25.4019505996103,False,0.2502627848163001,1.9017014815201625,1.4121702647086896,0.151792410379481,True,0.5757538210046019
meta_analysis,SSCQ,scaled,HALLMARK ADIPOGENESIS,142,23,0.0159896666166188,-3.4334639890361185,1.1011457969033618,-0.0548999445248539,-20.057320757489265,False,-0.0293669998279839,1.249828163811543,0.904534582805106,0.3264336783160842,False,
meta_analysis,SSCQ,scaled,HALLMARK ALLOGRAFT REJECTION,133,28,0.0224234560913446,-3.4334639890361185,0.2943456039996887,-0.0769901289993643,-3.823160291134449,False,0.0282463230348028,1.6105796403570842,0.1652195733120583,0.8542572871356432,False,
meta_analysis,SSCQ,scaled,HALLMARK ANDROGEN RESPONSE,75,15,0.0092040014056126,-3.4334639890361185,-1.4395774918501147,-0.0316016073812088,45.553932573256574,False,-1.370296231377921e-05,0.9717393847415264,-1.4814299095952683,0.1270436478176091,False,
meta_analysis,SSCQ,scaled,HALLMARK ANGIOGENESIS,28,8,0.0105685417604998,-3.4334639890361185,-2.4081706717074254,-0.0362867075513005,66.36509163315131,False,0.0058711212181208,0.901723559449102,-2.6771417555069514,0.0211989400529973,False,
meta_analysis,SSCQ,scaled,HALLMARK APICAL JUNCTION,152,33,0.0229092646644998,-3.4334639890361185,2.287194804915144,-0.0786581352408579,-29.077663714141664,False,-0.0261071187274007,1.401949856838749,1.650060387222978,0.0994950252487375,False,
meta_analysis,SSCQ,scaled,HALLMARK APICAL SURFACE,31,6,0.0044629388278138,-3.4334639890361185,0.4725414432650054,-0.01532333975057,-30.838019058307783,False,-0.0211147398221298,0.6609006038014337,0.7469446695125933,0.3612819359032048,False,
meta_analysis,SSCQ,scaled,HALLMARK APOPTOSIS,123,25,0.0192046057307468,-3.4334639890361185,-0.1267149432164826,-0.0659383222001559,1.9217192519979376,False,-0.0521057048811695,1.3369884777525107,-0.0558039501288237,0.9482025898705064,True,0.9721260924905564
meta_analysis,SSCQ,scaled,HALLMARK BILE ACID METABOLISM,79,16,0.0089765043147284,-3.4334639890361185,-0.1568649018976836,-0.0308205043120473,5.089628005741844,False,-0.0088335508822393,0.887276017965395,-0.1668379940606236,0.8431578421078946,False,
meta_analysis,SSCQ,scaled,HALLMARK CHOLESTEROL HOMEOSTASIS,58,11,0.0116143296918463,-3.4334639890361185,-1.3676861732211476,-0.0398773827537474,34.297290312830754,False,0.0259522289132452,1.0741201920705712,-1.2974696988498926,0.1709914504274786,False,
meta_analysis,SSCQ,scaled,HALLMARK COAGULATION,77,20,0.0120868292054766,-3.4334639890361185,2.243293723300304,-0.0414996928186342,-54.05567055891599,False,-0.081191926693686,0.7903227343137013,2.941185352604746,0.0141492925353732,False,
meta_analysis,SSCQ,scaled,HALLMARK COMPLEMENT,127,35,0.0197891890694979,-3.4334639890361185,2.180894006874652,-0.0679454680423483,-32.09771114558173,False,0.0016298725245428,1.4369393871264404,1.5166012943024365,0.1248437578121094,True,0.5757538210046019
meta_analysis,SSCQ,scaled,HALLMARK DNA REPAIR,93,12,0.0067373565593693,-3.4334639890361185,0.6323044633711388,-0.0231324711278908,-27.33406473849516,False,0.0097831668560539,0.8430760961724324,0.7383927730145986,0.3634318284085795,False,
meta_analysis,SSCQ,scaled,HALLMARK E2F TARGETS,136,18,0.011107688312077,-3.4334639890361185,1.1384904373738418,-0.0381378478209539,-29.851984378319447,False,-0.0018618965116392,0.8748055528754975,1.303549491812355,0.1528423578821059,False,
meta_analysis,SSCQ,scaled,HALLMARK EPITHELIAL MESENCHYMAL TRANSITION,153,55,0.0397412605410033,-3.4334639890361185,-3.265043152639688,-0.1364501869464369,23.92846228874256,False,-0.1269382046559812,1.8334488511587543,-1.711585761446467,0.0898955052247387,True,0.5706857514267144
meta_analysis,SSCQ,scaled,HALLMARK ESTROGEN RESPONSE EARLY,150,50,0.02569614946034,-3.4334639890361185,-0.0120678553781339,-0.0882268038289676,0.136782189248611,False,-0.1486313521457657,1.4385490057660704,0.0949314178524683,0.920653967301635,True,0.9721260924905564
meta_analysis,SSCQ,scaled,HALLMARK ESTROGEN RESPONSE LATE,150,44,0.0225695918474804,-3.4334639890361185,-1.0078012209554918,-0.0774918808555671,13.005249192929996,False,-0.0935345938102974,1.3749635832308376,-0.6649387942311062,0.4753762311884406,True,0.8597229712982436
meta_analysis,SSCQ,scaled,HALLMARK FATTY ACID METABOLISM,107,24,0.0156727206116287,-3.4334639890361185,-0.6245083987287926,-0.0538117218302513,11.6054342341767,False,0.0292185403727202,1.369698928433485,-0.4772778349539746,0.592270386480676,True,0.8702468102401332
meta_analysis,SSCQ,scaled,HALLMARK G2M CHECKPOINT,142,17,0.0105432869349456,-3.4334639890361185,0.211956189178183,-0.0361999960172109,-5.855143991657091,False,-0.0067591895835286,0.8813584029088068,0.2481571379360207,0.7574121293935303,False,
meta_analysis,SSCQ,scaled,HALLMARK GLYCOLYSIS,139,30,0.0200052529173737,-3.4334639890361185,0.1499571714026755,-0.0686873154833626,-2.1831857941659987,False,-0.0953697203263218,1.3417078688280382,0.1828467264959001,0.8429578521073946,True,0.96979032627316
meta_analysis,SSCQ,scaled,HALLMARK HEDGEHOG SIGNALING,32,8,0.0037695085540802,-3.4334639890361185,-0.9719856085084336,-0.0129424718767981,75.100461315346,False,0.0101521997811255,0.626464680086594,-1.5677464979411162,0.0970451477426128,False,
meta_analysis,SSCQ,scaled,HALLMARK HEME METABOLISM,142,20,0.0090905971349676,-3.4334639890361185,1.5237615327019478,-0.0312122379017464,-48.81936173556747,False,-0.0785279200285599,0.7710789830186807,2.077983563315056,0.0450477476126193,False,
meta_analysis,SSCQ,scaled,HALLMARK HYPOXIA,142,32,0.0248285872137324,-3.4334639890361185,0.6841495524837985,-0.085248060096993,-8.025397313503566,False,-0.0457252001513067,1.5920996231965354,0.4584353529144743,0.623918804059797,True,0.8702468102401332
meta_analysis,SSCQ,scaled,HALLMARK IL2 STAT5 SIGNALING,148,35,0.0191720717138196,-3.4334639890361185,0.3684473406552901,-0.0658266178246177,-5.597239427323252,False,-0.1087717700353369,1.0917433321716343,0.4371165791700964,0.6272186390680466,True,0.8702468102401332
meta_analysis,SSCQ,scaled,HALLMARK IL6 JAK STAT3 SIGNALING,57,13,0.0054087736405016,-3.4334639890361185,-0.5438884121467047,-0.0185708295195101,29.28724382372394,False,-0.038556829312455,0.4399921798918707,-1.148501282360146,0.2362881855907204,False,
meta_analysis,SSCQ,scaled,HALLMARK INFLAMMATORY RESPONSE,146,34,0.0206525357886357,-3.4334639890361185,0.0612409544779619,-0.0709097379125606,-0.8636466059637489,False,-0.096330425388898,1.3160952167696782,0.1197264284977913,0.8921053947302635,False,
meta_analysis,SSCQ,scaled,HALLMARK INTERFERON ALPHA RESPONSE,66,13,0.0103440128843608,-3.4334639890361185,-0.9681153096825246,-0.0355157957405787,27.2587250122176,False,-0.0722572878980939,0.7907268366275517,-1.1329551246866278,0.2207889605519724,False,
meta_analysis,SSCQ,scaled,HALLMARK INTERFERON GAMMA RESPONSE,134,30,0.0262464255577463,-3.4334639890361185,-1.3031248549096508,-0.0901161569934392,14.4605018499016,False,0.013560964835779,1.6200927003704932,-0.8127225185597847,0.3875306234688265,False,
meta_analysis,SSCQ,scaled,HALLMARK KRAS SIGNALING DN,110,31,0.0150518155041489,-3.4334639890361185,0.3765499072226442,-0.0516798665031109,-7.286201236606851,False,-0.1226942127253242,0.8729158856105511,0.571926949867315,0.527973601319934,False,
meta_analysis,SSCQ,scaled,HALLMARK KRAS SIGNALING UP,155,46,0.0232272905683437,-3.4334639890361185,5.064018363612168,-0.0797500657292866,-63.498610531583616,False,-0.0989963313686456,1.3411996177375176,3.849549781180487,0.0010499475026248,True,0.0446227688615569
meta_analysis,SSCQ,scaled,HALLMARK MITOTIC SPINDLE,159,18,0.0102920766135842,-3.4334639890361185,0.8056035373559913,-0.0353374744251423,-22.797428239037067,False,-0.0487917142562916,0.7444114557806008,1.1477459743232346,0.2046897655117244,False,
meta_analysis,SSCQ,scaled,HALLMARK MTORC1 SIGNALING,131,28,0.0197176958311117,-3.4334639890361185,0.6245053729799945,-0.0676999985828897,-9.224599498556412,False,-0.0223921103757628,1.407361818072003,0.459652574802666,0.6096195190240488,True,0.8702468102401332
meta_analysis,SSCQ,scaled,HALLMARK MYC TARGETS,137,11,0.0053251411895909,-3.4334639890361185,0.3203381943102282,-0.0182836805109934,-17.52044366108986,False,-0.0180573907028197,0.6616441862335725,0.5114464723696495,0.5101744912754362,False,
meta_analysis,SSCQ,scaled,HALLMARK MYOGENESIS,156,52,0.0341216826244272,-3.4334639890361185,0.3880157011814207,-0.1171555685362903,-3.311969768310484,False,-0.1871697823832381,1.4741365515931322,0.3901846697600999,0.6763661816909154,True,0.898298835058247
meta_analysis,SSCQ,scaled,HALLMARK NOTCH SIGNALING,26,4,0.0029431687903581,-3.4334639890361185,-0.2370945115790998,-0.0101052640553495,23.46247562463105,False,-0.0395196403762524,0.3795582847212133,-0.5205389505539755,0.552522373881306,False,
meta_analysis,SSCQ,scaled,HALLMARK OXIDATIVE PHOSPHORYLATION,103,11,0.0083391356490583,-3.4334639890361185,-0.209045645087468,-0.0286321219507293,7.301088108216271,False,-0.0066281561390612,0.9094333834918068,-0.2225753888330078,0.7909104544772761,False,
meta_analysis,SSCQ,scaled,HALLMARK P53 PATHWAY,141,36,0.0278645558413095,-3.4334639890361185,1.1093008411148355,-0.0956719490516222,-11.594838948209205,False,-0.0066506803900529,1.6852785837207354,0.6621762907833944,0.4855257237138143,True,0.8597851357432128
meta_analysis,SSCQ,scaled,HALLMARK PANCREAS BETA CELLS,19,5,0.0015289761528051,-3.4334639890361185,-0.0081977064063321,-0.0052496845607515,1.5615617112732796,False,-0.0080882788307251,0.1878807768849656,-0.0005824309299824,0.99950002499875,False,
meta_analysis,SSCQ,scaled,HALLMARK PEROXISOME,78,13,0.0064702844159259,-3.4334639890361185,-0.3808101026248291,-0.0222154885409033,17.141648806132622,False,-0.0384553390980806,0.7292779338160671,-0.4694434695635457,0.567521623918804,False,
meta_analysis,SSCQ,scaled,HALLMARK PI3K AKT MTOR SIGNALING,77,11,0.005470409096362,-3.4334639890361185,-0.034856326918024,-0.0187824526376548,1.855792083731626,False,-0.0284294603413206,0.6065947091798101,-0.0105949928007009,0.9883005849707516,False,
meta_analysis,SSCQ,scaled,HALLMARK PROTEIN SECRETION,76,5,0.0028243260081014,-3.4334639890361185,0.2779321698508386,-0.0096972216421144,-28.661010349994974,False,-0.0367250447320721,0.3388351756763545,0.9286438869719422,0.3132343382830858,False,
meta_analysis,SSCQ,scaled,HALLMARK REACTIVE OXYGEN SPECIES PATHWAY,28,5,0.001463852562887,-3.4334639890361185,-0.2807296377079982,-0.0050260850599308,55.85453376944247,False,-0.0306463598283762,0.1676462111599427,-1.49173235797754,0.1333933303334833,False,
meta_analysis,SSCQ,scaled,HALLMARK SPERMATOGENESIS,74,12,0.0082702231817565,-3.4334639890361185,0.1400721225623592,-0.0283955134758528,-4.932896271852048,False,-0.0426993232455603,0.6855136016740443,0.2666197218575771,0.7435628218589071,False,
meta_analysis,SSCQ,scaled,HALLMARK TGF BETA SIGNALING,40,11,0.005390860523621,-3.4334639890361185,-0.0731548424279367,-0.0185093254777693,3.952323520152024,False,-0.0711332390362262,0.4930470904574164,-0.0041002237531407,0.9968001599920004,False,
meta_analysis,SSCQ,scaled,HALLMARK TNFA SIGNALING VIA NFKB,164,50,0.0303462780806595,-3.4334639890361185,-1.4086107713294305,-0.1041928529912208,13.519264814143428,False,-0.1503621168175,1.4307445139808723,-0.8794362950314636,0.3588320583970801,True,0.7625181240937954
meta_analysis,SSCQ,scaled,HALLMARK UNFOLDED PROTEIN RESPONSE,79,9,0.0041679179798426,-3.4334639890361185,0.3594170887242853,-0.014310396293046,-25.115802620989584,False,-0.0636341243243188,0.3793393110861739,1.115231669075553,0.2483375831208439,False,
meta_analysis,SSCQ,scaled,HALLMARK UV RESPONSE DN,128,30,0.0186947256569939,-3.4334639890361185,-1.664951896185464,-0.0641876673281984,25.93881294474194,False,-0.0431677665706324,1.184323472280678,-1.3693759919253523,0.1557922103894805,True,0.5757538210046019
meta_analysis,SSCQ,scaled,HALLMARK UV RESPONSE UP,104,21,0.011923140245684,-3.4334639890361185,1.108910471484884,-0.0409376726697835,-27.08777512658605,False,-0.0821168471892571,0.824031190912008,1.445366791705973,0.1289935503224838,False,
meta_analysis,SSCQ,scaled,HALLMARK WNT BETA CATENIN SIGNALING,29,4,0.0048011605210316,-3.4334639890361185,0.1974714109288887,-0.0164846117545442,-11.97913629203024,False,0.0441638737163101,0.8358933900237906,0.1834056101439148,0.8095595220238988,False,
meta_analysis,SSCQ,scaled,HALLMARK XENOBIOTIC METABOLISM,136,38,0.0193351045231881,-3.4334639890361185,-1.526397060927776,-0.0663863851046158,22.992622034207503,False,-0.0598949043215258,1.317617354136911,-1.112995477785631,0.2435878206089695,True,0.6470301484925753
meta_analysis,SSCQ,scaled,Lysosomal Genes,138,22,0.0196446374095193,-3.4334639890361185,2.010412812122789,-0.0674491551232564,-29.8063453641334,False,0.0343232390864268,1.5235995061034306,1.2969875384707654,0.1844907754612269,True,0.5808042931186774
meta_analysis,RS,scaled,HALLMARK ADIPOGENESIS,142,23,0.0159896666166188,42.329494251331695,0.5336350498078273,0.6768345011288793,0.7884276716358098,True,0.85329818467158,1.6921338124649163,-0.1889112625189507,0.8379081045947703,False,
meta_analysis,RS,scaled,HALLMARK ALLOGRAFT REJECTION,133,28,0.0224234560913446,42.329494251331695,-0.7772567588185849,0.9491735557135612,-0.8188773845835453,True,1.3365275730486537,2.182979304459662,-0.9683025063723402,0.311734413279336,False,
meta_analysis,RS,scaled,HALLMARK ANDROGEN RESPONSE,75,15,0.0092040014056126,42.329494251331695,-1.3784127185289397,0.3896007245881293,-3.5380137446770505,True,0.4458131965874897,1.3253284688280764,-1.3764330564252525,0.1527423628818559,False,
meta_analysis,RS,scaled,HALLMARK ANGIOGENESIS,28,8,0.0105685417604998,42.329494251331695,2.998715285671649,0.4473610276960367,6.703121416533298,True,0.3942706785865953,1.24642524927877,2.0895313285671056,0.0502974851257437,False,
meta_analysis,RS,scaled,HALLMARK APICAL JUNCTION,152,33,0.0229092646644998,42.329494251331695,2.3119690690177275,0.9697375869181843,2.384118240033513,True,1.012361916972438,1.8596480100492707,0.6988457735132665,0.456077196140193,False,
meta_analysis,RS,scaled,HALLMARK APICAL SURFACE,31,6,0.0044629388278138,42.329494251331695,-0.4727222390802686,0.1889139434559933,-2.502315236410208,True,0.1924787400484246,0.8864496957980331,-0.7504102965818507,0.3407829608519574,False,
meta_analysis,RS,scaled,HALLMARK APOPTOSIS,123,25,0.0192046057307468,42.329494251331695,3.7761734849983153,0.8129212478787397,4.645189795262422,True,0.821101207352779,1.7771766743734922,1.6627903799644947,0.0939953002349882,True,0.5706857514267144
meta_analysis,RS,scaled,HALLMARK BILE ACID METABOLISM,79,16,0.0089765043147284,42.329494251331695,2.221486991845376,0.379970887787351,5.846466303725407,True,0.4910074597345277,1.2170434876295635,1.421871568025317,0.1395930203489825,False,
meta_analysis,RS,scaled,HALLMARK CHOLESTEROL HOMEOSTASIS,58,11,0.0116143296918463,42.329494251331695,0.3304966714289684,0.4916287019240821,0.6722485284840104,True,0.6054788192968253,1.4540673518327378,-0.1891123870715229,0.8286085695715214,False,
meta_analysis,RS,scaled,HALLMARK COAGULATION,77,20,0.0120868292054766,42.329494251331695,2.6668846177358416,0.5116293673700534,5.212532328713896,True,0.267180990435966,1.0874123697396334,2.206801848202677,0.0404479776011199,False,
meta_analysis,RS,scaled,HALLMARK COMPLEMENT,127,35,0.0197891890694979,42.329494251331695,0.9511810157659768,0.8376663649558291,1.1355129626293796,True,1.0856543765950148,1.9489762171977876,-0.0689969224059502,0.9391530423478828,True,0.9721260924905564
meta_analysis,RS,scaled,HALLMARK DNA REPAIR,93,12,0.0067373565593693,42.329494251331695,-0.3496515107167743,0.2851888957489956,-1.2260347998419772,True,0.3982437860463008,1.1340967412033462,-0.6594634034213981,0.4062796860156992,False,
meta_analysis,RS,scaled,HALLMARK E2F TARGETS,136,18,0.011107688312077,42.329494251331695,5.164083520985847,0.4701828285516499,10.98313933942096,True,0.4620046641330215,1.1748620102797231,4.002239255087758,0.0022998850057497,False,
meta_analysis,RS,scaled,HALLMARK EPITHELIAL MESENCHYMAL TRANSITION,153,55,0.0397412605410033,42.329494251331695,4.130871898642933,1.6822274596110744,2.45559652176762,True,1.41638690605271,2.4791815147218026,1.0949117587684276,0.2601369931503425,True,0.6612669366531674
meta_analysis,RS,scaled,HALLMARK ESTROGEN RESPONSE EARLY,150,50,0.02569614946034,42.329494251331695,-0.3115172003502551,1.087705010862826,-0.2863986073789831,True,0.9079258239710168,1.968273210609791,-0.6195496731591831,0.504224788760562,True,0.8702468102401332
meta_analysis,RS,scaled,HALLMARK ESTROGEN RESPONSE LATE,150,44,0.0225695918474804,42.329494251331695,-0.6124692522849267,0.9553594083628246,-0.6410877905462823,True,0.8897208703190991,1.8960282171086444,-0.7922825773631135,0.399830008499575,True,0.7903616447084623
meta_analysis,RS,scaled,HALLMARK FATTY ACID METABOLISM,107,24,0.0156727206116287,42.329494251331695,-0.4592213455115061,0.6634183370326657,-0.6922047822276199,True,1.0388442206600603,1.8235544348667057,-0.8215085535853879,0.3775311234438278,True,0.7755862206889655
meta_analysis,RS,scaled,HALLMARK G2M CHECKPOINT,142,17,0.0105432869349456,42.329494251331695,3.4750195381776483,0.4462920037029227,7.786425724290634,True,0.4606366646153437,1.1949798760635315,2.5225386083422574,0.0266986650667466,False,
meta_analysis,RS,scaled,HALLMARK GLYCOLYSIS,139,30,0.0200052529173737,42.329494251331695,-1.9114852835263572,0.8468122383624098,-2.257271679519941,True,0.7382075960828277,1.8177701110933169,-1.4576611549716258,0.1376931153442327,True,0.5757538210046019
meta_analysis,RS,scaled,HALLMARK HEDGEHOG SIGNALING,32,8,0.0037695085540802,42.329494251331695,-1.2757806094613888,0.1595613906702857,-7.995547068761982,True,0.211905998966438,0.862955208826237,-1.7239441783442373,0.0887455627218639,False,
meta_analysis,RS,scaled,HALLMARK HEME METABOLISM,142,20,0.0090905971349676,42.329494251331695,1.0403912417939467,0.3848003791657865,2.7037167792023067,True,0.2946328236292663,1.0532880632819932,0.7080289278518302,0.415429228538573,False,
meta_analysis,RS,scaled,HALLMARK HYPOXIA,142,32,0.0248285872137324,42.329494251331695,2.2815633144803216,1.050981539732376,2.1708880967227104,True,1.1061314583818973,2.136151640435651,0.5502567485605583,0.5621718914054298,True,0.8702468102401332
meta_analysis,RS,scaled,HALLMARK IL2 STAT5 SIGNALING,148,35,0.0191720717138196,42.329494251331695,-0.7542862697394825,0.8115440993962483,-0.9294458185336288,True,0.5012197664036646,1.4787833052597077,-0.8490128551475986,0.3581320933953302,True,0.7625181240937954
meta_analysis,RS,scaled,HALLMARK IL6 JAK STAT3 SIGNALING,57,13,0.0054087736405016,42.329494251331695,0.0215749969356107,0.2289506527223687,0.0942342669875376,True,0.0873602599641682,0.6217256628552875,-0.1058107569927826,0.9051047447627618,False,
meta_analysis,RS,scaled,HALLMARK INFLAMMATORY RESPONSE,146,34,0.0206525357886357,42.329494251331695,3.7382345086347017,0.8742113949404807,4.276121920018228,True,0.9006866002102509,1.7663437615931783,1.606452815201207,0.1015449227538623,False,
meta_analysis,RS,scaled,HALLMARK INTERFERON ALPHA RESPONSE,66,13,0.0103440128843608,42.329494251331695,-2.9937345127825514,0.437856833924255,-6.83724514689301,True,0.2549495894606184,1.0938879820857497,-2.9698508032319766,0.0115994200289985,False,
meta_analysis,RS,scaled,HALLMARK INTERFERON GAMMA RESPONSE,134,30,0.0262464255577463,42.329494251331695,1.878147215022311,1.1109979197646285,1.6905047089738998,True,1.4114877265071049,2.18428749966613,0.2136438031104126,0.8256087195640218,False,
meta_analysis,RS,scaled,HALLMARK KRAS SIGNALING DN,110,31,0.0150518155041489,42.329494251331695,0.5819791987873981,0.6371357378549787,0.9134304736173268,True,0.414053578866133,1.1876284297853916,0.1413957562060128,0.8758562071896405,False,
meta_analysis,RS,scaled,HALLMARK KRAS SIGNALING UP,155,46,0.0232272905683437,42.329494251331695,2.9200297780147952,0.9831994625867192,2.969926133129112,True,0.992583423451877,1.8282113176698127,1.0542798504385082,0.2682865856707164,True,0.6612669366531674
meta_analysis,RS,scaled,HALLMARK MITOTIC SPINDLE,159,18,0.0102920766135842,42.329494251331695,4.497531209951488,0.4356583978489808,10.323526947162254,True,0.2670773795368525,1.0024768516105056,4.2200015128711446,0.0015999200039998,False,
meta_analysis,RS,scaled,HALLMARK MTORC1 SIGNALING,131,28,0.0197176958311117,42.329494251331695,1.4342834069716843,0.834640092332551,1.7184453756149227,True,1.0949158400536343,1.889254742492194,0.1796303903783649,0.8468076596170192,True,0.96979032627316
meta_analysis,RS,scaled,HALLMARK MYC TARGETS,137,11,0.0053251411895909,42.329494251331695,-1.689416428584833,0.2254105333723199,-7.494842425106879,True,0.2181855386133806,0.881629907003105,-2.163721933711007,0.0533973301334933,False,
meta_analysis,RS,scaled,HALLMARK MYOGENESIS,156,52,0.0341216826244272,42.329494251331695,5.077461232793999,1.4443535684964577,3.515386636306463,True,0.9737009485469412,2.04336415161198,2.0083352646710875,0.047897605119744,True,0.4523662705753601
meta_analysis,RS,scaled,HALLMARK NOTCH SIGNALING,26,4,0.0029431687903581,42.329494251331695,-0.3852800709744322,0.1245828463921626,-3.092561152132013,True,0.0016819183439892,0.5308610519732505,-0.7289327176669953,0.4121793910304485,False,
meta_analysis,RS,scaled,HALLMARK OXIDATIVE PHOSPHORYLATION,103,11,0.0083391356490583,42.329494251331695,-1.715749476677282,0.3529913945178925,-4.860598596236639,True,0.4194341215365573,1.2199082780632593,-1.7502820798984018,0.0827458627068646,False,
meta_analysis,RS,scaled,HALLMARK P53 PATHWAY,141,36,0.0278645558413095,42.329494251331695,4.97062568567848,1.1794925563006218,4.214206913919343,True,1.440294536141257,2.322589682025081,1.5199977752674354,0.1240937953102344,True,0.5757538210046019
meta_analysis,RS,scaled,HALLMARK PANCREAS BETA CELLS,19,5,0.0015289761528051,42.329494251331695,0.0405061464312762,0.06472078727059,0.6258599151757034,True,0.0208930472188195,0.2326321585038769,0.0843094924562196,0.9086545672716364,False,
meta_analysis,RS,scaled,HALLMARK PEROXISOME,78,13,0.0064702844159259,42.329494251331695,0.7729129366681504,0.2738838669884188,2.822046238673974,True,0.2651505320586373,0.9704624617250548,0.5232169451530718,0.5105244737763112,False,
meta_analysis,RS,scaled,HALLMARK PI3K AKT MTOR SIGNALING,77,11,0.005470409096362,42.329494251331695,2.342887054593411,0.2315596503968915,10.11785538014814,True,0.2575956457596725,0.8188135569700062,2.546723110631306,0.0349482525873706,False,
meta_analysis,RS,scaled,HALLMARK PROTEIN SECRETION,76,5,0.0028243260081014,42.329494251331695,0.4230006461305235,0.1195522915238172,3.5382060915683358,True,0.0199900715361214,0.4754823244202353,0.8475826626905649,0.3391330433478326,False,
meta_analysis,RS,scaled,HALLMARK REACTIVE OXYGEN SPECIES PATHWAY,28,5,0.001463852562887,42.329494251331695,-0.1126051937264738,0.0619641386455238,-1.8172639237454844,True,0.0656764526862234,0.2278972768992218,-0.7822894983143435,0.3826308684565772,False,
meta_analysis,RS,scaled,HALLMARK SPERMATOGENESIS,74,12,0.0082702231817565,42.329494251331695,-0.6200749699977293,0.3500743646293946,-1.7712664297889111,True,0.2353196493846266,0.956868326033948,-0.8939522775592511,0.2846857657117144,False,
meta_analysis,RS,scaled,HALLMARK TGF BETA SIGNALING,40,11,0.005390860523621,42.329494251331695,0.1534571781687542,0.2281923995443485,0.6724903128902427,True,0.026818106760805,0.6771931859418647,0.1870058264567665,0.839958002099895,False,
meta_analysis,RS,scaled,HALLMARK TNFA SIGNALING VIA NFKB,164,50,0.0303462780806595,42.329494251331695,1.7811310214593177,1.2845426035645933,1.386587736768478,True,0.9370075144592048,1.9562154285515676,0.4315084599987659,0.6525173741312934,True,0.8803805841453959
meta_analysis,RS,scaled,HALLMARK UNFOLDED PROTEIN RESPONSE,79,9,0.0041679179798426,42.329494251331695,1.084653553691965,0.176425860167773,6.147928385671513,True,0.0182971393696173,0.5269960424602267,2.023461901808925,0.0531473426328683,False,
meta_analysis,RS,scaled,HALLMARK UV RESPONSE DN,128,30,0.0186947256569939,42.329494251331695,0.7832335233053066,0.7913382822279503,0.989758161452994,True,0.6336057284318025,1.6013196927339883,0.0934403014916024,0.9178041097945104,True,0.9721260924905564
meta_analysis,RS,scaled,HALLMARK UV RESPONSE UP,104,21,0.011923140245684,42.329494251331695,-0.3042063695898148,0.5047004964875057,-0.6027463252106108,True,0.2391176407671757,1.1339236302191629,-0.479153971111774,0.5846707664616769,False,
meta_analysis,RS,scaled,HALLMARK WNT BETA CATENIN SIGNALING,29,4,0.0048011605210316,42.329494251331695,2.018115796125432,0.2032306966747317,9.93017211054195,True,0.3924604661065567,1.1310376733149206,1.4373131579731522,0.1372431378431078,False,
meta_analysis,RS,scaled,HALLMARK XENOBIOTIC METABOLISM,136,38,0.0193351045231881,42.329494251331695,0.7092760290967697,0.8184451957631902,0.8666139562776447,True,0.8636958328063351,1.805553776777148,-0.0855248986187492,0.927653617319134,True,0.9721260924905564
meta_analysis,RS,scaled,Lysosomal Genes,138,22,0.0196446374095193,42.329494251331695,-0.742936054218559,0.8315475662957446,-0.8934378312573037,True,1.1652825795436046,2.0559793156487487,-0.92813124102858,0.3291835408229588,True,0.7625181240937954
meta_analysis,SIPS,scaled,HALLMARK ADIPOGENESIS,142,23,0.0159896666166188,23.287343127710805,2.428396419363668,0.3723568529989066,6.521691221218904,True,0.461965666035297,1.0586058628550896,1.857566467679342,0.0651467426628668,False,
meta_analysis,SIPS,scaled,HALLMARK ALLOGRAFT REJECTION,133,28,0.0224234560913446,23.287343127710805,3.3564379702069163,0.5221827161082994,6.427707901214409,True,0.7960987375624429,1.3620994983346109,1.879700591458191,0.0628468576571171,False,
meta_analysis,SIPS,scaled,HALLMARK ANDROGEN RESPONSE,75,15,0.0092040014056126,23.287343127710805,-1.8930167192689975,0.2143367388804342,-8.83197499951233,True,0.2531905309646725,0.8864085067576365,-2.4212394554788386,0.0274486275686215,False,
meta_analysis,SIPS,scaled,HALLMARK ANGIOGENESIS,28,8,0.0105685417604998,23.287343127710805,1.6179679807532463,0.2461132583363004,6.57407890859086,True,0.2306572944879107,0.7947775862897054,1.745533228663101,0.0771961401929903,False,
meta_analysis,SIPS,scaled,HALLMARK APICAL JUNCTION,152,33,0.0229092646644998,23.287343127710805,3.136579786011598,0.5334959070457495,5.879294938513227,True,0.5504743146873862,1.1683353171188502,2.213495931717296,0.0360481975901204,False,
meta_analysis,SIPS,scaled,HALLMARK APICAL SURFACE,31,6,0.0044629388278138,23.287343127710805,-0.1427152570180766,0.1039299878412856,-1.3731865074017044,True,0.1273913451663284,0.5795576151696654,-0.4660565146837582,0.51992400379981,False,
meta_analysis,SIPS,scaled,HALLMARK APOPTOSIS,123,25,0.0192046057307468,23.287343127710805,2.1048663201206126,0.4472242432843027,4.706512117194277,True,0.4578801282581738,1.1470591197593196,1.4358337451761125,0.1376431178441078,True,0.5757538210046019
meta_analysis,SIPS,scaled,HALLMARK BILE ACID METABOLISM,79,16,0.0089765043147284,23.287343127710805,0.6422853545467025,0.2090389360644574,3.072563258495791,True,0.2489379084552717,0.7683305657649949,0.5119507977660515,0.527323633818309,False,
meta_analysis,SIPS,scaled,HALLMARK CHOLESTEROL HOMEOSTASIS,58,11,0.0116143296918463,23.287343127710805,-0.2550657162243883,0.2704668807323862,-0.9430571149181232,True,0.3495515395770258,0.9171320588856632,-0.659247760389096,0.4337283135843208,False,
meta_analysis,SIPS,scaled,HALLMARK COAGULATION,77,20,0.0120868292054766,23.287343127710805,2.609524315238668,0.2814701390339717,9.271052070371535,True,0.1557924465926721,0.747839029206003,3.281096295884926,0.0087995600219989,False,
meta_analysis,SIPS,scaled,HALLMARK COMPLEMENT,127,35,0.0197891890694979,23.287343127710805,2.9630680405304166,0.4608376360805427,6.429744032478606,True,0.6022688832128699,1.2529154829842586,1.8842445395394696,0.0599470026498675,True,0.4755898568707928
meta_analysis,SIPS,scaled,HALLMARK DNA REPAIR,93,12,0.0067373565593693,23.287343127710805,0.3387617679234749,0.1568951339717665,2.1591604490706224,True,0.2199997687573811,0.6838103075762476,0.1736768192147371,0.8123093845307735,False,
meta_analysis,SIPS,scaled,HALLMARK E2F TARGETS,136,18,0.011107688312077,23.287343127710805,4.149421931415339,0.2586685490790012,16.041462892143272,True,0.2256525140360381,0.7374467357267067,5.320749590833399,0.0005499725013749,False,
meta_analysis,SIPS,scaled,HALLMARK EPITHELIAL MESENCHYMAL TRANSITION,153,55,0.0397412605410033,23.287343127710805,1.774485884181575,0.925468370546098,1.9173922531080032,True,0.863940024195978,1.5982295098438308,0.5697215915344785,0.5484225788710565,True,0.8702468102401332
meta_analysis,SIPS,scaled,HALLMARK ESTROGEN RESPONSE EARLY,150,50,0.02569614946034,23.287343127710805,-0.2280863402173966,0.5983950495438807,-0.3811634812006761,True,0.4832857512418133,1.2962829548999344,-0.5487784042598352,0.5496225188740563,True,0.8702468102401332
meta_analysis,SIPS,scaled,HALLMARK ESTROGEN RESPONSE LATE,150,44,0.0225695918474804,23.287343127710805,-1.0586374323099037,0.5255858296046607,-2.014204669684869,True,0.5044222578908202,1.1930257372691198,-1.3101642666809732,0.1711914404279786,True,0.5808042931186774
meta_analysis,SIPS,scaled,HALLMARK FATTY ACID METABOLISM,107,24,0.0156727206116287,23.287343127710805,0.4224460756279536,0.3649760226277436,1.1574625439403907,True,0.5936989711763391,1.13125480768653,-0.1513831317089434,0.8615069246537673,True,0.96979032627316
meta_analysis,SIPS,scaled,HALLMARK G2M CHECKPOINT,142,17,0.0105432869349456,23.287343127710805,2.1391843063013303,0.2455251405479898,8.71268946848728,True,0.2311444756062026,0.7405338977178638,2.576573248807676,0.023698815059247,False,
meta_analysis,SIPS,scaled,HALLMARK GLYCOLYSIS,139,30,0.0200052529173737,23.287343127710805,-0.4259333789888925,0.4658691890435207,-0.9142767734079588,True,0.4827861753824808,1.142970210185043,-0.7950509525740437,0.3832308384580771,True,0.7755862206889655
meta_analysis,SIPS,scaled,HALLMARK HEDGEHOG SIGNALING,32,8,0.0037695085540802,23.287343127710805,-0.718194927099705,0.0877818391217079,-8.181588974274518,True,0.1292622813017246,0.5542323426698481,-1.5290648761475354,0.1012449377531123,False,
meta_analysis,SIPS,scaled,HALLMARK HEME METABOLISM,142,20,0.0090905971349676,23.287343127710805,2.197673875607092,0.2116958547177769,10.381279683236729,True,0.1272720528258264,0.7041877078963804,2.940127752252557,0.0124493775311234,False,
meta_analysis,SIPS,scaled,HALLMARK HYPOXIA,142,32,0.0248285872137324,23.287343127710805,2.78195330697536,0.5781918298224811,4.811471147611144,True,0.6807669497478958,1.3702167724923562,1.5334700314648104,0.1163941802909854,True,0.5757538210046019
meta_analysis,SIPS,scaled,HALLMARK IL2 STAT5 SIGNALING,148,35,0.0191720717138196,23.287343127710805,0.5018921814184514,0.4464666124687969,1.1241426960084906,True,0.286087188334356,0.97505860438313,0.2213251512411648,0.8039598020098995,True,0.96979032627316
meta_analysis,SIPS,scaled,HALLMARK IL6 JAK STAT3 SIGNALING,57,13,0.0054087736405016,23.287343127710805,-0.3237291792172743,0.1259559676664793,-2.5701773819441542,True,0.0493101709514001,0.4716389459353877,-0.7909426339439304,0.3475326233688315,False,
meta_analysis,SIPS,scaled,HALLMARK INFLAMMATORY RESPONSE,146,34,0.0206525357886357,23.287343127710805,3.499169218605432,0.480942687367289,7.2756469960279615,True,0.4625025793972273,1.1532189806134503,2.633209035106985,0.0177491125443727,False,
meta_analysis,SIPS,scaled,HALLMARK INTERFERON ALPHA RESPONSE,66,13,0.0103440128843608,23.287343127710805,0.2638029836100831,0.2408845773555734,1.0951426882787911,True,0.1402221350290275,0.7348365755445686,0.1681746019371355,0.8394080295985201,False,
meta_analysis,SIPS,scaled,HALLMARK INTERFERON GAMMA RESPONSE,134,30,0.0262464255577463,23.287343127710805,4.826416690743987,0.6112095178391571,7.89650119946935,True,0.7917587603277403,1.3905508277127916,2.9014818085093235,0.0097995100244987,False,
meta_analysis,SIPS,scaled,HALLMARK KRAS SIGNALING DN,110,31,0.0150518155041489,23.287343127710805,0.2459582724199066,0.3505167923401142,0.7017018236925091,True,0.2069188569766087,0.8294378356859767,0.0470673192898306,0.9552022398880056,False,
meta_analysis,SIPS,scaled,HALLMARK KRAS SIGNALING UP,155,46,0.0232272905683437,23.287343127710805,3.0888977918636997,0.5409018853920626,5.710643418491266,True,0.4971966668053588,1.182732890935127,2.1912818565561447,0.0352982350882455,True,0.3750437478126094
meta_analysis,SIPS,scaled,HALLMARK MITOTIC SPINDLE,159,18,0.0102920766135842,23.287343127710805,2.970027355717784,0.2396751195972247,12.391888489338942,True,0.1259076203417075,0.6709897685884296,4.2386931493147655,0.0042997850107494,False,
meta_analysis,SIPS,scaled,HALLMARK MTORC1 SIGNALING,131,28,0.0197176958311117,23.287343127710805,1.7613957753493978,0.4591727485069318,3.836019844550525,True,0.5590851173523533,1.1913329936061785,1.0092146062014422,0.2722863856807159,True,0.6612669366531674
meta_analysis,SIPS,scaled,HALLMARK MYC TARGETS,137,11,0.0053251411895909,23.287343127710805,-0.9997118777069932,0.1240083900855106,-8.061647095149262,True,0.1072644157158633,0.5735438807600359,-1.9300638199747489,0.0569971501424928,False,
meta_analysis,SIPS,scaled,HALLMARK MYOGENESIS,156,52,0.0341216826244272,23.287343127710805,3.845961729101745,0.794603331369885,4.840102699382547,True,0.5719321969679307,1.3391389901787207,2.4448765633333283,0.0209489525523723,True,0.2967768278252754
meta_analysis,SIPS,scaled,HALLMARK NOTCH SIGNALING,26,4,0.0029431687903581,23.287343127710805,-0.4019636613102109,0.0685385815038389,-5.8647794058547325,True,0.0063401932686592,0.4152396450718553,-0.983296897164564,0.2330383480825958,False,
meta_analysis,SIPS,scaled,HALLMARK OXIDATIVE PHOSPHORYLATION,103,11,0.0083391356490583,23.287343127710805,-1.7098579585445568,0.1941963132481482,-8.804791038229771,True,0.2352816026296129,0.7851961477797452,-2.477265797437151,0.0250487475626218,False,
meta_analysis,SIPS,scaled,HALLMARK P53 PATHWAY,141,36,0.0278645558413095,23.287343127710805,3.590872696950094,0.6488914729778329,5.53385711861984,True,0.8235902524307523,1.459060378576776,1.896619554030147,0.0615469226538673,True,0.4755898568707928
meta_analysis,SIPS,scaled,HALLMARK PANCREAS BETA CELLS,19,5,0.0015289761528051,23.287343127710805,0.1041136436544433,0.0356057923044613,2.924064791598473,True,0.0170920577469973,0.1599638942780074,0.5440076731078313,0.4935753212339383,False,
meta_analysis,SIPS,scaled,HALLMARK PEROXISOME,78,13,0.0064702844159259,23.287343127710805,0.0397296967063736,0.1506757333275476,0.2636768099877562,True,0.1321912027753362,0.6520125186068109,-0.1418094030871216,0.8523573821308934,False,
meta_analysis,SIPS,scaled,HALLMARK PI3K AKT MTOR SIGNALING,77,11,0.005470409096362,23.287343127710805,1.9571184375422244,0.1273912936759342,15.36304704245222,True,0.1000477555486682,0.5046253078882711,3.680098189615035,0.0096495175241237,False,
meta_analysis,SIPS,scaled,HALLMARK PROTEIN SECRETION,76,5,0.0028243260081014,23.287343127710805,0.3422302295102108,0.0657710488551763,5.203356727118338,True,0.0101581342874933,0.3468531661470119,0.9573852212782468,0.2541372931353432,False,
meta_analysis,SIPS,scaled,HALLMARK REACTIVE OXYGEN SPECIES PATHWAY,28,5,0.001463852562887,23.287343127710805,-0.2299813871655512,0.0340892369203291,-6.746451605914399,True,0.002251614585124,0.1714516718873667,-1.3545099863665264,0.1640917954102295,False,
meta_analysis,SIPS,scaled,HALLMARK SPERMATOGENESIS,74,12,0.0082702231817565,23.287343127710805,-0.5699774445039338,0.1925915249763133,-2.959514675290281,True,0.1145712289113521,0.6035115867172135,-1.1342759418073012,0.1911404429778511,False,
meta_analysis,SIPS,scaled,HALLMARK TGF BETA SIGNALING,40,11,0.005390860523621,23.287343127710805,-0.3009732191447568,0.1255388187671943,-2.39745141861576,True,0.0166914880272499,0.5305356132876675,-0.5987622681981244,0.4620268986550672,False,
meta_analysis,SIPS,scaled,HALLMARK TNFA SIGNALING VIA NFKB,164,50,0.0303462780806595,23.287343127710805,2.0663095503812583,0.7066841903132492,2.9239504416609816,True,0.5110479176216699,1.2888478859681085,1.2067068966725778,0.2050397480125993,True,0.5924203789810509
meta_analysis,SIPS,scaled,HALLMARK UNFOLDED PROTEIN RESPONSE,79,9,0.0041679179798426,23.287343127710805,0.496567651280587,0.0970597361247519,5.116103454498818,True,-0.0101694595724765,0.3794834154497043,1.3353340099265156,0.1462426878656067,False,
meta_analysis,SIPS,scaled,HALLMARK UV RESPONSE DN,128,30,0.0186947256569939,23.287343127710805,0.40055132154752,0.4353504910528379,0.9200663138769852,True,0.3647821004032221,1.0237071550050676,0.0349408724647634,0.9687515624218788,True,0.9802843191173776
meta_analysis,SIPS,scaled,HALLMARK UV RESPONSE UP,104,21,0.011923140245684,23.287343127710805,2.540312955253436,0.2776582580610632,9.14906321530968,True,0.1230582209692085,0.788753628018373,3.064651176765073,0.0099995000249987,False,
meta_analysis,SIPS,scaled,HALLMARK WNT BETA CATENIN SIGNALING,29,4,0.0048011605210316,23.287343127710805,1.0716796102411628,0.1118062724644838,9.585147475349295,True,0.2295354038526106,0.7090476016013991,1.1877118045199666,0.1709414529273536,False,
meta_analysis,SIPS,scaled,HALLMARK XENOBIOTIC METABOLISM,136,38,0.0193351045231881,23.287343127710805,-0.3869669399295559,0.4502632134416356,-0.8594238400506501,True,0.4693146806042983,1.1369072368049675,-0.7531675345301247,0.4091295435228239,True,0.7903638908963643
meta_analysis,SIPS,scaled,Lysosomal Genes,138,22,0.0196446374095193,23.287343127710805,0.6249086010364151,0.4574714119749408,1.3660057976926567,True,0.6971927270319879,1.2892259178974763,-0.0560678504768634,0.9492525373731312,True,0.9721260924905564
meta_analysis,OIS,scaled,HALLMARK ADIPOGENESIS,142,23,0.0159896666166188,33.297998425173546,1.98513092322054,0.5324238938192256,3.728478278802704,True,0.6489860224821413,1.6677272814790935,0.801177096265633,0.3979301034948252,False,
meta_analysis,OIS,scaled,HALLMARK ALLOGRAFT REJECTION,133,28,0.0224234560913446,33.297998425173546,4.473159527528775,0.7466562056165416,5.990922587772672,True,1.1647788302230988,2.1352644666452214,1.5494009051270232,0.1147942602869856,False,
meta_analysis,OIS,scaled,HALLMARK ANDROGEN RESPONSE,75,15,0.0092040014056126,33.297998425173546,-1.1978755611108272,0.306474824309385,-3.908561050031232,True,0.3862193559248173,1.3378591497634322,-1.18405208598809,0.2130893455327233,False,
meta_analysis,OIS,scaled,HALLMARK ANGIOGENESIS,28,8,0.0105685417604998,33.297998425173546,4.140784189034226,0.3519112868975043,11.766556922740152,True,0.3241012189855785,1.2249924609669842,3.115678742247797,0.0069496525173741,False,
meta_analysis,OIS,scaled,HALLMARK APICAL JUNCTION,152,33,0.0229092646644998,33.297998425173546,5.526446315873133,0.7628326587204012,7.244637801878282,True,0.8531524112094306,1.86657005041056,2.503679893307938,0.0173991300434978,False,
meta_analysis,OIS,scaled,HALLMARK APICAL SURFACE,31,6,0.0044629388278138,33.297998425173546,0.3343693201777157,0.148606930060193,2.250025083233197,True,0.1850168311501139,0.8971592988351224,0.1664726534312491,0.8281585920703964,False,
meta_analysis,OIS,scaled,HALLMARK APOPTOSIS,123,25,0.0192046057307468,33.297998425173546,1.1284897253189003,0.6394749313784869,1.7647130011590393,True,0.7089027312847338,1.7968768298974085,0.2335090458360034,0.8043597820108994,True,0.96979032627316
meta_analysis,OIS,scaled,HALLMARK BILE ACID METABOLISM,79,16,0.0089765043147284,33.297998425173546,-0.5032054333903547,0.2988996265353906,-1.683526470819373,True,0.3879577439831834,1.209612870905567,-0.7367342054705289,0.4036298185090745,False,
meta_analysis,OIS,scaled,HALLMARK CHOLESTEROL HOMEOSTASIS,58,11,0.0116143296918463,33.297998425173546,0.6888526549231475,0.3867339317885469,1.7812056256283944,True,0.4997934740442306,1.4499012682974597,0.1303945206565126,0.8897555122243888,False,
meta_analysis,OIS,scaled,HALLMARK COAGULATION,77,20,0.0120868292054766,33.297998425173546,2.2304037211943406,0.4024672198493043,5.541827038806963,True,0.2340849423840259,1.107821663154668,1.802021792140744,0.0734463276836158,False,
meta_analysis,OIS,scaled,HALLMARK COMPLEMENT,127,35,0.0197891890694979,33.297998425173546,3.1043850723241198,0.658940386471604,4.711177423722681,True,0.8868033417346182,1.934016564743603,1.146619822712579,0.2407379631018449,True,0.6470301484925753
meta_analysis,OIS,scaled,HALLMARK DNA REPAIR,93,12,0.0067373565593693,33.297998425173546,0.1546883325659116,0.2243404881037123,0.6895248105834527,True,0.3101357077868211,1.1062160391807432,-0.1405217152121866,0.8606069696515174,False,
meta_analysis,OIS,scaled,HALLMARK E2F TARGETS,136,18,0.011107688312077,33.297998425173546,3.530878189073121,0.3698637879228603,9.546428453843472,True,0.3566272186808043,1.1759463424829788,2.6993161641116825,0.0165991700414979,False,
meta_analysis,OIS,scaled,HALLMARK EPITHELIAL MESENCHYMAL TRANSITION,153,55,0.0397412605410033,33.297998425173546,7.163323259817561,1.3233044309087396,5.413208852401684,True,1.237271413314667,2.484108500266869,2.3855849476245723,0.0191490425478726,True,0.2967768278252754
meta_analysis,OIS,scaled,HALLMARK ESTROGEN RESPONSE EARLY,150,50,0.02569614946034,33.297998425173546,-0.304601492603584,0.8556303442634287,-0.3559965990521303,True,0.7419875340484102,2.0008206455594317,-0.5230798817349104,0.5859207039648018,True,0.8702468102401332
meta_analysis,OIS,scaled,HALLMARK ESTROGEN RESPONSE LATE,150,44,0.0225695918474804,33.297998425173546,-1.7072330045668298,0.7515222337942123,-2.2716999282210426,True,0.6516789362753641,1.8560088476211725,-1.2709594266566062,0.1927903604819759,True,0.5852564514631411
meta_analysis,OIS,scaled,HALLMARK FATTY ACID METABOLISM,107,24,0.0156727206116287,33.297998425173546,0.8555726009203624,0.5218702262441981,1.639435549097632,True,0.8261202840212724,1.807503215786568,0.0162944755184146,0.9867506624668768,True,0.9867506624668768
meta_analysis,OIS,scaled,HALLMARK G2M CHECKPOINT,142,17,0.0105432869349456,33.297998425173546,2.3721294887462228,0.3510703517559733,6.756849380420123,True,0.3334500614458048,1.200176143197725,1.698650184687559,0.0909454527273636,False,
meta_analysis,OIS,scaled,HALLMARK GLYCOLYSIS,139,30,0.0200052529173737,33.297998425173546,-1.963310355356188,0.6661348801379104,-2.947316547888503,True,0.6756758738867665,1.7909906290768451,-1.4734785243422537,0.1344932753362331,True,0.5757538210046019
meta_analysis,OIS,scaled,HALLMARK HEDGEHOG SIGNALING,32,8,0.0037695085540802,33.297998425173546,-0.0403722826754108,0.1255170898974425,-0.3216476952134427,True,0.1940563742873337,0.8695591821878849,-0.2695948266257187,0.7062146892655368,False,
meta_analysis,OIS,scaled,HALLMARK HEME METABOLISM,142,20,0.0090905971349676,33.297998425173546,2.235628769023278,0.3026986890840407,7.38565725470513,True,0.2023709519325119,1.0504782172213585,1.935554477720612,0.0597970101494925,False,
meta_analysis,OIS,scaled,HALLMARK HYPOXIA,142,32,0.0248285872137324,33.297998425173546,-0.0774153223807226,0.8267422579421476,-0.0936390049462548,True,0.9891166012689864,2.130342028183001,-0.5006388220953275,0.6090195490225488,True,0.8702468102401332
meta_analysis,OIS,scaled,HALLMARK IL2 STAT5 SIGNALING,148,35,0.0191720717138196,33.297998425173546,-0.6681466831872158,0.6383916137340813,-1.0466094303449431,True,0.3789830577623583,1.480605062908915,-0.7072309606265289,0.4501274936253187,True,0.8460772613543237
meta_analysis,OIS,scaled,HALLMARK IL6 JAK STAT3 SIGNALING,57,13,0.0054087736405016,33.297998425173546,-0.7227270417981284,0.1801013361635438,-4.012891060074339,True,0.0758652189096445,0.6466177602153017,-1.2350298891293503,0.2000399980001,False,
meta_analysis,OIS,scaled,HALLMARK INFLAMMATORY RESPONSE,146,34,0.0206525357886357,33.297998425173546,4.237088374487929,0.6876881041658348,6.161351852417912,True,0.6994525164915733,1.768892162971647,1.9999160672707776,0.047497625118744,False,
meta_analysis,OIS,scaled,HALLMARK INTERFERON ALPHA RESPONSE,66,13,0.0103440128843608,33.297998425173546,-1.8531666657992796,0.3444349247334236,-5.380309988116168,True,0.222783126478137,1.0937328017555334,-1.898041083658954,0.0626968651567421,False,
meta_analysis,OIS,scaled,HALLMARK INTERFERON GAMMA RESPONSE,134,30,0.0262464255577463,33.297998425173546,4.920195584030447,0.8739534368882719,5.629814331469304,True,1.154421934600979,2.208138469146525,1.705406477921192,0.0825958702064896,False,
meta_analysis,OIS,scaled,HALLMARK KRAS SIGNALING DN,110,31,0.0150518155041489,33.297998425173546,-0.0162347570133241,0.5011953289531549,-0.0323920756548822,True,0.353451064013257,1.218286746186113,-0.303447297759657,0.7464626768661566,False,
meta_analysis,OIS,scaled,HALLMARK KRAS SIGNALING UP,155,46,0.0232272905683437,33.297998425173546,6.438185549825423,0.7734222847657598,8.324282447816078,True,0.7339820691605055,1.8289915774835832,3.118769682096099,0.0043497825108744,True,0.0945577721113944
meta_analysis,OIS,scaled,HALLMARK MITOTIC SPINDLE,159,18,0.0102920766135842,33.297998425173546,2.445560575247649,0.3427055508708945,7.13604016343742,True,0.2109448867730463,0.9938359634119022,2.2484753729408475,0.0384480775961201,False,
meta_analysis,OIS,scaled,HALLMARK MTORC1 SIGNALING,131,28,0.0197176958311117,33.297998425173546,1.1690571335781104,0.6565598047324095,1.780579811849092,True,0.8370804934758371,1.8722735807843969,0.1773120357566495,0.8533073346332684,True,0.96979032627316
meta_analysis,OIS,scaled,HALLMARK MYC TARGETS,137,11,0.0053251411895909,33.297998425173546,-2.1044612110554395,0.1773165429448263,-11.86838619851878,True,0.1424720126859998,0.9004986690963109,-2.495209932954519,0.031998400079996,False,
meta_analysis,OIS,scaled,HALLMARK MYOGENESIS,156,52,0.0341216826244272,33.297998425173546,6.897057274446574,1.13618373429245,6.070371425218181,True,0.7662230998639356,2.0236852230081697,3.029539428799737,0.0044497775111244,True,0.0945577721113944
meta_analysis,OIS,scaled,HALLMARK NOTCH SIGNALING,26,4,0.0029431687903581,33.297998425173546,-0.8982510851091497,0.0980016297463644,-9.165674973302902,True,0.0277201220059479,0.57309459983183,-1.615738845535827,0.1075446227688615,False,
meta_analysis,OIS,scaled,HALLMARK OXIDATIVE PHOSPHORYLATION,103,11,0.0083391356490583,33.297998425173546,-0.599437554450835,0.277676525709655,-2.1587620808739905,True,0.3509147815919659,1.2278300723074818,-0.7740096593796467,0.3870806459677016,False,
meta_analysis,OIS,scaled,HALLMARK P53 PATHWAY,141,36,0.0278645558413095,33.297998425173546,1.3111444562141037,0.9278339365220843,1.4131240565836918,True,1.1235169135250371,2.3049951361463585,0.0814004072055242,0.9330033498325084,True,0.9721260924905564
meta_analysis,OIS,scaled,HALLMARK PANCREAS BETA CELLS,19,5,0.0015289761528051,33.297998425173546,0.1354753650921014,0.0509118455282347,2.6609792610438667,True,0.022272098100148,0.2319994033903667,0.4879463711442199,0.5506224688765562,False,
meta_analysis,OIS,scaled,HALLMARK PEROXISOME,78,13,0.0064702844159259,33.297998425173546,-0.0256497006636931,0.2154475202919274,-0.1190531254615429,True,0.1862548716534678,0.9835798131123984,-0.2154421730623152,0.7939603019849008,False,
meta_analysis,OIS,scaled,HALLMARK PI3K AKT MTOR SIGNALING,77,11,0.005470409096362,33.297998425173546,1.7189805137142855,0.1821536734757197,9.43697967169143,True,0.1846732102475077,0.8196990992618697,1.8717933261710369,0.0709464526773661,False,
meta_analysis,OIS,scaled,HALLMARK PROTEIN SECRETION,76,5,0.0028243260081014,33.297998425173546,0.0117929379316023,0.094044402969939,0.1253975522112883,True,0.0231294472293142,0.4794403475419244,-0.0236452967628481,0.975151242437878,False,
meta_analysis,OIS,scaled,HALLMARK REACTIVE OXYGEN SPECIES PATHWAY,28,5,0.001463852562887,33.297998425173546,-0.0573594782061663,0.0487433603336986,-1.176764954518552,True,0.0300486529388315,0.2212353690970037,-0.3950911262596194,0.6507174641267937,False,
meta_analysis,OIS,scaled,HALLMARK SPERMATOGENESIS,74,12,0.0082702231817565,33.297998425173546,0.1072572839265294,0.2753818784819638,0.3894856281676294,True,0.1320914247652684,0.9371924785132488,-0.0264984423243937,0.9721513924303784,False,
meta_analysis,OIS,scaled,HALLMARK TGF BETA SIGNALING,40,11,0.005390860523621,33.297998425173546,0.308002820554101,0.1795048652258642,1.7158466438586644,True,0.0679979209386952,0.7336610866161831,0.3271332008657631,0.7188640567971601,False,
meta_analysis,OIS,scaled,HALLMARK TNFA SIGNALING VIA NFKB,164,50,0.0303462780806595,33.297998425173546,3.467583585795708,1.0104703197396816,3.431653080804027,True,0.7511489773663498,1.980647610947177,1.3714880897618715,0.1626918654067296,True,0.5762003566488342
meta_analysis,OIS,scaled,HALLMARK UNFOLDED PROTEIN RESPONSE,79,9,0.0041679179798426,33.297998425173546,-0.280001350996333,0.1387833263290543,-2.0175431617228408,True,-0.0004928204661723,0.5276718828094501,-0.5297013914063246,0.551322433878306,False,
meta_analysis,OIS,scaled,HALLMARK UV RESPONSE DN,128,30,0.0186947256569939,33.297998425173546,0.7392519395937234,0.6224969454856375,1.187559143791461,True,0.4855331752805976,1.606296779943252,0.1579526071901167,0.8671066446677667,True,0.96979032627316
meta_analysis,OIS,scaled,HALLMARK UV RESPONSE UP,104,21,0.011923140245684,33.297998425173546,2.812717114552901,0.3970167051239117,7.084631649630541,True,0.2183555540270419,1.1662317139136371,2.224567836369076,0.0359482025898705,False,
meta_analysis,OIS,scaled,HALLMARK WNT BETA CATENIN SIGNALING,29,4,0.0048011605210316,33.297998425173546,-0.3999691190721155,0.1598690354683187,-2.501854833241785,True,0.3225182004081716,1.1185559957719964,-0.6459107297365533,0.4454777261136943,False,
meta_analysis,OIS,scaled,HALLMARK XENOBIOTIC METABOLISM,136,38,0.0193351045231881,33.297998425173546,3.0810366256839528,0.6438202799636848,4.78555385962328,True,0.6222442920175351,1.7528163212121373,1.402766681203694,0.151992400379981,True,0.5757538210046019
meta_analysis,OIS,scaled,Lysosomal Genes,138,22,0.0196446374095193,33.297998425173546,2.1255562899018616,0.6541271055252804,3.2494545355905817,True,1.0218056553264825,2.051667277271088,0.5379774034528018,0.5819209039548022,True,0.8702468102401332
meta_analysis,CICQ,yugene,HALLMARK ADIPOGENESIS,142,32,0.0165516577012456,19.08787846302909,1.23568552289692,0.3159360305630369,3.911188985614513,True,0.2507429995272285,1.3834190604366865,0.7119625220855258,0.4465276736163192,False,
meta_analysis,CICQ,yugene,HALLMARK ALLOGRAFT REJECTION,133,31,0.0186779290899267,19.08787846302909,1.3338770639714164,0.3565220404095983,3.7413593348645766,True,0.5521014833680973,1.6826750224472231,0.4646028319041262,0.6172191390430478,False,
meta_analysis,CICQ,yugene,HALLMARK ANDROGEN RESPONSE,75,20,0.0102219143345885,19.08787846302909,-0.1911111036571059,0.1951146584781209,-0.979481014639072,True,0.1564648030474962,1.140112324099912,-0.3048611082938727,0.7258637068146593,False,
meta_analysis,CICQ,yugene,HALLMARK ANGIOGENESIS,28,9,0.0069762970201415,19.08787846302909,-0.1548920959592581,0.1331627096424535,-1.1631792141745143,True,0.1608206935572793,1.00445463321557,-0.3143126419814931,0.7002649867506625,False,
meta_analysis,CICQ,yugene,HALLMARK APICAL JUNCTION,152,33,0.01870439911471,19.08787846302909,2.3836084923724883,0.357027297025575,6.676264006227352,True,0.480098151132479,1.6863309991953352,1.1287880861754336,0.2384380780960951,False,
meta_analysis,CICQ,yugene,HALLMARK APICAL SURFACE,31,12,0.0059801958723431,19.08787846302909,-0.0983148279016493,0.1141492519963949,-0.8612831550114262,True,0.0903750042451846,0.8606719760659115,-0.2192354780846075,0.7886105694715264,False,
meta_analysis,CICQ,yugene,HALLMARK APOPTOSIS,123,22,0.0156747968588986,19.08787846302909,1.2277995794312695,0.299198617375328,4.103627183180006,True,0.4457960592181775,1.7177254398139987,0.4552552474845863,0.6186190690465476,True,0.9815543705573342
meta_analysis,CICQ,yugene,HALLMARK BILE ACID METABOLISM,79,22,0.0093897662710747,19.08787846302909,0.704525247647714,0.1792307173785239,3.930828699188885,True,0.0579668077009293,0.87301300300556,0.740605738655495,0.4361781910904455,False,
meta_analysis,CICQ,yugene,HALLMARK CHOLESTEROL HOMEOSTASIS,58,14,0.0089898011278737,19.08787846302909,-0.558907195426797,0.1715962313356561,-3.257106470674925,True,0.2261557818757368,1.2376819051952366,-0.634301086577407,0.4733763311834408,False,
meta_analysis,CICQ,yugene,HALLMARK COAGULATION,77,18,0.0116539644340085,19.08787846302909,1.440400505842402,0.222449456728819,6.475181045725582,True,0.1679128327671656,1.1674640422699911,1.0899587713220185,0.23938803059847,False,
meta_analysis,CICQ,yugene,HALLMARK COMPLEMENT,127,35,0.0240735882750721,19.08787846302909,1.9006295717273087,0.4595137271635788,4.136175829739071,True,0.7337834946606422,2.105049078747269,0.5543082528798168,0.5651217439128043,True,0.9815543705573342
meta_analysis,CICQ,yugene,HALLMARK DNA REPAIR,93,16,0.0103774716699606,19.08787846302909,-0.2221330901517058,0.1980839179897369,-1.1214090088990205,True,0.2479246185471821,1.2469050509882007,-0.3769795529550197,0.6637168141592921,False,
meta_analysis,CICQ,yugene,HALLMARK E2F TARGETS,136,19,0.0085595022352051,19.08787846302909,-0.2721263722593133,0.1633827383696215,-1.6655760270321864,True,0.2580392685065039,1.1666756526264357,-0.4544241919956942,0.5891705414729264,False,
meta_analysis,CICQ,yugene,HALLMARK EPITHELIAL MESENCHYMAL TRANSITION,153,57,0.0416698216319149,19.08787846302909,0.3606456740702468,0.7953884908860935,0.4534207851919929,True,0.7837894497735091,2.317319530755342,-0.1826005305212857,0.8489075546222689,True,0.986406036841015
meta_analysis,CICQ,yugene,HALLMARK ESTROGEN RESPONSE EARLY,150,48,0.0243123299580645,19.08787846302909,1.9464639223687064,0.4640707993925977,4.194325359226111,True,0.441523927938115,1.7963162725110424,0.8377923294804089,0.3799810009499525,True,0.978370000418898
meta_analysis,CICQ,yugene,HALLMARK ESTROGEN RESPONSE LATE,150,37,0.0162189422030373,19.08787846302909,-0.0562366488162699,0.3095851975704708,-0.1816516075626285,True,0.2989701149487206,1.4388852795210103,-0.2468624627831589,0.7940102994850258,True,0.986406036841015
meta_analysis,CICQ,yugene,HALLMARK FATTY ACID METABOLISM,107,28,0.0141239756351425,19.08787846302909,0.3670257712383824,0.2695967303383848,1.3613880657147042,True,0.2096800117846372,1.2938878558280544,0.1216069528321277,0.896005199740013,True,0.986406036841015
meta_analysis,CICQ,yugene,HALLMARK G2M CHECKPOINT,142,20,0.00846562365157,19.08787846302909,-0.6421125406771798,0.1615907953749145,-3.973695031250906,True,0.2081136969888789,1.0247924069722103,-0.82965704261811,0.3341832908354582,False,
meta_analysis,CICQ,yugene,HALLMARK GLYCOLYSIS,139,34,0.0213191135555651,19.08787846302909,0.8001388777404238,0.4069366484881445,1.9662492447242303,True,0.4555076070765534,1.7163171634050578,0.2007969610815667,0.8273086345682716,True,0.986406036841015
meta_analysis,CICQ,yugene,HALLMARK HEDGEHOG SIGNALING,32,7,0.0038451769523132,19.08787846302909,0.1384631051778945,0.073396270334595,1.8865141858935903,True,0.0968196721280766,0.7446142465086989,0.0559261835844171,0.9417529123543824,False,
meta_analysis,CICQ,yugene,HALLMARK HEME METABOLISM,142,34,0.0123372366532673,19.08787846302909,1.5023594267860552,0.2354916738071944,6.379671104703647,True,0.0761445256001784,0.9600704122576584,1.4855315641194,0.1345932703364832,False,
meta_analysis,CICQ,yugene,HALLMARK HYPOXIA,142,46,0.0232627177463029,19.08787846302909,-0.3216612127396203,0.4440359290611811,-0.7244035711698016,True,0.5421051791859292,1.82395890351665,-0.4735668058420508,0.6167691615419229,True,0.9815543705573342
meta_analysis,CICQ,yugene,HALLMARK IL2 STAT5 SIGNALING,148,47,0.0272435055324367,19.08787846302909,2.824728829658289,0.5200207225100136,5.4319543575571565,True,0.7339473988549214,2.0412842681408745,1.0242480498355937,0.2937853107344633,True,0.96045197740113
meta_analysis,CICQ,yugene,HALLMARK IL6 JAK STAT3 SIGNALING,57,18,0.0069882836902485,19.08787846302909,0.291701827177702,0.1333915097446336,2.186809548344866,True,0.1031441834199169,0.9335070956137828,0.2019884419130291,0.8176091195440228,False,
meta_analysis,CICQ,yugene,HALLMARK INFLAMMATORY RESPONSE,146,37,0.0179028051095345,19.08787846302909,0.0978897271160075,0.3417265680780913,0.286456296525466,True,0.2683625723462174,1.460202456126265,-0.1167460337537392,0.8985050747462627,False,
meta_analysis,CICQ,yugene,HALLMARK INTERFERON ALPHA RESPONSE,66,15,0.0106743302177641,19.08787846302909,-0.9292357780552534,0.2037503178709215,-4.56065928026643,True,0.3581129772772696,1.3566142882372298,-0.9489423533975084,0.3022348882555872,False,
meta_analysis,CICQ,yugene,HALLMARK INTERFERON GAMMA RESPONSE,134,33,0.0246050124366735,19.08787846302909,0.4616303842618687,0.4696574869725448,0.9829086026874192,True,0.6540408172868679,1.930142333487236,-0.0996871731616634,0.9214039298035098,False,
meta_analysis,CICQ,yugene,HALLMARK KRAS SIGNALING DN,110,21,0.0088637934404352,19.08787846302909,1.1878468822582886,0.1691910119124217,7.020744594122727,True,0.1898647139725679,1.0970903697512506,0.9096626821289104,0.3103344832758362,False,
meta_analysis,CICQ,yugene,HALLMARK KRAS SIGNALING UP,155,44,0.0216678050254218,19.08787846302909,4.77528065297102,0.413592428885864,11.545860899423808,True,0.4693109161777889,1.6852114427824387,2.555151019912184,0.015399230038498,True,0.3272336383180841
meta_analysis,CICQ,yugene,HALLMARK MITOTIC SPINDLE,159,25,0.0137915002616698,19.08787846302909,0.5645546242208247,0.2632504808175879,2.1445530601405327,True,0.2274116785946565,1.2510488947802454,0.2694882246671817,0.7657117144142793,False,
meta_analysis,CICQ,yugene,HALLMARK MTORC1 SIGNALING,131,30,0.0166895812403923,19.08787846302909,0.8346072218390695,0.3185686983154587,2.619865750314897,True,0.4436125448007424,1.6661131520531454,0.2346747437630545,0.7986600669966502,True,0.986406036841015
meta_analysis,CICQ,yugene,HALLMARK MYC TARGETS,137,18,0.0082134083024572,19.08787846302909,0.3912776730613465,0.1567765394445383,2.495766741935045,True,0.2310530282488251,1.0440142082797557,0.1534697933628001,0.8546072696365181,False,
meta_analysis,CICQ,yugene,HALLMARK MYOGENESIS,156,44,0.0288602500541861,19.08787846302909,3.7450210340281367,0.5508809454469347,6.79824028218977,True,0.6411983682300321,1.9504907164612384,1.5913034805053308,0.1063946802659867,True,0.6757162141892905
meta_analysis,CICQ,yugene,HALLMARK NOTCH SIGNALING,26,5,0.0020730345873078,19.08787846302909,-0.4469903034082945,0.0395698322521871,-11.296239533175877,True,-0.0049136350513775,0.3736969194188427,-1.1829818373788452,0.2022898855057247,False,
meta_analysis,CICQ,yugene,HALLMARK OXIDATIVE PHOSPHORYLATION,103,18,0.0082840494746361,19.08787846302909,0.8390632727471751,0.1581249295535745,5.306331361639539,True,0.2127893571352649,0.9284763179053208,0.6745179209576491,0.4539773011349433,False,
meta_analysis,CICQ,yugene,HALLMARK P53 PATHWAY,141,36,0.0283560883470815,19.08787846302909,3.373111445971128,0.5412575680560077,6.231989435429177,True,0.6135572957651774,1.997483641628248,1.3815152688592238,0.1605419729013549,True,0.7607119644017799
meta_analysis,CICQ,yugene,HALLMARK PANCREAS BETA CELLS,19,5,0.0021551165672719,19.08787846302909,0.0150499854014913,0.0411366031097479,0.3658538689093907,True,0.0171120043250103,0.392242205039267,-0.0052570042107339,0.9935503224838758,False,
meta_analysis,CICQ,yugene,HALLMARK PEROXISOME,78,20,0.0084594026026201,19.08787846302909,-0.6380792059915648,0.1614720487486453,-3.951638756902303,True,0.0493485156842549,0.8336161884720983,-0.8246333638695026,0.3892305384730763,False,
meta_analysis,CICQ,yugene,HALLMARK PI3K AKT MTOR SIGNALING,77,12,0.0049951315906872,19.08787846302909,-0.2641266085752332,0.0953464647098747,-2.770177262250169,True,0.0918540489393399,0.7988464358841775,-0.4456183836140764,0.5883705814709265,False,
meta_analysis,CICQ,yugene,HALLMARK PROTEIN SECRETION,76,9,0.0026975337064645,19.08787846302909,0.3785119433703107,0.0514901955389202,7.351145968832105,True,-0.0140058789420698,0.463022391390649,0.8477296770324348,0.3502824858757062,False,
meta_analysis,CICQ,yugene,HALLMARK REACTIVE OXYGEN SPECIES PATHWAY,28,3,0.0018794601592624,19.08787846302909,-1.0339366155944616,0.0358749070961064,-28.82060747431663,True,0.0041975074495681,0.4221412804084135,-2.459210153623581,0.0250987450627468,False,
meta_analysis,CICQ,yugene,HALLMARK SPERMATOGENESIS,74,11,0.0044911957398387,19.08787846302909,-0.1829738884479851,0.0857273984357159,-2.1343688457452843,True,0.0979397903964359,0.7723602793615705,-0.3637080859163589,0.6425678716064197,False,
meta_analysis,CICQ,yugene,HALLMARK TGF BETA SIGNALING,40,10,0.0049482676067331,19.08787846302909,-0.2305951975187734,0.0944519306798659,-2.441402688742802,True,0.1594158935047965,0.96579652832718,-0.4038232480490415,0.6086695665216739,False,
meta_analysis,CICQ,yugene,HALLMARK TNFA SIGNALING VIA NFKB,164,47,0.0261054830317471,19.08787846302909,-2.896883392863828,0.4982982873286583,-5.81355277858532,True,0.5637730180368227,1.9573540150923976,-1.768027849952983,0.0786460676966151,True,0.668491575421229
meta_analysis,CICQ,yugene,HALLMARK UNFOLDED PROTEIN RESPONSE,79,11,0.0039512172400197,19.08787846302909,0.1058384638382661,0.0754203544585214,1.4033143253983722,True,-0.0001770575344047,0.4985413562909686,0.2126514080223988,0.8078096095195241,False,
meta_analysis,CICQ,yugene,HALLMARK UV RESPONSE DN,128,42,0.0267305776147153,19.08787846302909,-1.1780976329523714,0.5102300167562523,-2.3089539898927067,True,0.4295608703563599,1.7849069460071287,-0.900695975723045,0.3487825608719564,True,0.978370000418898
meta_analysis,CICQ,yugene,HALLMARK UV RESPONSE UP,104,23,0.0107975273417738,19.08787846302909,1.829676927258432,0.2061018896010135,8.877535915854283,True,0.1901693752792721,1.1409517094501036,1.4369648937809487,0.1383930803459827,False,
meta_analysis,CICQ,yugene,HALLMARK WNT BETA CATENIN SIGNALING,29,4,0.0044751440429499,19.08787846302909,-0.0875582207283433,0.085421005596377,-1.0250197842678752,True,0.0762498372309947,0.7772717152007275,-0.2107474834807738,0.7785110744462777,False,
meta_analysis,CICQ,yugene,HALLMARK XENOBIOTIC METABOLISM,136,43,0.0231070172076952,19.08787846302909,1.118679319990461,0.4410639361036082,2.536320085185286,True,0.2447652725526518,1.6267070271883388,0.5372289126630962,0.5734213289335534,True,0.9815543705573342
meta_analysis,CICQ,yugene,Lysosomal Genes,138,34,0.0211028870605766,19.08787846302909,2.6693506723025853,0.4028093434313154,6.626834048991583,True,0.8305490112596863,1.957758131413395,0.9392384235510156,0.3307334633268337,True,0.9693911856131332
meta_analysis,SSCQ,yugene,HALLMARK ADIPOGENESIS,142,32,0.0165516577012456,7.755982538724123,-0.1377189857677434,0.1283743681178001,-1.0727919271343047,False,0.087306651541769,1.1746233221294695,-0.1915725944395216,0.8335083245837708,False,
meta_analysis,SSCQ,yugene,HALLMARK ALLOGRAFT REJECTION,133,31,0.0186779290899267,7.755982538724123,0.6900890718813556,0.1448656918809996,4.763647368268751,False,0.2408402009078795,1.432145428551559,0.3136894214911098,0.7277636118194091,False,
meta_analysis,SSCQ,yugene,HALLMARK ANDROGEN RESPONSE,75,20,0.0102219143345885,7.755982538724123,-0.3367082272804131,0.0792809890914025,-4.247023544222239,False,0.0747338407893156,0.9616539215477476,-0.4278483754400205,0.6258687065646718,False,
meta_analysis,SSCQ,yugene,HALLMARK ANGIOGENESIS,28,9,0.0069762970201415,7.755982538724123,-0.425234915954397,0.0541080378731708,-7.8589971595559796,False,0.0691103364670885,0.8715378346656703,-0.5672103180823136,0.4945752712364382,False,
meta_analysis,SSCQ,yugene,HALLMARK APICAL JUNCTION,152,33,0.01870439911471,7.755982538724123,2.3328680193565727,0.1450709929310183,16.080871663061256,False,0.2574090185560004,1.448856959672934,1.4324802644900765,0.1415429228538573,False,
meta_analysis,SSCQ,yugene,HALLMARK APICAL SURFACE,31,12,0.0059801958723431,7.755982538724123,0.0950327738930178,0.0463822947640438,2.0489019436504585,False,0.0176688352976807,0.7266613978528532,0.1064649076226326,0.896105194740263,False,
meta_analysis,SSCQ,yugene,HALLMARK APOPTOSIS,123,22,0.0156747968588986,7.755982538724123,0.6180619224811797,0.1215734507356658,5.0838560453878765,False,0.2329744440056723,1.4640560820497142,0.2630278192187662,0.7675616219189041,True,0.986406036841015
meta_analysis,SSCQ,yugene,HALLMARK BILE ACID METABOLISM,79,22,0.0093897662710747,7.755982538724123,0.6229765774495646,0.0728268632411561,8.554214059538209,False,0.0059699672377449,0.7311058501735079,0.8439360867723736,0.3766311684415779,False,
meta_analysis,SSCQ,yugene,HALLMARK CHOLESTEROL HOMEOSTASIS,58,14,0.0089898011278737,7.755982538724123,-0.7088197599022663,0.0697247405743912,-10.165971993054695,False,0.1323848009988867,1.0643146865941906,-0.7903720314083136,0.3645817709114544,False,
meta_analysis,SSCQ,yugene,HALLMARK COAGULATION,77,18,0.0116539644340085,7.755982538724123,0.9923186634585196,0.0903879446570823,10.978440401794956,False,0.0639948283692518,0.9769163171295936,0.9502593198738846,0.2938853057347133,False,
meta_analysis,SSCQ,yugene,HALLMARK COMPLEMENT,127,35,0.0240735882750721,7.755982538724123,1.5332647484195752,0.1867143303058931,8.211821481016669,False,0.3237793424874054,1.8118284350825375,0.6675496324667582,0.4811259437028148,True,0.9815543705573342
meta_analysis,SSCQ,yugene,HALLMARK DNA REPAIR,93,16,0.0103774716699606,7.755982538724123,-0.1174709027113881,0.0804874890683192,-1.4594926996874835,False,0.1006168507970851,1.0645864359697197,-0.2048567839489892,0.8099095045247737,False,
meta_analysis,SSCQ,yugene,HALLMARK E2F TARGETS,136,19,0.0085595022352051,7.755982538724123,0.0813170604530555,0.0663873498764211,1.224887883074498,False,0.1115309882248589,0.9918546645988988,-0.0304620513974411,0.9701014949252538,False,
meta_analysis,SSCQ,yugene,HALLMARK EPITHELIAL MESENCHYMAL TRANSITION,153,57,0.0416698216319149,7.755982538724123,1.2151012327178845,0.3231904089688812,3.759706968392375,False,0.3318789012648552,1.970901167834564,0.4481312132071181,0.6345682715864207,True,0.9815543705573342
meta_analysis,SSCQ,yugene,HALLMARK ESTROGEN RESPONSE EARLY,150,48,0.0243123299580645,7.755982538724123,0.3147880503600415,0.1885660066304482,1.6693785692612315,False,0.159143949986223,1.5080039206485374,0.1032119998115665,0.9151042447877606,True,0.986406036841015
meta_analysis,SSCQ,yugene,HALLMARK ESTROGEN RESPONSE LATE,150,37,0.0162189422030373,7.755982538724123,-0.3987744419800282,0.1257938325233336,-3.170063539530517,False,0.1081020894655243,1.21477784011175,-0.4172586251646835,0.6474676266186691,True,0.9815543705573342
meta_analysis,SSCQ,yugene,HALLMARK FATTY ACID METABOLISM,107,28,0.0141239756351425,7.755982538724123,0.1721648366503524,0.1095453084035304,1.5716313109106534,False,0.0903627143957239,1.0850835746351677,0.0753878541402973,0.9369531523423827,True,0.986406036841015
meta_analysis,SSCQ,yugene,HALLMARK G2M CHECKPOINT,142,20,0.00846562365157,7.755982538724123,0.2885625590572022,0.0656592292209876,4.394851454713159,False,0.0846823848377463,0.8488326009960606,0.2401889064819295,0.7750612469376531,False,
meta_analysis,SSCQ,yugene,HALLMARK GLYCOLYSIS,139,34,0.0213191135555651,7.755982538724123,0.8392923037058433,0.1653506724780404,5.07583241802241,False,0.1649001692966765,1.4492200756538105,0.4653483247566227,0.6138193090345483,True,0.9815543705573342
meta_analysis,SSCQ,yugene,HALLMARK HEDGEHOG SIGNALING,32,7,0.0038451769523132,7.755982538724123,-0.5041182182156341,0.0298231253004456,-16.903601253625183,False,0.0287923105321492,0.618071236004261,-0.8622153850630083,0.2918854057297135,False,
meta_analysis,SSCQ,yugene,HALLMARK HEME METABOLISM,142,34,0.0123372366532673,7.755982538724123,0.6738810105995092,0.0956873920588485,7.042526670442292,False,0.0496965509494151,0.8115582670667332,0.7691184785857998,0.4209289535523224,False,
meta_analysis,SSCQ,yugene,HALLMARK HYPOXIA,142,46,0.0232627177463029,7.755982538724123,0.7330592403066123,0.1804252326435936,4.062953000341558,False,0.2134278500025014,1.5598446552429226,0.3331302181646966,0.7191140442977851,True,0.986406036841015
meta_analysis,SSCQ,yugene,HALLMARK IL2 STAT5 SIGNALING,148,47,0.0272435055324367,7.755982538724123,0.7740742019791588,0.2113001532032135,3.6633868468363526,False,0.373500942307717,1.7660228793822823,0.2268222367603492,0.8063596820158992,True,0.986406036841015
meta_analysis,SSCQ,yugene,HALLMARK IL6 JAK STAT3 SIGNALING,57,18,0.0069882836902485,7.755982538724123,-0.3338405753786223,0.0542010062772186,-6.159305856263033,False,0.0426040009403498,0.7951905902894348,-0.4734016988077704,0.5812209389530524,False,
meta_analysis,SSCQ,yugene,HALLMARK INFLAMMATORY RESPONSE,146,37,0.0179028051095345,7.755982538724123,-0.551250798491007,0.1388538438237308,-3.970007479164906,False,0.1089852851704906,1.232513882510788,-0.535682472246489,0.5611219439028049,False,
meta_analysis,SSCQ,yugene,HALLMARK INTERFERON ALPHA RESPONSE,66,15,0.0106743302177641,7.755982538724123,-1.3956655665875433,0.0827899187815542,-16.85791684697848,False,0.166352140102282,1.1458208984612943,-1.3632302472292446,0.1464426778661067,False,
meta_analysis,SSCQ,yugene,HALLMARK INTERFERON GAMMA RESPONSE,134,33,0.0246050124366735,7.755982538724123,-1.0461790787806289,0.1908360468239302,-5.482083160870848,False,0.2757325385447158,1.6624676858308862,-0.7951502628243057,0.3903804809759512,False,
meta_analysis,SSCQ,yugene,HALLMARK KRAS SIGNALING DN,110,21,0.0088637934404352,7.755982538724123,1.1884246914284753,0.0687474271508728,17.28682425918809,False,0.0802719968256092,0.9277930954905992,1.194396358400249,0.1904404779761012,False,
meta_analysis,SSCQ,yugene,HALLMARK KRAS SIGNALING UP,155,44,0.0216678050254218,7.755982538724123,2.4047045128608566,0.1680551174296509,14.309022835127186,False,0.1807252524223626,1.4137926053271404,1.573059055521006,0.111294435278236,True,0.6757162141892905
meta_analysis,SSCQ,yugene,HALLMARK MITOTIC SPINDLE,159,25,0.0137915002616698,7.755982538724123,1.37084901342116,0.1069666352123204,12.815669210311524,False,0.1119411924865254,1.043933501277512,1.2059272160478116,0.2040397980100995,False,
meta_analysis,SSCQ,yugene,HALLMARK MTORC1 SIGNALING,131,30,0.0166895812403923,7.755982538724123,0.3163485454881301,0.1294441006791004,2.443900833089156,False,0.2331916219713751,1.405481453886532,0.0591661478611502,0.9492525373731312,True,0.986406036841015
meta_analysis,SSCQ,yugene,HALLMARK MYC TARGETS,137,18,0.0082134083024572,7.755982538724123,0.5039423022906064,0.0637030513772702,7.910803193807711,False,0.0927245630694425,0.8704419927031299,0.4724240588900591,0.5701714914254288,False,
meta_analysis,SSCQ,yugene,HALLMARK MYOGENESIS,156,44,0.0288602500541861,7.755982538724123,2.2669662068409937,0.2238395954834799,10.127637167787425,False,0.2589096276553428,1.6428841724270289,1.2222751992425331,0.2060896955152242,True,0.786580236205581
meta_analysis,SSCQ,yugene,HALLMARK NOTCH SIGNALING,26,5,0.0020730345873078,7.755982538724123,-0.2823216230561503,0.0160784200613305,-17.559040128274088,False,-0.0025721007979937,0.3191712588184668,-0.8764871977939217,0.2916854157292135,False,
meta_analysis,SSCQ,yugene,HALLMARK OXIDATIVE PHOSPHORYLATION,103,18,0.0082840494746361,7.755982538724123,0.9314502271504876,0.0642509430752045,14.497067008965796,False,0.078513321585374,0.7874066350233992,1.0832229087576422,0.2332383380830958,False,
meta_analysis,SSCQ,yugene,HALLMARK P53 PATHWAY,141,36,0.0283560883470815,7.755982538724123,2.816662782029831,0.2199293260864828,12.807126871848975,False,0.3084123103936709,1.6915910006477155,1.4827759610187945,0.1348432578371081,True,0.7163548072596371
meta_analysis,SSCQ,yugene,HALLMARK PANCREAS BETA CELLS,19,5,0.0021551165672719,7.755982538724123,-0.0078210002630633,0.0167150464646765,-0.4679017961207136,False,0.0008208121519578,0.3321718724743865,-0.0260160872461818,0.9716514174291284,False,
meta_analysis,SSCQ,yugene,HALLMARK PEROXISOME,78,20,0.0084594026026201,7.755982538724123,-0.5012695517561557,0.0656109788739592,-7.64002550120629,False,-0.0148701864559274,0.7041477533070253,-0.6907632141348984,0.4631768411579421,False,
meta_analysis,SSCQ,yugene,HALLMARK PI3K AKT MTOR SIGNALING,77,12,0.0049951315906872,7.755982538724123,-0.5193518336886742,0.0387421533959992,-13.405342454255658,False,0.0594169933987958,0.667258219088569,-0.867383586339379,0.3073846307684615,False,
meta_analysis,SSCQ,yugene,HALLMARK PROTEIN SECRETION,76,9,0.0026975337064645,7.755982538724123,0.3649153173434794,0.020922024324959,17.441683064489688,False,-0.0125241814142555,0.3914843525711147,0.964124099159676,0.2834358282085896,False,
meta_analysis,SSCQ,yugene,HALLMARK REACTIVE OXYGEN SPECIES PATHWAY,28,3,0.0018794601592624,7.755982538724123,-0.7200760903761161,0.014577060177467,-49.39789515921715,False,0.003119649654706,0.3539513652181624,-2.0432065280637386,0.0483975801209939,False,
meta_analysis,SSCQ,yugene,HALLMARK SPERMATOGENESIS,74,11,0.0044911957398387,7.755982538724123,-0.2908289705661134,0.0348336357361814,-8.349084567822802,False,0.0489978122177599,0.6692767639135154,-0.5077522500509013,0.5254237288135594,False,
meta_analysis,SSCQ,yugene,HALLMARK TGF BETA SIGNALING,40,10,0.0049482676067331,7.755982538724123,-0.3984851279063267,0.0383786771547564,-10.382982360217724,False,0.0865447908005743,0.8082281779742984,-0.600115081266475,0.4623268836558172,False,
meta_analysis,SSCQ,yugene,HALLMARK TNFA SIGNALING VIA NFKB,164,47,0.0261054830317471,7.755982538724123,-1.4452460179280626,0.2024736705591899,-7.137945461928928,False,0.247515687375966,1.667801178079594,-1.0149661287883105,0.2845357732113394,True,0.96045197740113
meta_analysis,SSCQ,yugene,HALLMARK UNFOLDED PROTEIN RESPONSE,79,11,0.0039512172400197,7.755982538724123,0.0658256828259242,0.0306455719202985,2.147967184202673,False,-0.0097469595881819,0.4105506547336215,0.1840762925177652,0.8347582620868956,False,
meta_analysis,SSCQ,yugene,HALLMARK UV RESPONSE DN,128,42,0.0267305776147153,7.755982538724123,0.7105108404196748,0.207321893229742,3.427090257333933,False,0.2002656818337576,1.505633931661423,0.3388905814727997,0.7155642217889105,True,0.986406036841015
meta_analysis,SSCQ,yugene,HALLMARK UV RESPONSE UP,104,23,0.0107975273417738,7.755982538724123,0.9885797427871124,0.0837454335241945,11.804580873075372,False,0.0783126933677096,0.955643354305428,0.952517532109031,0.2936353182340883,False,
meta_analysis,SSCQ,yugene,HALLMARK WNT BETA CATENIN SIGNALING,29,4,0.0044751440429499,7.755982538724123,-0.0609073205580814,0.0347091390553949,-1.7547920292944976,False,0.039173849178789,0.6595283803416008,-0.1517465703068513,0.8358082095895205,False,
meta_analysis,SSCQ,yugene,HALLMARK XENOBIOTIC METABOLISM,136,43,0.0231070172076952,7.755982538724123,0.2007630475953074,0.1792176219848819,1.1202193476947424,False,0.1084112460246247,1.3685873373477873,0.0674796551527746,0.943652817359132,True,0.986406036841015
meta_analysis,SSCQ,yugene,Lysosomal Genes,138,34,0.0211028870605766,7.755982538724123,2.627418562587301,0.1636736235584993,16.052791558367517,False,0.3732308803496142,1.67487605159144,1.3458832849725175,0.1610919454027298,True,0.7607119644017799
meta_analysis,RS,yugene,HALLMARK ADIPOGENESIS,142,32,0.0165516577012456,32.4582767982774,1.261318427363061,0.5372382871373719,2.3477820876912707,True,0.4557332354442324,1.225870611775849,0.657153523528738,0.4758262086895655,False,
meta_analysis,RS,yugene,HALLMARK ALLOGRAFT REJECTION,133,31,0.0186779290899267,32.4582767982774,0.3299411853844528,0.6062533924194414,0.5442298377378485,True,0.807202330155379,1.5206455357136226,-0.3138543030325293,0.7335633218339083,False,
meta_analysis,RS,yugene,HALLMARK ANDROGEN RESPONSE,75,20,0.0102219143345885,32.4582767982774,-0.7061001166943698,0.3317857248803543,-2.128181123371108,True,0.3635233789942426,1.051042486803476,-1.0176786467896712,0.256137193140343,False,
meta_analysis,RS,yugene,HALLMARK ANGIOGENESIS,28,9,0.0069762970201415,32.4582767982774,0.5037248246927905,0.2264385797067516,2.2245538960063134,True,0.269801708208593,0.9133929414981712,0.256103486086186,0.7435628218589071,False,
meta_analysis,RS,yugene,HALLMARK APICAL JUNCTION,152,33,0.01870439911471,32.4582767982774,1.2575689516334874,0.6071125638107147,2.0713933899506185,True,0.8086042830135922,1.543712285431813,0.2908344209324661,0.7407629618519074,False,
meta_analysis,RS,yugene,HALLMARK APICAL SURFACE,31,12,0.0059801958723431,32.4582767982774,0.1606725426596793,0.194106852932431,0.8277530660682536,True,0.1750563480078888,0.7728361156513108,-0.0186117147696798,0.9826008699565022,False,
meta_analysis,RS,yugene,HALLMARK APOPTOSIS,123,22,0.0156747968588986,32.4582767982774,2.1069776611221456,0.508776895202902,4.141260503352605,True,0.8170388363691212,1.5645075901636063,0.8245014807618355,0.3698315084245788,True,0.978370000418898
meta_analysis,RS,yugene,HALLMARK BILE ACID METABOLISM,79,22,0.0093897662710747,32.4582767982774,1.4803986371982616,0.304775632697672,4.85733923048491,True,0.1673731712409799,0.7838978174650317,1.6749956903864622,0.0926953652317384,False,
meta_analysis,RS,yugene,HALLMARK CHOLESTEROL HOMEOSTASIS,58,14,0.0089898011278737,32.4582767982774,0.4795309143032326,0.2917934533699928,1.6433916140510167,True,0.4469916909184953,1.1201268971925498,0.0290495866729855,0.9749012549372532,False,
meta_analysis,RS,yugene,HALLMARK COAGULATION,77,18,0.0116539644340085,32.4582767982774,1.6951578526496405,0.37826760339633,4.481372016607877,True,0.3009258539079114,1.04439939049273,1.334960563395153,0.1533923303834808,False,
meta_analysis,RS,yugene,HALLMARK COMPLEMENT,127,35,0.0240735882750721,32.4582767982774,1.1055640877245525,0.7813871917600562,1.4148735727729236,True,1.1732727127260711,1.9201914760414984,-0.0352613923383834,0.9715514224288786,True,0.986406036841015
meta_analysis,RS,yugene,HALLMARK DNA REPAIR,93,16,0.0103774716699606,32.4582767982774,0.1714834771160789,0.3368348479298657,0.5091025414086148,True,0.4005156599435803,1.1385024890634403,-0.2011696812502438,0.8051097445127744,False,
meta_analysis,RS,yugene,HALLMARK E2F TARGETS,136,19,0.0085595022352051,32.4582767982774,2.2538191031790085,0.2778266928057624,8.112320239706866,True,0.3540995590632116,1.0291296258828686,1.845947776001558,0.0690965451727413,False,
meta_analysis,RS,yugene,HALLMARK EPITHELIAL MESENCHYMAL TRANSITION,153,57,0.0416698216319149,32.4582767982774,1.9896801871920784,1.352530604663543,1.4710796046548855,True,1.3943360972364454,2.11206532006293,0.2818776882989084,0.7692615369231538,True,0.986406036841015
meta_analysis,RS,yugene,HALLMARK ESTROGEN RESPONSE EARLY,150,48,0.0243123299580645,32.4582767982774,-0.7570555657885898,0.7891363353899118,-0.9593469871267924,True,0.7762208268749152,1.6134191021915865,-0.950327407541401,0.3140342982850857,True,0.9693911856131332
meta_analysis,RS,yugene,HALLMARK ESTROGEN RESPONSE LATE,150,37,0.0162189422030373,32.4582767982774,-0.1080181861517235,0.5264389154014504,-0.205186552497456,True,0.5601684870270442,1.2935303205874389,-0.5165605031007856,0.5669716514174291,True,0.9815543705573342
meta_analysis,RS,yugene,HALLMARK FATTY ACID METABOLISM,107,28,0.0141239756351425,32.4582767982774,0.4438540168095605,0.4584399106575821,0.9681836299394184,True,0.4344294453618886,1.1716641561032504,0.0080437482008636,0.992400379981001,True,0.992400379981001
meta_analysis,RS,yugene,HALLMARK G2M CHECKPOINT,142,20,0.00846562365157,32.4582767982774,1.4252015344830338,0.274779555752706,5.186708780349276,True,0.2884603047774489,0.9081093363750328,1.2517669229601789,0.1600419979001049,False,
meta_analysis,RS,yugene,HALLMARK GLYCOLYSIS,139,34,0.0213191135555651,32.4582767982774,-2.114705954028519,0.6919816888804429,-3.05601432524884,True,0.7337416410860536,1.557555317414946,-1.828793856157933,0.0702464876756162,True,0.6681610363926248
meta_analysis,RS,yugene,HALLMARK HEDGEHOG SIGNALING,32,7,0.0038451769523132,32.4582767982774,-0.7046266138869457,0.1248078178565386,-5.645692922032209,True,0.1206091846737403,0.6697895686317348,-1.2320821900026022,0.1461926903654817,False,
meta_analysis,RS,yugene,HALLMARK HEME METABOLISM,142,34,0.0123372366532673,32.4582767982774,0.7123565337311076,0.4004454422176042,1.77891032992207,True,0.2927105707130128,0.8656147402897367,0.4847953061400408,0.6112194390280487,False,
meta_analysis,RS,yugene,HALLMARK HYPOXIA,142,46,0.0232627177463029,32.4582767982774,1.1939523382038568,0.7550677316897015,1.581251969981571,True,0.8631104476688768,1.6636303811691375,0.1988674252885888,0.8296085195740213,True,0.986406036841015
meta_analysis,RS,yugene,HALLMARK IL2 STAT5 SIGNALING,148,47,0.0272435055324367,32.4582767982774,-1.856212283836616,0.8842772435272341,-2.099129314277607,True,1.1503633084439906,1.867304402781804,-1.61011540903646,0.1020448977551122,True,0.6757162141892905
meta_analysis,RS,yugene,HALLMARK IL6 JAK STAT3 SIGNALING,57,18,0.0069882836902485,32.4582767982774,-0.1060478434539309,0.2268276463629762,-0.4675260937294658,True,0.2396082330734797,0.8514549021306422,-0.4059593475384974,0.6245687715614219,False,
meta_analysis,RS,yugene,HALLMARK INFLAMMATORY RESPONSE,146,37,0.0179028051095345,32.4582767982774,0.9855664236350354,0.5810942037108866,1.6960527524473243,True,0.5768667686991764,1.3355917669715174,0.3060064198078984,0.7307134643267836,False,
meta_analysis,RS,yugene,HALLMARK INTERFERON ALPHA RESPONSE,66,15,0.0106743302177641,32.4582767982774,-2.3131579841355943,0.3464703648444064,-6.676351627286772,True,0.4931329441532294,1.2175595204402787,-2.3048490699444804,0.0352982350882455,False,
meta_analysis,RS,yugene,HALLMARK INTERFERON GAMMA RESPONSE,134,33,0.0246050124366735,32.4582767982774,1.7359971522885018,0.7986363042946092,2.1737017750799734,True,0.9823884131763286,1.7759436140526068,0.4243427173864372,0.6436178191090446,False,
meta_analysis,RS,yugene,HALLMARK KRAS SIGNALING DN,110,21,0.0088637934404352,32.4582767982774,0.505459258179145,0.2877034609724014,1.7568758348292246,True,0.3326438398199058,0.985540851331868,0.1753508422565081,0.8269586520673966,False,
meta_analysis,RS,yugene,HALLMARK KRAS SIGNALING UP,155,44,0.0216678050254218,32.4582767982774,1.2984523361753544,0.7032996131262498,1.8462292768846844,True,0.7091556968267707,1.5189959401008868,0.3879514248796771,0.6697665116744163,True,0.9815543705573342
meta_analysis,RS,yugene,HALLMARK MITOTIC SPINDLE,159,25,0.0137915002616698,32.4582767982774,4.503179537925662,0.4476483329567949,10.059636563776255,True,0.4179352661504051,1.1176444160963273,3.655227201907444,0.0030498475076246,False,
meta_analysis,RS,yugene,HALLMARK MTORC1 SIGNALING,131,30,0.0166895812403923,32.4582767982774,0.0609342252430484,0.5417150475479915,0.1124839073953363,True,0.7689399744422504,1.4889744030780048,-0.475498939226634,0.6014199290035498,True,0.9815543705573342
meta_analysis,RS,yugene,HALLMARK MYC TARGETS,137,18,0.0082134083024572,32.4582767982774,-1.9851662357533937,0.2665930801384275,-7.446428222077643,True,0.2706542238282184,0.9211619762969284,-2.4488857743021613,0.031598420078996,False,
meta_analysis,RS,yugene,HALLMARK MYOGENESIS,156,44,0.0288602500541861,32.4582767982774,0.1088902959665745,0.9367539847262756,0.1162421486772675,True,0.9836994409310924,1.7616470944494729,-0.4965859210512886,0.5964201789910505,True,0.9815543705573342
meta_analysis,RS,yugene,HALLMARK NOTCH SIGNALING,26,5,0.0020730345873078,32.4582767982774,0.0005556614156801,0.0672871304472396,0.0082580637929846,True,0.0481984496556315,0.3434434747674849,-0.1387209009348804,0.8354582270886456,False,
meta_analysis,RS,yugene,HALLMARK OXIDATIVE PHOSPHORYLATION,103,18,0.0082840494746361,32.4582767982774,0.7533089926107854,0.268885970858364,2.8015927726017056,True,0.222824250961397,0.80344907353206,0.6602593233660883,0.4381780910954452,False,
meta_analysis,RS,yugene,HALLMARK P53 PATHWAY,141,36,0.0283560883470815,32.4582767982774,5.959826577197066,0.9203897644859804,6.475329047716554,True,1.096527518328196,1.828521699086542,2.659689005221204,0.0131993400329983,True,0.3272336383180841
meta_analysis,RS,yugene,HALLMARK PANCREAS BETA CELLS,19,5,0.0021551165672719,32.4582767982774,-0.0114191892448473,0.0699513700730672,-0.1632446831694571,True,0.0527069300630428,0.3445709863740381,-0.1861042335069965,0.7930103494825259,False,
meta_analysis,RS,yugene,HALLMARK PEROXISOME,78,20,0.0084594026026201,32.4582767982774,1.1444048727150598,0.2745776312239128,4.167873645110658,True,0.135067643925538,0.7544383622038063,1.3378657281439463,0.1685915704214789,False,
meta_analysis,RS,yugene,HALLMARK PI3K AKT MTOR SIGNALING,77,12,0.0049951315906872,32.4582767982774,0.6159701866176335,0.1621333638143452,3.799157509141456,True,0.1801667656386668,0.7309941868990322,0.5961790514746754,0.447777611119444,False,
meta_analysis,RS,yugene,HALLMARK PROTEIN SECRETION,76,9,0.0026975337064645,32.4582767982774,0.4180167645023313,0.0875572957171104,4.774208260758815,True,0.0350051947799636,0.4210231326654772,0.9097162127352476,0.3083845807709614,False,
meta_analysis,RS,yugene,HALLMARK REACTIVE OXYGEN SPECIES PATHWAY,28,3,0.0018794601592624,32.4582767982774,-0.1975933075174055,0.0610040380806743,-3.2390201326689176,True,0.0521657625313958,0.390205179212134,-0.6400711301502756,0.423878806059697,False,
meta_analysis,RS,yugene,HALLMARK SPERMATOGENESIS,74,11,0.0044911957398387,32.4582767982774,0.437085291924054,0.1457764744789301,2.99832530239458,True,0.182053986571759,0.7029616632311627,0.3627954676504602,0.6312184390780461,False,
meta_analysis,RS,yugene,HALLMARK TGF BETA SIGNALING,40,10,0.0049482676067331,32.4582767982774,0.2053538238260762,0.1606122396512937,1.2785689575833157,True,0.2529046637445062,0.8757732928283319,-0.0542958323892972,0.9403029848507576,False,
meta_analysis,RS,yugene,HALLMARK TNFA SIGNALING VIA NFKB,164,47,0.0261054830317471,32.4582767982774,0.0147501132556238,0.8473389941971835,0.0174075704725461,True,0.9942160116305692,1.8049111757703904,-0.5426670916129044,0.5623218839058047,True,0.9815543705573342
meta_analysis,RS,yugene,HALLMARK UNFOLDED PROTEIN RESPONSE,79,11,0.0039512172400197,32.4582767982774,0.2516431429780975,0.1282497028666853,1.9621343157393416,True,0.0612264822496078,0.4516353554763725,0.4216159306829364,0.6273686315684216,False,
meta_analysis,RS,yugene,HALLMARK UV RESPONSE DN,128,42,0.0267305776147153,32.4582767982774,-0.6107451834362662,0.8676284871962677,-0.7039247701627257,True,0.7738524828458155,1.6372366038704418,-0.8456918584698636,0.3707314634268286,True,0.978370000418898
meta_analysis,RS,yugene,HALLMARK UV RESPONSE UP,104,23,0.0107975273417738,32.4582767982774,0.1576013280637277,0.3504691311962652,0.449686759931704,True,0.3183438945684013,1.019996238744297,-0.1575913325940902,0.8543572821358932,False,
meta_analysis,RS,yugene,HALLMARK WNT BETA CATENIN SIGNALING,29,4,0.0044751440429499,32.4582767982774,0.2690086881230592,0.1452554640582312,1.8519694929701012,True,0.1545072363888091,0.7139457295727188,0.1603783690992545,0.8264586770661467,False,
meta_analysis,RS,yugene,HALLMARK XENOBIOTIC METABOLISM,136,43,0.0231070172076952,32.4582767982774,3.681840214264183,0.7500139605099303,4.909028908956468,True,0.6047319297856121,1.477203722830822,2.0830629092795614,0.0428478576071196,True,0.5202954138007385
meta_analysis,RS,yugene,Lysosomal Genes,138,34,0.0211028870605766,32.4582767982774,1.3069469545262922,0.6849633494549818,1.9080538477952376,True,1.1161553525024313,1.7925426438859926,0.1064362974429719,0.911054447277636,True,0.986406036841015
meta_analysis,SIPS,yugene,HALLMARK ADIPOGENESIS,142,32,0.0165516577012456,27.760055707448117,3.256769046444134,0.4594749398371925,7.0880232284226805,True,0.4174502335355588,0.975347184184707,2.911085261687573,0.0125493725313734,False,
meta_analysis,SIPS,yugene,HALLMARK ALLOGRAFT REJECTION,133,31,0.0186779290899267,27.760055707448117,2.481095030912754,0.5185003520361335,4.785136637168281,True,0.6487880172704982,1.210785039532704,1.51332148467033,0.119494025298735,False,
meta_analysis,SIPS,yugene,HALLMARK ANDROGEN RESPONSE,75,20,0.0102219143345885,27.760055707448117,-0.4160585313901461,0.2837609113649403,-1.466229190584534,True,0.2600502027259977,0.8172157445553947,-0.8273319972365192,0.3096345182740863,False,
meta_analysis,SIPS,yugene,HALLMARK ANGIOGENESIS,28,9,0.0069762970201415,27.760055707448117,0.3138805297061881,0.1936623939108331,1.620761384632611,True,0.2238040044826714,0.7314266936545186,0.1231518154928911,0.8629068546572671,False,
meta_analysis,SIPS,yugene,HALLMARK APICAL JUNCTION,152,33,0.01870439911471,27.760055707448117,3.136152498235085,0.5192351613986952,6.039946312162376,True,0.68404361368816,1.2350558579744155,1.985423467865306,0.0523973801309934,False,
meta_analysis,SIPS,yugene,HALLMARK APICAL SURFACE,31,12,0.0059801958723431,27.760055707448117,0.090876003794085,0.166010570557698,0.5474109479221414,True,0.1797301505696951,0.6292908179562233,-0.1411972719770262,0.8418079096045198,False,
meta_analysis,SIPS,yugene,HALLMARK APOPTOSIS,123,22,0.0156747968588986,27.760055707448117,1.577826612501053,0.4351332340059597,3.626077001692411,True,0.7081447452063571,1.2756227450663735,0.6817704299004518,0.4431778411079446,True,0.9815543705573342
meta_analysis,SIPS,yugene,HALLMARK BILE ACID METABOLISM,79,22,0.0093897662710747,27.760055707448117,1.073946599000989,0.2606604347649514,4.120098241873236,True,0.1687421268827358,0.6102507603766766,1.4833319856242655,0.1082445877706114,False,
meta_analysis,SIPS,yugene,HALLMARK CHOLESTEROL HOMEOSTASIS,58,14,0.0089898011278737,27.760055707448117,-0.0560822948240576,0.2495573801086554,-0.2247270539530422,True,0.3629943432674202,0.9071085027604628,-0.4619917427917023,0.559522023898805,False,
meta_analysis,SIPS,yugene,HALLMARK COAGULATION,77,18,0.0116539644340085,27.760055707448117,2.2760871843020003,0.3235147019006967,7.035498451630333,True,0.2703121230450544,0.8148077370253635,2.461654412585076,0.0304484775761211,False,
meta_analysis,SIPS,yugene,HALLMARK COMPLEMENT,127,35,0.0240735882750721,27.760055707448117,3.48812343249194,0.6682841515941719,5.219521402940838,True,1.024039781522059,1.5410186412355475,1.5989966539238258,0.1050447477626118,True,0.6757162141892905
meta_analysis,SIPS,yugene,HALLMARK DNA REPAIR,93,16,0.0103774716699606,27.760055707448117,0.7533443238171629,0.288079191660573,2.615059836410485,True,0.3692104533483245,0.9166414465740608,0.4190666611296438,0.5985700714964252,False,
meta_analysis,SIPS,yugene,HALLMARK E2F TARGETS,136,19,0.0085595022352051,27.760055707448117,1.938437742672924,0.2376122588773212,8.157987099789056,True,0.3001034500252814,0.8470573646412825,1.9341479822224967,0.0588470576471176,False,
meta_analysis,SIPS,yugene,HALLMARK EPITHELIAL MESENCHYMAL TRANSITION,153,57,0.0416698216319149,27.760055707448117,3.17340355328599,1.156756569821386,2.7433633281858025,True,1.2009412047210943,1.659594541720188,1.1885206289726746,0.2128393580320983,True,0.786580236205581
meta_analysis,SIPS,yugene,HALLMARK ESTROGEN RESPONSE EARLY,150,48,0.0243123299580645,27.760055707448117,0.6417255454266342,0.6749116340137322,0.950828987211646,True,0.7016967033417901,1.2882299879569976,-0.0465531453822652,0.9594020298985052,True,0.986406036841015
meta_analysis,SIPS,yugene,HALLMARK ESTROGEN RESPONSE LATE,150,37,0.0162189422030373,27.760055707448117,0.3003362349070531,0.4502387390721989,0.6670599591806604,True,0.4522076689646244,1.020064547835192,-0.1488841410868331,0.8539073046347683,True,0.986406036841015
meta_analysis,SIPS,yugene,HALLMARK FATTY ACID METABOLISM,107,28,0.0141239756351425,27.760055707448117,1.4981323804792075,0.3920823504421966,3.820963577650436,True,0.405414975296645,0.9366094172129048,1.1666735195063411,0.1981400929953502,True,0.786580236205581
meta_analysis,SIPS,yugene,HALLMARK G2M CHECKPOINT,142,20,0.00846562365157,27.760055707448117,1.566810074727493,0.2350061841658762,6.6671014649622125,True,0.2105567355920019,0.7177515634757785,1.8895860464137595,0.0625968701564921,False,
meta_analysis,SIPS,yugene,HALLMARK GLYCOLYSIS,139,34,0.0213191135555651,27.760055707448117,-0.2692372597126145,0.5918197799359021,-0.4549311612088643,True,0.6121544184405403,1.21848479249121,-0.723350577360212,0.4201289935503224,True,0.978370000418898
meta_analysis,SIPS,yugene,HALLMARK HEDGEHOG SIGNALING,32,7,0.0038451769523132,27.760055707448117,-0.2716677439310054,0.1067423264012101,-2.545079848736794,True,0.0960809343444003,0.5223991787819665,-0.703961057390737,0.3322333883305834,False,
meta_analysis,SIPS,yugene,HALLMARK HEME METABOLISM,142,34,0.0123372366532673,27.760055707448117,2.151164695604981,0.3424823767706716,6.281096025695404,True,0.2573638636093717,0.658668783203895,2.8751944532482447,0.0199490025498725,False,
meta_analysis,SIPS,yugene,HALLMARK HYPOXIA,142,46,0.0232627177463029,27.760055707448117,0.3226467058155299,0.6457743405440123,0.4996276339250741,True,0.7263670385066238,1.3307781618447827,-0.3033716244121703,0.7367131643417829,True,0.986406036841015
meta_analysis,SIPS,yugene,HALLMARK IL2 STAT5 SIGNALING,148,47,0.0272435055324367,27.760055707448117,0.6039796938282469,0.7562812312466155,0.7986178538804639,True,0.9327154239941138,1.453981629919145,-0.2260934549662416,0.8089595520223989,True,0.986406036841015
meta_analysis,SIPS,yugene,HALLMARK IL6 JAK STAT3 SIGNALING,57,18,0.0069882836902485,27.760055707448117,-0.3658482391988869,0.193995144540752,-1.88586286561432,True,0.2227120222576621,0.6628428440829923,-0.8879333415310393,0.2695365231738413,False,
meta_analysis,SIPS,yugene,HALLMARK INFLAMMATORY RESPONSE,146,37,0.0179028051095345,27.760055707448117,1.2030583637504046,0.4969828671602652,2.4207240193703634,True,0.4046110869398389,1.0143893203962195,0.7871211385572287,0.3728813559322034,False,
meta_analysis,SIPS,yugene,HALLMARK INTERFERON ALPHA RESPONSE,66,15,0.0106743302177641,27.760055707448117,-1.2988505314058698,0.2963200014848304,-4.383269859940124,True,0.4061639077837968,0.9895866030858446,-1.72295626666013,0.0824958752062396,False,
meta_analysis,SIPS,yugene,HALLMARK INTERFERON GAMMA RESPONSE,134,33,0.0246050124366735,27.760055707448117,3.572521568407455,0.6830365159245125,5.230352236105458,True,0.8481318450878982,1.395765862468148,1.951895942276442,0.0546972651367431,False,
meta_analysis,SIPS,yugene,HALLMARK KRAS SIGNALING DN,110,21,0.0088637934404352,27.760055707448117,0.8822894612615093,0.2460593996857945,3.585676720288469,True,0.2873869485479877,0.779585990153227,0.7631005690553699,0.3428328583570821,False,
meta_analysis,SIPS,yugene,HALLMARK KRAS SIGNALING UP,155,44,0.0216678050254218,27.760055707448117,1.1217355199760457,0.6014994745638359,1.8648985866354209,True,0.5623619014055126,1.1879012010238543,0.4708923756356235,0.5893205339733013,True,0.9815543705573342
meta_analysis,SIPS,yugene,HALLMARK MITOTIC SPINDLE,159,25,0.0137915002616698,27.760055707448117,3.3823337955808928,0.3828528155532401,8.834553797634381,True,0.3545405446648779,0.8803417356116593,3.439338530067885,0.0069496525173741,False,
meta_analysis,SIPS,yugene,HALLMARK MTORC1 SIGNALING,131,30,0.0166895812403923,27.760055707448117,0.1631295355142256,0.4633037049672716,0.3521006496715784,True,0.6508970135229877,1.1938453694261708,-0.408568387917114,0.6432678366081696,True,0.9815543705573342
meta_analysis,SIPS,yugene,HALLMARK MYC TARGETS,137,18,0.0082134083024572,27.760055707448117,-0.6028428401109693,0.2280046720242305,-2.6439933653943024,True,0.2407004595686241,0.7535468060899461,-1.1194305288833046,0.1891905404729763,False,
meta_analysis,SIPS,yugene,HALLMARK MYOGENESIS,156,44,0.0288602500541861,27.760055707448117,1.3487047292014935,0.801162149235091,1.6834354075378728,True,0.7879209715798232,1.3817297454370585,0.4058563257204015,0.655567221638918,True,0.9815543705573342
meta_analysis,SIPS,yugene,HALLMARK NOTCH SIGNALING,26,5,0.0020730345873078,27.760055707448117,-0.3478179357466173,0.0575475556271315,-6.04400885417684,True,0.0467331773058393,0.2676818915179347,-1.4739551891802951,0.0850957452127393,False,
meta_analysis,SIPS,yugene,HALLMARK OXIDATIVE PHOSPHORYLATION,103,18,0.0082840494746361,27.760055707448117,0.672342423750169,0.2299656748991553,2.9236642557416666,True,0.1812726970419349,0.6402865076087153,0.7669531075115689,0.3384330783460827,False,
meta_analysis,SIPS,yugene,HALLMARK P53 PATHWAY,141,36,0.0283560883470815,27.760055707448117,5.399360864915622,0.7871665921603034,6.859235286011812,True,0.9483034254268692,1.4429632520543247,3.084664445301605,0.0068996550172491,True,0.2932353382330883
meta_analysis,SIPS,yugene,HALLMARK PANCREAS BETA CELLS,19,5,0.0021551165672719,27.760055707448117,0.0841010969179046,0.0598261559635144,1.4057579926946089,True,0.0441573962416639,0.2916155226735179,0.1369738493686435,0.8232088395580222,False,
meta_analysis,SIPS,yugene,HALLMARK PEROXISOME,78,20,0.0084594026026201,27.760055707448117,0.5301882725101151,0.2348334875004667,2.257720047312508,True,0.1580351972388035,0.6027993346872056,0.6173747279671815,0.4544272786360682,False,
meta_analysis,SIPS,yugene,HALLMARK PI3K AKT MTOR SIGNALING,77,12,0.0049951315906872,27.760055707448117,0.0108573862423474,0.1386651312235109,0.0782993254796452,True,0.1241499511422,0.5399012672067408,-0.2098394128355884,0.767411629418529,False,
meta_analysis,SIPS,yugene,HALLMARK PROTEIN SECRETION,76,9,0.0026975337064645,27.760055707448117,0.2145934014577347,0.0748836859641757,2.865689618435663,True,0.0300636286411072,0.3197655839837247,0.5770782787744274,0.4419779011049447,False,
meta_analysis,SIPS,yugene,HALLMARK REACTIVE OXYGEN SPECIES PATHWAY,28,3,0.0018794601592624,27.760055707448117,-0.1176776920375251,0.0521739187210542,-2.2554888519431344,True,0.0390254348886236,0.2894181414534938,-0.5414419640011721,0.4293285335733213,False,
meta_analysis,SIPS,yugene,HALLMARK SPERMATOGENESIS,74,11,0.0044911957398387,27.760055707448117,0.174945419993483,0.1246758439309771,1.4032022120526897,True,0.1388218120337206,0.561026275167214,0.0643884423220565,0.9227538623068846,False,
meta_analysis,SIPS,yugene,HALLMARK TGF BETA SIGNALING,40,10,0.0049482676067331,27.760055707448117,-0.5232158905839739,0.1373641844182727,-3.808968784692711,True,0.2058095817809508,0.6888572080984894,-1.0583114523506478,0.192040397980101,False,
meta_analysis,SIPS,yugene,HALLMARK TNFA SIGNALING VIA NFKB,164,47,0.0261054830317471,27.760055707448117,0.6533872439813582,0.724689663231143,0.9016097194875504,True,0.7954165353343622,1.4189797142995406,-0.1000925453138805,0.9140042997850109,True,0.986406036841015
meta_analysis,SIPS,yugene,HALLMARK UNFOLDED PROTEIN RESPONSE,79,11,0.0039512172400197,27.760055707448117,-0.4256396976716478,0.1096860106951764,-3.88052856489169,True,0.0496983511887148,0.3376000127593121,-1.407991797675817,0.1137443127843607,False,
meta_analysis,SIPS,yugene,HALLMARK UV RESPONSE DN,128,42,0.0267305776147153,27.760055707448117,0.6822829942106328,0.742042323676763,0.9194664137619168,True,0.6094562752071533,1.2535611304053522,0.058095865639939,0.9459027048647568,True,0.986406036841015
meta_analysis,SIPS,yugene,HALLMARK UV RESPONSE UP,104,23,0.0107975273417738,27.760055707448117,2.706156477003649,0.2997399605103373,9.028347346133453,True,0.2393523931099569,0.7963028083962257,3.097821655133804,0.0136993150342482,False,
meta_analysis,SIPS,yugene,HALLMARK WNT BETA CATENIN SIGNALING,29,4,0.0044751440429499,27.760055707448117,-0.0978157804898638,0.1242302479311447,-0.7873749116566092,True,0.1303673878121513,0.5496418606653725,-0.4151488171330083,0.5287735613219339,False,
meta_analysis,SIPS,yugene,HALLMARK XENOBIOTIC METABOLISM,136,43,0.0231070172076952,27.760055707448117,3.264061571508565,0.6414520849185814,5.088550880496191,True,0.5478816425813544,1.1686221298146775,2.3242585089142094,0.0299985000749962,True,0.5099745012749363
meta_analysis,SIPS,yugene,Lysosomal Genes,138,34,0.0211028870605766,27.760055707448117,1.6137866299507788,0.5858173203895924,2.7547608679059623,True,0.921694004697655,1.4338119606433932,0.482694135807433,0.6007699615019249,True,0.9815543705573342
meta_analysis,OIS,yugene,HALLMARK ADIPOGENESIS,142,32,0.0165516577012456,26.917710473189544,2.140513523533678,0.445532729853469,4.804391193072775,True,0.4089819426962494,1.4236129259574697,1.2162938037900046,0.1873406329683515,False,
meta_analysis,OIS,yugene,HALLMARK ALLOGRAFT REJECTION,133,31,0.0186779290899267,26.917710473189544,3.394954736057637,0.5027670874814142,6.752539735774049,True,0.5884029198881054,1.9257494163199893,1.4573816262827752,0.1325933703314834,False,
meta_analysis,OIS,yugene,HALLMARK ANDROGEN RESPONSE,75,20,0.0102219143345885,26.917710473189544,-0.0038093245439538,0.2751505305402003,-0.013844510989948,True,0.3037200654263831,1.2381906837963177,-0.2483699756385224,0.7492125393730313,False,
meta_analysis,OIS,yugene,HALLMARK ANGIOGENESIS,28,9,0.0069762970201415,26.917710473189544,0.7106013641457917,0.1877859433631447,3.784103066605016,True,0.2046670913248088,1.1220872634080306,0.4508867441239347,0.5246237688115595,False,
meta_analysis,OIS,yugene,HALLMARK APICAL JUNCTION,152,33,0.01870439911471,26.917710473189544,4.899971586485314,0.5034795999447489,9.732214745191325,True,0.6599596040409498,1.9318565947328736,2.1947860902328777,0.0381980900954952,False,
meta_analysis,OIS,yugene,HALLMARK APICAL SURFACE,31,12,0.0059801958723431,26.917710473189544,0.2983232362446809,0.1609731810646969,1.8532480645007647,True,0.1614481953017832,0.9246956344588424,0.1480217228699265,0.8357582120893955,False,
meta_analysis,OIS,yugene,HALLMARK APOPTOSIS,123,22,0.0156747968588986,26.917710473189544,1.3201614370515,0.4219296435738953,3.128866286495681,True,0.6151536357530278,1.9296428605789169,0.3653566241200515,0.6671666416679166,True,0.9815543705573342
meta_analysis,OIS,yugene,HALLMARK BILE ACID METABOLISM,79,22,0.0093897662710747,26.917710473189544,0.6849801876662398,0.2527510098957097,2.7100987171084965,True,0.2109020714034464,0.8046702240490494,0.5891582689331568,0.5237238138093095,False,
meta_analysis,OIS,yugene,HALLMARK CHOLESTEROL HOMEOSTASIS,58,14,0.0089898011278737,26.917710473189544,-0.692186297969333,0.2419848639716586,-2.860452867210744,True,0.3635667182436247,1.378609033557797,-0.7658103135218548,0.3422828858557072,False,
meta_analysis,OIS,yugene,HALLMARK COAGULATION,77,18,0.0116539644340085,26.917710473189544,1.4663316460817104,0.3136980404994907,4.674341107604372,True,0.3043849750851212,1.252659643577403,0.9275837031663672,0.2723863806809659,False,
meta_analysis,OIS,yugene,HALLMARK COMPLEMENT,127,35,0.0240735882750721,26.917710473189544,3.8042845653054216,0.6480058792391619,5.870756249576187,True,0.8623351271126357,2.3573685443126755,1.24798027244847,0.1927403629818509,True,0.786580236205581
meta_analysis,OIS,yugene,HALLMARK DNA REPAIR,93,16,0.0103774716699606,26.917710473189544,0.725265898676571,0.2793377778557283,2.596375986964264,True,0.2801360438898168,1.3882205069570803,0.3206478023887282,0.6743162841857907,False,
meta_analysis,OIS,yugene,HALLMARK E2F TARGETS,136,19,0.0085595022352051,26.917710473189544,1.7199016656072814,0.2304022029618706,7.464779604958504,True,0.2314340575306673,1.3404317158151404,1.1104389656816276,0.2014899255037248,False,
meta_analysis,OIS,yugene,HALLMARK EPITHELIAL MESENCHYMAL TRANSITION,153,57,0.0416698216319149,26.917710473189544,5.739295870818624,1.1216561941573375,5.11680486472984,True,1.1634000941943636,2.5307693756227407,1.808104610677249,0.0707464626768661,True,0.6681610363926248
meta_analysis,OIS,yugene,HALLMARK ESTROGEN RESPONSE EARLY,150,48,0.0243123299580645,26.917710473189544,-0.9104230854917206,0.6544322587398347,-1.3911647436891603,True,0.5979225416337193,1.9583003282651887,-0.7702320248608889,0.3950302484875756,True,0.978370000418898
meta_analysis,OIS,yugene,HALLMARK ESTROGEN RESPONSE LATE,150,37,0.0162189422030373,26.917710473189544,0.320238985326678,0.4365767904027552,0.733522698335035,True,0.4418645822121928,1.533187591173159,-0.0793285815680583,0.9232038398080096,True,0.986406036841015
meta_analysis,OIS,yugene,HALLMARK FATTY ACID METABOLISM,107,28,0.0141239756351425,26.917710473189544,1.5114910552208018,0.3801850868771501,3.9756716067855984,True,0.3849807407920483,1.3220140358400172,0.8521167581348414,0.328283585820709,True,0.9693911856131332
meta_analysis,OIS,yugene,HALLMARK G2M CHECKPOINT,142,20,0.00846562365157,26.917710473189544,1.7805064584717,0.2278752064279495,7.813515504305939,True,0.1859380574843574,1.1247742418180398,1.4176786253656968,0.1215939203039848,False,
meta_analysis,OIS,yugene,HALLMARK GLYCOLYSIS,139,34,0.0213191135555651,26.917710473189544,-1.7918610651601228,0.5738617262337544,-3.1224613582789,True,0.5734722040691719,1.859422567243413,-1.2720794675176457,0.1792910354482275,True,0.786580236205581
meta_analysis,OIS,yugene,HALLMARK HEDGEHOG SIGNALING,32,7,0.0038451769523132,26.917710473189544,1.0725767820444676,0.1035033599205482,10.362724290958328,True,0.0631925781088825,0.8233826498600205,1.2258992876607078,0.1346432678366081,False,
meta_analysis,OIS,yugene,HALLMARK HEME METABOLISM,142,34,0.0123372366532673,26.917710473189544,2.190692853549617,0.3320901642718717,6.596680929568771,True,0.35719983940197,0.8717114147846722,2.1033256913362224,0.0405979701014949,False,
meta_analysis,OIS,yugene,HALLMARK HYPOXIA,142,46,0.0232627177463029,26.917710473189544,0.8672505175311231,0.6261791011145117,1.3849879626891697,True,0.6453957536291589,2.030354431971492,0.1092689829955163,0.903954802259887,True,0.986406036841015
meta_analysis,OIS,yugene,HALLMARK IL2 STAT5 SIGNALING,148,47,0.0272435055324367,26.917710473189544,-0.7970715287063379,0.7333327941968705,-1.08691652004909,True,0.8969275850695448,2.2862307892286142,-0.7409571779704036,0.4258787060646967,True,0.978370000418898
meta_analysis,OIS,yugene,HALLMARK IL6 JAK STAT3 SIGNALING,57,18,0.0069882836902485,26.917710473189544,-1.141151734634829,0.1881085970786242,-6.066451785602647,True,0.2352955532523663,0.9629532084445356,-1.42940204759334,0.1174941252937353,False,
meta_analysis,OIS,yugene,HALLMARK INFLAMMATORY RESPONSE,146,37,0.0179028051095345,26.917710473189544,1.461681363767382,0.4819025245963888,3.033147346533605,True,0.4684914181249955,1.566606949652437,0.6339751945200631,0.463826808659567,False,
meta_analysis,OIS,yugene,HALLMARK INTERFERON ALPHA RESPONSE,66,15,0.0106743302177641,26.917710473189544,-2.088172808652689,0.2873285302969945,-7.267544251502864,True,0.3388611244677505,1.534741623094248,-1.5813957845407285,0.1090445477726113,False,
meta_analysis,OIS,yugene,HALLMARK INTERFERON GAMMA RESPONSE,134,33,0.0246050124366735,26.917710473189544,6.892978007902801,0.6623106009596077,10.407470449537897,True,0.6835318279988318,2.2201159529163004,2.796901743689272,0.0116494175291235,False,
meta_analysis,OIS,yugene,HALLMARK KRAS SIGNALING DN,110,21,0.0088637934404352,26.917710473189544,-0.2588983372904141,0.2385930255237915,-1.085104381077551,True,0.2732857931700352,1.1943448255390212,-0.4455866673347612,0.5541722913854308,False,
meta_analysis,OIS,yugene,HALLMARK KRAS SIGNALING UP,155,44,0.0216678050254218,26.917710473189544,4.624320903809053,0.5832477022638279,7.928571147147485,True,0.5250475106916838,1.844350352483064,2.222611006416696,0.0368481575921203,True,0.5202954138007385
meta_analysis,OIS,yugene,HALLMARK MITOTIC SPINDLE,159,25,0.0137915002616698,26.917710473189544,2.887112843996866,0.3712356110345466,7.777036356914033,True,0.3957371010655866,1.313352707777575,1.8969586221412889,0.0627968601569921,False,
meta_analysis,OIS,yugene,HALLMARK MTORC1 SIGNALING,131,30,0.0166895812403923,26.917710473189544,0.5766436959554462,0.4492453157476558,1.2835831020202575,True,0.6251769576515821,1.8162125348751743,-0.0267222369431953,0.9748012599370032,True,0.986406036841015
meta_analysis,OIS,yugene,HALLMARK MYC TARGETS,137,18,0.0082134083024572,26.917710473189544,-2.8546438129585607,0.2210861466836358,-12.911907217069666,True,0.1700276740002704,1.1377073152353625,-2.6585673190763512,0.0273486325683715,False,
meta_analysis,OIS,yugene,HALLMARK MYOGENESIS,156,44,0.0288602500541861,26.917710473189544,3.1315378210167024,0.7768518551424366,4.031061778751281,True,0.7105150392158103,2.165621899323479,1.117934198281426,0.2364381780910954,True,0.8373852140726297
meta_analysis,OIS,yugene,HALLMARK NOTCH SIGNALING,26,5,0.0020730345873078,26.917710473189544,-0.7230845930335932,0.0558013448220596,-12.95819294928068,True,0.0662953621419796,0.3484914029898166,-2.2651346587124834,0.0337483125843707,False,
meta_analysis,OIS,yugene,HALLMARK OXIDATIVE PHOSPHORYLATION,103,18,0.0082840494746361,26.917710473189544,0.8900259960285619,0.2229876453038333,3.991369094982149,True,0.1596793456729296,0.9446724414004058,0.7731215798705298,0.3385830708464576,False,
meta_analysis,OIS,yugene,HALLMARK P53 PATHWAY,141,36,0.0283560883470815,26.917710473189544,4.374651804226148,0.7632809762789243,5.731378011742202,True,0.9718819400279248,2.219336848220296,1.5332372221580206,0.11934403279836,True,0.6762828525240405
meta_analysis,OIS,yugene,HALLMARK PANCREAS BETA CELLS,19,5,0.0021551165672719,26.917710473189544,0.061145191155187,0.0580108037938011,1.0540310969061393,True,0.0506947938391319,0.3535259549085894,0.0295604811215551,0.967001649917504,False,
meta_analysis,OIS,yugene,HALLMARK PEROXISOME,78,20,0.0084594026026201,26.917710473189544,0.8137355323129745,0.2277077500334751,3.573596121314921,True,0.1580350958185393,0.7972631749495077,0.8224391356542486,0.376281185940703,False,
meta_analysis,OIS,yugene,HALLMARK PI3K AKT MTOR SIGNALING,77,12,0.0049951315906872,26.917710473189544,0.0570723008677631,0.1344575059336011,0.4244634799038073,True,0.1842984870218261,0.8559291618624915,-0.1486410229057043,0.8270086495675216,False,
meta_analysis,OIS,yugene,HALLMARK PROTEIN SECRETION,76,9,0.0026975337064645,26.917710473189544,-0.0648791702642716,0.0726114313022834,-0.8935117942266945,True,0.0444114704818049,0.4419648753751617,-0.2472835440900257,0.7455127243637818,False,
meta_analysis,OIS,yugene,HALLMARK REACTIVE OXYGEN SPECIES PATHWAY,28,3,0.0018794601592624,26.917710473189544,0.0766723932446417,0.0505907644129207,1.5155413074774555,True,0.0690555297678451,0.3833473397396482,0.0198693526397487,0.9792510374481276,False,
meta_analysis,OIS,yugene,HALLMARK SPERMATOGENESIS,74,11,0.0044911957398387,26.917710473189544,0.4482995109045654,0.1208927066034015,3.70824281712253,True,0.1317374985572006,0.8381701371850315,0.377682284661833,0.5668716564171792,False,
meta_analysis,OIS,yugene,HALLMARK TGF BETA SIGNALING,40,10,0.0049482676067331,26.917710473189544,0.0526810782415998,0.1331960347819051,0.3955153644615602,True,0.19895993634234,1.1035310421518127,-0.132555272587082,0.8408579571021448,False,
meta_analysis,OIS,yugene,HALLMARK TNFA SIGNALING VIA NFKB,164,47,0.0261054830317471,26.917710473189544,1.5993438232267163,0.7026998340113328,2.2759985783644328,True,0.7280952436971405,2.1566113515557745,0.4039896103213307,0.6527173641317934,True,0.9815543705573342
meta_analysis,OIS,yugene,HALLMARK UNFOLDED PROTEIN RESPONSE,79,11,0.0039512172400197,26.917710473189544,-0.2892267332134682,0.1063577216835255,-2.719376916272064,True,0.0676874193225637,0.4805771262790272,-0.7426781946521619,0.3822808859557022,False,
meta_analysis,OIS,yugene,HALLMARK UV RESPONSE DN,128,42,0.0267305776147153,26.917710473189544,-0.393493441408179,0.7195259490140288,-0.5468787358501603,True,0.6453087301273341,1.954851217098712,-0.5313970508084237,0.5551722413879306,True,0.9815543705573342
meta_analysis,OIS,yugene,HALLMARK UV RESPONSE UP,104,23,0.0107975273417738,26.917710473189544,1.8878785695280396,0.2906447148122174,6.495485633543271,True,0.2475115643714193,1.2244994930541973,1.3396224453022425,0.1431928403579821,False,
meta_analysis,OIS,yugene,HALLMARK WNT BETA CATENIN SIGNALING,29,4,0.0044751440429499,26.917710473189544,-0.6516949259497284,0.1204606316739452,-5.410024145595487,True,0.1274956507396518,0.8559912966020692,-0.9102786205682746,0.2196890155492225,False,
meta_analysis,OIS,yugene,HALLMARK XENOBIOTIC METABOLISM,136,43,0.0231070172076952,26.917710473189544,7.366418358271935,0.6219879990957486,11.84334483781246,True,0.6105660312499013,1.7005494082478927,3.972746863016884,0.0014999250037498,True,0.127493625318734
meta_analysis,OIS,yugene,Lysosomal Genes,138,34,0.0211028870605766,26.917710473189544,2.473818582931541,0.5680414040450189,4.3549969514818745,True,0.7800422695114109,2.2029254806814165,0.7688759008299297,0.4045297735113244,True,0.978370000418898
